지역,차종,제조사,모델명,국비(만원),지방비(만원),보조금(만원),전환지원금국비(만원),전환지원금지방비(만원)
서울,일반승용,BMW,MINI Aceman E,400,120,520,80,24
서울,일반승용,BMW,MINI Aceman SE,400,120,520,80,24
서울,일반승용,BMW,MINI Cooper SE,396,118,514,79,24
서울,일반승용,BMW,MINI Countryman E,217,65,282,43,13
서울,일반승용,BMW,MINI Countryman SE ALL4,203,60,263,41,12
서울,일반승용,BMW,MINI JCW Aceman E,197,59,256,39,12
서울,일반승용,BMW,MINI JCW E,191,57,248,38,11
서울,일반승용,BMW,i4 M60 LCI (71HD),233,69,302,47,14
서울,일반승용,BMW,i4 eDrive 40 LCI(21HD),244,73,317,49,15
서울,일반승용,BMW,i4 eDrive 40 LCI(61HD),256,76,332,51,15
서울,일반승용,BMW,i5 eDrive 40,262,78,340,52,16
서울,일반승용,BMW,iX1 eDrive20,212,63,275,42,13
서울,일반승용,BMW,iX1 eDrive20(11HM),235,70,305,47,14
서울,일반승용,BMW,iX1 xDrive30,192,57,249,38,11
서울,일반승용,BMW,iX2 eDrive20,214,64,278,43,13
서울,일반승용,BMW,iX2 eDrive20(71GN),239,71,310,48,14
서울,일반승용,BMW,iX3 50 xDrive,275,82,357,55,17
서울,일반승용,기아,EV3 GT,248,74,322,50,15
서울,일반승용,기아,EV3 롱레인지 2WD 17인치,555,166,721,100,30
서울,일반승용,기아,EV3 롱레인지 2WD 19인치,555,166,721,100,30
서울,일반승용,기아,EV3 롱레인지 4WD 19인치,539,161,700,100,30
서울,일반승용,기아,EV3 스탠다드 2WD,469,140,609,94,28
서울,일반승용,기아,EV4 GT,255,76,331,51,15
서울,일반승용,기아,EV4 롱레인지 2WD 17인치,555,166,721,100,30
서울,일반승용,기아,EV4 롱레인지 2WD 19인치,555,166,721,100,30
서울,일반승용,기아,EV4 롱레인지 4WD 19인치,554,166,720,100,30
서울,일반승용,기아,EV4 롱레인지 GTL 2WD 19인치,555,166,721,100,30
서울,일반승용,기아,EV4 스탠다드 2WD 17인치,512,153,665,100,30
서울,일반승용,기아,EV4 스탠다드 2WD 19인치,481,144,625,96,29
서울,일반승용,기아,EV5 GT,232,69,301,46,14
서울,일반승용,기아,EV5 롱레인지 2WD,552,165,717,100,30
서울,일반승용,기아,EV5 롱레인지 4WD 18인치,499,149,648,100,30
서울,일반승용,기아,EV5 롱레인지 4WD 19인치,493,147,640,99,30
서울,일반승용,기아,EV9 GT,245,73,318,49,15
서울,일반승용,기아,EV9 롱레인지 2WD 19인치,270,81,351,54,16
서울,일반승용,기아,EV9 롱레인지 2WD 20인치,268,80,348,54,16
서울,일반승용,기아,EV9 롱레인지 4WD 19인치,254,76,330,51,15
서울,일반승용,기아,EV9 롱레인지 4WD 21인치,260,78,338,52,16
서울,일반승용,기아,EV9 롱레인지 GTL 4WD 21인치,252,75,327,50,15
서울,일반승용,기아,EV9 스탠다드,237,71,308,47,14
서울,일반승용,기아,PV5 패신저 5인승 롱레인지,458,137,595,92,28
서울,일반승용,기아,Pv5 WAV(비용 미지원),648,194,842,100,30
서울,일반승용,기아,Pv5 WAV(비용 지원),448,134,582,90,27
서울,일반승용,기아,(단종)The all-new Kia Niro EV,489,146,635,98,29
서울,일반승용,기아,더뉴EV6 롱레인지 2WD 19인치,570,171,741,100,30
서울,일반승용,기아,더뉴EV6 롱레인지 2WD 20인치,559,167,726,100,30
서울,일반승용,기아,더뉴EV6 롱레인지 4WD 19인치,561,168,729,100,30
서울,일반승용,기아,더뉴EV6 롱레인지 4WD 20인치,532,159,691,100,30
서울,일반승용,기아,더뉴EV6 스탠다드,501,150,651,100,30
서울,경·소형,기아,레이 EV 2WD 14인치 1인승 밴,457,137,594,91,27
서울,경·소형,기아,레이 EV 2WD 14인치 2인승 밴,457,137,594,91,27
서울,경·소형,기아,레이 EV 2WD 14인치 4인승 승용,457,137,594,91,27
서울,일반승용,메르세데스벤츠코리아,EQA 250(Facelift),190,57,247,38,11
서울,일반승용,메르세데스벤츠코리아,EQB 300 4MATIC(Facelift),154,46,200,31,9
서울,일반승용,메르세데스벤츠코리아,EQB 300 4MATIC(Facelift)(CY25/2),162,48,210,32,10
서울,일반승용,볼보자동차코리아,볼보 EX30 Single Motor ER,247,74,321,49,15
서울,일반승용,볼보자동차코리아,볼보 EX30CC Twin Motor Perf,222,66,288,44,13
서울,일반승용,비와이디코리아,(단종)BYD ATTO 3,126,37,163,25,8
서울,일반승용,비와이디코리아,(단종)BYD DOLPHIN,109,32,141,22,7
서울,일반승용,비와이디코리아,(단종)BYD DOLPHIN Active,132,39,171,26,8
서울,일반승용,비와이디코리아,(단종)BYD SEAL,169,50,219,34,10
서울,일반승용,비와이디코리아,(단종)BYD SEAL Dynamic AWD,151,45,196,30,9
서울,일반승용,비와이디코리아,(단종)BYD SEALION 7,152,45,197,30,9
서울,일반승용,케이지모빌리티,토레스 EVX 18인치,354,106,460,71,21
서울,일반승용,케이지모빌리티,토레스 EVX 18인치(2026),361,108,469,72,22
서울,일반승용,케이지모빌리티,토레스 EVX 20인치,344,103,447,69,21
서울,일반승용,케이지모빌리티,토레스 EVX 20인치(2026),354,106,460,71,21
서울,일반승용,케이지모빌리티,(단종)토레스 EVX 2WD 18인치,327,98,425,65,20
서울,일반승용,케이지모빌리티,(단종)토레스 EVX 2WD 20인치,312,93,405,62,19
서울,일반승용,테슬라코리아,Model 3 Performance,200,60,260,40,12
서울,일반승용,테슬라코리아,Model 3 Premium Long Range RWD,420,126,546,84,25
서울,일반승용,테슬라코리아,Model 3 Premium Long Range RWD(5999만원),210,63,273,42,13
서울,일반승용,테슬라코리아,Model 3 RWD,168,50,218,34,10
서울,일반승용,테슬라코리아,Model 3 RWD(2025),168,50,218,34,10
서울,일반승용,테슬라코리아,Model Y L AWD,215,64,279,43,13
서울,일반승용,테슬라코리아,Model Y Long Range(2025),210,63,273,42,13
서울,일반승용,테슬라코리아,Model Y Premium Long Range,210,63,273,42,13
서울,일반승용,테슬라코리아,Model Y Premium RWD,170,51,221,34,10
서울,일반승용,테슬라코리아,Model Y RWD(2025),170,51,221,34,10
서울,일반승용,폭스바겐그룹코리아,ID.4 Pro,432,129,561,86,26
서울,일반승용,폭스바겐그룹코리아,Q4 45 e-tron,206,61,267,41,12
서울,일반승용,폭스바겐그룹코리아,Q4 Sportback 45 e-tron,206,61,267,41,12
서울,일반승용,폭스바겐그룹코리아,(단종)Q6 e-tron performance,220,66,286,44,13
서울,일반승용,폭스바겐그룹코리아,iD.5 Pro,473,141,614,95,29
서울,일반승용,폴스타오토모티브코리아,Polestar 4 Coupe Dual Motor,168,50,218,34,10
서울,일반승용,폴스타오토모티브코리아,Polestar 4 Coupe Rear Motor,181,54,235,36,11
서울,일반승용,현대자동차,ELECTRIFIED G80,270,81,351,54,16
서울,일반승용,현대자동차,ELECTRIFIED GV70 AWD 19인치,261,78,339,52,16
서울,일반승용,현대자동차,ELECTRIFIED GV70 AWD 20인치,245,73,318,49,15
서울,일반승용,현대자동차,GV60 스탠다드 2WD 19인치,285,85,370,57,17
서울,일반승용,현대자동차,GV60 스탠다드 AWD 19인치,272,81,353,54,16
서울,일반승용,현대자동차,GV60 스탠다드 AWD 20인치,261,78,339,52,16
서울,일반승용,현대자동차,더 뉴 아이오닉5 2WD 롱레인지 19인치,564,169,733,100,30
서울,일반승용,현대자동차,더 뉴 아이오닉5 2WD 롱레인지 19인치 빌트인 캠 미적용,567,170,737,100,30
서울,일반승용,현대자동차,더 뉴 아이오닉5 2WD 롱레인지 20인치,559,167,726,100,30
서울,일반승용,현대자동차,더 뉴 아이오닉5 2WD 롱레인지 N라인 20인치,541,162,703,100,30
서울,일반승용,현대자동차,더 뉴 아이오닉5 2WD 스탠다드 19인치,483,144,627,97,29
서울,일반승용,현대자동차,더 뉴 아이오닉5 AWD 롱레인지 19인치,558,167,725,100,30
서울,일반승용,현대자동차,더 뉴 아이오닉5 AWD 롱레인지 20인치,532,159,691,100,30
서울,일반승용,현대자동차,더 뉴 아이오닉5 AWD 롱레인지 N라인 20인치,510,153,663,100,30
서울,일반승용,현대자동차,더 뉴 아이오닉6 2WD 롱레인지 18인치,570,171,741,100,30
서울,일반승용,현대자동차,더 뉴 아이오닉6 2WD 롱레인지 20인치,570,171,741,100,30
서울,일반승용,현대자동차,더 뉴 아이오닉6 2WD 롱레인지 N라인 20인치,570,171,741,100,30
서울,일반승용,현대자동차,더 뉴 아이오닉6 2WD 스탠다드 18인치,560,168,728,100,30
서울,일반승용,현대자동차,더 뉴 아이오닉6 AWD 롱레인지 18인치,570,171,741,100,30
서울,일반승용,현대자동차,더 뉴 아이오닉6 AWD 롱레인지 20인치,553,165,718,100,30
서울,일반승용,현대자동차,더 뉴 아이오닉6 AWD 롱레인지 N라인 20인치,537,161,698,100,30
서울,일반승용,현대자동차,스타리아 라운지 일렉트릭 7인승,229,68,297,46,14
서울,일반승용,현대자동차,스타리아 리무진 일렉트릭 6인승,229,68,297,46,14
서울,일반승용,현대자동차,아이오닉6 N,250,75,325,50,15
서울,일반승용,현대자동차,아이오닉9 성능형 AWD,272,81,353,54,16
서울,일반승용,현대자동차,아이오닉9 항속형 2WD,274,82,356,55,17
서울,일반승용,현대자동차,아이오닉9 항속형 AWD,271,81,352,54,16
서울,경·소형,현대자동차,캐스퍼 일렉트릭 기본형 15인치,490,147,637,98,29
서울,경·소형,현대자동차,캐스퍼 일렉트릭 크로스 17인치,487,146,633,97,29
서울,경·소형,현대자동차,캐스퍼 일렉트릭 항속형 15인치,490,147,637,98,29
서울,경·소형,현대자동차,캐스퍼 일렉트릭 항속형 17인치(라운지포함),490,147,637,98,29
서울,일반승용,현대자동차,코나 일렉트릭 2WD 롱레인지 17인치,514,154,668,100,30
서울,일반승용,현대자동차,코나 일렉트릭 2WD 롱레인지 17인치 빌트인 캠 미적용,514,154,668,100,30
서울,일반승용,현대자동차,코나 일렉트릭 2WD 롱레인지 19인치,459,137,596,92,28
서울,일반승용,현대자동차,코나 일렉트릭 2WD 스탠다드 17인치,437,131,568,87,26
부산,일반승용,BMW,MINI Aceman E,400,120,520,80,24
부산,일반승용,BMW,MINI Aceman SE,400,120,520,80,24
부산,일반승용,BMW,MINI Cooper SE,396,118,514,79,24
부산,일반승용,BMW,MINI Countryman E,217,65,282,43,13
부산,일반승용,BMW,MINI Countryman SE ALL4,203,60,263,41,12
부산,일반승용,BMW,MINI JCW Aceman E,197,59,256,39,12
부산,일반승용,BMW,MINI JCW E,191,57,248,38,11
부산,일반승용,BMW,i4 M60 LCI (71HD),233,69,302,47,14
부산,일반승용,BMW,i4 eDrive 40 LCI(21HD),244,73,317,49,15
부산,일반승용,BMW,i4 eDrive 40 LCI(61HD),256,76,332,51,15
부산,일반승용,BMW,i5 eDrive 40,262,78,340,52,16
부산,일반승용,BMW,iX1 eDrive20,212,63,275,42,13
부산,일반승용,BMW,iX1 eDrive20(11HM),235,70,305,47,14
부산,일반승용,BMW,iX1 xDrive30,192,57,249,38,11
부산,일반승용,BMW,iX2 eDrive20,214,64,278,43,13
부산,일반승용,BMW,iX2 eDrive20(71GN),239,71,310,48,14
부산,일반승용,BMW,iX3 50 xDrive,275,82,357,55,17
부산,일반승용,기아,EV3 GT,248,104,352,50,15
부산,일반승용,기아,EV3 롱레인지 2WD 17인치,555,196,751,100,30
부산,일반승용,기아,EV3 롱레인지 2WD 19인치,555,196,751,100,30
부산,일반승용,기아,EV3 롱레인지 4WD 19인치,539,191,730,100,30
부산,일반승용,기아,EV3 스탠다드 2WD,469,170,639,94,28
부산,일반승용,기아,EV4 GT,255,106,361,51,15
부산,일반승용,기아,EV4 롱레인지 2WD 17인치,555,196,751,100,30
부산,일반승용,기아,EV4 롱레인지 2WD 19인치,555,196,751,100,30
부산,일반승용,기아,EV4 롱레인지 4WD 19인치,554,196,750,100,30
부산,일반승용,기아,EV4 롱레인지 GTL 2WD 19인치,555,196,751,100,30
부산,일반승용,기아,EV4 스탠다드 2WD 17인치,512,183,695,100,30
부산,일반승용,기아,EV4 스탠다드 2WD 19인치,481,174,655,96,29
부산,일반승용,기아,EV5 GT,232,99,331,46,14
부산,일반승용,기아,EV5 롱레인지 2WD,552,195,747,100,30
부산,일반승용,기아,EV5 롱레인지 4WD 18인치,499,179,678,100,30
부산,일반승용,기아,EV5 롱레인지 4WD 19인치,493,177,670,99,30
부산,일반승용,기아,EV9 GT,245,103,348,49,15
부산,일반승용,기아,EV9 롱레인지 2WD 19인치,270,111,381,54,16
부산,일반승용,기아,EV9 롱레인지 2WD 20인치,268,110,378,54,16
부산,일반승용,기아,EV9 롱레인지 4WD 19인치,254,106,360,51,15
부산,일반승용,기아,EV9 롱레인지 4WD 21인치,260,108,368,52,16
부산,일반승용,기아,EV9 롱레인지 GTL 4WD 21인치,252,105,357,50,15
부산,일반승용,기아,EV9 스탠다드,237,101,338,47,14
부산,일반승용,기아,PV5 패신저 5인승 롱레인지,458,167,625,92,28
부산,일반승용,기아,Pv5 WAV(비용 미지원),648,224,872,100,30
부산,일반승용,기아,Pv5 WAV(비용 지원),448,164,612,90,27
부산,일반승용,기아,(단종)The all-new Kia Niro EV,489,146,635,98,29
부산,일반승용,기아,더뉴EV6 롱레인지 2WD 19인치,570,201,771,100,30
부산,일반승용,기아,더뉴EV6 롱레인지 2WD 20인치,559,197,756,100,30
부산,일반승용,기아,더뉴EV6 롱레인지 4WD 19인치,561,198,759,100,30
부산,일반승용,기아,더뉴EV6 롱레인지 4WD 20인치,532,189,721,100,30
부산,일반승용,기아,더뉴EV6 스탠다드,501,180,681,100,30
부산,경·소형,기아,레이 EV 2WD 14인치 1인승 밴,457,137,594,91,27
부산,경·소형,기아,레이 EV 2WD 14인치 2인승 밴,457,137,594,91,27
부산,경·소형,기아,레이 EV 2WD 14인치 4인승 승용,457,137,594,91,27
부산,일반승용,메르세데스벤츠코리아,EQA 250(Facelift),190,57,247,38,11
부산,일반승용,메르세데스벤츠코리아,EQB 300 4MATIC(Facelift),154,46,200,31,9
부산,일반승용,메르세데스벤츠코리아,EQB 300 4MATIC(Facelift)(CY25/2),162,48,210,32,10
부산,일반승용,볼보자동차코리아,볼보 EX30 Single Motor ER,247,74,321,49,15
부산,일반승용,볼보자동차코리아,볼보 EX30CC Twin Motor Perf,222,66,288,44,13
부산,일반승용,비와이디코리아,(단종)BYD ATTO 3,126,37,163,25,8
부산,일반승용,비와이디코리아,(단종)BYD DOLPHIN,109,32,141,22,7
부산,일반승용,비와이디코리아,(단종)BYD DOLPHIN Active,132,39,171,26,8
부산,일반승용,비와이디코리아,(단종)BYD SEAL,169,50,219,34,10
부산,일반승용,비와이디코리아,(단종)BYD SEAL Dynamic AWD,151,45,196,30,9
부산,일반승용,비와이디코리아,(단종)BYD SEALION 7,152,45,197,30,9
부산,일반승용,케이지모빌리티,토레스 EVX 18인치,354,136,490,71,21
부산,일반승용,케이지모빌리티,토레스 EVX 18인치(2026),361,138,499,72,22
부산,일반승용,케이지모빌리티,토레스 EVX 20인치,344,133,477,69,21
부산,일반승용,케이지모빌리티,토레스 EVX 20인치(2026),354,136,490,71,21
부산,일반승용,케이지모빌리티,(단종)토레스 EVX 2WD 18인치,327,98,425,65,20
부산,일반승용,케이지모빌리티,(단종)토레스 EVX 2WD 20인치,312,93,405,62,19
부산,일반승용,테슬라코리아,Model 3 Performance,200,60,260,40,12
부산,일반승용,테슬라코리아,Model 3 Premium Long Range RWD,420,126,546,84,25
부산,일반승용,테슬라코리아,Model 3 Premium Long Range RWD(5999만원),210,63,273,42,13
부산,일반승용,테슬라코리아,Model 3 RWD,168,50,218,34,10
부산,일반승용,테슬라코리아,Model 3 RWD(2025),168,50,218,34,10
부산,일반승용,테슬라코리아,Model Y L AWD,215,64,279,43,13
부산,일반승용,테슬라코리아,Model Y Long Range(2025),210,63,273,42,13
부산,일반승용,테슬라코리아,Model Y Premium Long Range,210,63,273,42,13
부산,일반승용,테슬라코리아,Model Y Premium RWD,170,51,221,34,10
부산,일반승용,테슬라코리아,Model Y RWD(2025),170,51,221,34,10
부산,일반승용,폭스바겐그룹코리아,ID.4 Pro,432,129,561,86,26
부산,일반승용,폭스바겐그룹코리아,Q4 45 e-tron,206,61,267,41,12
부산,일반승용,폭스바겐그룹코리아,Q4 Sportback 45 e-tron,206,61,267,41,12
부산,일반승용,폭스바겐그룹코리아,(단종)Q6 e-tron performance,220,66,286,44,13
부산,일반승용,폭스바겐그룹코리아,iD.5 Pro,473,141,614,95,29
부산,일반승용,폴스타오토모티브코리아,Polestar 4 Coupe Dual Motor,168,50,218,34,10
부산,일반승용,폴스타오토모티브코리아,Polestar 4 Coupe Rear Motor,181,54,235,36,11
부산,일반승용,현대자동차,ELECTRIFIED G80,270,111,381,54,16
부산,일반승용,현대자동차,ELECTRIFIED GV70 AWD 19인치,261,108,369,52,16
부산,일반승용,현대자동차,ELECTRIFIED GV70 AWD 20인치,245,103,348,49,15
부산,일반승용,현대자동차,GV60 스탠다드 2WD 19인치,285,115,400,57,17
부산,일반승용,현대자동차,GV60 스탠다드 AWD 19인치,272,111,383,54,16
부산,일반승용,현대자동차,GV60 스탠다드 AWD 20인치,261,108,369,52,16
부산,일반승용,현대자동차,더 뉴 아이오닉5 2WD 롱레인지 19인치,564,199,763,100,30
부산,일반승용,현대자동차,더 뉴 아이오닉5 2WD 롱레인지 19인치 빌트인 캠 미적용,567,200,767,100,30
부산,일반승용,현대자동차,더 뉴 아이오닉5 2WD 롱레인지 20인치,559,197,756,100,30
부산,일반승용,현대자동차,더 뉴 아이오닉5 2WD 롱레인지 N라인 20인치,541,192,733,100,30
부산,일반승용,현대자동차,더 뉴 아이오닉5 2WD 스탠다드 19인치,483,174,657,97,29
부산,일반승용,현대자동차,더 뉴 아이오닉5 AWD 롱레인지 19인치,558,197,755,100,30
부산,일반승용,현대자동차,더 뉴 아이오닉5 AWD 롱레인지 20인치,532,189,721,100,30
부산,일반승용,현대자동차,더 뉴 아이오닉5 AWD 롱레인지 N라인 20인치,510,183,693,100,30
부산,일반승용,현대자동차,더 뉴 아이오닉6 2WD 롱레인지 18인치,570,201,771,100,30
부산,일반승용,현대자동차,더 뉴 아이오닉6 2WD 롱레인지 20인치,570,201,771,100,30
부산,일반승용,현대자동차,더 뉴 아이오닉6 2WD 롱레인지 N라인 20인치,570,201,771,100,30
부산,일반승용,현대자동차,더 뉴 아이오닉6 2WD 스탠다드 18인치,560,198,758,100,30
부산,일반승용,현대자동차,더 뉴 아이오닉6 AWD 롱레인지 18인치,570,201,771,100,30
부산,일반승용,현대자동차,더 뉴 아이오닉6 AWD 롱레인지 20인치,553,195,748,100,30
부산,일반승용,현대자동차,더 뉴 아이오닉6 AWD 롱레인지 N라인 20인치,537,191,728,100,30
부산,일반승용,현대자동차,스타리아 라운지 일렉트릭 7인승,229,68,297,46,14
부산,일반승용,현대자동차,스타리아 리무진 일렉트릭 6인승,229,68,297,46,14
부산,일반승용,현대자동차,아이오닉6 N,250,105,355,50,15
부산,일반승용,현대자동차,아이오닉9 성능형 AWD,272,111,383,54,16
부산,일반승용,현대자동차,아이오닉9 항속형 2WD,274,112,386,55,17
부산,일반승용,현대자동차,아이오닉9 항속형 AWD,271,111,382,54,16
부산,경·소형,현대자동차,캐스퍼 일렉트릭 기본형 15인치,490,147,637,98,29
부산,경·소형,현대자동차,캐스퍼 일렉트릭 크로스 17인치,487,146,633,97,29
부산,경·소형,현대자동차,캐스퍼 일렉트릭 항속형 15인치,490,147,637,98,29
부산,경·소형,현대자동차,캐스퍼 일렉트릭 항속형 17인치(라운지포함),490,147,637,98,29
부산,일반승용,현대자동차,코나 일렉트릭 2WD 롱레인지 17인치,514,184,698,100,30
부산,일반승용,현대자동차,코나 일렉트릭 2WD 롱레인지 17인치 빌트인 캠 미적용,514,184,698,100,30
부산,일반승용,현대자동차,코나 일렉트릭 2WD 롱레인지 19인치,459,167,626,92,28
부산,일반승용,현대자동차,코나 일렉트릭 2WD 스탠다드 17인치,437,161,598,87,26
대구,일반승용,BMW,MINI Aceman E,400,120,520,80,24
대구,일반승용,BMW,MINI Aceman SE,400,120,520,80,24
대구,일반승용,BMW,MINI Cooper SE,396,118,514,79,24
대구,일반승용,BMW,MINI Countryman E,217,65,282,43,13
대구,일반승용,BMW,MINI Countryman SE ALL4,203,60,263,41,12
대구,일반승용,BMW,MINI JCW Aceman E,197,59,256,39,12
대구,일반승용,BMW,MINI JCW E,191,57,248,38,11
대구,일반승용,BMW,i4 M60 LCI (71HD),233,69,302,47,14
대구,일반승용,BMW,i4 eDrive 40 LCI(21HD),244,73,317,49,15
대구,일반승용,BMW,i4 eDrive 40 LCI(61HD),256,76,332,51,15
대구,일반승용,BMW,i5 eDrive 40,262,78,340,52,16
대구,일반승용,BMW,iX1 eDrive20,212,63,275,42,13
대구,일반승용,BMW,iX1 eDrive20(11HM),235,70,305,47,14
대구,일반승용,BMW,iX1 xDrive30,192,57,249,38,11
대구,일반승용,BMW,iX2 eDrive20,214,64,278,43,13
대구,일반승용,BMW,iX2 eDrive20(71GN),239,71,310,48,14
대구,일반승용,BMW,iX3 50 xDrive,275,82,357,55,17
대구,일반승용,기아,EV3 GT,248,74,322,50,15
대구,일반승용,기아,EV3 롱레인지 2WD 17인치,555,166,721,100,30
대구,일반승용,기아,EV3 롱레인지 2WD 19인치,555,166,721,100,30
대구,일반승용,기아,EV3 롱레인지 4WD 19인치,539,161,700,100,30
대구,일반승용,기아,EV3 스탠다드 2WD,469,140,609,94,28
대구,일반승용,기아,EV4 GT,255,76,331,51,15
대구,일반승용,기아,EV4 롱레인지 2WD 17인치,555,166,721,100,30
대구,일반승용,기아,EV4 롱레인지 2WD 19인치,555,166,721,100,30
대구,일반승용,기아,EV4 롱레인지 4WD 19인치,554,166,720,100,30
대구,일반승용,기아,EV4 롱레인지 GTL 2WD 19인치,555,166,721,100,30
대구,일반승용,기아,EV4 스탠다드 2WD 17인치,512,153,665,100,30
대구,일반승용,기아,EV4 스탠다드 2WD 19인치,481,144,625,96,29
대구,일반승용,기아,EV5 GT,232,69,301,46,14
대구,일반승용,기아,EV5 롱레인지 2WD,552,165,717,100,30
대구,일반승용,기아,EV5 롱레인지 4WD 18인치,499,149,648,100,30
대구,일반승용,기아,EV5 롱레인지 4WD 19인치,493,147,640,99,30
대구,일반승용,기아,EV9 GT,245,73,318,49,15
대구,일반승용,기아,EV9 롱레인지 2WD 19인치,270,81,351,54,16
대구,일반승용,기아,EV9 롱레인지 2WD 20인치,268,80,348,54,16
대구,일반승용,기아,EV9 롱레인지 4WD 19인치,254,76,330,51,15
대구,일반승용,기아,EV9 롱레인지 4WD 21인치,260,78,338,52,16
대구,일반승용,기아,EV9 롱레인지 GTL 4WD 21인치,252,75,327,50,15
대구,일반승용,기아,EV9 스탠다드,237,71,308,47,14
대구,일반승용,기아,PV5 패신저 5인승 롱레인지,458,137,595,92,28
대구,일반승용,기아,Pv5 WAV(비용 미지원),648,194,842,100,30
대구,일반승용,기아,Pv5 WAV(비용 지원),448,134,582,90,27
대구,일반승용,기아,(단종)The all-new Kia Niro EV,489,146,635,98,29
대구,일반승용,기아,더뉴EV6 롱레인지 2WD 19인치,570,171,741,100,30
대구,일반승용,기아,더뉴EV6 롱레인지 2WD 20인치,559,167,726,100,30
대구,일반승용,기아,더뉴EV6 롱레인지 4WD 19인치,561,168,729,100,30
대구,일반승용,기아,더뉴EV6 롱레인지 4WD 20인치,532,159,691,100,30
대구,일반승용,기아,더뉴EV6 스탠다드,501,150,651,100,30
대구,경·소형,기아,레이 EV 2WD 14인치 1인승 밴,457,137,594,91,27
대구,경·소형,기아,레이 EV 2WD 14인치 2인승 밴,457,137,594,91,27
대구,경·소형,기아,레이 EV 2WD 14인치 4인승 승용,457,137,594,91,27
대구,일반승용,메르세데스벤츠코리아,EQA 250(Facelift),190,57,247,38,11
대구,일반승용,메르세데스벤츠코리아,EQB 300 4MATIC(Facelift),154,46,200,31,9
대구,일반승용,메르세데스벤츠코리아,EQB 300 4MATIC(Facelift)(CY25/2),162,48,210,32,10
대구,일반승용,볼보자동차코리아,볼보 EX30 Single Motor ER,247,74,321,49,15
대구,일반승용,볼보자동차코리아,볼보 EX30CC Twin Motor Perf,222,66,288,44,13
대구,일반승용,비와이디코리아,(단종)BYD ATTO 3,126,37,163,25,8
대구,일반승용,비와이디코리아,(단종)BYD DOLPHIN,109,32,141,22,7
대구,일반승용,비와이디코리아,(단종)BYD DOLPHIN Active,132,39,171,26,8
대구,일반승용,비와이디코리아,(단종)BYD SEAL,169,50,219,34,10
대구,일반승용,비와이디코리아,(단종)BYD SEAL Dynamic AWD,151,45,196,30,9
대구,일반승용,비와이디코리아,(단종)BYD SEALION 7,152,45,197,30,9
대구,일반승용,케이지모빌리티,토레스 EVX 18인치,354,106,460,71,21
대구,일반승용,케이지모빌리티,토레스 EVX 18인치(2026),361,108,469,72,22
대구,일반승용,케이지모빌리티,토레스 EVX 20인치,344,103,447,69,21
대구,일반승용,케이지모빌리티,토레스 EVX 20인치(2026),354,106,460,71,21
대구,일반승용,케이지모빌리티,(단종)토레스 EVX 2WD 18인치,327,98,425,65,20
대구,일반승용,케이지모빌리티,(단종)토레스 EVX 2WD 20인치,312,93,405,62,19
대구,일반승용,테슬라코리아,Model 3 Performance,200,60,260,40,12
대구,일반승용,테슬라코리아,Model 3 Premium Long Range RWD,420,126,546,84,25
대구,일반승용,테슬라코리아,Model 3 Premium Long Range RWD(5999만원),210,63,273,42,13
대구,일반승용,테슬라코리아,Model 3 RWD,168,50,218,34,10
대구,일반승용,테슬라코리아,Model 3 RWD(2025),168,50,218,34,10
대구,일반승용,테슬라코리아,Model Y L AWD,215,64,279,43,13
대구,일반승용,테슬라코리아,Model Y Long Range(2025),210,63,273,42,13
대구,일반승용,테슬라코리아,Model Y Premium Long Range,210,63,273,42,13
대구,일반승용,테슬라코리아,Model Y Premium RWD,170,51,221,34,10
대구,일반승용,테슬라코리아,Model Y RWD(2025),170,51,221,34,10
대구,일반승용,폭스바겐그룹코리아,ID.4 Pro,432,129,561,86,26
대구,일반승용,폭스바겐그룹코리아,Q4 45 e-tron,206,61,267,41,12
대구,일반승용,폭스바겐그룹코리아,Q4 Sportback 45 e-tron,206,61,267,41,12
대구,일반승용,폭스바겐그룹코리아,(단종)Q6 e-tron performance,220,66,286,44,13
대구,일반승용,폭스바겐그룹코리아,iD.5 Pro,473,141,614,95,29
대구,일반승용,폴스타오토모티브코리아,Polestar 4 Coupe Dual Motor,168,50,218,34,10
대구,일반승용,폴스타오토모티브코리아,Polestar 4 Coupe Rear Motor,181,54,235,36,11
대구,일반승용,현대자동차,ELECTRIFIED G80,270,81,351,54,16
대구,일반승용,현대자동차,ELECTRIFIED GV70 AWD 19인치,261,78,339,52,16
대구,일반승용,현대자동차,ELECTRIFIED GV70 AWD 20인치,245,73,318,49,15
대구,일반승용,현대자동차,GV60 스탠다드 2WD 19인치,285,85,370,57,17
대구,일반승용,현대자동차,GV60 스탠다드 AWD 19인치,272,81,353,54,16
대구,일반승용,현대자동차,GV60 스탠다드 AWD 20인치,261,78,339,52,16
대구,일반승용,현대자동차,더 뉴 아이오닉5 2WD 롱레인지 19인치,564,169,733,100,30
대구,일반승용,현대자동차,더 뉴 아이오닉5 2WD 롱레인지 19인치 빌트인 캠 미적용,567,170,737,100,30
대구,일반승용,현대자동차,더 뉴 아이오닉5 2WD 롱레인지 20인치,559,167,726,100,30
대구,일반승용,현대자동차,더 뉴 아이오닉5 2WD 롱레인지 N라인 20인치,541,162,703,100,30
대구,일반승용,현대자동차,더 뉴 아이오닉5 2WD 스탠다드 19인치,483,144,627,97,29
대구,일반승용,현대자동차,더 뉴 아이오닉5 AWD 롱레인지 19인치,558,167,725,100,30
대구,일반승용,현대자동차,더 뉴 아이오닉5 AWD 롱레인지 20인치,532,159,691,100,30
대구,일반승용,현대자동차,더 뉴 아이오닉5 AWD 롱레인지 N라인 20인치,510,153,663,100,30
대구,일반승용,현대자동차,더 뉴 아이오닉6 2WD 롱레인지 18인치,570,171,741,100,30
대구,일반승용,현대자동차,더 뉴 아이오닉6 2WD 롱레인지 20인치,570,171,741,100,30
대구,일반승용,현대자동차,더 뉴 아이오닉6 2WD 롱레인지 N라인 20인치,570,171,741,100,30
대구,일반승용,현대자동차,더 뉴 아이오닉6 2WD 스탠다드 18인치,560,168,728,100,30
대구,일반승용,현대자동차,더 뉴 아이오닉6 AWD 롱레인지 18인치,570,171,741,100,30
대구,일반승용,현대자동차,더 뉴 아이오닉6 AWD 롱레인지 20인치,553,165,718,100,30
대구,일반승용,현대자동차,더 뉴 아이오닉6 AWD 롱레인지 N라인 20인치,537,161,698,100,30
대구,일반승용,현대자동차,스타리아 라운지 일렉트릭 7인승,229,68,297,46,14
대구,일반승용,현대자동차,스타리아 리무진 일렉트릭 6인승,229,68,297,46,14
대구,일반승용,현대자동차,아이오닉6 N,250,75,325,50,15
대구,일반승용,현대자동차,아이오닉9 성능형 AWD,272,81,353,54,16
대구,일반승용,현대자동차,아이오닉9 항속형 2WD,274,82,356,55,17
대구,일반승용,현대자동차,아이오닉9 항속형 AWD,271,81,352,54,16
대구,경·소형,현대자동차,캐스퍼 일렉트릭 기본형 15인치,490,147,637,98,29
대구,경·소형,현대자동차,캐스퍼 일렉트릭 크로스 17인치,487,146,633,97,29
대구,경·소형,현대자동차,캐스퍼 일렉트릭 항속형 15인치,490,147,637,98,29
대구,경·소형,현대자동차,캐스퍼 일렉트릭 항속형 17인치(라운지포함),490,147,637,98,29
대구,일반승용,현대자동차,코나 일렉트릭 2WD 롱레인지 17인치,514,154,668,100,30
대구,일반승용,현대자동차,코나 일렉트릭 2WD 롱레인지 17인치 빌트인 캠 미적용,514,154,668,100,30
대구,일반승용,현대자동차,코나 일렉트릭 2WD 롱레인지 19인치,459,137,596,92,28
대구,일반승용,현대자동차,코나 일렉트릭 2WD 스탠다드 17인치,437,131,568,87,26
인천,일반승용,BMW,MINI Aceman E,400,120,520,80,24
인천,일반승용,BMW,MINI Aceman SE,400,120,520,80,24
인천,일반승용,BMW,MINI Cooper SE,396,118,514,79,24
인천,일반승용,BMW,MINI Countryman E,217,65,282,43,13
인천,일반승용,BMW,MINI Countryman SE ALL4,203,60,263,41,12
인천,일반승용,BMW,MINI JCW Aceman E,197,59,256,39,12
인천,일반승용,BMW,MINI JCW E,191,57,248,38,11
인천,일반승용,BMW,i4 M60 LCI (71HD),233,69,302,47,14
인천,일반승용,BMW,i4 eDrive 40 LCI(21HD),244,73,317,49,15
인천,일반승용,BMW,i4 eDrive 40 LCI(61HD),256,76,332,51,15
인천,일반승용,BMW,i5 eDrive 40,262,78,340,52,16
인천,일반승용,BMW,iX1 eDrive20,212,63,275,42,13
인천,일반승용,BMW,iX1 xDrive30,192,57,249,38,11
인천,일반승용,BMW,iX2 eDrive20,214,64,278,43,13
인천,일반승용,BMW,iX3 50 xDrive,275,82,357,55,17
인천,일반승용,기아,EV3 GT,248,74,322,50,15
인천,일반승용,기아,EV3 롱레인지 2WD 17인치,555,166,721,100,30
인천,일반승용,기아,EV3 롱레인지 2WD 19인치,555,166,721,100,30
인천,일반승용,기아,EV3 롱레인지 4WD 19인치,539,161,700,100,30
인천,일반승용,기아,EV3 스탠다드 2WD,469,140,609,94,28
인천,일반승용,기아,EV4 GT,255,76,331,51,15
인천,일반승용,기아,EV4 롱레인지 2WD 17인치,555,166,721,100,30
인천,일반승용,기아,EV4 롱레인지 2WD 19인치,555,166,721,100,30
인천,일반승용,기아,EV4 롱레인지 4WD 19인치,554,166,720,100,30
인천,일반승용,기아,EV4 롱레인지 GTL 2WD 19인치,555,166,721,100,30
인천,일반승용,기아,EV4 스탠다드 2WD 17인치,512,153,665,100,30
인천,일반승용,기아,EV4 스탠다드 2WD 19인치,481,144,625,96,29
인천,일반승용,기아,EV5 GT,232,69,301,46,14
인천,일반승용,기아,EV5 롱레인지 2WD,552,165,717,100,30
인천,일반승용,기아,EV5 롱레인지 4WD 18인치,499,149,648,100,30
인천,일반승용,기아,EV5 롱레인지 4WD 19인치,493,147,640,99,30
인천,일반승용,기아,EV9 GT,245,73,318,49,15
인천,일반승용,기아,EV9 롱레인지 2WD 19인치,270,81,351,54,16
인천,일반승용,기아,EV9 롱레인지 2WD 20인치,268,80,348,54,16
인천,일반승용,기아,EV9 롱레인지 4WD 19인치,254,76,330,51,15
인천,일반승용,기아,EV9 롱레인지 4WD 21인치,260,78,338,52,16
인천,일반승용,기아,EV9 롱레인지 GTL 4WD 21인치,252,75,327,50,15
인천,일반승용,기아,EV9 스탠다드,237,71,308,47,14
인천,일반승용,기아,PV5 패신저 5인승 롱레인지,458,137,595,92,28
인천,일반승용,기아,Pv5 WAV(비용 미지원),648,194,842,100,30
인천,일반승용,기아,Pv5 WAV(비용 지원),448,134,582,90,27
인천,일반승용,기아,(단종)The all-new Kia Niro EV,489,146,635,98,29
인천,일반승용,기아,더뉴EV6 롱레인지 2WD 19인치,570,171,741,100,30
인천,일반승용,기아,더뉴EV6 롱레인지 2WD 20인치,559,167,726,100,30
인천,일반승용,기아,더뉴EV6 롱레인지 4WD 19인치,561,168,729,100,30
인천,일반승용,기아,더뉴EV6 롱레인지 4WD 20인치,532,159,691,100,30
인천,일반승용,기아,더뉴EV6 스탠다드,501,150,651,100,30
인천,경·소형,기아,레이 EV 2WD 14인치 1인승 밴,457,137,594,91,27
인천,경·소형,기아,레이 EV 2WD 14인치 2인승 밴,457,137,594,91,27
인천,경·소형,기아,레이 EV 2WD 14인치 4인승 승용,457,137,594,91,27
인천,일반승용,메르세데스벤츠코리아,EQA 250(Facelift),190,57,247,38,11
인천,일반승용,메르세데스벤츠코리아,EQB 300 4MATIC(Facelift),154,46,200,31,9
인천,일반승용,메르세데스벤츠코리아,EQB 300 4MATIC(Facelift)(CY25/2),162,48,210,32,10
인천,일반승용,볼보자동차코리아,볼보 EX30 Single Motor ER,247,74,321,49,15
인천,일반승용,볼보자동차코리아,볼보 EX30CC Twin Motor Perf,222,66,288,44,13
인천,일반승용,비와이디코리아,(단종)BYD ATTO 3,126,37,163,25,8
인천,일반승용,비와이디코리아,(단종)BYD DOLPHIN,109,32,141,22,7
인천,일반승용,비와이디코리아,(단종)BYD DOLPHIN Active,132,39,171,26,8
인천,일반승용,비와이디코리아,(단종)BYD SEAL,169,50,219,34,10
인천,일반승용,비와이디코리아,(단종)BYD SEAL Dynamic AWD,151,45,196,30,9
인천,일반승용,비와이디코리아,(단종)BYD SEALION 7,152,45,197,30,9
인천,일반승용,케이지모빌리티,토레스 EVX 18인치,354,106,460,71,21
인천,일반승용,케이지모빌리티,토레스 EVX 18인치(2026),361,108,469,72,22
인천,일반승용,케이지모빌리티,토레스 EVX 20인치,344,103,447,69,21
인천,일반승용,케이지모빌리티,토레스 EVX 20인치(2026),354,106,460,71,21
인천,일반승용,케이지모빌리티,(단종)토레스 EVX 2WD 18인치,327,98,425,65,20
인천,일반승용,케이지모빌리티,(단종)토레스 EVX 2WD 20인치,312,93,405,62,19
인천,일반승용,테슬라코리아,Model 3 Performance,200,60,260,40,12
인천,일반승용,테슬라코리아,Model 3 Premium Long Range RWD,420,126,546,84,25
인천,일반승용,테슬라코리아,Model 3 RWD,168,50,218,34,10
인천,일반승용,테슬라코리아,Model 3 RWD(2025),168,50,218,34,10
인천,일반승용,테슬라코리아,Model Y L AWD,215,63,278,43,13
인천,일반승용,테슬라코리아,Model Y Long Range(2025),210,63,273,42,13
인천,일반승용,테슬라코리아,Model Y Premium Long Range,210,63,273,42,13
인천,일반승용,테슬라코리아,Model Y Premium RWD,170,51,221,34,10
인천,일반승용,테슬라코리아,Model Y RWD(2025),170,51,221,34,10
인천,일반승용,폭스바겐그룹코리아,ID.4 Pro,432,129,561,86,26
인천,일반승용,폭스바겐그룹코리아,Q4 45 e-tron,206,61,267,41,12
인천,일반승용,폭스바겐그룹코리아,Q4 Sportback 45 e-tron,206,61,267,41,12
인천,일반승용,폭스바겐그룹코리아,(단종)Q6 e-tron performance,220,66,286,44,13
인천,일반승용,폭스바겐그룹코리아,iD.5 Pro,473,141,614,95,29
인천,일반승용,현대자동차,ELECTRIFIED G80,270,81,351,54,16
인천,일반승용,현대자동차,ELECTRIFIED GV70 AWD 19인치,261,78,339,52,16
인천,일반승용,현대자동차,ELECTRIFIED GV70 AWD 20인치,245,73,318,49,15
인천,일반승용,현대자동차,GV60 스탠다드 2WD 19인치,285,85,370,57,17
인천,일반승용,현대자동차,GV60 스탠다드 AWD 19인치,272,81,353,54,16
인천,일반승용,현대자동차,GV60 스탠다드 AWD 20인치,261,78,339,52,16
인천,일반승용,현대자동차,더 뉴 아이오닉5 2WD 롱레인지 19인치,564,169,733,100,30
인천,일반승용,현대자동차,더 뉴 아이오닉5 2WD 롱레인지 19인치 빌트인 캠 미적용,567,170,737,100,30
인천,일반승용,현대자동차,더 뉴 아이오닉5 2WD 롱레인지 20인치,559,167,726,100,30
인천,일반승용,현대자동차,더 뉴 아이오닉5 2WD 롱레인지 N라인 20인치,541,162,703,100,30
인천,일반승용,현대자동차,더 뉴 아이오닉5 2WD 스탠다드 19인치,483,144,627,97,29
인천,일반승용,현대자동차,더 뉴 아이오닉5 AWD 롱레인지 19인치,558,167,725,100,30
인천,일반승용,현대자동차,더 뉴 아이오닉5 AWD 롱레인지 20인치,532,159,691,100,30
인천,일반승용,현대자동차,더 뉴 아이오닉5 AWD 롱레인지 N라인 20인치,510,153,663,100,30
인천,일반승용,현대자동차,더 뉴 아이오닉6 2WD 롱레인지 18인치,570,171,741,100,30
인천,일반승용,현대자동차,더 뉴 아이오닉6 2WD 롱레인지 20인치,570,171,741,100,30
인천,일반승용,현대자동차,더 뉴 아이오닉6 2WD 롱레인지 N라인 20인치,570,171,741,100,30
인천,일반승용,현대자동차,더 뉴 아이오닉6 2WD 스탠다드 18인치,560,168,728,100,30
인천,일반승용,현대자동차,더 뉴 아이오닉6 AWD 롱레인지 18인치,570,171,741,100,30
인천,일반승용,현대자동차,더 뉴 아이오닉6 AWD 롱레인지 20인치,553,165,718,100,30
인천,일반승용,현대자동차,더 뉴 아이오닉6 AWD 롱레인지 N라인 20인치,537,161,698,100,30
인천,일반승용,현대자동차,스타리아 라운지 일렉트릭 7인승,229,68,297,46,14
인천,일반승용,현대자동차,스타리아 리무진 일렉트릭 6인승,229,68,297,46,14
인천,일반승용,현대자동차,아이오닉6 N,250,75,325,50,15
인천,일반승용,현대자동차,아이오닉9 성능형 AWD,272,81,353,54,16
인천,일반승용,현대자동차,아이오닉9 항속형 2WD,274,82,356,55,17
인천,일반승용,현대자동차,아이오닉9 항속형 AWD,271,81,352,54,16
인천,경·소형,현대자동차,캐스퍼 일렉트릭 기본형 15인치,490,147,637,98,29
인천,경·소형,현대자동차,캐스퍼 일렉트릭 크로스 17인치,487,146,633,97,29
인천,경·소형,현대자동차,캐스퍼 일렉트릭 항속형 15인치,490,147,637,98,29
인천,경·소형,현대자동차,캐스퍼 일렉트릭 항속형 17인치(라운지포함),490,147,637,98,29
인천,일반승용,현대자동차,코나 일렉트릭 2WD 롱레인지 17인치,514,154,668,100,30
인천,일반승용,현대자동차,코나 일렉트릭 2WD 롱레인지 17인치 빌트인 캠 미적용,514,154,668,100,30
인천,일반승용,현대자동차,코나 일렉트릭 2WD 롱레인지 19인치,459,137,596,92,28
인천,일반승용,현대자동차,코나 일렉트릭 2WD 스탠다드 17인치,437,131,568,87,26
광주,일반승용,BMW,MINI Aceman E,400,120,520,80,24
광주,일반승용,BMW,MINI Aceman SE,400,120,520,80,24
광주,일반승용,BMW,MINI Cooper SE,396,118,514,79,24
광주,일반승용,BMW,MINI Countryman E,217,65,282,43,13
광주,일반승용,BMW,MINI Countryman SE ALL4,203,60,263,41,12
광주,일반승용,BMW,MINI JCW Aceman E,197,59,256,39,12
광주,일반승용,BMW,MINI JCW E,191,57,248,38,11
광주,일반승용,BMW,i4 M60 LCI (71HD),233,69,302,47,14
광주,일반승용,BMW,i4 eDrive 40 LCI(21HD),244,73,317,49,15
광주,일반승용,BMW,i4 eDrive 40 LCI(61HD),256,76,332,51,15
광주,일반승용,BMW,i5 eDrive 40,262,78,340,52,16
광주,일반승용,BMW,iX1 eDrive20,212,63,275,42,13
광주,일반승용,BMW,iX1 eDrive20(11HM),235,70,305,47,14
광주,일반승용,BMW,iX1 xDrive30,192,57,249,38,11
광주,일반승용,BMW,iX2 eDrive20,214,64,278,43,13
광주,일반승용,BMW,iX2 eDrive20(71GN),239,71,310,48,14
광주,일반승용,BMW,iX3 50 xDrive,275,82,357,55,17
광주,일반승용,기아,EV3 GT,248,74,322,50,15
광주,일반승용,기아,EV3 롱레인지 2WD 17인치,555,166,721,100,30
광주,일반승용,기아,EV3 롱레인지 2WD 19인치,555,166,721,100,30
광주,일반승용,기아,EV3 롱레인지 4WD 19인치,539,161,700,100,30
광주,일반승용,기아,EV3 스탠다드 2WD,469,140,609,94,28
광주,일반승용,기아,EV4 GT,255,76,331,51,15
광주,일반승용,기아,EV4 롱레인지 2WD 17인치,555,166,721,100,30
광주,일반승용,기아,EV4 롱레인지 2WD 19인치,555,166,721,100,30
광주,일반승용,기아,EV4 롱레인지 4WD 19인치,554,166,720,100,30
광주,일반승용,기아,EV4 롱레인지 GTL 2WD 19인치,555,166,721,100,30
광주,일반승용,기아,EV4 스탠다드 2WD 17인치,512,153,665,100,30
광주,일반승용,기아,EV4 스탠다드 2WD 19인치,481,144,625,96,29
광주,일반승용,기아,EV5 GT,232,69,301,46,14
광주,일반승용,기아,EV5 롱레인지 2WD,552,165,717,100,30
광주,일반승용,기아,EV5 롱레인지 4WD 18인치,499,149,648,100,30
광주,일반승용,기아,EV5 롱레인지 4WD 19인치,493,147,640,99,30
광주,일반승용,기아,EV9 GT,245,73,318,49,15
광주,일반승용,기아,EV9 롱레인지 2WD 19인치,270,81,351,54,16
광주,일반승용,기아,EV9 롱레인지 2WD 20인치,268,80,348,54,16
광주,일반승용,기아,EV9 롱레인지 4WD 19인치,254,76,330,51,15
광주,일반승용,기아,EV9 롱레인지 4WD 21인치,260,78,338,52,16
광주,일반승용,기아,EV9 롱레인지 GTL 4WD 21인치,252,75,327,50,15
광주,일반승용,기아,EV9 스탠다드,237,71,308,47,14
광주,일반승용,기아,PV5 패신저 5인승 롱레인지,458,137,595,92,28
광주,일반승용,기아,Pv5 WAV(비용 미지원),648,194,842,100,30
광주,일반승용,기아,Pv5 WAV(비용 지원),448,134,582,90,27
광주,일반승용,기아,(단종)The all-new Kia Niro EV,489,146,635,98,29
광주,일반승용,기아,더뉴EV6 롱레인지 2WD 19인치,570,171,741,100,30
광주,일반승용,기아,더뉴EV6 롱레인지 2WD 20인치,559,167,726,100,30
광주,일반승용,기아,더뉴EV6 롱레인지 4WD 19인치,561,168,729,100,30
광주,일반승용,기아,더뉴EV6 롱레인지 4WD 20인치,532,159,691,100,30
광주,일반승용,기아,더뉴EV6 스탠다드,501,150,651,100,30
광주,경·소형,기아,레이 EV 2WD 14인치 1인승 밴,457,137,594,91,27
광주,경·소형,기아,레이 EV 2WD 14인치 2인승 밴,457,137,594,91,27
광주,경·소형,기아,레이 EV 2WD 14인치 4인승 승용,457,137,594,91,27
광주,일반승용,메르세데스벤츠코리아,EQA 250(Facelift),190,57,247,38,11
광주,일반승용,메르세데스벤츠코리아,EQB 300 4MATIC(Facelift),154,46,200,31,9
광주,일반승용,메르세데스벤츠코리아,EQB 300 4MATIC(Facelift)(CY25/2),162,48,210,32,10
광주,일반승용,볼보자동차코리아,볼보 EX30 Single Motor ER,247,74,321,49,15
광주,일반승용,볼보자동차코리아,볼보 EX30CC Twin Motor Perf,222,66,288,44,13
광주,일반승용,비와이디코리아,(단종)BYD ATTO 3,126,37,163,25,8
광주,일반승용,비와이디코리아,(단종)BYD DOLPHIN,109,32,141,22,7
광주,일반승용,비와이디코리아,(단종)BYD DOLPHIN Active,132,39,171,26,8
광주,일반승용,비와이디코리아,(단종)BYD SEAL,169,50,219,34,10
광주,일반승용,비와이디코리아,(단종)BYD SEAL Dynamic AWD,151,45,196,30,9
광주,일반승용,비와이디코리아,(단종)BYD SEALION 7,152,45,197,30,9
광주,일반승용,케이지모빌리티,토레스 EVX 18인치,354,106,460,71,21
광주,일반승용,케이지모빌리티,토레스 EVX 18인치(2026),361,108,469,72,22
광주,일반승용,케이지모빌리티,토레스 EVX 20인치,344,103,447,69,21
광주,일반승용,케이지모빌리티,토레스 EVX 20인치(2026),354,106,460,71,21
광주,일반승용,케이지모빌리티,(단종)토레스 EVX 2WD 18인치,327,98,425,65,20
광주,일반승용,케이지모빌리티,(단종)토레스 EVX 2WD 20인치,312,93,405,62,19
광주,일반승용,테슬라코리아,Model 3 Performance,200,60,260,40,12
광주,일반승용,테슬라코리아,Model 3 Premium Long Range RWD,420,126,546,84,25
광주,일반승용,테슬라코리아,Model 3 Premium Long Range RWD(5999만원),210,63,273,42,13
광주,일반승용,테슬라코리아,Model 3 RWD,168,50,218,34,10
광주,일반승용,테슬라코리아,Model 3 RWD(2025),168,50,218,34,10
광주,일반승용,테슬라코리아,Model Y L AWD,215,64,279,43,13
광주,일반승용,테슬라코리아,Model Y Long Range(2025),210,63,273,42,13
광주,일반승용,테슬라코리아,Model Y Premium Long Range,210,63,273,42,13
광주,일반승용,테슬라코리아,Model Y Premium RWD,170,51,221,34,10
광주,일반승용,테슬라코리아,Model Y RWD(2025),170,51,221,34,10
광주,일반승용,폭스바겐그룹코리아,ID.4 Pro,432,129,561,86,26
광주,일반승용,폭스바겐그룹코리아,Q4 45 e-tron,206,61,267,41,12
광주,일반승용,폭스바겐그룹코리아,Q4 Sportback 45 e-tron,206,61,267,41,12
광주,일반승용,폭스바겐그룹코리아,(단종)Q6 e-tron performance,220,66,286,44,13
광주,일반승용,폭스바겐그룹코리아,iD.5 Pro,473,141,614,95,29
광주,일반승용,폴스타오토모티브코리아,Polestar 4 Coupe Dual Motor,168,50,218,34,10
광주,일반승용,폴스타오토모티브코리아,Polestar 4 Coupe Rear Motor,181,54,235,36,11
광주,일반승용,현대자동차,ELECTRIFIED G80,270,81,351,54,16
광주,일반승용,현대자동차,ELECTRIFIED GV70 AWD 19인치,261,78,339,52,16
광주,일반승용,현대자동차,ELECTRIFIED GV70 AWD 20인치,245,73,318,49,15
광주,일반승용,현대자동차,GV60 스탠다드 2WD 19인치,285,85,370,57,17
광주,일반승용,현대자동차,GV60 스탠다드 AWD 19인치,272,81,353,54,16
광주,일반승용,현대자동차,GV60 스탠다드 AWD 20인치,261,78,339,52,16
광주,일반승용,현대자동차,더 뉴 아이오닉5 2WD 롱레인지 19인치,564,169,733,100,30
광주,일반승용,현대자동차,더 뉴 아이오닉5 2WD 롱레인지 19인치 빌트인 캠 미적용,567,170,737,100,30
광주,일반승용,현대자동차,더 뉴 아이오닉5 2WD 롱레인지 20인치,559,167,726,100,30
광주,일반승용,현대자동차,더 뉴 아이오닉5 2WD 롱레인지 N라인 20인치,541,162,703,100,30
광주,일반승용,현대자동차,더 뉴 아이오닉5 2WD 스탠다드 19인치,483,144,627,97,29
광주,일반승용,현대자동차,더 뉴 아이오닉5 AWD 롱레인지 19인치,558,167,725,100,30
광주,일반승용,현대자동차,더 뉴 아이오닉5 AWD 롱레인지 20인치,532,159,691,100,30
광주,일반승용,현대자동차,더 뉴 아이오닉5 AWD 롱레인지 N라인 20인치,510,153,663,100,30
광주,일반승용,현대자동차,더 뉴 아이오닉6 2WD 롱레인지 18인치,570,171,741,100,30
광주,일반승용,현대자동차,더 뉴 아이오닉6 2WD 롱레인지 20인치,570,171,741,100,30
광주,일반승용,현대자동차,더 뉴 아이오닉6 2WD 롱레인지 N라인 20인치,570,171,741,100,30
광주,일반승용,현대자동차,더 뉴 아이오닉6 2WD 스탠다드 18인치,560,168,728,100,30
광주,일반승용,현대자동차,더 뉴 아이오닉6 AWD 롱레인지 18인치,570,171,741,100,30
광주,일반승용,현대자동차,더 뉴 아이오닉6 AWD 롱레인지 20인치,553,165,718,100,30
광주,일반승용,현대자동차,더 뉴 아이오닉6 AWD 롱레인지 N라인 20인치,537,161,698,100,30
광주,일반승용,현대자동차,스타리아 라운지 일렉트릭 7인승,229,68,297,46,14
광주,일반승용,현대자동차,스타리아 리무진 일렉트릭 6인승,229,68,297,46,14
광주,일반승용,현대자동차,아이오닉6 N,250,75,325,50,15
광주,일반승용,현대자동차,아이오닉9 성능형 AWD,272,81,353,54,16
광주,일반승용,현대자동차,아이오닉9 항속형 2WD,274,82,356,55,17
광주,일반승용,현대자동차,아이오닉9 항속형 AWD,271,81,352,54,16
광주,경·소형,현대자동차,캐스퍼 일렉트릭 기본형 15인치,490,147,637,98,29
광주,경·소형,현대자동차,캐스퍼 일렉트릭 크로스 17인치,487,146,633,97,29
광주,경·소형,현대자동차,캐스퍼 일렉트릭 항속형 15인치,490,147,637,98,29
광주,경·소형,현대자동차,캐스퍼 일렉트릭 항속형 17인치(라운지포함),490,147,637,98,29
광주,일반승용,현대자동차,코나 일렉트릭 2WD 롱레인지 17인치,514,154,668,100,30
광주,일반승용,현대자동차,코나 일렉트릭 2WD 롱레인지 17인치 빌트인 캠 미적용,514,154,668,100,30
광주,일반승용,현대자동차,코나 일렉트릭 2WD 롱레인지 19인치,459,137,596,92,28
광주,일반승용,현대자동차,코나 일렉트릭 2WD 스탠다드 17인치,437,131,568,87,26
대전,일반승용,BMW,MINI Aceman E,400,120,520,80,24
대전,일반승용,BMW,MINI Aceman SE,400,120,520,80,24
대전,일반승용,BMW,MINI Cooper SE,396,118,514,79,24
대전,일반승용,BMW,MINI Countryman E,217,65,282,43,13
대전,일반승용,BMW,MINI Countryman SE ALL4,203,60,263,41,12
대전,일반승용,BMW,MINI JCW Aceman E,197,59,256,39,12
대전,일반승용,BMW,MINI JCW E,191,57,248,38,11
대전,일반승용,BMW,i4 M60 LCI (71HD),233,69,302,47,14
대전,일반승용,BMW,i4 eDrive 40 LCI(21HD),244,73,317,49,15
대전,일반승용,BMW,i4 eDrive 40 LCI(61HD),256,76,332,51,15
대전,일반승용,BMW,i5 eDrive 40,262,78,340,52,16
대전,일반승용,BMW,iX1 eDrive20,212,63,275,42,13
대전,일반승용,BMW,iX1 xDrive30,192,57,249,38,11
대전,일반승용,BMW,iX2 eDrive20,214,64,278,43,13
대전,일반승용,BMW,iX3 50 xDrive,275,82,357,55,17
대전,일반승용,기아,EV3 GT,248,74,322,50,15
대전,일반승용,기아,EV3 롱레인지 2WD 17인치,555,166,721,100,30
대전,일반승용,기아,EV3 롱레인지 2WD 19인치,555,166,721,100,30
대전,일반승용,기아,EV3 롱레인지 4WD 19인치,539,161,700,100,30
대전,일반승용,기아,EV3 스탠다드 2WD,469,140,609,94,28
대전,일반승용,기아,EV4 GT,255,76,331,51,15
대전,일반승용,기아,EV4 롱레인지 2WD 17인치,555,166,721,100,30
대전,일반승용,기아,EV4 롱레인지 2WD 19인치,555,166,721,100,30
대전,일반승용,기아,EV4 롱레인지 4WD 19인치,554,166,720,100,30
대전,일반승용,기아,EV4 롱레인지 GTL 2WD 19인치,555,166,721,100,30
대전,일반승용,기아,EV4 스탠다드 2WD 17인치,512,153,665,100,30
대전,일반승용,기아,EV4 스탠다드 2WD 19인치,481,144,625,96,29
대전,일반승용,기아,EV5 GT,232,69,301,46,14
대전,일반승용,기아,EV5 롱레인지 2WD,552,165,717,100,30
대전,일반승용,기아,EV5 롱레인지 4WD 18인치,499,149,648,100,30
대전,일반승용,기아,EV5 롱레인지 4WD 19인치,493,147,640,99,30
대전,일반승용,기아,EV9 GT,245,73,318,49,15
대전,일반승용,기아,EV9 롱레인지 2WD 19인치,270,81,351,54,16
대전,일반승용,기아,EV9 롱레인지 2WD 20인치,268,80,348,54,16
대전,일반승용,기아,EV9 롱레인지 4WD 19인치,254,76,330,51,15
대전,일반승용,기아,EV9 롱레인지 4WD 21인치,260,78,338,52,16
대전,일반승용,기아,EV9 롱레인지 GTL 4WD 21인치,252,75,327,50,15
대전,일반승용,기아,EV9 스탠다드,237,71,308,47,14
대전,일반승용,기아,PV5 패신저 5인승 롱레인지,458,137,595,92,28
대전,일반승용,기아,Pv5 WAV(비용 미지원),648,194,842,100,30
대전,일반승용,기아,Pv5 WAV(비용 지원),448,134,582,90,27
대전,일반승용,기아,(단종)The all-new Kia Niro EV,489,146,635,98,29
대전,일반승용,기아,더뉴EV6 롱레인지 2WD 19인치,570,171,741,100,30
대전,일반승용,기아,더뉴EV6 롱레인지 2WD 20인치,559,167,726,100,30
대전,일반승용,기아,더뉴EV6 롱레인지 4WD 19인치,561,168,729,100,30
대전,일반승용,기아,더뉴EV6 롱레인지 4WD 20인치,532,159,691,100,30
대전,일반승용,기아,더뉴EV6 스탠다드,501,150,651,100,30
대전,경·소형,기아,레이 EV 2WD 14인치 1인승 밴,457,137,594,91,27
대전,경·소형,기아,레이 EV 2WD 14인치 2인승 밴,457,137,594,91,27
대전,경·소형,기아,레이 EV 2WD 14인치 4인승 승용,457,137,594,91,27
대전,일반승용,메르세데스벤츠코리아,EQA 250(Facelift),190,57,247,38,11
대전,일반승용,메르세데스벤츠코리아,EQB 300 4MATIC(Facelift),154,46,200,31,9
대전,일반승용,메르세데스벤츠코리아,EQB 300 4MATIC(Facelift)(CY25/2),162,48,210,32,10
대전,일반승용,볼보자동차코리아,볼보 EX30 Single Motor ER,247,74,321,49,15
대전,일반승용,볼보자동차코리아,볼보 EX30CC Twin Motor Perf,222,66,288,44,13
대전,일반승용,비와이디코리아,(단종)BYD ATTO 3,126,37,163,25,8
대전,일반승용,비와이디코리아,(단종)BYD DOLPHIN,109,32,141,22,7
대전,일반승용,비와이디코리아,(단종)BYD DOLPHIN Active,132,39,171,26,8
대전,일반승용,비와이디코리아,(단종)BYD SEAL,169,50,219,34,10
대전,일반승용,비와이디코리아,(단종)BYD SEAL Dynamic AWD,151,45,196,30,9
대전,일반승용,비와이디코리아,(단종)BYD SEALION 7,152,45,197,30,9
대전,일반승용,케이지모빌리티,토레스 EVX 18인치,354,106,460,71,21
대전,일반승용,케이지모빌리티,토레스 EVX 18인치(2026),361,108,469,72,22
대전,일반승용,케이지모빌리티,토레스 EVX 20인치,344,103,447,69,21
대전,일반승용,케이지모빌리티,토레스 EVX 20인치(2026),354,106,460,71,21
대전,일반승용,케이지모빌리티,(단종)토레스 EVX 2WD 18인치,327,98,425,65,20
대전,일반승용,케이지모빌리티,(단종)토레스 EVX 2WD 20인치,312,93,405,62,19
대전,일반승용,테슬라코리아,Model 3 Performance,200,60,260,40,12
대전,일반승용,테슬라코리아,Model 3 Premium Long Range RWD,420,126,546,84,25
대전,일반승용,테슬라코리아,Model 3 Premium Long Range RWD(5999만원),210,63,273,42,13
대전,일반승용,테슬라코리아,Model 3 RWD,168,50,218,34,10
대전,일반승용,테슬라코리아,Model 3 RWD(2025),168,50,218,34,10
대전,일반승용,테슬라코리아,Model Y L AWD,215,64,279,43,13
대전,일반승용,테슬라코리아,Model Y Long Range(2025),210,63,273,42,13
대전,일반승용,테슬라코리아,Model Y Premium Long Range,210,63,273,42,13
대전,일반승용,테슬라코리아,Model Y Premium RWD,170,51,221,34,10
대전,일반승용,테슬라코리아,Model Y RWD(2025),170,51,221,34,10
대전,일반승용,폭스바겐그룹코리아,ID.4 Pro,432,129,561,86,26
대전,일반승용,폭스바겐그룹코리아,Q4 45 e-tron,206,61,267,41,12
대전,일반승용,폭스바겐그룹코리아,Q4 Sportback 45 e-tron,206,61,267,41,12
대전,일반승용,폭스바겐그룹코리아,(단종)Q6 e-tron performance,220,66,286,44,13
대전,일반승용,폭스바겐그룹코리아,iD.5 Pro,473,141,614,95,29
대전,일반승용,현대자동차,ELECTRIFIED G80,270,81,351,54,16
대전,일반승용,현대자동차,ELECTRIFIED GV70 AWD 19인치,261,78,339,52,16
대전,일반승용,현대자동차,ELECTRIFIED GV70 AWD 20인치,245,73,318,49,15
대전,일반승용,현대자동차,GV60 스탠다드 2WD 19인치,285,85,370,57,17
대전,일반승용,현대자동차,GV60 스탠다드 AWD 19인치,272,81,353,54,16
대전,일반승용,현대자동차,GV60 스탠다드 AWD 20인치,261,78,339,52,16
대전,일반승용,현대자동차,더 뉴 아이오닉5 2WD 롱레인지 19인치,564,169,733,100,30
대전,일반승용,현대자동차,더 뉴 아이오닉5 2WD 롱레인지 19인치 빌트인 캠 미적용,567,170,737,100,30
대전,일반승용,현대자동차,더 뉴 아이오닉5 2WD 롱레인지 20인치,559,167,726,100,30
대전,일반승용,현대자동차,더 뉴 아이오닉5 2WD 롱레인지 N라인 20인치,541,162,703,100,30
대전,일반승용,현대자동차,더 뉴 아이오닉5 2WD 스탠다드 19인치,483,144,627,97,29
대전,일반승용,현대자동차,더 뉴 아이오닉5 AWD 롱레인지 19인치,558,167,725,100,30
대전,일반승용,현대자동차,더 뉴 아이오닉5 AWD 롱레인지 20인치,532,159,691,100,30
대전,일반승용,현대자동차,더 뉴 아이오닉5 AWD 롱레인지 N라인 20인치,510,153,663,100,30
대전,일반승용,현대자동차,더 뉴 아이오닉6 2WD 롱레인지 18인치,570,171,741,100,30
대전,일반승용,현대자동차,더 뉴 아이오닉6 2WD 롱레인지 20인치,570,171,741,100,30
대전,일반승용,현대자동차,더 뉴 아이오닉6 2WD 롱레인지 N라인 20인치,570,171,741,100,30
대전,일반승용,현대자동차,더 뉴 아이오닉6 2WD 스탠다드 18인치,560,168,728,100,30
대전,일반승용,현대자동차,더 뉴 아이오닉6 AWD 롱레인지 18인치,570,171,741,100,30
대전,일반승용,현대자동차,더 뉴 아이오닉6 AWD 롱레인지 20인치,553,165,718,100,30
대전,일반승용,현대자동차,더 뉴 아이오닉6 AWD 롱레인지 N라인 20인치,537,161,698,100,30
대전,일반승용,현대자동차,스타리아 라운지 일렉트릭 7인승,229,68,297,46,14
대전,일반승용,현대자동차,스타리아 리무진 일렉트릭 6인승,229,68,297,46,14
대전,일반승용,현대자동차,아이오닉6 N,250,75,325,50,15
대전,일반승용,현대자동차,아이오닉9 성능형 AWD,272,81,353,54,16
대전,일반승용,현대자동차,아이오닉9 항속형 2WD,274,82,356,55,17
대전,일반승용,현대자동차,아이오닉9 항속형 AWD,271,81,352,54,16
대전,경·소형,현대자동차,캐스퍼 일렉트릭 기본형 15인치,490,147,637,98,29
대전,경·소형,현대자동차,캐스퍼 일렉트릭 크로스 17인치,487,146,633,97,29
대전,경·소형,현대자동차,캐스퍼 일렉트릭 항속형 15인치,490,147,637,98,29
대전,경·소형,현대자동차,캐스퍼 일렉트릭 항속형 17인치(라운지포함),490,147,637,98,29
대전,일반승용,현대자동차,코나 일렉트릭 2WD 롱레인지 17인치,514,154,668,100,30
대전,일반승용,현대자동차,코나 일렉트릭 2WD 롱레인지 17인치 빌트인 캠 미적용,514,154,668,100,30
대전,일반승용,현대자동차,코나 일렉트릭 2WD 롱레인지 19인치,459,137,596,92,28
대전,일반승용,현대자동차,코나 일렉트릭 2WD 스탠다드 17인치,437,131,568,87,26
울산,일반승용,BMW,MINI Aceman E,400,120,520,80,24
울산,일반승용,BMW,MINI Aceman SE,400,120,520,80,24
울산,일반승용,BMW,MINI Cooper SE,396,118,514,79,24
울산,일반승용,BMW,MINI Countryman E,217,65,282,43,13
울산,일반승용,BMW,MINI Countryman SE ALL4,203,60,263,41,12
울산,일반승용,BMW,MINI JCW Aceman E,197,59,256,39,12
울산,일반승용,BMW,MINI JCW E,191,57,248,38,11
울산,일반승용,BMW,i4 M60 LCI (71HD),233,69,302,47,14
울산,일반승용,BMW,i4 eDrive 40 LCI(21HD),244,73,317,49,15
울산,일반승용,BMW,i4 eDrive 40 LCI(61HD),256,76,332,51,15
울산,일반승용,BMW,i5 eDrive 40,262,78,340,52,16
울산,일반승용,BMW,iX1 eDrive20,212,63,275,42,13
울산,일반승용,BMW,iX1 eDrive20(11HM),235,70,305,47,14
울산,일반승용,BMW,iX1 xDrive30,192,57,249,38,11
울산,일반승용,BMW,iX2 eDrive20,214,64,278,43,13
울산,일반승용,BMW,iX2 eDrive20(71GN),239,71,310,48,14
울산,일반승용,BMW,iX3 50 xDrive,275,82,357,55,17
울산,일반승용,기아,EV3 GT,248,74,322,50,15
울산,일반승용,기아,EV3 롱레인지 2WD 17인치,555,166,721,100,30
울산,일반승용,기아,EV3 롱레인지 2WD 19인치,555,166,721,100,30
울산,일반승용,기아,EV3 롱레인지 4WD 19인치,539,161,700,100,30
울산,일반승용,기아,EV3 스탠다드 2WD,469,140,609,94,28
울산,일반승용,기아,EV4 GT,255,76,331,51,15
울산,일반승용,기아,EV4 롱레인지 2WD 17인치,555,166,721,100,30
울산,일반승용,기아,EV4 롱레인지 2WD 19인치,555,166,721,100,30
울산,일반승용,기아,EV4 롱레인지 4WD 19인치,554,166,720,100,30
울산,일반승용,기아,EV4 롱레인지 GTL 2WD 19인치,555,166,721,100,30
울산,일반승용,기아,EV4 스탠다드 2WD 17인치,512,153,665,100,30
울산,일반승용,기아,EV4 스탠다드 2WD 19인치,481,144,625,96,29
울산,일반승용,기아,EV5 GT,232,69,301,46,14
울산,일반승용,기아,EV5 롱레인지 2WD,552,165,717,100,30
울산,일반승용,기아,EV5 롱레인지 4WD 18인치,499,149,648,100,30
울산,일반승용,기아,EV5 롱레인지 4WD 19인치,493,147,640,99,30
울산,일반승용,기아,EV9 GT,245,73,318,49,15
울산,일반승용,기아,EV9 롱레인지 2WD 19인치,270,81,351,54,16
울산,일반승용,기아,EV9 롱레인지 2WD 20인치,268,80,348,54,16
울산,일반승용,기아,EV9 롱레인지 4WD 19인치,254,76,330,51,15
울산,일반승용,기아,EV9 롱레인지 4WD 21인치,260,78,338,52,16
울산,일반승용,기아,EV9 롱레인지 GTL 4WD 21인치,252,75,327,50,15
울산,일반승용,기아,EV9 스탠다드,237,71,308,47,14
울산,일반승용,기아,PV5 패신저 5인승 롱레인지,458,137,595,92,28
울산,일반승용,기아,Pv5 WAV(비용 미지원),648,194,842,100,30
울산,일반승용,기아,Pv5 WAV(비용 지원),448,134,582,90,27
울산,일반승용,기아,(단종)The all-new Kia Niro EV,489,146,635,98,29
울산,일반승용,기아,더뉴EV6 롱레인지 2WD 19인치,570,171,741,100,30
울산,일반승용,기아,더뉴EV6 롱레인지 2WD 20인치,559,167,726,100,30
울산,일반승용,기아,더뉴EV6 롱레인지 4WD 19인치,561,168,729,100,30
울산,일반승용,기아,더뉴EV6 롱레인지 4WD 20인치,532,159,691,100,30
울산,일반승용,기아,더뉴EV6 스탠다드,501,150,651,100,30
울산,경·소형,기아,레이 EV 2WD 14인치 1인승 밴,457,137,594,91,27
울산,경·소형,기아,레이 EV 2WD 14인치 2인승 밴,457,137,594,91,27
울산,경·소형,기아,레이 EV 2WD 14인치 4인승 승용,457,137,594,91,27
울산,일반승용,메르세데스벤츠코리아,EQA 250(Facelift),190,57,247,38,11
울산,일반승용,메르세데스벤츠코리아,EQB 300 4MATIC(Facelift),154,46,200,31,9
울산,일반승용,메르세데스벤츠코리아,EQB 300 4MATIC(Facelift)(CY25/2),162,48,210,32,10
울산,일반승용,볼보자동차코리아,볼보 EX30 Single Motor ER,247,74,321,49,15
울산,일반승용,볼보자동차코리아,볼보 EX30CC Twin Motor Perf,222,66,288,44,13
울산,일반승용,비와이디코리아,(단종)BYD ATTO 3,126,37,163,25,8
울산,일반승용,비와이디코리아,(단종)BYD DOLPHIN,109,32,141,22,7
울산,일반승용,비와이디코리아,(단종)BYD DOLPHIN Active,132,39,171,26,8
울산,일반승용,비와이디코리아,(단종)BYD SEAL,169,50,219,34,10
울산,일반승용,비와이디코리아,(단종)BYD SEAL Dynamic AWD,151,45,196,30,9
울산,일반승용,비와이디코리아,(단종)BYD SEALION 7,152,45,197,30,9
울산,일반승용,케이지모빌리티,토레스 EVX 18인치,354,106,460,71,21
울산,일반승용,케이지모빌리티,토레스 EVX 18인치(2026),361,108,469,72,22
울산,일반승용,케이지모빌리티,토레스 EVX 20인치,344,103,447,69,21
울산,일반승용,케이지모빌리티,토레스 EVX 20인치(2026),354,106,460,71,21
울산,일반승용,케이지모빌리티,(단종)토레스 EVX 2WD 18인치,327,98,425,65,20
울산,일반승용,케이지모빌리티,(단종)토레스 EVX 2WD 20인치,312,93,405,62,19
울산,일반승용,테슬라코리아,Model 3 Performance,200,60,260,40,12
울산,일반승용,테슬라코리아,Model 3 Premium Long Range RWD,420,126,546,84,25
울산,일반승용,테슬라코리아,Model 3 Premium Long Range RWD(5999만원),210,63,273,42,13
울산,일반승용,테슬라코리아,Model 3 RWD,168,50,218,34,10
울산,일반승용,테슬라코리아,Model 3 RWD(2025),168,50,218,34,10
울산,일반승용,테슬라코리아,Model Y L AWD,215,64,279,43,13
울산,일반승용,테슬라코리아,Model Y Long Range(2025),210,63,273,42,13
울산,일반승용,테슬라코리아,Model Y Premium Long Range,210,63,273,42,13
울산,일반승용,테슬라코리아,Model Y Premium RWD,170,51,221,34,10
울산,일반승용,테슬라코리아,Model Y RWD(2025),170,51,221,34,10
울산,일반승용,폭스바겐그룹코리아,ID.4 Pro,432,129,561,86,26
울산,일반승용,폭스바겐그룹코리아,Q4 45 e-tron,206,61,267,41,12
울산,일반승용,폭스바겐그룹코리아,Q4 Sportback 45 e-tron,206,61,267,41,12
울산,일반승용,폭스바겐그룹코리아,(단종)Q6 e-tron performance,220,66,286,44,13
울산,일반승용,폭스바겐그룹코리아,iD.5 Pro,473,141,614,95,29
울산,일반승용,폴스타오토모티브코리아,Polestar 4 Coupe Dual Motor,168,50,218,34,10
울산,일반승용,폴스타오토모티브코리아,Polestar 4 Coupe Rear Motor,181,54,235,36,11
울산,일반승용,현대자동차,ELECTRIFIED G80,270,105,375,54,16
울산,일반승용,현대자동차,ELECTRIFIED GV70 AWD 19인치,261,101,362,52,16
울산,일반승용,현대자동차,ELECTRIFIED GV70 AWD 20인치,245,94,339,49,15
울산,일반승용,현대자동차,GV60 스탠다드 2WD 19인치,285,110,395,57,17
울산,일반승용,현대자동차,GV60 스탠다드 AWD 19인치,272,105,377,54,16
울산,일반승용,현대자동차,GV60 스탠다드 AWD 20인치,261,101,362,52,16
울산,일반승용,현대자동차,더 뉴 아이오닉5 2WD 롱레인지 19인치,564,219,783,100,30
울산,일반승용,현대자동차,더 뉴 아이오닉5 2WD 롱레인지 19인치 빌트인 캠 미적용,567,221,788,100,30
울산,일반승용,현대자동차,더 뉴 아이오닉5 2WD 롱레인지 20인치,559,217,776,100,30
울산,일반승용,현대자동차,더 뉴 아이오닉5 2WD 롱레인지 N라인 20인치,541,210,751,100,30
울산,일반승용,현대자동차,더 뉴 아이오닉5 2WD 스탠다드 19인치,483,187,670,97,29
울산,일반승용,현대자동차,더 뉴 아이오닉5 AWD 롱레인지 19인치,558,217,775,100,30
울산,일반승용,현대자동차,더 뉴 아이오닉5 AWD 롱레인지 20인치,532,206,738,100,30
울산,일반승용,현대자동차,더 뉴 아이오닉5 AWD 롱레인지 N라인 20인치,510,198,708,100,30
울산,일반승용,현대자동차,더 뉴 아이오닉6 2WD 롱레인지 18인치,570,171,741,100,30
울산,일반승용,현대자동차,더 뉴 아이오닉6 2WD 롱레인지 20인치,570,171,741,100,30
울산,일반승용,현대자동차,더 뉴 아이오닉6 2WD 롱레인지 N라인 20인치,570,171,741,100,30
울산,일반승용,현대자동차,더 뉴 아이오닉6 2WD 스탠다드 18인치,560,168,728,100,30
울산,일반승용,현대자동차,더 뉴 아이오닉6 AWD 롱레인지 18인치,570,171,741,100,30
울산,일반승용,현대자동차,더 뉴 아이오닉6 AWD 롱레인지 20인치,553,165,718,100,30
울산,일반승용,현대자동차,더 뉴 아이오닉6 AWD 롱레인지 N라인 20인치,537,161,698,100,30
울산,일반승용,현대자동차,스타리아 라운지 일렉트릭 7인승,229,88,317,46,14
울산,일반승용,현대자동차,스타리아 리무진 일렉트릭 6인승,229,88,317,46,14
울산,일반승용,현대자동차,아이오닉6 N,250,75,325,50,15
울산,일반승용,현대자동차,아이오닉9 성능형 AWD,272,81,353,54,16
울산,일반승용,현대자동차,아이오닉9 항속형 2WD,274,82,356,55,17
울산,일반승용,현대자동차,아이오닉9 항속형 AWD,271,81,352,54,16
울산,경·소형,현대자동차,캐스퍼 일렉트릭 기본형 15인치,490,147,637,98,29
울산,경·소형,현대자동차,캐스퍼 일렉트릭 크로스 17인치,487,146,633,97,29
울산,경·소형,현대자동차,캐스퍼 일렉트릭 항속형 15인치,490,147,637,98,29
울산,경·소형,현대자동차,캐스퍼 일렉트릭 항속형 17인치(라운지포함),490,147,637,98,29
울산,일반승용,현대자동차,코나 일렉트릭 2WD 롱레인지 17인치,514,200,714,100,30
울산,일반승용,현대자동차,코나 일렉트릭 2WD 롱레인지 17인치 빌트인 캠 미적용,514,200,714,100,30
울산,일반승용,현대자동차,코나 일렉트릭 2WD 롱레인지 19인치,459,178,637,92,28
울산,일반승용,현대자동차,코나 일렉트릭 2WD 스탠다드 17인치,437,170,607,87,26
세종,일반승용,BMW,MINI Aceman E,400,120,520,80,24
세종,일반승용,BMW,MINI Aceman SE,400,120,520,80,24
세종,일반승용,BMW,MINI Cooper SE,396,118,514,79,24
세종,일반승용,BMW,MINI Countryman E,217,65,282,43,13
세종,일반승용,BMW,MINI Countryman SE ALL4,203,60,263,41,12
세종,일반승용,BMW,MINI JCW Aceman E,197,59,256,39,12
세종,일반승용,BMW,MINI JCW E,191,57,248,38,11
세종,일반승용,BMW,i4 M60 LCI (71HD),233,69,302,47,14
세종,일반승용,BMW,i4 eDrive 40 LCI(21HD),244,73,317,49,15
세종,일반승용,BMW,i4 eDrive 40 LCI(61HD),256,76,332,51,15
세종,일반승용,BMW,i5 eDrive 40,262,78,340,52,16
세종,일반승용,BMW,iX1 eDrive20,212,63,275,42,13
세종,일반승용,BMW,iX1 xDrive30,192,57,249,38,11
세종,일반승용,BMW,iX2 eDrive20,214,64,278,43,13
세종,일반승용,BMW,iX3 50 xDrive,275,82,357,55,17
세종,일반승용,기아,EV3 GT,248,74,322,50,15
세종,일반승용,기아,EV3 롱레인지 2WD 17인치,555,166,721,100,30
세종,일반승용,기아,EV3 롱레인지 2WD 19인치,555,166,721,100,30
세종,일반승용,기아,EV3 롱레인지 4WD 19인치,539,161,700,100,30
세종,일반승용,기아,EV3 스탠다드 2WD,469,140,609,94,28
세종,일반승용,기아,EV4 GT,255,76,331,51,15
세종,일반승용,기아,EV4 롱레인지 2WD 17인치,555,166,721,100,30
세종,일반승용,기아,EV4 롱레인지 2WD 19인치,555,166,721,100,30
세종,일반승용,기아,EV4 롱레인지 4WD 19인치,554,166,720,100,30
세종,일반승용,기아,EV4 롱레인지 GTL 2WD 19인치,555,166,721,100,30
세종,일반승용,기아,EV4 스탠다드 2WD 17인치,512,153,665,100,30
세종,일반승용,기아,EV4 스탠다드 2WD 19인치,481,144,625,96,29
세종,일반승용,기아,EV5 GT,232,69,301,46,14
세종,일반승용,기아,EV5 롱레인지 2WD,552,165,717,100,30
세종,일반승용,기아,EV5 롱레인지 4WD 18인치,499,149,648,100,30
세종,일반승용,기아,EV5 롱레인지 4WD 19인치,493,147,640,99,30
세종,일반승용,기아,EV9 GT,245,73,318,49,15
세종,일반승용,기아,EV9 롱레인지 2WD 19인치,270,81,351,54,16
세종,일반승용,기아,EV9 롱레인지 2WD 20인치,268,80,348,54,16
세종,일반승용,기아,EV9 롱레인지 4WD 19인치,254,76,330,51,15
세종,일반승용,기아,EV9 롱레인지 4WD 21인치,260,78,338,52,16
세종,일반승용,기아,EV9 롱레인지 GTL 4WD 21인치,252,75,327,50,15
세종,일반승용,기아,EV9 스탠다드,237,71,308,47,14
세종,일반승용,기아,PV5 패신저 5인승 롱레인지,458,137,595,92,28
세종,일반승용,기아,Pv5 WAV(비용 미지원),648,194,842,100,30
세종,일반승용,기아,Pv5 WAV(비용 지원),448,134,582,90,27
세종,일반승용,기아,(단종)The all-new Kia Niro EV,489,146,635,98,29
세종,일반승용,기아,더뉴EV6 롱레인지 2WD 19인치,570,171,741,100,30
세종,일반승용,기아,더뉴EV6 롱레인지 2WD 20인치,559,167,726,100,30
세종,일반승용,기아,더뉴EV6 롱레인지 4WD 19인치,561,168,729,100,30
세종,일반승용,기아,더뉴EV6 롱레인지 4WD 20인치,532,159,691,100,30
세종,일반승용,기아,더뉴EV6 스탠다드,501,150,651,100,30
세종,경·소형,기아,레이 EV 2WD 14인치 1인승 밴,457,137,594,91,27
세종,경·소형,기아,레이 EV 2WD 14인치 2인승 밴,457,137,594,91,27
세종,경·소형,기아,레이 EV 2WD 14인치 4인승 승용,457,137,594,91,27
세종,일반승용,메르세데스벤츠코리아,EQA 250(Facelift),190,57,247,38,11
세종,일반승용,메르세데스벤츠코리아,EQB 300 4MATIC(Facelift),154,46,200,31,9
세종,일반승용,메르세데스벤츠코리아,EQB 300 4MATIC(Facelift)(CY25/2),162,48,210,32,10
세종,일반승용,볼보자동차코리아,볼보 EX30 Single Motor ER,247,74,321,49,15
세종,일반승용,볼보자동차코리아,볼보 EX30CC Twin Motor Perf,222,66,288,44,13
세종,일반승용,비와이디코리아,(단종)BYD ATTO 3,126,37,163,25,8
세종,일반승용,비와이디코리아,(단종)BYD DOLPHIN,109,32,141,22,7
세종,일반승용,비와이디코리아,(단종)BYD DOLPHIN Active,132,39,171,26,8
세종,일반승용,비와이디코리아,(단종)BYD SEAL,169,50,219,34,10
세종,일반승용,비와이디코리아,(단종)BYD SEAL Dynamic AWD,151,45,196,30,9
세종,일반승용,비와이디코리아,(단종)BYD SEALION 7,152,45,197,30,9
세종,일반승용,케이지모빌리티,토레스 EVX 18인치,354,106,460,71,21
세종,일반승용,케이지모빌리티,토레스 EVX 18인치(2026),361,108,469,72,22
세종,일반승용,케이지모빌리티,토레스 EVX 20인치,344,103,447,69,21
세종,일반승용,케이지모빌리티,토레스 EVX 20인치(2026),354,106,460,71,21
세종,일반승용,케이지모빌리티,(단종)토레스 EVX 2WD 18인치,327,98,425,65,20
세종,일반승용,케이지모빌리티,(단종)토레스 EVX 2WD 20인치,312,93,405,62,19
세종,일반승용,테슬라코리아,Model 3 Performance,200,60,260,40,12
세종,일반승용,테슬라코리아,Model 3 Premium Long Range RWD,420,126,546,84,25
세종,일반승용,테슬라코리아,Model 3 Premium Long Range RWD(5999만원),210,63,273,42,13
세종,일반승용,테슬라코리아,Model 3 RWD,168,50,218,34,10
세종,일반승용,테슬라코리아,Model 3 RWD(2025),168,50,218,34,10
세종,일반승용,테슬라코리아,Model Y L AWD,215,64,279,43,13
세종,일반승용,테슬라코리아,Model Y Long Range(2025),210,63,273,42,13
세종,일반승용,테슬라코리아,Model Y Premium Long Range,210,63,273,42,13
세종,일반승용,테슬라코리아,Model Y Premium RWD,170,51,221,34,10
세종,일반승용,테슬라코리아,Model Y RWD(2025),170,51,221,34,10
세종,일반승용,폭스바겐그룹코리아,ID.4 Pro,432,129,561,86,26
세종,일반승용,폭스바겐그룹코리아,Q4 45 e-tron,206,61,267,41,12
세종,일반승용,폭스바겐그룹코리아,Q4 Sportback 45 e-tron,206,61,267,41,12
세종,일반승용,폭스바겐그룹코리아,(단종)Q6 e-tron performance,220,66,286,44,13
세종,일반승용,폭스바겐그룹코리아,iD.5 Pro,473,141,614,95,29
세종,일반승용,현대자동차,ELECTRIFIED G80,270,81,351,54,16
세종,일반승용,현대자동차,ELECTRIFIED GV70 AWD 19인치,261,78,339,52,16
세종,일반승용,현대자동차,ELECTRIFIED GV70 AWD 20인치,245,73,318,49,15
세종,일반승용,현대자동차,GV60 스탠다드 2WD 19인치,285,85,370,57,17
세종,일반승용,현대자동차,GV60 스탠다드 AWD 19인치,272,81,353,54,16
세종,일반승용,현대자동차,GV60 스탠다드 AWD 20인치,261,78,339,52,16
세종,일반승용,현대자동차,더 뉴 아이오닉5 2WD 롱레인지 19인치,564,169,733,100,30
세종,일반승용,현대자동차,더 뉴 아이오닉5 2WD 롱레인지 19인치 빌트인 캠 미적용,567,170,737,100,30
세종,일반승용,현대자동차,더 뉴 아이오닉5 2WD 롱레인지 20인치,559,167,726,100,30
세종,일반승용,현대자동차,더 뉴 아이오닉5 2WD 롱레인지 N라인 20인치,541,162,703,100,30
세종,일반승용,현대자동차,더 뉴 아이오닉5 2WD 스탠다드 19인치,483,144,627,97,29
세종,일반승용,현대자동차,더 뉴 아이오닉5 AWD 롱레인지 19인치,558,167,725,100,30
세종,일반승용,현대자동차,더 뉴 아이오닉5 AWD 롱레인지 20인치,532,159,691,100,30
세종,일반승용,현대자동차,더 뉴 아이오닉5 AWD 롱레인지 N라인 20인치,510,153,663,100,30
세종,일반승용,현대자동차,더 뉴 아이오닉6 2WD 롱레인지 18인치,570,171,741,100,30
세종,일반승용,현대자동차,더 뉴 아이오닉6 2WD 롱레인지 20인치,570,171,741,100,30
세종,일반승용,현대자동차,더 뉴 아이오닉6 2WD 롱레인지 N라인 20인치,570,171,741,100,30
세종,일반승용,현대자동차,더 뉴 아이오닉6 2WD 스탠다드 18인치,560,168,728,100,30
세종,일반승용,현대자동차,더 뉴 아이오닉6 AWD 롱레인지 18인치,570,171,741,100,30
세종,일반승용,현대자동차,더 뉴 아이오닉6 AWD 롱레인지 20인치,553,165,718,100,30
세종,일반승용,현대자동차,더 뉴 아이오닉6 AWD 롱레인지 N라인 20인치,537,161,698,100,30
세종,일반승용,현대자동차,스타리아 라운지 일렉트릭 7인승,229,68,297,46,14
세종,일반승용,현대자동차,스타리아 리무진 일렉트릭 6인승,229,68,297,46,14
세종,일반승용,현대자동차,아이오닉6 N,250,75,325,50,15
세종,일반승용,현대자동차,아이오닉9 성능형 AWD,272,81,353,54,16
세종,일반승용,현대자동차,아이오닉9 항속형 2WD,274,82,356,55,17
세종,일반승용,현대자동차,아이오닉9 항속형 AWD,271,81,352,54,16
세종,경·소형,현대자동차,캐스퍼 일렉트릭 기본형 15인치,490,147,637,98,29
세종,경·소형,현대자동차,캐스퍼 일렉트릭 크로스 17인치,487,146,633,97,29
세종,경·소형,현대자동차,캐스퍼 일렉트릭 항속형 15인치,490,147,637,98,29
세종,경·소형,현대자동차,캐스퍼 일렉트릭 항속형 17인치(라운지포함),490,147,637,98,29
세종,일반승용,현대자동차,코나 일렉트릭 2WD 롱레인지 17인치,514,154,668,100,30
세종,일반승용,현대자동차,코나 일렉트릭 2WD 롱레인지 17인치 빌트인 캠 미적용,514,154,668,100,30
세종,일반승용,현대자동차,코나 일렉트릭 2WD 롱레인지 19인치,459,137,596,92,28
세종,일반승용,현대자동차,코나 일렉트릭 2WD 스탠다드 17인치,437,131,568,87,26
경기,일반승용,BMW,MINI Aceman E,400,166,566,80,24
경기,일반승용,BMW,MINI Aceman SE,400,166,566,80,24
경기,일반승용,BMW,MINI Cooper SE,396,165,561,79,24
경기,일반승용,BMW,MINI Countryman E,217,90,307,43,13
경기,일반승용,BMW,MINI Countryman SE ALL4,203,84,287,41,12
경기,일반승용,BMW,MINI JCW Aceman E,197,82,279,39,12
경기,일반승용,BMW,MINI JCW E,191,79,270,38,11
경기,일반승용,BMW,i4 M60 LCI (71HD),233,97,330,47,14
경기,일반승용,BMW,i4 eDrive 40 LCI(21HD),244,101,345,49,15
경기,일반승용,BMW,i4 eDrive 40 LCI(61HD),256,106,362,51,15
경기,일반승용,BMW,i5 eDrive 40,262,109,371,52,16
경기,일반승용,BMW,iX1 eDrive20,212,88,300,42,13
경기,일반승용,BMW,iX1 eDrive20(11HM),235,97,332,47,14
경기,일반승용,BMW,iX1 xDrive30,192,80,272,38,11
경기,일반승용,BMW,iX2 eDrive20,214,89,303,43,13
경기,일반승용,BMW,iX2 eDrive20(71GN),239,99,338,48,14
경기,일반승용,BMW,iX3 50 xDrive,275,114,389,55,17
경기,일반승용,기아,EV3 GT,248,103,351,50,15
경기,일반승용,기아,EV3 롱레인지 2WD 17인치,555,231,786,100,30
경기,일반승용,기아,EV3 롱레인지 2WD 19인치,555,231,786,100,30
경기,일반승용,기아,EV3 롱레인지 4WD 19인치,539,224,763,100,30
경기,일반승용,기아,EV3 스탠다드 2WD,469,195,664,94,28
경기,일반승용,기아,EV4 GT,255,106,361,51,15
경기,일반승용,기아,EV4 롱레인지 2WD 17인치,555,231,786,100,30
경기,일반승용,기아,EV4 롱레인지 2WD 19인치,555,231,786,100,30
경기,일반승용,기아,EV4 롱레인지 4WD 19인치,554,230,784,100,30
경기,일반승용,기아,EV4 롱레인지 GTL 2WD 19인치,555,231,786,100,30
경기,일반승용,기아,EV4 스탠다드 2WD 17인치,512,213,725,100,30
경기,일반승용,기아,EV4 스탠다드 2WD 19인치,481,200,681,96,29
경기,일반승용,기아,EV5 GT,232,96,328,46,14
경기,일반승용,기아,EV5 롱레인지 2WD,552,230,782,100,30
경기,일반승용,기아,EV5 롱레인지 4WD 18인치,499,207,706,100,30
경기,일반승용,기아,EV5 롱레인지 4WD 19인치,493,205,698,99,30
경기,일반승용,기아,EV9 GT,245,102,347,49,15
경기,일반승용,기아,EV9 롱레인지 2WD 19인치,270,112,382,54,16
경기,일반승용,기아,EV9 롱레인지 2WD 20인치,268,111,379,54,16
경기,일반승용,기아,EV9 롱레인지 4WD 19인치,254,105,359,51,15
경기,일반승용,기아,EV9 롱레인지 4WD 21인치,260,108,368,52,16
경기,일반승용,기아,EV9 롱레인지 GTL 4WD 21인치,252,105,357,50,15
경기,일반승용,기아,EV9 스탠다드,237,98,335,47,14
경기,일반승용,기아,PV5 패신저 5인승 롱레인지,458,190,648,92,28
경기,일반승용,기아,Pv5 WAV(비용 미지원),648,270,918,100,30
경기,일반승용,기아,Pv5 WAV(비용 지원),448,186,634,90,27
경기,일반승용,기아,(단종)The all-new Kia Niro EV,489,203,692,98,29
경기,일반승용,기아,더뉴EV6 롱레인지 2WD 19인치,570,237,807,100,30
경기,일반승용,기아,더뉴EV6 롱레인지 2WD 20인치,559,232,791,100,30
경기,일반승용,기아,더뉴EV6 롱레인지 4WD 19인치,561,233,794,100,30
경기,일반승용,기아,더뉴EV6 롱레인지 4WD 20인치,532,221,753,100,30
경기,일반승용,기아,더뉴EV6 스탠다드,501,208,709,100,30
경기,경·소형,기아,레이 EV 2WD 14인치 1인승 밴,457,190,647,91,27
경기,경·소형,기아,레이 EV 2WD 14인치 2인승 밴,457,190,647,91,27
경기,경·소형,기아,레이 EV 2WD 14인치 4인승 승용,457,190,647,91,27
경기,일반승용,메르세데스벤츠코리아,EQA 250(Facelift),190,79,269,38,11
경기,일반승용,메르세데스벤츠코리아,EQB 300 4MATIC(Facelift),154,64,218,31,9
경기,일반승용,메르세데스벤츠코리아,EQB 300 4MATIC(Facelift)(CY25/2),162,67,229,32,10
경기,일반승용,볼보자동차코리아,볼보 EX30 Single Motor ER,247,102,349,49,15
경기,일반승용,볼보자동차코리아,볼보 EX30CC Twin Motor Perf,222,92,314,44,13
경기,일반승용,비와이디코리아,(단종)BYD ATTO 3,126,52,178,25,8
경기,일반승용,비와이디코리아,(단종)BYD DOLPHIN,109,45,154,22,7
경기,일반승용,비와이디코리아,(단종)BYD DOLPHIN Active,132,55,187,26,8
경기,일반승용,비와이디코리아,(단종)BYD SEAL,169,70,239,34,10
경기,일반승용,비와이디코리아,(단종)BYD SEAL Dynamic AWD,151,62,213,30,9
경기,일반승용,비와이디코리아,(단종)BYD SEALION 7,152,63,215,30,9
경기,일반승용,케이지모빌리티,토레스 EVX 18인치,354,147,501,71,21
경기,일반승용,케이지모빌리티,토레스 EVX 18인치(2026),361,150,511,72,22
경기,일반승용,케이지모빌리티,토레스 EVX 20인치,344,143,487,69,21
경기,일반승용,케이지모빌리티,토레스 EVX 20인치(2026),354,147,501,71,21
경기,일반승용,케이지모빌리티,(단종)토레스 EVX 2WD 18인치,327,136,463,65,20
경기,일반승용,케이지모빌리티,(단종)토레스 EVX 2WD 20인치,312,130,442,62,19
경기,일반승용,테슬라코리아,Model 3 Performance,200,83,283,40,12
경기,일반승용,테슬라코리아,Model 3 Premium Long Range RWD,420,175,595,84,25
경기,일반승용,테슬라코리아,Model 3 Premium Long Range RWD(5999만원),210,87,297,42,13
경기,일반승용,테슬라코리아,Model 3 RWD,168,70,238,34,10
경기,일반승용,테슬라코리아,Model 3 RWD(2025),168,70,238,34,10
경기,일반승용,테슬라코리아,Model Y L AWD,215,89,304,43,13
경기,일반승용,테슬라코리아,Model Y Long Range(2025),210,87,297,42,13
경기,일반승용,테슬라코리아,Model Y Premium Long Range,210,87,297,42,13
경기,일반승용,테슬라코리아,Model Y Premium RWD,170,70,240,34,10
경기,일반승용,테슬라코리아,Model Y RWD(2025),170,70,240,34,10
경기,일반승용,폭스바겐그룹코리아,ID.4 Pro,432,180,612,86,26
경기,일반승용,폭스바겐그룹코리아,Q4 45 e-tron,206,85,291,41,12
경기,일반승용,폭스바겐그룹코리아,Q4 Sportback 45 e-tron,206,85,291,41,12
경기,일반승용,폭스바겐그룹코리아,(단종)Q6 e-tron performance,220,91,311,44,13
경기,일반승용,폭스바겐그룹코리아,iD.5 Pro,473,197,670,95,29
경기,일반승용,폴스타오토모티브코리아,Polestar 4 Coupe Dual Motor,168,70,238,34,10
경기,일반승용,폴스타오토모티브코리아,Polestar 4 Coupe Rear Motor,181,75,256,36,11
경기,일반승용,현대자동차,ELECTRIFIED G80,270,112,382,54,16
경기,일반승용,현대자동차,ELECTRIFIED GV70 AWD 19인치,261,108,369,52,16
경기,일반승용,현대자동차,ELECTRIFIED GV70 AWD 20인치,245,102,347,49,15
경기,일반승용,현대자동차,GV60 스탠다드 2WD 19인치,285,118,403,57,17
경기,일반승용,현대자동차,GV60 스탠다드 AWD 19인치,272,113,385,54,16
경기,일반승용,현대자동차,GV60 스탠다드 AWD 20인치,261,108,369,52,16
경기,일반승용,현대자동차,더 뉴 아이오닉5 2WD 롱레인지 19인치,564,235,799,100,30
경기,일반승용,현대자동차,더 뉴 아이오닉5 2WD 롱레인지 19인치 빌트인 캠 미적용,567,236,803,100,30
경기,일반승용,현대자동차,더 뉴 아이오닉5 2WD 롱레인지 20인치,559,232,791,100,30
경기,일반승용,현대자동차,더 뉴 아이오닉5 2WD 롱레인지 N라인 20인치,541,225,766,100,30
경기,일반승용,현대자동차,더 뉴 아이오닉5 2WD 스탠다드 19인치,483,201,684,97,29
경기,일반승용,현대자동차,더 뉴 아이오닉5 AWD 롱레인지 19인치,558,232,790,100,30
경기,일반승용,현대자동차,더 뉴 아이오닉5 AWD 롱레인지 20인치,532,221,753,100,30
경기,일반승용,현대자동차,더 뉴 아이오닉5 AWD 롱레인지 N라인 20인치,510,212,722,100,30
경기,일반승용,현대자동차,더 뉴 아이오닉6 2WD 롱레인지 18인치,570,237,807,100,30
경기,일반승용,현대자동차,더 뉴 아이오닉6 2WD 롱레인지 20인치,570,237,807,100,30
경기,일반승용,현대자동차,더 뉴 아이오닉6 2WD 롱레인지 N라인 20인치,570,237,807,100,30
경기,일반승용,현대자동차,더 뉴 아이오닉6 2WD 스탠다드 18인치,560,233,793,100,30
경기,일반승용,현대자동차,더 뉴 아이오닉6 AWD 롱레인지 18인치,570,237,807,100,30
경기,일반승용,현대자동차,더 뉴 아이오닉6 AWD 롱레인지 20인치,553,230,783,100,30
경기,일반승용,현대자동차,더 뉴 아이오닉6 AWD 롱레인지 N라인 20인치,537,223,760,100,30
경기,일반승용,현대자동차,스타리아 라운지 일렉트릭 7인승,229,95,324,46,14
경기,일반승용,현대자동차,스타리아 리무진 일렉트릭 6인승,229,95,324,46,14
경기,일반승용,현대자동차,아이오닉6 N,250,104,354,50,15
경기,일반승용,현대자동차,아이오닉9 성능형 AWD,272,113,385,54,16
경기,일반승용,현대자동차,아이오닉9 항속형 2WD,274,114,388,55,17
경기,일반승용,현대자동차,아이오닉9 항속형 AWD,271,112,383,54,16
경기,경·소형,현대자동차,캐스퍼 일렉트릭 기본형 15인치,490,204,694,98,29
경기,경·소형,현대자동차,캐스퍼 일렉트릭 크로스 17인치,487,202,689,97,29
경기,경·소형,현대자동차,캐스퍼 일렉트릭 항속형 15인치,490,204,694,98,29
경기,경·소형,현대자동차,캐스퍼 일렉트릭 항속형 17인치(라운지포함),490,204,694,98,29
경기,일반승용,현대자동차,코나 일렉트릭 2WD 롱레인지 17인치,514,214,728,100,30
경기,일반승용,현대자동차,코나 일렉트릭 2WD 롱레인지 17인치 빌트인 캠 미적용,514,214,728,100,30
경기,일반승용,현대자동차,코나 일렉트릭 2WD 롱레인지 19인치,459,191,650,92,28
경기,일반승용,현대자동차,코나 일렉트릭 2WD 스탠다드 17인치,437,182,619,87,26
경기,일반승용,BMW,MINI Aceman E,400,180,580,80,24
경기,일반승용,BMW,MINI Aceman SE,400,180,580,80,24
경기,일반승용,BMW,MINI Cooper SE,396,178,574,79,24
경기,일반승용,BMW,MINI Countryman E,217,97,314,43,13
경기,일반승용,BMW,MINI Countryman SE ALL4,203,91,294,41,12
경기,일반승용,BMW,MINI JCW Aceman E,197,88,285,39,12
경기,일반승용,BMW,MINI JCW E,191,85,276,38,11
경기,일반승용,BMW,i4 M60 LCI (71HD),233,104,337,47,14
경기,일반승용,BMW,i4 eDrive 40 LCI(21HD),244,109,353,49,15
경기,일반승용,BMW,i4 eDrive 40 LCI(61HD),256,115,371,51,15
경기,일반승용,BMW,i5 eDrive 40,262,117,379,52,16
경기,일반승용,BMW,iX1 eDrive20,212,95,307,42,13
경기,일반승용,BMW,iX1 eDrive20(11HM),235,105,340,47,14
경기,일반승용,BMW,iX1 xDrive30,192,86,278,38,11
경기,일반승용,BMW,iX2 eDrive20,214,96,310,43,13
경기,일반승용,BMW,iX2 eDrive20(71GN),239,107,346,48,14
경기,일반승용,BMW,iX3 50 xDrive,275,123,398,55,17
경기,일반승용,기아,EV3 GT,248,111,359,50,15
경기,일반승용,기아,EV3 롱레인지 2WD 17인치,555,249,804,100,30
경기,일반승용,기아,EV3 롱레인지 2WD 19인치,555,249,804,100,30
경기,일반승용,기아,EV3 롱레인지 4WD 19인치,539,242,781,100,30
경기,일반승용,기아,EV3 스탠다드 2WD,469,211,680,94,28
경기,일반승용,기아,EV4 GT,255,114,369,51,15
경기,일반승용,기아,EV4 롱레인지 2WD 17인치,555,249,804,100,30
경기,일반승용,기아,EV4 롱레인지 2WD 19인치,555,249,804,100,30
경기,일반승용,기아,EV4 롱레인지 4WD 19인치,554,249,803,100,30
경기,일반승용,기아,EV4 롱레인지 GTL 2WD 19인치,555,249,804,100,30
경기,일반승용,기아,EV4 스탠다드 2WD 17인치,512,230,742,100,30
경기,일반승용,기아,EV4 스탠다드 2WD 19인치,481,216,697,96,29
경기,일반승용,기아,EV5 GT,232,104,336,46,14
경기,일반승용,기아,EV5 롱레인지 2WD,552,248,800,100,30
경기,일반승용,기아,EV5 롱레인지 4WD 18인치,499,224,723,100,30
경기,일반승용,기아,EV5 롱레인지 4WD 19인치,493,221,714,99,30
경기,일반승용,기아,EV9 GT,245,110,355,49,15
경기,일반승용,기아,EV9 롱레인지 2WD 19인치,270,121,391,54,16
경기,일반승용,기아,EV9 롱레인지 2WD 20인치,268,120,388,54,16
경기,일반승용,기아,EV9 롱레인지 4WD 19인치,254,114,368,51,15
경기,일반승용,기아,EV9 롱레인지 4WD 21인치,260,117,377,52,16
경기,일반승용,기아,EV9 롱레인지 GTL 4WD 21인치,252,113,365,50,15
경기,일반승용,기아,EV9 스탠다드,237,106,343,47,14
경기,일반승용,기아,PV5 패신저 5인승 롱레인지,458,206,664,92,28
경기,일반승용,기아,Pv5 WAV(비용 미지원),648,291,939,100,30
경기,일반승용,기아,Pv5 WAV(비용 지원),448,201,649,90,27
경기,일반승용,기아,(단종)The all-new Kia Niro EV,489,220,709,98,29
경기,일반승용,기아,더뉴EV6 롱레인지 2WD 19인치,570,256,826,100,30
경기,일반승용,기아,더뉴EV6 롱레인지 2WD 20인치,559,251,810,100,30
경기,일반승용,기아,더뉴EV6 롱레인지 4WD 19인치,561,252,813,100,30
경기,일반승용,기아,더뉴EV6 롱레인지 4WD 20인치,532,239,771,100,30
경기,일반승용,기아,더뉴EV6 스탠다드,501,225,726,100,30
경기,경·소형,기아,레이 EV 2WD 14인치 1인승 밴,457,205,662,91,27
경기,경·소형,기아,레이 EV 2WD 14인치 2인승 밴,457,205,662,91,27
경기,경·소형,기아,레이 EV 2WD 14인치 4인승 승용,457,205,662,91,27
경기,일반승용,메르세데스벤츠코리아,EQA 250(Facelift),190,85,275,38,11
경기,일반승용,메르세데스벤츠코리아,EQB 300 4MATIC(Facelift),154,69,223,31,9
경기,일반승용,메르세데스벤츠코리아,EQB 300 4MATIC(Facelift)(CY25/2),162,72,234,32,10
경기,일반승용,볼보자동차코리아,볼보 EX30 Single Motor ER,247,111,358,49,15
경기,일반승용,볼보자동차코리아,볼보 EX30CC Twin Motor Perf,222,99,321,44,13
경기,일반승용,비와이디코리아,(단종)BYD ATTO 3,126,56,182,25,8
경기,일반승용,비와이디코리아,(단종)BYD DOLPHIN,109,49,158,22,7
경기,일반승용,비와이디코리아,(단종)BYD DOLPHIN Active,132,59,191,26,8
경기,일반승용,비와이디코리아,(단종)BYD SEAL,169,76,245,34,10
경기,일반승용,비와이디코리아,(단종)BYD SEAL Dynamic AWD,151,67,218,30,9
경기,일반승용,비와이디코리아,(단종)BYD SEALION 7,152,68,220,30,9
경기,일반승용,케이지모빌리티,토레스 EVX 18인치,354,159,513,71,21
경기,일반승용,케이지모빌리티,토레스 EVX 18인치(2026),361,162,523,72,22
경기,일반승용,케이지모빌리티,토레스 EVX 20인치,344,154,498,69,21
경기,일반승용,케이지모빌리티,토레스 EVX 20인치(2026),354,159,513,71,21
경기,일반승용,케이지모빌리티,(단종)토레스 EVX 2WD 18인치,327,147,474,65,20
경기,일반승용,케이지모빌리티,(단종)토레스 EVX 2WD 20인치,312,140,452,62,19
경기,일반승용,테슬라코리아,Model 3 Performance,200,90,290,40,12
경기,일반승용,테슬라코리아,Model 3 Premium Long Range RWD,420,189,609,84,25
경기,일반승용,테슬라코리아,Model 3 Premium Long Range RWD(5999만원),210,94,304,42,13
경기,일반승용,테슬라코리아,Model 3 RWD,168,75,243,34,10
경기,일반승용,테슬라코리아,Model 3 RWD(2025),168,75,243,34,10
경기,일반승용,테슬라코리아,Model Y L AWD,215,96,311,43,13
경기,일반승용,테슬라코리아,Model Y Long Range(2025),210,94,304,42,13
경기,일반승용,테슬라코리아,Model Y Premium Long Range,210,94,304,42,13
경기,일반승용,테슬라코리아,Model Y Premium RWD,170,76,246,34,10
경기,일반승용,테슬라코리아,Model Y RWD(2025),170,76,246,34,10
경기,일반승용,폭스바겐그룹코리아,ID.4 Pro,432,194,626,86,26
경기,일반승용,폭스바겐그룹코리아,Q4 45 e-tron,206,92,298,41,12
경기,일반승용,폭스바겐그룹코리아,Q4 Sportback 45 e-tron,206,92,298,41,12
경기,일반승용,폭스바겐그룹코리아,(단종)Q6 e-tron performance,220,99,319,44,13
경기,일반승용,폭스바겐그룹코리아,iD.5 Pro,473,212,685,95,29
경기,일반승용,폴스타오토모티브코리아,Polestar 4 Coupe Dual Motor,168,75,243,34,10
경기,일반승용,폴스타오토모티브코리아,Polestar 4 Coupe Rear Motor,181,81,262,36,11
경기,일반승용,현대자동차,ELECTRIFIED G80,270,121,391,54,16
경기,일반승용,현대자동차,ELECTRIFIED GV70 AWD 19인치,261,117,378,52,16
경기,일반승용,현대자동차,ELECTRIFIED GV70 AWD 20인치,245,110,355,49,15
경기,일반승용,현대자동차,GV60 스탠다드 2WD 19인치,285,128,413,57,17
경기,일반승용,현대자동차,GV60 스탠다드 AWD 19인치,272,122,394,54,16
경기,일반승용,현대자동차,GV60 스탠다드 AWD 20인치,261,117,378,52,16
경기,일반승용,현대자동차,더 뉴 아이오닉5 2WD 롱레인지 19인치,564,253,817,100,30
경기,일반승용,현대자동차,더 뉴 아이오닉5 2WD 롱레인지 19인치 빌트인 캠 미적용,567,255,822,100,30
경기,일반승용,현대자동차,더 뉴 아이오닉5 2WD 롱레인지 20인치,559,251,810,100,30
경기,일반승용,현대자동차,더 뉴 아이오닉5 2WD 롱레인지 N라인 20인치,541,243,784,100,30
경기,일반승용,현대자동차,더 뉴 아이오닉5 2WD 스탠다드 19인치,483,217,700,97,29
경기,일반승용,현대자동차,더 뉴 아이오닉5 AWD 롱레인지 19인치,558,251,809,100,30
경기,일반승용,현대자동차,더 뉴 아이오닉5 AWD 롱레인지 20인치,532,239,771,100,30
경기,일반승용,현대자동차,더 뉴 아이오닉5 AWD 롱레인지 N라인 20인치,510,229,739,100,30
경기,일반승용,현대자동차,더 뉴 아이오닉6 2WD 롱레인지 18인치,570,256,826,100,30
경기,일반승용,현대자동차,더 뉴 아이오닉6 2WD 롱레인지 20인치,570,256,826,100,30
경기,일반승용,현대자동차,더 뉴 아이오닉6 2WD 롱레인지 N라인 20인치,570,256,826,100,30
경기,일반승용,현대자동차,더 뉴 아이오닉6 2WD 스탠다드 18인치,560,252,812,100,30
경기,일반승용,현대자동차,더 뉴 아이오닉6 AWD 롱레인지 18인치,570,256,826,100,30
경기,일반승용,현대자동차,더 뉴 아이오닉6 AWD 롱레인지 20인치,553,248,801,100,30
경기,일반승용,현대자동차,더 뉴 아이오닉6 AWD 롱레인지 N라인 20인치,537,241,778,100,30
경기,일반승용,현대자동차,스타리아 라운지 일렉트릭 7인승,229,103,332,46,14
경기,일반승용,현대자동차,스타리아 리무진 일렉트릭 6인승,229,103,332,46,14
경기,일반승용,현대자동차,아이오닉6 N,250,112,362,50,15
경기,일반승용,현대자동차,아이오닉9 성능형 AWD,272,122,394,54,16
경기,일반승용,현대자동차,아이오닉9 항속형 2WD,274,123,397,55,17
경기,일반승용,현대자동차,아이오닉9 항속형 AWD,271,121,392,54,16
경기,경·소형,현대자동차,캐스퍼 일렉트릭 기본형 15인치,490,220,710,98,29
경기,경·소형,현대자동차,캐스퍼 일렉트릭 크로스 17인치,487,219,706,97,29
경기,경·소형,현대자동차,캐스퍼 일렉트릭 항속형 15인치,490,220,710,98,29
경기,경·소형,현대자동차,캐스퍼 일렉트릭 항속형 17인치(라운지포함),490,220,710,98,29
경기,일반승용,현대자동차,코나 일렉트릭 2WD 롱레인지 17인치,514,231,745,100,30
경기,일반승용,현대자동차,코나 일렉트릭 2WD 롱레인지 17인치 빌트인 캠 미적용,514,231,745,100,30
경기,일반승용,현대자동차,코나 일렉트릭 2WD 롱레인지 19인치,459,206,665,92,28
경기,일반승용,현대자동차,코나 일렉트릭 2WD 스탠다드 17인치,437,196,633,87,26
경기,일반승용,BMW,MINI Aceman E,400,146,546,80,24
경기,일반승용,BMW,MINI Aceman SE,400,146,546,80,24
경기,일반승용,BMW,MINI Cooper SE,396,145,541,79,24
경기,일반승용,BMW,MINI Countryman E,217,79,296,43,13
경기,일반승용,BMW,MINI Countryman SE ALL4,203,74,277,41,12
경기,일반승용,BMW,MINI JCW Aceman E,197,72,269,39,12
경기,일반승용,BMW,MINI JCW E,191,70,261,38,11
경기,일반승용,BMW,i4 M60 LCI (71HD),233,85,318,47,14
경기,일반승용,BMW,i4 eDrive 40 LCI(21HD),244,89,333,49,15
경기,일반승용,BMW,i4 eDrive 40 LCI(61HD),256,93,349,51,15
경기,일반승용,BMW,i5 eDrive 40,262,96,358,52,16
경기,일반승용,BMW,iX1 eDrive20,212,77,289,42,13
경기,일반승용,BMW,iX1 eDrive20(11HM),235,86,321,47,14
경기,일반승용,BMW,iX1 xDrive30,192,70,262,38,11
경기,일반승용,BMW,iX2 eDrive20,214,78,292,43,13
경기,일반승용,BMW,iX2 eDrive20(71GN),239,87,326,48,14
경기,일반승용,BMW,iX3 50 xDrive,275,100,375,55,17
경기,일반승용,기아,EV3 GT,248,90,338,50,15
경기,일반승용,기아,EV3 롱레인지 2WD 17인치,555,203,758,100,30
경기,일반승용,기아,EV3 롱레인지 2WD 19인치,555,203,758,100,30
경기,일반승용,기아,EV3 롱레인지 4WD 19인치,539,197,736,100,30
경기,일반승용,기아,EV3 스탠다드 2WD,469,171,640,94,28
경기,일반승용,기아,EV4 GT,255,93,348,51,15
경기,일반승용,기아,EV4 롱레인지 2WD 17인치,555,203,758,100,30
경기,일반승용,기아,EV4 롱레인지 2WD 19인치,555,203,758,100,30
경기,일반승용,기아,EV4 롱레인지 4WD 19인치,554,203,757,100,30
경기,일반승용,기아,EV4 롱레인지 GTL 2WD 19인치,555,203,758,100,30
경기,일반승용,기아,EV4 스탠다드 2WD 17인치,512,187,699,100,30
경기,일반승용,기아,EV4 스탠다드 2WD 19인치,481,176,657,96,29
경기,일반승용,기아,EV5 GT,232,85,317,46,14
경기,일반승용,기아,EV5 롱레인지 2WD,552,202,754,100,30
경기,일반승용,기아,EV5 롱레인지 4WD 18인치,499,182,681,100,30
경기,일반승용,기아,EV5 롱레인지 4WD 19인치,493,180,673,99,30
경기,일반승용,기아,EV9 GT,245,89,334,49,15
경기,일반승용,기아,EV9 롱레인지 2WD 19인치,270,99,369,54,16
경기,일반승용,기아,EV9 롱레인지 2WD 20인치,268,98,366,54,16
경기,일반승용,기아,EV9 롱레인지 4WD 19인치,254,93,347,51,15
경기,일반승용,기아,EV9 롱레인지 4WD 21인치,260,95,355,52,16
경기,일반승용,기아,EV9 롱레인지 GTL 4WD 21인치,252,92,344,50,15
경기,일반승용,기아,EV9 스탠다드,237,86,323,47,14
경기,일반승용,기아,PV5 패신저 5인승 롱레인지,458,167,625,92,28
경기,일반승용,기아,Pv5 WAV(비용 미지원),648,237,885,100,30
경기,일반승용,기아,Pv5 WAV(비용 지원),448,164,612,90,27
경기,일반승용,기아,(단종)The all-new Kia Niro EV,489,179,668,98,29
경기,일반승용,기아,더뉴EV6 롱레인지 2WD 19인치,570,209,779,100,30
경기,일반승용,기아,더뉴EV6 롱레인지 2WD 20인치,559,204,763,100,30
경기,일반승용,기아,더뉴EV6 롱레인지 4WD 19인치,561,205,766,100,30
경기,일반승용,기아,더뉴EV6 롱레인지 4WD 20인치,532,195,727,100,30
경기,일반승용,기아,더뉴EV6 스탠다드,501,183,684,100,30
경기,경·소형,기아,레이 EV 2WD 14인치 1인승 밴,457,167,624,91,27
경기,경·소형,기아,레이 EV 2WD 14인치 2인승 밴,457,167,624,91,27
경기,경·소형,기아,레이 EV 2WD 14인치 4인승 승용,457,167,624,91,27
경기,일반승용,메르세데스벤츠코리아,EQA 250(Facelift),190,69,259,38,11
경기,일반승용,메르세데스벤츠코리아,EQB 300 4MATIC(Facelift),154,56,210,31,9
경기,일반승용,메르세데스벤츠코리아,EQB 300 4MATIC(Facelift)(CY25/2),162,59,221,32,10
경기,일반승용,볼보자동차코리아,볼보 EX30 Single Motor ER,247,90,337,49,15
경기,일반승용,볼보자동차코리아,볼보 EX30CC Twin Motor Perf,222,81,303,44,13
경기,일반승용,비와이디코리아,(단종)BYD ATTO 3,126,46,172,25,8
경기,일반승용,비와이디코리아,(단종)BYD DOLPHIN,109,39,148,22,7
경기,일반승용,비와이디코리아,(단종)BYD DOLPHIN Active,132,48,180,26,8
경기,일반승용,비와이디코리아,(단종)BYD SEAL,169,61,230,34,10
경기,일반승용,비와이디코리아,(단종)BYD SEAL Dynamic AWD,151,55,206,30,9
경기,일반승용,비와이디코리아,(단종)BYD SEALION 7,152,55,207,30,9
경기,일반승용,케이지모빌리티,토레스 EVX 18인치,354,129,483,71,21
경기,일반승용,케이지모빌리티,토레스 EVX 18인치(2026),361,132,493,72,22
경기,일반승용,케이지모빌리티,토레스 EVX 20인치,344,126,470,69,21
경기,일반승용,케이지모빌리티,토레스 EVX 20인치(2026),354,129,483,71,21
경기,일반승용,케이지모빌리티,(단종)토레스 EVX 2WD 18인치,327,119,446,65,20
경기,일반승용,케이지모빌리티,(단종)토레스 EVX 2WD 20인치,312,114,426,62,19
경기,일반승용,테슬라코리아,Model 3 Performance,200,73,273,40,12
경기,일반승용,테슬라코리아,Model 3 Premium Long Range RWD,420,154,574,84,25
경기,일반승용,테슬라코리아,Model 3 Premium Long Range RWD(5999만원),210,77,287,42,13
경기,일반승용,테슬라코리아,Model 3 RWD,168,61,229,34,10
경기,일반승용,테슬라코리아,Model 3 RWD(2025),168,61,229,34,10
경기,일반승용,테슬라코리아,Model Y L AWD,215,78,293,43,13
경기,일반승용,테슬라코리아,Model Y Long Range(2025),210,77,287,42,13
경기,일반승용,테슬라코리아,Model Y Premium Long Range,210,77,287,42,13
경기,일반승용,테슬라코리아,Model Y Premium RWD,170,62,232,34,10
경기,일반승용,테슬라코리아,Model Y RWD(2025),170,62,232,34,10
경기,일반승용,폭스바겐그룹코리아,ID.4 Pro,432,158,590,86,26
경기,일반승용,폭스바겐그룹코리아,Q4 45 e-tron,206,75,281,41,12
경기,일반승용,폭스바겐그룹코리아,Q4 Sportback 45 e-tron,206,75,281,41,12
경기,일반승용,폭스바겐그룹코리아,(단종)Q6 e-tron performance,220,80,300,44,13
경기,일반승용,폭스바겐그룹코리아,iD.5 Pro,473,173,646,95,29
경기,일반승용,폴스타오토모티브코리아,Polestar 4 Coupe Dual Motor,168,61,229,34,10
경기,일반승용,폴스타오토모티브코리아,Polestar 4 Coupe Rear Motor,181,66,247,36,11
경기,일반승용,현대자동차,ELECTRIFIED G80,270,99,369,54,16
경기,일반승용,현대자동차,ELECTRIFIED GV70 AWD 19인치,261,95,356,52,16
경기,일반승용,현대자동차,ELECTRIFIED GV70 AWD 20인치,245,89,334,49,15
경기,일반승용,현대자동차,GV60 스탠다드 2WD 19인치,285,104,389,57,17
경기,일반승용,현대자동차,GV60 스탠다드 AWD 19인치,272,99,371,54,16
경기,일반승용,현대자동차,GV60 스탠다드 AWD 20인치,261,95,356,52,16
경기,일반승용,현대자동차,더 뉴 아이오닉5 2WD 롱레인지 19인치,564,206,770,100,30
경기,일반승용,현대자동차,더 뉴 아이오닉5 2WD 롱레인지 19인치 빌트인 캠 미적용,567,207,774,100,30
경기,일반승용,현대자동차,더 뉴 아이오닉5 2WD 롱레인지 20인치,559,204,763,100,30
경기,일반승용,현대자동차,더 뉴 아이오닉5 2WD 롱레인지 N라인 20인치,541,198,739,100,30
경기,일반승용,현대자동차,더 뉴 아이오닉5 2WD 스탠다드 19인치,483,177,660,97,29
경기,일반승용,현대자동차,더 뉴 아이오닉5 AWD 롱레인지 19인치,558,204,762,100,30
경기,일반승용,현대자동차,더 뉴 아이오닉5 AWD 롱레인지 20인치,532,195,727,100,30
경기,일반승용,현대자동차,더 뉴 아이오닉5 AWD 롱레인지 N라인 20인치,510,187,697,100,30
경기,일반승용,현대자동차,더 뉴 아이오닉6 2WD 롱레인지 18인치,570,209,779,100,30
경기,일반승용,현대자동차,더 뉴 아이오닉6 2WD 롱레인지 20인치,570,209,779,100,30
경기,일반승용,현대자동차,더 뉴 아이오닉6 2WD 롱레인지 N라인 20인치,570,209,779,100,30
경기,일반승용,현대자동차,더 뉴 아이오닉6 2WD 스탠다드 18인치,560,205,765,100,30
경기,일반승용,현대자동차,더 뉴 아이오닉6 AWD 롱레인지 18인치,570,209,779,100,30
경기,일반승용,현대자동차,더 뉴 아이오닉6 AWD 롱레인지 20인치,553,202,755,100,30
경기,일반승용,현대자동차,더 뉴 아이오닉6 AWD 롱레인지 N라인 20인치,537,196,733,100,30
경기,일반승용,현대자동차,스타리아 라운지 일렉트릭 7인승,229,83,312,46,14
경기,일반승용,현대자동차,스타리아 리무진 일렉트릭 6인승,229,83,312,46,14
경기,일반승용,현대자동차,아이오닉6 N,250,91,341,50,15
경기,일반승용,현대자동차,아이오닉9 성능형 AWD,272,99,371,54,16
경기,일반승용,현대자동차,아이오닉9 항속형 2WD,274,100,374,55,17
경기,일반승용,현대자동차,아이오닉9 항속형 AWD,271,99,370,54,16
경기,경·소형,현대자동차,캐스퍼 일렉트릭 기본형 15인치,490,179,669,98,29
경기,경·소형,현대자동차,캐스퍼 일렉트릭 크로스 17인치,487,178,665,97,29
경기,경·소형,현대자동차,캐스퍼 일렉트릭 항속형 15인치,490,179,669,98,29
경기,경·소형,현대자동차,캐스퍼 일렉트릭 항속형 17인치(라운지포함),490,179,669,98,29
경기,일반승용,현대자동차,코나 일렉트릭 2WD 롱레인지 17인치,514,188,702,100,30
경기,일반승용,현대자동차,코나 일렉트릭 2WD 롱레인지 17인치 빌트인 캠 미적용,514,188,702,100,30
경기,일반승용,현대자동차,코나 일렉트릭 2WD 롱레인지 19인치,459,168,627,92,28
경기,일반승용,현대자동차,코나 일렉트릭 2WD 스탠다드 17인치,437,160,597,87,26
경기,일반승용,BMW,MINI Aceman E,400,170,570,80,24
경기,일반승용,BMW,MINI Aceman SE,400,170,570,80,24
경기,일반승용,BMW,MINI Cooper SE,396,168,564,79,24
경기,일반승용,BMW,MINI Countryman E,217,92,309,43,13
경기,일반승용,BMW,MINI Countryman SE ALL4,203,86,289,41,12
경기,일반승용,BMW,MINI JCW Aceman E,197,83,280,39,12
경기,일반승용,BMW,MINI JCW E,191,81,272,38,11
경기,일반승용,BMW,i4 M60 LCI (71HD),233,99,332,47,14
경기,일반승용,BMW,i4 eDrive 40 LCI(21HD),244,103,347,49,15
경기,일반승용,BMW,i4 eDrive 40 LCI(61HD),256,108,364,51,15
경기,일반승용,BMW,i5 eDrive 40,262,111,373,52,16
경기,일반승용,BMW,iX1 eDrive20,212,90,302,42,13
경기,일반승용,BMW,iX1 eDrive20(11HM),235,99,334,47,14
경기,일반승용,BMW,iX1 xDrive30,192,81,273,38,11
경기,일반승용,BMW,iX2 eDrive20,214,90,304,43,13
경기,일반승용,BMW,iX2 eDrive20(71GN),239,101,340,48,14
경기,일반승용,BMW,iX3 50 xDrive,275,116,391,55,17
경기,일반승용,기아,EV3 GT,248,105,353,50,15
경기,일반승용,기아,EV3 롱레인지 2WD 17인치,555,235,790,100,30
경기,일반승용,기아,EV3 롱레인지 2WD 19인치,555,235,790,100,30
경기,일반승용,기아,EV3 롱레인지 4WD 19인치,539,229,768,100,30
경기,일반승용,기아,EV3 스탠다드 2WD,469,199,668,94,28
경기,일반승용,기아,EV4 GT,255,108,363,51,15
경기,일반승용,기아,EV4 롱레인지 2WD 17인치,555,235,790,100,30
경기,일반승용,기아,EV4 롱레인지 2WD 19인치,555,235,790,100,30
경기,일반승용,기아,EV4 롱레인지 4WD 19인치,554,235,789,100,30
경기,일반승용,기아,EV4 롱레인지 GTL 2WD 19인치,555,235,790,100,30
경기,일반승용,기아,EV4 스탠다드 2WD 17인치,512,217,729,100,30
경기,일반승용,기아,EV4 스탠다드 2WD 19인치,481,204,685,96,29
경기,일반승용,기아,EV5 GT,232,98,330,46,14
경기,일반승용,기아,EV5 롱레인지 2WD,552,234,786,100,30
경기,일반승용,기아,EV5 롱레인지 4WD 18인치,499,212,711,100,30
경기,일반승용,기아,EV5 롱레인지 4WD 19인치,493,209,702,99,30
경기,일반승용,기아,EV9 GT,245,104,349,49,15
경기,일반승용,기아,EV9 롱레인지 2WD 19인치,270,114,384,54,16
경기,일반승용,기아,EV9 롱레인지 2WD 20인치,268,113,381,54,16
경기,일반승용,기아,EV9 롱레인지 4WD 19인치,254,107,361,51,15
경기,일반승용,기아,EV9 롱레인지 4WD 21인치,260,110,370,52,16
경기,일반승용,기아,EV9 롱레인지 GTL 4WD 21인치,252,107,359,50,15
경기,일반승용,기아,EV9 스탠다드,237,100,337,47,14
경기,일반승용,기아,PV5 패신저 5인승 롱레인지,458,194,652,92,28
경기,일반승용,기아,Pv5 WAV(비용 미지원),648,275,923,100,30
경기,일반승용,기아,Pv5 WAV(비용 지원),448,190,638,90,27
경기,일반승용,기아,(단종)The all-new Kia Niro EV,489,207,696,98,29
경기,일반승용,기아,더뉴EV6 롱레인지 2WD 19인치,570,242,812,100,30
경기,일반승용,기아,더뉴EV6 롱레인지 2WD 20인치,559,237,796,100,30
경기,일반승용,기아,더뉴EV6 롱레인지 4WD 19인치,561,238,799,100,30
경기,일반승용,기아,더뉴EV6 롱레인지 4WD 20인치,532,226,758,100,30
경기,일반승용,기아,더뉴EV6 스탠다드,501,212,713,100,30
경기,경·소형,기아,레이 EV 2WD 14인치 1인승 밴,457,194,651,91,27
경기,경·소형,기아,레이 EV 2WD 14인치 2인승 밴,457,194,651,91,27
경기,경·소형,기아,레이 EV 2WD 14인치 4인승 승용,457,194,651,91,27
경기,일반승용,메르세데스벤츠코리아,EQA 250(Facelift),190,80,270,38,11
경기,일반승용,메르세데스벤츠코리아,EQB 300 4MATIC(Facelift),154,65,219,31,9
경기,일반승용,메르세데스벤츠코리아,EQB 300 4MATIC(Facelift)(CY25/2),162,68,230,32,10
경기,일반승용,볼보자동차코리아,볼보 EX30 Single Motor ER,247,104,351,49,15
경기,일반승용,볼보자동차코리아,볼보 EX30CC Twin Motor Perf,222,94,316,44,13
경기,일반승용,비와이디코리아,(단종)BYD ATTO 3,126,53,179,25,8
경기,일반승용,비와이디코리아,(단종)BYD DOLPHIN,109,46,155,22,7
경기,일반승용,비와이디코리아,(단종)BYD DOLPHIN Active,132,56,188,26,8
경기,일반승용,비와이디코리아,(단종)BYD SEAL,169,71,240,34,10
경기,일반승용,비와이디코리아,(단종)BYD SEAL Dynamic AWD,151,64,215,30,9
경기,일반승용,비와이디코리아,(단종)BYD SEALION 7,152,64,216,30,9
경기,일반승용,케이지모빌리티,토레스 EVX 18인치,354,150,504,71,21
경기,일반승용,케이지모빌리티,토레스 EVX 18인치(2026),361,153,514,72,22
경기,일반승용,케이지모빌리티,토레스 EVX 20인치,344,146,490,69,21
경기,일반승용,케이지모빌리티,토레스 EVX 20인치(2026),354,150,504,71,21
경기,일반승용,케이지모빌리티,(단종)토레스 EVX 2WD 18인치,327,138,465,65,20
경기,일반승용,케이지모빌리티,(단종)토레스 EVX 2WD 20인치,312,132,444,62,19
경기,일반승용,테슬라코리아,Model 3 Performance,200,85,285,40,12
경기,일반승용,테슬라코리아,Model 3 Premium Long Range RWD,420,178,598,84,25
경기,일반승용,테슬라코리아,Model 3 Premium Long Range RWD(5999만원),210,89,299,42,13
경기,일반승용,테슬라코리아,Model 3 RWD,168,71,239,34,10
경기,일반승용,테슬라코리아,Model 3 RWD(2025),168,71,239,34,10
경기,일반승용,테슬라코리아,Model Y L AWD,215,91,306,43,13
경기,일반승용,테슬라코리아,Model Y Long Range(2025),210,89,299,42,13
경기,일반승용,테슬라코리아,Model Y Premium Long Range,210,89,299,42,13
경기,일반승용,테슬라코리아,Model Y Premium RWD,170,72,242,34,10
경기,일반승용,테슬라코리아,Model Y RWD(2025),170,72,242,34,10
경기,일반승용,폭스바겐그룹코리아,ID.4 Pro,432,183,615,86,26
경기,일반승용,폭스바겐그룹코리아,Q4 45 e-tron,206,87,293,41,12
경기,일반승용,폭스바겐그룹코리아,Q4 Sportback 45 e-tron,206,87,293,41,12
경기,일반승용,폭스바겐그룹코리아,(단종)Q6 e-tron performance,220,93,313,44,13
경기,일반승용,폭스바겐그룹코리아,iD.5 Pro,473,201,674,95,29
경기,일반승용,폴스타오토모티브코리아,Polestar 4 Coupe Dual Motor,168,71,239,34,10
경기,일반승용,폴스타오토모티브코리아,Polestar 4 Coupe Rear Motor,181,76,257,36,11
경기,일반승용,현대자동차,ELECTRIFIED G80,270,114,384,54,16
경기,일반승용,현대자동차,ELECTRIFIED GV70 AWD 19인치,261,110,371,52,16
경기,일반승용,현대자동차,ELECTRIFIED GV70 AWD 20인치,245,104,349,49,15
경기,일반승용,현대자동차,GV60 스탠다드 2WD 19인치,285,121,406,57,17
경기,일반승용,현대자동차,GV60 스탠다드 AWD 19인치,272,115,387,54,16
경기,일반승용,현대자동차,GV60 스탠다드 AWD 20인치,261,110,371,52,16
경기,일반승용,현대자동차,더 뉴 아이오닉5 2WD 롱레인지 19인치,564,239,803,100,30
경기,일반승용,현대자동차,더 뉴 아이오닉5 2WD 롱레인지 19인치 빌트인 캠 미적용,567,240,807,100,30
경기,일반승용,현대자동차,더 뉴 아이오닉5 2WD 롱레인지 20인치,559,237,796,100,30
경기,일반승용,현대자동차,더 뉴 아이오닉5 2WD 롱레인지 N라인 20인치,541,229,770,100,30
경기,일반승용,현대자동차,더 뉴 아이오닉5 2WD 스탠다드 19인치,483,205,688,97,29
경기,일반승용,현대자동차,더 뉴 아이오닉5 AWD 롱레인지 19인치,558,237,795,100,30
경기,일반승용,현대자동차,더 뉴 아이오닉5 AWD 롱레인지 20인치,532,226,758,100,30
경기,일반승용,현대자동차,더 뉴 아이오닉5 AWD 롱레인지 N라인 20인치,510,216,726,100,30
경기,일반승용,현대자동차,더 뉴 아이오닉6 2WD 롱레인지 18인치,570,242,812,100,30
경기,일반승용,현대자동차,더 뉴 아이오닉6 2WD 롱레인지 20인치,570,242,812,100,30
경기,일반승용,현대자동차,더 뉴 아이오닉6 2WD 롱레인지 N라인 20인치,570,242,812,100,30
경기,일반승용,현대자동차,더 뉴 아이오닉6 2WD 스탠다드 18인치,560,238,798,100,30
경기,일반승용,현대자동차,더 뉴 아이오닉6 AWD 롱레인지 18인치,570,242,812,100,30
경기,일반승용,현대자동차,더 뉴 아이오닉6 AWD 롱레인지 20인치,553,235,788,100,30
경기,일반승용,현대자동차,더 뉴 아이오닉6 AWD 롱레인지 N라인 20인치,537,228,765,100,30
경기,일반승용,현대자동차,스타리아 라운지 일렉트릭 7인승,229,97,326,46,14
경기,일반승용,현대자동차,스타리아 리무진 일렉트릭 6인승,229,97,326,46,14
경기,일반승용,현대자동차,아이오닉6 N,250,106,356,50,15
경기,일반승용,현대자동차,아이오닉9 성능형 AWD,272,115,387,54,16
경기,일반승용,현대자동차,아이오닉9 항속형 2WD,274,116,390,55,17
경기,일반승용,현대자동차,아이오닉9 항속형 AWD,271,115,386,54,16
경기,경·소형,현대자동차,캐스퍼 일렉트릭 기본형 15인치,490,208,698,98,29
경기,경·소형,현대자동차,캐스퍼 일렉트릭 크로스 17인치,487,206,693,97,29
경기,경·소형,현대자동차,캐스퍼 일렉트릭 항속형 15인치,490,208,698,98,29
경기,경·소형,현대자동차,캐스퍼 일렉트릭 항속형 17인치(라운지포함),490,208,698,98,29
경기,일반승용,현대자동차,코나 일렉트릭 2WD 롱레인지 17인치,514,218,732,100,30
경기,일반승용,현대자동차,코나 일렉트릭 2WD 롱레인지 17인치 빌트인 캠 미적용,514,218,732,100,30
경기,일반승용,현대자동차,코나 일렉트릭 2WD 롱레인지 19인치,459,195,654,92,28
경기,일반승용,현대자동차,코나 일렉트릭 2WD 스탠다드 17인치,437,185,622,87,26
경기,일반승용,BMW,MINI Aceman E,400,120,520,80,24
경기,일반승용,BMW,MINI Aceman SE,400,120,520,80,24
경기,일반승용,BMW,MINI Cooper SE,396,118,514,79,24
경기,일반승용,BMW,MINI Countryman E,217,65,282,43,13
경기,일반승용,BMW,MINI Countryman SE ALL4,203,60,263,41,12
경기,일반승용,BMW,MINI JCW Aceman E,197,59,256,39,12
경기,일반승용,BMW,MINI JCW E,191,57,248,38,11
경기,일반승용,BMW,i4 M60 LCI (71HD),233,69,302,47,14
경기,일반승용,BMW,i4 eDrive 40 LCI(21HD),244,73,317,49,15
경기,일반승용,BMW,i4 eDrive 40 LCI(61HD),256,76,332,51,15
경기,일반승용,BMW,i5 eDrive 40,262,78,340,52,16
경기,일반승용,BMW,iX1 eDrive20,212,63,275,42,13
경기,일반승용,BMW,iX1 eDrive20(11HM),235,70,305,47,14
경기,일반승용,BMW,iX1 xDrive30,192,57,249,38,11
경기,일반승용,BMW,iX2 eDrive20,214,64,278,43,13
경기,일반승용,BMW,iX2 eDrive20(71GN),239,71,310,48,14
경기,일반승용,BMW,iX3 50 xDrive,275,82,357,55,17
경기,일반승용,기아,EV3 GT,248,74,322,50,15
경기,일반승용,기아,EV3 롱레인지 2WD 17인치,555,166,721,100,30
경기,일반승용,기아,EV3 롱레인지 2WD 19인치,555,166,721,100,30
경기,일반승용,기아,EV3 롱레인지 4WD 19인치,539,161,700,100,30
경기,일반승용,기아,EV3 스탠다드 2WD,469,140,609,94,28
경기,일반승용,기아,EV4 GT,255,76,331,51,15
경기,일반승용,기아,EV4 롱레인지 2WD 17인치,555,166,721,100,30
경기,일반승용,기아,EV4 롱레인지 2WD 19인치,555,166,721,100,30
경기,일반승용,기아,EV4 롱레인지 4WD 19인치,554,166,720,100,30
경기,일반승용,기아,EV4 롱레인지 GTL 2WD 19인치,555,166,721,100,30
경기,일반승용,기아,EV4 스탠다드 2WD 17인치,512,153,665,100,30
경기,일반승용,기아,EV4 스탠다드 2WD 19인치,481,144,625,96,29
경기,일반승용,기아,EV5 GT,232,69,301,46,14
경기,일반승용,기아,EV5 롱레인지 2WD,552,165,717,100,30
경기,일반승용,기아,EV5 롱레인지 4WD 18인치,499,149,648,100,30
경기,일반승용,기아,EV5 롱레인지 4WD 19인치,493,147,640,99,30
경기,일반승용,기아,EV9 GT,245,73,318,49,15
경기,일반승용,기아,EV9 롱레인지 2WD 19인치,270,81,351,54,16
경기,일반승용,기아,EV9 롱레인지 2WD 20인치,268,80,348,54,16
경기,일반승용,기아,EV9 롱레인지 4WD 19인치,254,76,330,51,15
경기,일반승용,기아,EV9 롱레인지 4WD 21인치,260,78,338,52,16
경기,일반승용,기아,EV9 롱레인지 GTL 4WD 21인치,252,75,327,50,15
경기,일반승용,기아,EV9 스탠다드,237,71,308,47,14
경기,일반승용,기아,PV5 패신저 5인승 롱레인지,458,137,595,92,28
경기,일반승용,기아,Pv5 WAV(비용 미지원),648,194,842,100,30
경기,일반승용,기아,Pv5 WAV(비용 지원),448,134,582,90,27
경기,일반승용,기아,(단종)The all-new Kia Niro EV,489,0,489,98,29
경기,일반승용,기아,더뉴EV6 롱레인지 2WD 19인치,570,171,741,100,30
경기,일반승용,기아,더뉴EV6 롱레인지 2WD 20인치,559,167,726,100,30
경기,일반승용,기아,더뉴EV6 롱레인지 4WD 19인치,561,168,729,100,30
경기,일반승용,기아,더뉴EV6 롱레인지 4WD 20인치,532,159,691,100,30
경기,일반승용,기아,더뉴EV6 스탠다드,501,150,651,100,30
경기,경·소형,기아,레이 EV 2WD 14인치 1인승 밴,457,137,594,91,27
경기,경·소형,기아,레이 EV 2WD 14인치 2인승 밴,457,137,594,91,27
경기,경·소형,기아,레이 EV 2WD 14인치 4인승 승용,457,137,594,91,27
경기,일반승용,메르세데스벤츠코리아,EQA 250(Facelift),190,57,247,38,11
경기,일반승용,메르세데스벤츠코리아,EQB 300 4MATIC(Facelift),154,46,200,31,9
경기,일반승용,메르세데스벤츠코리아,EQB 300 4MATIC(Facelift)(CY25/2),162,48,210,32,10
경기,일반승용,볼보자동차코리아,볼보 EX30 Single Motor ER,247,74,321,49,15
경기,일반승용,볼보자동차코리아,볼보 EX30CC Twin Motor Perf,222,66,288,44,13
경기,일반승용,비와이디코리아,(단종)BYD ATTO 3,126,0,126,25,8
경기,일반승용,비와이디코리아,(단종)BYD DOLPHIN,109,0,109,22,7
경기,일반승용,비와이디코리아,(단종)BYD DOLPHIN Active,132,0,132,26,8
경기,일반승용,비와이디코리아,(단종)BYD SEAL,169,0,169,34,10
경기,일반승용,비와이디코리아,(단종)BYD SEAL Dynamic AWD,151,0,151,30,9
경기,일반승용,비와이디코리아,(단종)BYD SEALION 7,152,0,152,30,9
경기,일반승용,케이지모빌리티,토레스 EVX 18인치,354,106,460,71,21
경기,일반승용,케이지모빌리티,토레스 EVX 18인치(2026),361,108,469,72,22
경기,일반승용,케이지모빌리티,토레스 EVX 20인치,344,103,447,69,21
경기,일반승용,케이지모빌리티,토레스 EVX 20인치(2026),354,106,460,71,21
경기,일반승용,케이지모빌리티,(단종)토레스 EVX 2WD 18인치,327,0,327,65,20
경기,일반승용,케이지모빌리티,(단종)토레스 EVX 2WD 20인치,312,0,312,62,19
경기,일반승용,테슬라코리아,Model 3 Performance,200,60,260,40,12
경기,일반승용,테슬라코리아,Model 3 Premium Long Range RWD,420,126,546,84,25
경기,일반승용,테슬라코리아,Model 3 Premium Long Range RWD(5999만원),210,63,273,42,13
경기,일반승용,테슬라코리아,Model 3 RWD,168,50,218,34,10
경기,일반승용,테슬라코리아,Model 3 RWD(2025),168,50,218,34,10
경기,일반승용,테슬라코리아,Model Y L AWD,215,64,279,43,13
경기,일반승용,테슬라코리아,Model Y Long Range(2025),210,63,273,42,13
경기,일반승용,테슬라코리아,Model Y Premium Long Range,210,63,273,42,13
경기,일반승용,테슬라코리아,Model Y Premium RWD,170,51,221,34,10
경기,일반승용,테슬라코리아,Model Y RWD(2025),170,51,221,34,10
경기,일반승용,폭스바겐그룹코리아,ID.4 Pro,432,129,561,86,26
경기,일반승용,폭스바겐그룹코리아,Q4 45 e-tron,206,61,267,41,12
경기,일반승용,폭스바겐그룹코리아,Q4 Sportback 45 e-tron,206,61,267,41,12
경기,일반승용,폭스바겐그룹코리아,(단종)Q6 e-tron performance,220,0,220,44,13
경기,일반승용,폭스바겐그룹코리아,iD.5 Pro,473,141,614,95,29
경기,일반승용,폴스타오토모티브코리아,Polestar 4 Coupe Dual Motor,168,50,218,34,10
경기,일반승용,폴스타오토모티브코리아,Polestar 4 Coupe Rear Motor,181,54,235,36,11
경기,일반승용,현대자동차,ELECTRIFIED G80,270,81,351,54,16
경기,일반승용,현대자동차,ELECTRIFIED GV70 AWD 19인치,261,78,339,52,16
경기,일반승용,현대자동차,ELECTRIFIED GV70 AWD 20인치,245,73,318,49,15
경기,일반승용,현대자동차,GV60 스탠다드 2WD 19인치,285,85,370,57,17
경기,일반승용,현대자동차,GV60 스탠다드 AWD 19인치,272,81,353,54,16
경기,일반승용,현대자동차,GV60 스탠다드 AWD 20인치,261,78,339,52,16
경기,일반승용,현대자동차,더 뉴 아이오닉5 2WD 롱레인지 19인치,564,169,733,100,30
경기,일반승용,현대자동차,더 뉴 아이오닉5 2WD 롱레인지 19인치 빌트인 캠 미적용,567,170,737,100,30
경기,일반승용,현대자동차,더 뉴 아이오닉5 2WD 롱레인지 20인치,559,167,726,100,30
경기,일반승용,현대자동차,더 뉴 아이오닉5 2WD 롱레인지 N라인 20인치,541,162,703,100,30
경기,일반승용,현대자동차,더 뉴 아이오닉5 2WD 스탠다드 19인치,483,144,627,97,29
경기,일반승용,현대자동차,더 뉴 아이오닉5 AWD 롱레인지 19인치,558,167,725,100,30
경기,일반승용,현대자동차,더 뉴 아이오닉5 AWD 롱레인지 20인치,532,159,691,100,30
경기,일반승용,현대자동차,더 뉴 아이오닉5 AWD 롱레인지 N라인 20인치,510,153,663,100,30
경기,일반승용,현대자동차,더 뉴 아이오닉6 2WD 롱레인지 18인치,570,171,741,100,30
경기,일반승용,현대자동차,더 뉴 아이오닉6 2WD 롱레인지 20인치,570,171,741,100,30
경기,일반승용,현대자동차,더 뉴 아이오닉6 2WD 롱레인지 N라인 20인치,570,171,741,100,30
경기,일반승용,현대자동차,더 뉴 아이오닉6 2WD 스탠다드 18인치,560,168,728,100,30
경기,일반승용,현대자동차,더 뉴 아이오닉6 AWD 롱레인지 18인치,570,171,741,100,30
경기,일반승용,현대자동차,더 뉴 아이오닉6 AWD 롱레인지 20인치,553,165,718,100,30
경기,일반승용,현대자동차,더 뉴 아이오닉6 AWD 롱레인지 N라인 20인치,537,161,698,100,30
경기,일반승용,현대자동차,스타리아 라운지 일렉트릭 7인승,229,68,297,46,14
경기,일반승용,현대자동차,스타리아 리무진 일렉트릭 6인승,229,68,297,46,14
경기,일반승용,현대자동차,아이오닉6 N,250,75,325,50,15
경기,일반승용,현대자동차,아이오닉9 성능형 AWD,272,81,353,54,16
경기,일반승용,현대자동차,아이오닉9 항속형 2WD,274,82,356,55,17
경기,일반승용,현대자동차,아이오닉9 항속형 AWD,271,81,352,54,16
경기,경·소형,현대자동차,캐스퍼 일렉트릭 기본형 15인치,490,147,637,98,29
경기,경·소형,현대자동차,캐스퍼 일렉트릭 크로스 17인치,487,146,633,97,29
경기,경·소형,현대자동차,캐스퍼 일렉트릭 항속형 15인치,490,147,637,98,29
경기,경·소형,현대자동차,캐스퍼 일렉트릭 항속형 17인치(라운지포함),490,147,637,98,29
경기,일반승용,현대자동차,코나 일렉트릭 2WD 롱레인지 17인치,514,154,668,100,30
경기,일반승용,현대자동차,코나 일렉트릭 2WD 롱레인지 17인치 빌트인 캠 미적용,514,154,668,100,30
경기,일반승용,현대자동차,코나 일렉트릭 2WD 롱레인지 19인치,459,137,596,92,28
경기,일반승용,현대자동차,코나 일렉트릭 2WD 스탠다드 17인치,437,131,568,87,26
경기,일반승용,BMW,MINI Aceman E,400,280,680,80,24
경기,일반승용,BMW,MINI Aceman SE,400,280,680,80,24
경기,일반승용,BMW,MINI Cooper SE,396,277,673,79,24
경기,일반승용,BMW,MINI Countryman E,217,151,368,43,13
경기,일반승용,BMW,MINI Countryman SE ALL4,203,142,345,41,12
경기,일반승용,BMW,MINI JCW Aceman E,197,137,334,39,12
경기,일반승용,BMW,MINI JCW E,191,133,324,38,11
경기,일반승용,BMW,i4 M60 LCI (71HD),233,163,396,47,14
경기,일반승용,BMW,i4 eDrive 40 LCI(21HD),244,170,414,49,15
경기,일반승용,BMW,i4 eDrive 40 LCI(61HD),256,179,435,51,15
경기,일반승용,BMW,i5 eDrive 40,262,183,445,52,16
경기,일반승용,BMW,iX1 eDrive20,212,148,360,42,13
경기,일반승용,BMW,iX1 xDrive30,192,134,326,38,11
경기,일반승용,BMW,iX2 eDrive20,214,149,363,43,13
경기,일반승용,BMW,iX3 50 xDrive,275,192,467,55,17
경기,일반승용,기아,EV3 GT,248,173,421,50,15
경기,일반승용,기아,EV3 롱레인지 2WD 17인치,555,388,943,100,30
경기,일반승용,기아,EV3 롱레인지 2WD 19인치,555,388,943,100,30
경기,일반승용,기아,EV3 롱레인지 4WD 19인치,539,377,916,100,30
경기,일반승용,기아,EV3 스탠다드 2WD,469,328,797,94,28
경기,일반승용,기아,EV4 GT,255,178,433,51,15
경기,일반승용,기아,EV4 롱레인지 2WD 17인치,555,388,943,100,30
경기,일반승용,기아,EV4 롱레인지 2WD 19인치,555,388,943,100,30
경기,일반승용,기아,EV4 롱레인지 4WD 19인치,554,387,941,100,30
경기,일반승용,기아,EV4 롱레인지 GTL 2WD 19인치,555,388,943,100,30
경기,일반승용,기아,EV4 스탠다드 2WD 17인치,512,358,870,100,30
경기,일반승용,기아,EV4 스탠다드 2WD 19인치,481,336,817,96,29
경기,일반승용,기아,EV5 GT,232,162,394,46,14
경기,일반승용,기아,EV5 롱레인지 2WD,552,386,938,100,30
경기,일반승용,기아,EV5 롱레인지 4WD 18인치,499,349,848,100,30
경기,일반승용,기아,EV5 롱레인지 4WD 19인치,493,345,838,99,30
경기,일반승용,기아,EV9 GT,245,171,416,49,15
경기,일반승용,기아,EV9 롱레인지 2WD 19인치,270,189,459,54,16
경기,일반승용,기아,EV9 롱레인지 2WD 20인치,268,187,455,54,16
경기,일반승용,기아,EV9 롱레인지 4WD 19인치,254,177,431,51,15
경기,일반승용,기아,EV9 롱레인지 4WD 21인치,260,182,442,52,16
경기,일반승용,기아,EV9 롱레인지 GTL 4WD 21인치,252,176,428,50,15
경기,일반승용,기아,EV9 스탠다드,237,165,402,47,14
경기,일반승용,기아,PV5 패신저 5인승 롱레인지,458,320,778,92,28
경기,일반승용,기아,Pv5 WAV(비용 미지원),648,453,"1,101",100,30
경기,일반승용,기아,Pv5 WAV(비용 지원),448,313,761,90,27
경기,일반승용,기아,(단종)The all-new Kia Niro EV,489,342,831,98,29
경기,일반승용,기아,더뉴EV6 롱레인지 2WD 19인치,570,399,969,100,30
경기,일반승용,기아,더뉴EV6 롱레인지 2WD 20인치,559,391,950,100,30
경기,일반승용,기아,더뉴EV6 롱레인지 4WD 19인치,561,392,953,100,30
경기,일반승용,기아,더뉴EV6 롱레인지 4WD 20인치,532,372,904,100,30
경기,일반승용,기아,더뉴EV6 스탠다드,501,350,851,100,30
경기,경·소형,기아,레이 EV 2WD 14인치 1인승 밴,457,319,776,91,27
경기,경·소형,기아,레이 EV 2WD 14인치 2인승 밴,457,319,776,91,27
경기,경·소형,기아,레이 EV 2WD 14인치 4인승 승용,457,319,776,91,27
경기,일반승용,메르세데스벤츠코리아,EQA 250(Facelift),190,133,323,38,11
경기,일반승용,메르세데스벤츠코리아,EQB 300 4MATIC(Facelift),154,107,261,31,9
경기,일반승용,메르세데스벤츠코리아,EQB 300 4MATIC(Facelift)(CY25/2),162,113,275,32,10
경기,일반승용,볼보자동차코리아,볼보 EX30 Single Motor ER,247,172,419,49,15
경기,일반승용,볼보자동차코리아,볼보 EX30CC Twin Motor Perf,222,155,377,44,13
경기,일반승용,비와이디코리아,(단종)BYD ATTO 3,126,88,214,25,8
경기,일반승용,비와이디코리아,(단종)BYD DOLPHIN,109,76,185,22,7
경기,일반승용,비와이디코리아,(단종)BYD DOLPHIN Active,132,92,224,26,8
경기,일반승용,비와이디코리아,(단종)BYD SEAL,169,118,287,34,10
경기,일반승용,비와이디코리아,(단종)BYD SEAL Dynamic AWD,151,105,256,30,9
경기,일반승용,비와이디코리아,(단종)BYD SEALION 7,152,106,258,30,9
경기,일반승용,케이지모빌리티,토레스 EVX 18인치,354,247,601,71,21
경기,일반승용,케이지모빌리티,토레스 EVX 18인치(2026),361,252,613,72,22
경기,일반승용,케이지모빌리티,토레스 EVX 20인치,344,240,584,69,21
경기,일반승용,케이지모빌리티,토레스 EVX 20인치(2026),354,247,601,71,21
경기,일반승용,케이지모빌리티,(단종)토레스 EVX 2WD 18인치,327,228,555,65,20
경기,일반승용,케이지모빌리티,(단종)토레스 EVX 2WD 20인치,312,218,530,62,19
경기,일반승용,테슬라코리아,Model 3 Performance,200,140,340,40,12
경기,일반승용,테슬라코리아,Model 3 Premium Long Range RWD,420,294,714,84,25
경기,일반승용,테슬라코리아,Model 3 Premium Long Range RWD(5999만원),210,147,357,42,13
경기,일반승용,테슬라코리아,Model 3 RWD,168,117,285,34,10
경기,일반승용,테슬라코리아,Model 3 RWD(2025),168,117,285,34,10
경기,일반승용,테슬라코리아,Model Y L AWD,215,150,365,43,13
경기,일반승용,테슬라코리아,Model Y Long Range(2025),210,147,357,42,13
경기,일반승용,테슬라코리아,Model Y Premium Long Range,210,147,357,42,13
경기,일반승용,테슬라코리아,Model Y Premium RWD,170,119,289,34,10
경기,일반승용,테슬라코리아,Model Y RWD(2025),170,119,289,34,10
경기,일반승용,폭스바겐그룹코리아,ID.4 Pro,432,302,734,86,26
경기,일반승용,폭스바겐그룹코리아,Q4 45 e-tron,206,144,350,41,12
경기,일반승용,폭스바겐그룹코리아,Q4 Sportback 45 e-tron,206,144,350,41,12
경기,일반승용,폭스바겐그룹코리아,(단종)Q6 e-tron performance,220,154,374,44,13
경기,일반승용,폭스바겐그룹코리아,iD.5 Pro,473,331,804,95,29
경기,일반승용,현대자동차,ELECTRIFIED G80,270,189,459,54,16
경기,일반승용,현대자동차,ELECTRIFIED GV70 AWD 19인치,261,182,443,52,16
경기,일반승용,현대자동차,ELECTRIFIED GV70 AWD 20인치,245,171,416,49,15
경기,일반승용,현대자동차,GV60 스탠다드 2WD 19인치,285,199,484,57,17
경기,일반승용,현대자동차,GV60 스탠다드 AWD 19인치,272,190,462,54,16
경기,일반승용,현대자동차,GV60 스탠다드 AWD 20인치,261,182,443,52,16
경기,일반승용,현대자동차,더 뉴 아이오닉5 2WD 롱레인지 19인치,564,394,958,100,30
경기,일반승용,현대자동차,더 뉴 아이오닉5 2WD 롱레인지 19인치 빌트인 캠 미적용,567,396,963,100,30
경기,일반승용,현대자동차,더 뉴 아이오닉5 2WD 롱레인지 20인치,559,391,950,100,30
경기,일반승용,현대자동차,더 뉴 아이오닉5 2WD 롱레인지 N라인 20인치,541,378,919,100,30
경기,일반승용,현대자동차,더 뉴 아이오닉5 2WD 스탠다드 19인치,483,338,821,97,29
경기,일반승용,현대자동차,더 뉴 아이오닉5 AWD 롱레인지 19인치,558,390,948,100,30
경기,일반승용,현대자동차,더 뉴 아이오닉5 AWD 롱레인지 20인치,532,372,904,100,30
경기,일반승용,현대자동차,더 뉴 아이오닉5 AWD 롱레인지 N라인 20인치,510,357,867,100,30
경기,일반승용,현대자동차,더 뉴 아이오닉6 2WD 롱레인지 18인치,570,399,969,100,30
경기,일반승용,현대자동차,더 뉴 아이오닉6 2WD 롱레인지 20인치,570,399,969,100,30
경기,일반승용,현대자동차,더 뉴 아이오닉6 2WD 롱레인지 N라인 20인치,570,399,969,100,30
경기,일반승용,현대자동차,더 뉴 아이오닉6 2WD 스탠다드 18인치,560,392,952,100,30
경기,일반승용,현대자동차,더 뉴 아이오닉6 AWD 롱레인지 18인치,570,399,969,100,30
경기,일반승용,현대자동차,더 뉴 아이오닉6 AWD 롱레인지 20인치,553,387,940,100,30
경기,일반승용,현대자동차,더 뉴 아이오닉6 AWD 롱레인지 N라인 20인치,537,375,912,100,30
경기,일반승용,현대자동차,스타리아 라운지 일렉트릭 7인승,229,160,389,46,14
경기,일반승용,현대자동차,스타리아 리무진 일렉트릭 6인승,229,160,389,46,14
경기,일반승용,현대자동차,아이오닉6 N,250,175,425,50,15
경기,일반승용,현대자동차,아이오닉9 성능형 AWD,272,190,462,54,16
경기,일반승용,현대자동차,아이오닉9 항속형 2WD,274,191,465,55,17
경기,일반승용,현대자동차,아이오닉9 항속형 AWD,271,189,460,54,16
경기,경·소형,현대자동차,캐스퍼 일렉트릭 기본형 15인치,490,343,833,98,29
경기,경·소형,현대자동차,캐스퍼 일렉트릭 크로스 17인치,487,340,827,97,29
경기,경·소형,현대자동차,캐스퍼 일렉트릭 항속형 15인치,490,343,833,98,29
경기,경·소형,현대자동차,캐스퍼 일렉트릭 항속형 17인치(라운지포함),490,343,833,98,29
경기,일반승용,현대자동차,코나 일렉트릭 2WD 롱레인지 17인치,514,359,873,100,30
경기,일반승용,현대자동차,코나 일렉트릭 2WD 롱레인지 17인치 빌트인 캠 미적용,514,359,873,100,30
경기,일반승용,현대자동차,코나 일렉트릭 2WD 롱레인지 19인치,459,321,780,92,28
경기,일반승용,현대자동차,코나 일렉트릭 2WD 스탠다드 17인치,437,305,742,87,26
경기,일반승용,BMW,MINI Aceman E,400,200,600,80,24
경기,일반승용,BMW,MINI Aceman SE,400,200,600,80,24
경기,일반승용,BMW,MINI Cooper SE,396,198,594,79,24
경기,일반승용,BMW,MINI Countryman E,217,108,325,43,13
경기,일반승용,BMW,MINI Countryman SE ALL4,203,101,304,41,12
경기,일반승용,BMW,MINI JCW Aceman E,197,98,295,39,12
경기,일반승용,BMW,MINI JCW E,191,95,286,38,11
경기,일반승용,BMW,i4 M60 LCI (71HD),233,116,349,47,14
경기,일반승용,BMW,i4 eDrive 40 LCI(21HD),244,122,366,49,15
경기,일반승용,BMW,i4 eDrive 40 LCI(61HD),256,128,384,51,15
경기,일반승용,BMW,i5 eDrive 40,262,131,393,52,16
경기,일반승용,BMW,iX1 eDrive20,212,106,318,42,13
경기,일반승용,BMW,iX1 eDrive20(11HM),235,117,352,47,14
경기,일반승용,BMW,iX1 xDrive30,192,96,288,38,11
경기,일반승용,BMW,iX2 eDrive20,214,107,321,43,13
경기,일반승용,BMW,iX2 eDrive20(71GN),239,119,358,48,14
경기,일반승용,BMW,iX3 50 xDrive,275,137,412,55,17
경기,일반승용,기아,EV3 GT,248,124,372,50,15
경기,일반승용,기아,EV3 롱레인지 2WD 17인치,555,277,832,100,30
경기,일반승용,기아,EV3 롱레인지 2WD 19인치,555,277,832,100,30
경기,일반승용,기아,EV3 롱레인지 4WD 19인치,539,269,808,100,30
경기,일반승용,기아,EV3 스탠다드 2WD,469,234,703,94,28
경기,일반승용,기아,EV4 GT,255,127,382,51,15
경기,일반승용,기아,EV4 롱레인지 2WD 17인치,555,277,832,100,30
경기,일반승용,기아,EV4 롱레인지 2WD 19인치,555,277,832,100,30
경기,일반승용,기아,EV4 롱레인지 4WD 19인치,554,277,831,100,30
경기,일반승용,기아,EV4 롱레인지 GTL 2WD 19인치,555,277,832,100,30
경기,일반승용,기아,EV4 스탠다드 2WD 17인치,512,256,768,100,30
경기,일반승용,기아,EV4 스탠다드 2WD 19인치,481,240,721,96,29
경기,일반승용,기아,EV5 GT,232,116,348,46,14
경기,일반승용,기아,EV5 롱레인지 2WD,552,276,828,100,30
경기,일반승용,기아,EV5 롱레인지 4WD 18인치,499,249,748,100,30
경기,일반승용,기아,EV5 롱레인지 4WD 19인치,493,246,739,99,30
경기,일반승용,기아,EV9 GT,245,122,367,49,15
경기,일반승용,기아,EV9 롱레인지 2WD 19인치,270,135,405,54,16
경기,일반승용,기아,EV9 롱레인지 2WD 20인치,268,134,402,54,16
경기,일반승용,기아,EV9 롱레인지 4WD 19인치,254,127,381,51,15
경기,일반승용,기아,EV9 롱레인지 4WD 21인치,260,130,390,52,16
경기,일반승용,기아,EV9 롱레인지 GTL 4WD 21인치,252,126,378,50,15
경기,일반승용,기아,EV9 스탠다드,237,118,355,47,14
경기,일반승용,기아,PV5 패신저 5인승 롱레인지,458,229,687,92,28
경기,일반승용,기아,Pv5 WAV(비용 미지원),648,324,972,100,30
경기,일반승용,기아,Pv5 WAV(비용 지원),448,224,672,90,27
경기,일반승용,기아,(단종)The all-new Kia Niro EV,489,244,733,98,29
경기,일반승용,기아,더뉴EV6 롱레인지 2WD 19인치,570,285,855,100,30
경기,일반승용,기아,더뉴EV6 롱레인지 2WD 20인치,559,279,838,100,30
경기,일반승용,기아,더뉴EV6 롱레인지 4WD 19인치,561,280,841,100,30
경기,일반승용,기아,더뉴EV6 롱레인지 4WD 20인치,532,266,798,100,30
경기,일반승용,기아,더뉴EV6 스탠다드,501,250,751,100,30
경기,경·소형,기아,레이 EV 2WD 14인치 1인승 밴,457,228,685,91,27
경기,경·소형,기아,레이 EV 2WD 14인치 2인승 밴,457,228,685,91,27
경기,경·소형,기아,레이 EV 2WD 14인치 4인승 승용,457,228,685,91,27
경기,일반승용,메르세데스벤츠코리아,EQA 250(Facelift),190,95,285,38,11
경기,일반승용,메르세데스벤츠코리아,EQB 300 4MATIC(Facelift),154,77,231,31,9
경기,일반승용,메르세데스벤츠코리아,EQB 300 4MATIC(Facelift)(CY25/2),162,81,243,32,10
경기,일반승용,볼보자동차코리아,볼보 EX30 Single Motor ER,247,123,370,49,15
경기,일반승용,볼보자동차코리아,볼보 EX30CC Twin Motor Perf,222,111,333,44,13
경기,일반승용,비와이디코리아,(단종)BYD ATTO 3,126,63,189,25,8
경기,일반승용,비와이디코리아,(단종)BYD DOLPHIN,109,54,163,22,7
경기,일반승용,비와이디코리아,(단종)BYD DOLPHIN Active,132,66,198,26,8
경기,일반승용,비와이디코리아,(단종)BYD SEAL,169,84,253,34,10
경기,일반승용,비와이디코리아,(단종)BYD SEAL Dynamic AWD,151,75,226,30,9
경기,일반승용,비와이디코리아,(단종)BYD SEALION 7,152,76,228,30,9
경기,일반승용,케이지모빌리티,토레스 EVX 18인치,354,177,531,71,21
경기,일반승용,케이지모빌리티,토레스 EVX 18인치(2026),361,180,541,72,22
경기,일반승용,케이지모빌리티,토레스 EVX 20인치,344,172,516,69,21
경기,일반승용,케이지모빌리티,토레스 EVX 20인치(2026),354,177,531,71,21
경기,일반승용,케이지모빌리티,(단종)토레스 EVX 2WD 18인치,327,163,490,65,20
경기,일반승용,케이지모빌리티,(단종)토레스 EVX 2WD 20인치,312,156,468,62,19
경기,일반승용,테슬라코리아,Model 3 Performance,200,100,300,40,12
경기,일반승용,테슬라코리아,Model 3 Premium Long Range RWD,420,210,630,84,25
경기,일반승용,테슬라코리아,Model 3 Premium Long Range RWD(5999만원),210,105,315,42,13
경기,일반승용,테슬라코리아,Model 3 RWD,168,84,252,34,10
경기,일반승용,테슬라코리아,Model 3 RWD(2025),168,84,252,34,10
경기,일반승용,테슬라코리아,Model Y L AWD,215,107,322,43,13
경기,일반승용,테슬라코리아,Model Y Long Range(2025),210,105,315,42,13
경기,일반승용,테슬라코리아,Model Y Premium Long Range,210,105,315,42,13
경기,일반승용,테슬라코리아,Model Y Premium RWD,170,85,255,34,10
경기,일반승용,테슬라코리아,Model Y RWD(2025),170,85,255,34,10
경기,일반승용,폭스바겐그룹코리아,ID.4 Pro,432,216,648,86,26
경기,일반승용,폭스바겐그룹코리아,Q4 45 e-tron,206,103,309,41,12
경기,일반승용,폭스바겐그룹코리아,Q4 Sportback 45 e-tron,206,103,309,41,12
경기,일반승용,폭스바겐그룹코리아,(단종)Q6 e-tron performance,220,110,330,44,13
경기,일반승용,폭스바겐그룹코리아,iD.5 Pro,473,236,709,95,29
경기,일반승용,폴스타오토모티브코리아,Polestar 4 Coupe Dual Motor,168,84,252,34,10
경기,일반승용,폴스타오토모티브코리아,Polestar 4 Coupe Rear Motor,181,90,271,36,11
경기,일반승용,현대자동차,ELECTRIFIED G80,270,135,405,54,16
경기,일반승용,현대자동차,ELECTRIFIED GV70 AWD 19인치,261,130,391,52,16
경기,일반승용,현대자동차,ELECTRIFIED GV70 AWD 20인치,245,122,367,49,15
경기,일반승용,현대자동차,GV60 스탠다드 2WD 19인치,285,142,427,57,17
경기,일반승용,현대자동차,GV60 스탠다드 AWD 19인치,272,136,408,54,16
경기,일반승용,현대자동차,GV60 스탠다드 AWD 20인치,261,130,391,52,16
경기,일반승용,현대자동차,더 뉴 아이오닉5 2WD 롱레인지 19인치,564,282,846,100,30
경기,일반승용,현대자동차,더 뉴 아이오닉5 2WD 롱레인지 19인치 빌트인 캠 미적용,567,283,850,100,30
경기,일반승용,현대자동차,더 뉴 아이오닉5 2WD 롱레인지 20인치,559,279,838,100,30
경기,일반승용,현대자동차,더 뉴 아이오닉5 2WD 롱레인지 N라인 20인치,541,270,811,100,30
경기,일반승용,현대자동차,더 뉴 아이오닉5 2WD 스탠다드 19인치,483,241,724,97,29
경기,일반승용,현대자동차,더 뉴 아이오닉5 AWD 롱레인지 19인치,558,279,837,100,30
경기,일반승용,현대자동차,더 뉴 아이오닉5 AWD 롱레인지 20인치,532,266,798,100,30
경기,일반승용,현대자동차,더 뉴 아이오닉5 AWD 롱레인지 N라인 20인치,510,255,765,100,30
경기,일반승용,현대자동차,더 뉴 아이오닉6 2WD 롱레인지 18인치,570,285,855,100,30
경기,일반승용,현대자동차,더 뉴 아이오닉6 2WD 롱레인지 20인치,570,285,855,100,30
경기,일반승용,현대자동차,더 뉴 아이오닉6 2WD 롱레인지 N라인 20인치,570,285,855,100,30
경기,일반승용,현대자동차,더 뉴 아이오닉6 2WD 스탠다드 18인치,560,280,840,100,30
경기,일반승용,현대자동차,더 뉴 아이오닉6 AWD 롱레인지 18인치,570,285,855,100,30
경기,일반승용,현대자동차,더 뉴 아이오닉6 AWD 롱레인지 20인치,553,276,829,100,30
경기,일반승용,현대자동차,더 뉴 아이오닉6 AWD 롱레인지 N라인 20인치,537,268,805,100,30
경기,일반승용,현대자동차,스타리아 라운지 일렉트릭 7인승,229,114,343,46,14
경기,일반승용,현대자동차,스타리아 리무진 일렉트릭 6인승,229,114,343,46,14
경기,일반승용,현대자동차,아이오닉6 N,250,125,375,50,15
경기,일반승용,현대자동차,아이오닉9 성능형 AWD,272,136,408,54,16
경기,일반승용,현대자동차,아이오닉9 항속형 2WD,274,137,411,55,17
경기,일반승용,현대자동차,아이오닉9 항속형 AWD,271,135,406,54,16
경기,경·소형,현대자동차,캐스퍼 일렉트릭 기본형 15인치,490,245,735,98,29
경기,경·소형,현대자동차,캐스퍼 일렉트릭 크로스 17인치,487,243,730,97,29
경기,경·소형,현대자동차,캐스퍼 일렉트릭 항속형 15인치,490,245,735,98,29
경기,경·소형,현대자동차,캐스퍼 일렉트릭 항속형 17인치(라운지포함),490,245,735,98,29
경기,일반승용,현대자동차,코나 일렉트릭 2WD 롱레인지 17인치,514,257,771,100,30
경기,일반승용,현대자동차,코나 일렉트릭 2WD 롱레인지 17인치 빌트인 캠 미적용,514,257,771,100,30
경기,일반승용,현대자동차,코나 일렉트릭 2WD 롱레인지 19인치,459,229,688,92,28
경기,일반승용,현대자동차,코나 일렉트릭 2WD 스탠다드 17인치,437,218,655,87,26
경기,일반승용,BMW,MINI Aceman E,400,224,624,80,24
경기,일반승용,BMW,MINI Aceman SE,400,224,624,80,24
경기,일반승용,BMW,MINI Cooper SE,396,221,617,79,24
경기,일반승용,BMW,MINI Countryman E,217,121,338,43,13
경기,일반승용,BMW,MINI Countryman SE ALL4,203,113,316,41,12
경기,일반승용,BMW,MINI JCW Aceman E,197,110,307,39,12
경기,일반승용,BMW,MINI JCW E,191,106,297,38,11
경기,일반승용,BMW,i4 M60 LCI (71HD),233,130,363,47,14
경기,일반승용,BMW,i4 eDrive 40 LCI(21HD),244,136,380,49,15
경기,일반승용,BMW,i4 eDrive 40 LCI(61HD),256,143,399,51,15
경기,일반승용,BMW,i5 eDrive 40,262,146,408,52,16
경기,일반승용,BMW,iX1 eDrive20,212,118,330,42,13
경기,일반승용,BMW,iX1 eDrive20(11HM),235,131,366,47,14
경기,일반승용,BMW,iX1 xDrive30,192,107,299,38,11
경기,일반승용,BMW,iX2 eDrive20,214,119,333,43,13
경기,일반승용,BMW,iX2 eDrive20(71GN),239,133,372,48,14
경기,일반승용,BMW,iX3 50 xDrive,275,154,429,55,17
경기,일반승용,기아,EV3 GT,248,138,386,50,15
경기,일반승용,기아,EV3 롱레인지 2WD 17인치,555,310,865,100,30
경기,일반승용,기아,EV3 롱레인지 2WD 19인치,555,310,865,100,30
경기,일반승용,기아,EV3 롱레인지 4WD 19인치,539,301,840,100,30
경기,일반승용,기아,EV3 스탠다드 2WD,469,262,731,94,28
경기,일반승용,기아,EV4 GT,255,142,397,51,15
경기,일반승용,기아,EV4 롱레인지 2WD 17인치,555,310,865,100,30
경기,일반승용,기아,EV4 롱레인지 2WD 19인치,555,310,865,100,30
경기,일반승용,기아,EV4 롱레인지 4WD 19인치,554,310,864,100,30
경기,일반승용,기아,EV4 롱레인지 GTL 2WD 19인치,555,310,865,100,30
경기,일반승용,기아,EV4 스탠다드 2WD 17인치,512,286,798,100,30
경기,일반승용,기아,EV4 스탠다드 2WD 19인치,481,269,750,96,29
경기,일반승용,기아,EV5 GT,232,129,361,46,14
경기,일반승용,기아,EV5 롱레인지 2WD,552,309,861,100,30
경기,일반승용,기아,EV5 롱레인지 4WD 18인치,499,279,778,100,30
경기,일반승용,기아,EV5 롱레인지 4WD 19인치,493,276,769,99,30
경기,일반승용,기아,EV9 GT,245,137,382,49,15
경기,일반승용,기아,EV9 롱레인지 2WD 19인치,270,151,421,54,16
경기,일반승용,기아,EV9 롱레인지 2WD 20인치,268,150,418,54,16
경기,일반승용,기아,EV9 롱레인지 4WD 19인치,254,142,396,51,15
경기,일반승용,기아,EV9 롱레인지 4WD 21인치,260,145,405,52,16
경기,일반승용,기아,EV9 롱레인지 GTL 4WD 21인치,252,141,393,50,15
경기,일반승용,기아,EV9 스탠다드,237,132,369,47,14
경기,일반승용,기아,PV5 패신저 5인승 롱레인지,458,256,714,92,28
경기,일반승용,기아,Pv5 WAV(비용 미지원),648,362,"1,010",100,30
경기,일반승용,기아,Pv5 WAV(비용 지원),448,250,698,90,27
경기,일반승용,기아,(단종)The all-new Kia Niro EV,489,273,762,98,29
경기,일반승용,기아,더뉴EV6 롱레인지 2WD 19인치,570,319,889,100,30
경기,일반승용,기아,더뉴EV6 롱레인지 2WD 20인치,559,313,872,100,30
경기,일반승용,기아,더뉴EV6 롱레인지 4WD 19인치,561,314,875,100,30
경기,일반승용,기아,더뉴EV6 롱레인지 4WD 20인치,532,297,829,100,30
경기,일반승용,기아,더뉴EV6 스탠다드,501,280,781,100,30
경기,경·소형,기아,레이 EV 2WD 14인치 1인승 밴,457,255,712,91,27
경기,경·소형,기아,레이 EV 2WD 14인치 2인승 밴,457,255,712,91,27
경기,경·소형,기아,레이 EV 2WD 14인치 4인승 승용,457,255,712,91,27
경기,일반승용,메르세데스벤츠코리아,EQA 250(Facelift),190,106,296,38,11
경기,일반승용,메르세데스벤츠코리아,EQB 300 4MATIC(Facelift),154,86,240,31,9
경기,일반승용,메르세데스벤츠코리아,EQB 300 4MATIC(Facelift)(CY25/2),162,90,252,32,10
경기,일반승용,볼보자동차코리아,볼보 EX30 Single Motor ER,247,138,385,49,15
경기,일반승용,볼보자동차코리아,볼보 EX30CC Twin Motor Perf,222,124,346,44,13
경기,일반승용,비와이디코리아,(단종)BYD ATTO 3,126,70,196,25,8
경기,일반승용,비와이디코리아,(단종)BYD DOLPHIN,109,61,170,22,7
경기,일반승용,비와이디코리아,(단종)BYD DOLPHIN Active,132,73,205,26,8
경기,일반승용,비와이디코리아,(단종)BYD SEAL,169,94,263,34,10
경기,일반승용,비와이디코리아,(단종)BYD SEAL Dynamic AWD,151,84,235,30,9
경기,일반승용,비와이디코리아,(단종)BYD SEALION 7,152,85,237,30,9
경기,일반승용,케이지모빌리티,토레스 EVX 18인치,354,198,552,71,21
경기,일반승용,케이지모빌리티,토레스 EVX 18인치(2026),361,202,563,72,22
경기,일반승용,케이지모빌리티,토레스 EVX 20인치,344,192,536,69,21
경기,일반승용,케이지모빌리티,토레스 EVX 20인치(2026),354,198,552,71,21
경기,일반승용,케이지모빌리티,(단종)토레스 EVX 2WD 18인치,327,183,510,65,20
경기,일반승용,케이지모빌리티,(단종)토레스 EVX 2WD 20인치,312,174,486,62,19
경기,일반승용,테슬라코리아,Model 3 Performance,200,112,312,40,12
경기,일반승용,테슬라코리아,Model 3 Premium Long Range RWD,420,235,655,84,25
경기,일반승용,테슬라코리아,Model 3 Premium Long Range RWD(5999만원),210,117,327,42,13
경기,일반승용,테슬라코리아,Model 3 RWD,168,94,262,34,10
경기,일반승용,테슬라코리아,Model 3 RWD(2025),168,94,262,34,10
경기,일반승용,테슬라코리아,Model Y L AWD,215,120,335,43,13
경기,일반승용,테슬라코리아,Model Y Long Range(2025),210,117,327,42,13
경기,일반승용,테슬라코리아,Model Y Premium Long Range,210,117,327,42,13
경기,일반승용,테슬라코리아,Model Y Premium RWD,170,95,265,34,10
경기,일반승용,테슬라코리아,Model Y RWD(2025),170,95,265,34,10
경기,일반승용,폭스바겐그룹코리아,ID.4 Pro,432,241,673,86,26
경기,일반승용,폭스바겐그룹코리아,Q4 45 e-tron,206,115,321,41,12
경기,일반승용,폭스바겐그룹코리아,Q4 Sportback 45 e-tron,206,115,321,41,12
경기,일반승용,폭스바겐그룹코리아,(단종)Q6 e-tron performance,220,123,343,44,13
경기,일반승용,폭스바겐그룹코리아,iD.5 Pro,473,264,737,95,29
경기,일반승용,폴스타오토모티브코리아,Polestar 4 Coupe Dual Motor,168,94,262,34,10
경기,일반승용,폴스타오토모티브코리아,Polestar 4 Coupe Rear Motor,181,101,282,36,11
경기,일반승용,현대자동차,ELECTRIFIED G80,270,151,421,54,16
경기,일반승용,현대자동차,ELECTRIFIED GV70 AWD 19인치,261,146,407,52,16
경기,일반승용,현대자동차,ELECTRIFIED GV70 AWD 20인치,245,137,382,49,15
경기,일반승용,현대자동차,GV60 스탠다드 2WD 19인치,285,159,444,57,17
경기,일반승용,현대자동차,GV60 스탠다드 AWD 19인치,272,152,424,54,16
경기,일반승용,현대자동차,GV60 스탠다드 AWD 20인치,261,146,407,52,16
경기,일반승용,현대자동차,더 뉴 아이오닉5 2WD 롱레인지 19인치,564,315,879,100,30
경기,일반승용,현대자동차,더 뉴 아이오닉5 2WD 롱레인지 19인치 빌트인 캠 미적용,567,317,884,100,30
경기,일반승용,현대자동차,더 뉴 아이오닉5 2WD 롱레인지 20인치,559,313,872,100,30
경기,일반승용,현대자동차,더 뉴 아이오닉5 2WD 롱레인지 N라인 20인치,541,302,843,100,30
경기,일반승용,현대자동차,더 뉴 아이오닉5 2WD 스탠다드 19인치,483,270,753,97,29
경기,일반승용,현대자동차,더 뉴 아이오닉5 AWD 롱레인지 19인치,558,312,870,100,30
경기,일반승용,현대자동차,더 뉴 아이오닉5 AWD 롱레인지 20인치,532,297,829,100,30
경기,일반승용,현대자동차,더 뉴 아이오닉5 AWD 롱레인지 N라인 20인치,510,285,795,100,30
경기,일반승용,현대자동차,더 뉴 아이오닉6 2WD 롱레인지 18인치,570,319,889,100,30
경기,일반승용,현대자동차,더 뉴 아이오닉6 2WD 롱레인지 20인치,570,319,889,100,30
경기,일반승용,현대자동차,더 뉴 아이오닉6 2WD 롱레인지 N라인 20인치,570,319,889,100,30
경기,일반승용,현대자동차,더 뉴 아이오닉6 2WD 스탠다드 18인치,560,313,873,100,30
경기,일반승용,현대자동차,더 뉴 아이오닉6 AWD 롱레인지 18인치,570,319,889,100,30
경기,일반승용,현대자동차,더 뉴 아이오닉6 AWD 롱레인지 20인치,553,309,862,100,30
경기,일반승용,현대자동차,더 뉴 아이오닉6 AWD 롱레인지 N라인 20인치,537,300,837,100,30
경기,일반승용,현대자동차,스타리아 라운지 일렉트릭 7인승,229,128,357,46,14
경기,일반승용,현대자동차,스타리아 리무진 일렉트릭 6인승,229,128,357,46,14
경기,일반승용,현대자동차,아이오닉6 N,250,140,390,50,15
경기,일반승용,현대자동차,아이오닉9 성능형 AWD,272,152,424,54,16
경기,일반승용,현대자동차,아이오닉9 항속형 2WD,274,153,427,55,17
경기,일반승용,현대자동차,아이오닉9 항속형 AWD,271,151,422,54,16
경기,경·소형,현대자동차,캐스퍼 일렉트릭 기본형 15인치,490,274,764,98,29
경기,경·소형,현대자동차,캐스퍼 일렉트릭 크로스 17인치,487,272,759,97,29
경기,경·소형,현대자동차,캐스퍼 일렉트릭 항속형 15인치,490,274,764,98,29
경기,경·소형,현대자동차,캐스퍼 일렉트릭 항속형 17인치(라운지포함),490,274,764,98,29
경기,일반승용,현대자동차,코나 일렉트릭 2WD 롱레인지 17인치,514,287,801,100,30
경기,일반승용,현대자동차,코나 일렉트릭 2WD 롱레인지 17인치 빌트인 캠 미적용,514,287,801,100,30
경기,일반승용,현대자동차,코나 일렉트릭 2WD 롱레인지 19인치,459,257,716,92,28
경기,일반승용,현대자동차,코나 일렉트릭 2WD 스탠다드 17인치,437,244,681,87,26
경기,일반승용,BMW,MINI Aceman E,400,160,560,80,24
경기,일반승용,BMW,MINI Aceman SE,400,160,560,80,24
경기,일반승용,BMW,MINI Cooper SE,396,158,554,79,24
경기,일반승용,BMW,MINI Countryman E,217,86,303,43,13
경기,일반승용,BMW,MINI Countryman SE ALL4,203,81,284,41,12
경기,일반승용,BMW,MINI JCW Aceman E,197,78,275,39,12
경기,일반승용,BMW,MINI JCW E,191,76,267,38,11
경기,일반승용,BMW,i4 M60 LCI (71HD),233,93,326,47,14
경기,일반승용,BMW,i4 eDrive 40 LCI(21HD),244,97,341,49,15
경기,일반승용,BMW,i4 eDrive 40 LCI(61HD),256,102,358,51,15
경기,일반승용,BMW,i5 eDrive 40,262,104,366,52,16
경기,일반승용,BMW,iX1 eDrive20,212,84,296,42,13
경기,일반승용,BMW,iX1 eDrive20(11HM),235,94,329,47,14
경기,일반승용,BMW,iX1 xDrive30,192,76,268,38,11
경기,일반승용,BMW,iX2 eDrive20,214,85,299,43,13
경기,일반승용,BMW,iX2 eDrive20(71GN),239,95,334,48,14
경기,일반승용,BMW,iX3 50 xDrive,275,110,385,55,17
경기,일반승용,기아,EV3 GT,248,99,347,50,15
경기,일반승용,기아,EV3 롱레인지 2WD 17인치,555,222,777,100,30
경기,일반승용,기아,EV3 롱레인지 2WD 19인치,555,222,777,100,30
경기,일반승용,기아,EV3 롱레인지 4WD 19인치,539,215,754,100,30
경기,일반승용,기아,EV3 스탠다드 2WD,469,187,656,94,28
경기,일반승용,기아,EV4 GT,255,102,357,51,15
경기,일반승용,기아,EV4 롱레인지 2WD 17인치,555,222,777,100,30
경기,일반승용,기아,EV4 롱레인지 2WD 19인치,555,222,777,100,30
경기,일반승용,기아,EV4 롱레인지 4WD 19인치,554,221,775,100,30
경기,일반승용,기아,EV4 롱레인지 GTL 2WD 19인치,555,222,777,100,30
경기,일반승용,기아,EV4 스탠다드 2WD 17인치,512,204,716,100,30
경기,일반승용,기아,EV4 스탠다드 2WD 19인치,481,192,673,96,29
경기,일반승용,기아,EV5 GT,232,92,324,46,14
경기,일반승용,기아,EV5 롱레인지 2WD,552,220,772,100,30
경기,일반승용,기아,EV5 롱레인지 4WD 18인치,499,199,698,100,30
경기,일반승용,기아,EV5 롱레인지 4WD 19인치,493,197,690,99,30
경기,일반승용,기아,EV9 GT,245,98,343,49,15
경기,일반승용,기아,EV9 롱레인지 2WD 19인치,270,108,378,54,16
경기,일반승용,기아,EV9 롱레인지 2WD 20인치,268,107,375,54,16
경기,일반승용,기아,EV9 롱레인지 4WD 19인치,254,101,355,51,15
경기,일반승용,기아,EV9 롱레인지 4WD 21인치,260,104,364,52,16
경기,일반승용,기아,EV9 롱레인지 GTL 4WD 21인치,252,100,352,50,15
경기,일반승용,기아,EV9 스탠다드,237,94,331,47,14
경기,일반승용,기아,PV5 패신저 5인승 롱레인지,458,183,641,92,28
경기,일반승용,기아,Pv5 WAV(비용 미지원),648,259,907,100,30
경기,일반승용,기아,Pv5 WAV(비용 지원),448,179,627,90,27
경기,일반승용,기아,(단종)The all-new Kia Niro EV,489,0,489,98,29
경기,일반승용,기아,더뉴EV6 롱레인지 2WD 19인치,570,228,798,100,30
경기,일반승용,기아,더뉴EV6 롱레인지 2WD 20인치,559,223,782,100,30
경기,일반승용,기아,더뉴EV6 롱레인지 4WD 19인치,561,224,785,100,30
경기,일반승용,기아,더뉴EV6 롱레인지 4WD 20인치,532,212,744,100,30
경기,일반승용,기아,더뉴EV6 스탠다드,501,200,701,100,30
경기,경·소형,기아,레이 EV 2WD 14인치 1인승 밴,457,182,639,91,27
경기,경·소형,기아,레이 EV 2WD 14인치 2인승 밴,457,182,639,91,27
경기,경·소형,기아,레이 EV 2WD 14인치 4인승 승용,457,182,639,91,27
경기,일반승용,메르세데스벤츠코리아,EQA 250(Facelift),190,76,266,38,11
경기,일반승용,메르세데스벤츠코리아,EQB 300 4MATIC(Facelift),154,61,215,31,9
경기,일반승용,메르세데스벤츠코리아,EQB 300 4MATIC(Facelift)(CY25/2),162,64,226,32,10
경기,일반승용,볼보자동차코리아,볼보 EX30 Single Motor ER,247,98,345,49,15
경기,일반승용,볼보자동차코리아,볼보 EX30CC Twin Motor Perf,222,88,310,44,13
경기,일반승용,비와이디코리아,(단종)BYD ATTO 3,126,0,126,25,8
경기,일반승용,비와이디코리아,(단종)BYD DOLPHIN,109,0,109,22,7
경기,일반승용,비와이디코리아,(단종)BYD DOLPHIN Active,132,0,132,26,8
경기,일반승용,비와이디코리아,(단종)BYD SEAL,169,0,169,34,10
경기,일반승용,비와이디코리아,(단종)BYD SEAL Dynamic AWD,151,0,151,30,9
경기,일반승용,비와이디코리아,(단종)BYD SEALION 7,152,0,152,30,9
경기,일반승용,케이지모빌리티,토레스 EVX 18인치,354,141,495,71,21
경기,일반승용,케이지모빌리티,토레스 EVX 18인치(2026),361,144,505,72,22
경기,일반승용,케이지모빌리티,토레스 EVX 20인치,344,137,481,69,21
경기,일반승용,케이지모빌리티,토레스 EVX 20인치(2026),354,141,495,71,21
경기,일반승용,케이지모빌리티,(단종)토레스 EVX 2WD 18인치,327,0,327,65,20
경기,일반승용,케이지모빌리티,(단종)토레스 EVX 2WD 20인치,312,0,312,62,19
경기,일반승용,테슬라코리아,Model 3 Performance,200,80,280,40,12
경기,일반승용,테슬라코리아,Model 3 Premium Long Range RWD,420,168,588,84,25
경기,일반승용,테슬라코리아,Model 3 Premium Long Range RWD(5999만원),210,84,294,42,13
경기,일반승용,테슬라코리아,Model 3 RWD,168,67,235,34,10
경기,일반승용,테슬라코리아,Model 3 RWD(2025),168,67,235,34,10
경기,일반승용,테슬라코리아,Model Y L AWD,215,86,301,43,13
경기,일반승용,테슬라코리아,Model Y Long Range(2025),210,84,294,42,13
경기,일반승용,테슬라코리아,Model Y Premium Long Range,210,84,294,42,13
경기,일반승용,테슬라코리아,Model Y Premium RWD,170,68,238,34,10
경기,일반승용,테슬라코리아,Model Y RWD(2025),170,68,238,34,10
경기,일반승용,폭스바겐그룹코리아,ID.4 Pro,432,172,604,86,26
경기,일반승용,폭스바겐그룹코리아,Q4 45 e-tron,206,82,288,41,12
경기,일반승용,폭스바겐그룹코리아,Q4 Sportback 45 e-tron,206,82,288,41,12
경기,일반승용,폭스바겐그룹코리아,(단종)Q6 e-tron performance,220,0,220,44,13
경기,일반승용,폭스바겐그룹코리아,iD.5 Pro,473,189,662,95,29
경기,일반승용,폴스타오토모티브코리아,Polestar 4 Coupe Dual Motor,168,67,235,34,10
경기,일반승용,폴스타오토모티브코리아,Polestar 4 Coupe Rear Motor,181,72,253,36,11
경기,일반승용,현대자동차,ELECTRIFIED G80,270,108,378,54,16
경기,일반승용,현대자동차,ELECTRIFIED GV70 AWD 19인치,261,104,365,52,16
경기,일반승용,현대자동차,ELECTRIFIED GV70 AWD 20인치,245,98,343,49,15
경기,일반승용,현대자동차,GV60 스탠다드 2WD 19인치,285,114,399,57,17
경기,일반승용,현대자동차,GV60 스탠다드 AWD 19인치,272,108,380,54,16
경기,일반승용,현대자동차,GV60 스탠다드 AWD 20인치,261,104,365,52,16
경기,일반승용,현대자동차,더 뉴 아이오닉5 2WD 롱레인지 19인치,564,225,789,100,30
경기,일반승용,현대자동차,더 뉴 아이오닉5 2WD 롱레인지 19인치 빌트인 캠 미적용,567,226,793,100,30
경기,일반승용,현대자동차,더 뉴 아이오닉5 2WD 롱레인지 20인치,559,223,782,100,30
경기,일반승용,현대자동차,더 뉴 아이오닉5 2WD 롱레인지 N라인 20인치,541,216,757,100,30
경기,일반승용,현대자동차,더 뉴 아이오닉5 2WD 스탠다드 19인치,483,193,676,97,29
경기,일반승용,현대자동차,더 뉴 아이오닉5 AWD 롱레인지 19인치,558,223,781,100,30
경기,일반승용,현대자동차,더 뉴 아이오닉5 AWD 롱레인지 20인치,532,212,744,100,30
경기,일반승용,현대자동차,더 뉴 아이오닉5 AWD 롱레인지 N라인 20인치,510,204,714,100,30
경기,일반승용,현대자동차,더 뉴 아이오닉6 2WD 롱레인지 18인치,570,228,798,100,30
경기,일반승용,현대자동차,더 뉴 아이오닉6 2WD 롱레인지 20인치,570,228,798,100,30
경기,일반승용,현대자동차,더 뉴 아이오닉6 2WD 롱레인지 N라인 20인치,570,228,798,100,30
경기,일반승용,현대자동차,더 뉴 아이오닉6 2WD 스탠다드 18인치,560,224,784,100,30
경기,일반승용,현대자동차,더 뉴 아이오닉6 AWD 롱레인지 18인치,570,228,798,100,30
경기,일반승용,현대자동차,더 뉴 아이오닉6 AWD 롱레인지 20인치,553,221,774,100,30
경기,일반승용,현대자동차,더 뉴 아이오닉6 AWD 롱레인지 N라인 20인치,537,214,751,100,30
경기,일반승용,현대자동차,스타리아 라운지 일렉트릭 7인승,229,91,320,46,14
경기,일반승용,현대자동차,스타리아 리무진 일렉트릭 6인승,229,91,320,46,14
경기,일반승용,현대자동차,아이오닉6 N,250,100,350,50,15
경기,일반승용,현대자동차,아이오닉9 성능형 AWD,272,108,380,54,16
경기,일반승용,현대자동차,아이오닉9 항속형 2WD,274,109,383,55,17
경기,일반승용,현대자동차,아이오닉9 항속형 AWD,271,108,379,54,16
경기,경·소형,현대자동차,캐스퍼 일렉트릭 기본형 15인치,490,196,686,98,29
경기,경·소형,현대자동차,캐스퍼 일렉트릭 크로스 17인치,487,194,681,97,29
경기,경·소형,현대자동차,캐스퍼 일렉트릭 항속형 15인치,490,196,686,98,29
경기,경·소형,현대자동차,캐스퍼 일렉트릭 항속형 17인치(라운지포함),490,196,686,98,29
경기,일반승용,현대자동차,코나 일렉트릭 2WD 롱레인지 17인치,514,205,719,100,30
경기,일반승용,현대자동차,코나 일렉트릭 2WD 롱레인지 17인치 빌트인 캠 미적용,514,205,719,100,30
경기,일반승용,현대자동차,코나 일렉트릭 2WD 롱레인지 19인치,459,183,642,92,28
경기,일반승용,현대자동차,코나 일렉트릭 2WD 스탠다드 17인치,437,174,611,87,26
경기,일반승용,BMW,MINI Aceman E,400,160,560,80,24
경기,일반승용,BMW,MINI Aceman SE,400,160,560,80,24
경기,일반승용,BMW,MINI Cooper SE,396,158,554,79,24
경기,일반승용,BMW,MINI Countryman E,217,86,303,43,13
경기,일반승용,BMW,MINI Countryman SE ALL4,203,81,284,41,12
경기,일반승용,BMW,MINI JCW Aceman E,197,78,275,39,12
경기,일반승용,BMW,MINI JCW E,191,76,267,38,11
경기,일반승용,BMW,i4 M60 LCI (71HD),233,93,326,47,14
경기,일반승용,BMW,i4 eDrive 40 LCI(21HD),244,97,341,49,15
경기,일반승용,BMW,i4 eDrive 40 LCI(61HD),256,102,358,51,15
경기,일반승용,BMW,i5 eDrive 40,262,104,366,52,16
경기,일반승용,BMW,iX1 eDrive20,212,84,296,42,13
경기,일반승용,BMW,iX1 eDrive20(11HM),235,94,329,47,14
경기,일반승용,BMW,iX1 xDrive30,192,76,268,38,11
경기,일반승용,BMW,iX2 eDrive20,214,85,299,43,13
경기,일반승용,BMW,iX2 eDrive20(71GN),239,95,334,48,14
경기,일반승용,BMW,iX3 50 xDrive,275,110,385,55,17
경기,일반승용,기아,EV3 GT,248,99,347,50,15
경기,일반승용,기아,EV3 롱레인지 2WD 17인치,555,222,777,100,30
경기,일반승용,기아,EV3 롱레인지 2WD 19인치,555,222,777,100,30
경기,일반승용,기아,EV3 롱레인지 4WD 19인치,539,215,754,100,30
경기,일반승용,기아,EV3 스탠다드 2WD,469,187,656,94,28
경기,일반승용,기아,EV4 GT,255,102,357,51,15
경기,일반승용,기아,EV4 롱레인지 2WD 17인치,555,222,777,100,30
경기,일반승용,기아,EV4 롱레인지 2WD 19인치,555,222,777,100,30
경기,일반승용,기아,EV4 롱레인지 4WD 19인치,554,221,775,100,30
경기,일반승용,기아,EV4 롱레인지 GTL 2WD 19인치,555,222,777,100,30
경기,일반승용,기아,EV4 스탠다드 2WD 17인치,512,204,716,100,30
경기,일반승용,기아,EV4 스탠다드 2WD 19인치,481,192,673,96,29
경기,일반승용,기아,EV5 GT,232,92,324,46,14
경기,일반승용,기아,EV5 롱레인지 2WD,552,220,772,100,30
경기,일반승용,기아,EV5 롱레인지 4WD 18인치,499,199,698,100,30
경기,일반승용,기아,EV5 롱레인지 4WD 19인치,493,197,690,99,30
경기,일반승용,기아,EV9 GT,245,98,343,49,15
경기,일반승용,기아,EV9 롱레인지 2WD 19인치,270,108,378,54,16
경기,일반승용,기아,EV9 롱레인지 2WD 20인치,268,107,375,54,16
경기,일반승용,기아,EV9 롱레인지 4WD 19인치,254,101,355,51,15
경기,일반승용,기아,EV9 롱레인지 4WD 21인치,260,104,364,52,16
경기,일반승용,기아,EV9 롱레인지 GTL 4WD 21인치,252,100,352,50,15
경기,일반승용,기아,EV9 스탠다드,237,94,331,47,14
경기,일반승용,기아,PV5 패신저 5인승 롱레인지,458,183,641,92,28
경기,일반승용,기아,Pv5 WAV(비용 미지원),648,259,907,100,30
경기,일반승용,기아,Pv5 WAV(비용 지원),448,179,627,90,27
경기,일반승용,기아,(단종)The all-new Kia Niro EV,489,195,684,98,29
경기,일반승용,기아,더뉴EV6 롱레인지 2WD 19인치,570,228,798,100,30
경기,일반승용,기아,더뉴EV6 롱레인지 2WD 20인치,559,223,782,100,30
경기,일반승용,기아,더뉴EV6 롱레인지 4WD 19인치,561,224,785,100,30
경기,일반승용,기아,더뉴EV6 롱레인지 4WD 20인치,532,212,744,100,30
경기,일반승용,기아,더뉴EV6 스탠다드,501,200,701,100,30
경기,경·소형,기아,레이 EV 2WD 14인치 1인승 밴,457,182,639,91,27
경기,경·소형,기아,레이 EV 2WD 14인치 2인승 밴,457,182,639,91,27
경기,경·소형,기아,레이 EV 2WD 14인치 4인승 승용,457,182,639,91,27
경기,일반승용,메르세데스벤츠코리아,EQA 250(Facelift),190,76,266,38,11
경기,일반승용,메르세데스벤츠코리아,EQB 300 4MATIC(Facelift),154,61,215,31,9
경기,일반승용,메르세데스벤츠코리아,EQB 300 4MATIC(Facelift)(CY25/2),162,64,226,32,10
경기,일반승용,볼보자동차코리아,볼보 EX30 Single Motor ER,247,98,345,49,15
경기,일반승용,볼보자동차코리아,볼보 EX30CC Twin Motor Perf,222,88,310,44,13
경기,일반승용,비와이디코리아,(단종)BYD ATTO 3,126,50,176,25,8
경기,일반승용,비와이디코리아,(단종)BYD DOLPHIN,109,43,152,22,7
경기,일반승용,비와이디코리아,(단종)BYD DOLPHIN Active,132,52,184,26,8
경기,일반승용,비와이디코리아,(단종)BYD SEAL,169,67,236,34,10
경기,일반승용,비와이디코리아,(단종)BYD SEAL Dynamic AWD,151,60,211,30,9
경기,일반승용,비와이디코리아,(단종)BYD SEALION 7,152,60,212,30,9
경기,일반승용,케이지모빌리티,토레스 EVX 18인치,354,141,495,71,21
경기,일반승용,케이지모빌리티,토레스 EVX 18인치(2026),361,144,505,72,22
경기,일반승용,케이지모빌리티,토레스 EVX 20인치,344,137,481,69,21
경기,일반승용,케이지모빌리티,토레스 EVX 20인치(2026),354,141,495,71,21
경기,일반승용,케이지모빌리티,(단종)토레스 EVX 2WD 18인치,327,130,457,65,20
경기,일반승용,케이지모빌리티,(단종)토레스 EVX 2WD 20인치,312,124,436,62,19
경기,일반승용,테슬라코리아,Model 3 Performance,200,80,280,40,12
경기,일반승용,테슬라코리아,Model 3 Premium Long Range RWD,420,168,588,84,25
경기,일반승용,테슬라코리아,Model 3 Premium Long Range RWD(5999만원),210,84,294,42,13
경기,일반승용,테슬라코리아,Model 3 RWD,168,67,235,34,10
경기,일반승용,테슬라코리아,Model 3 RWD(2025),168,67,235,34,10
경기,일반승용,테슬라코리아,Model Y L AWD,215,86,301,43,13
경기,일반승용,테슬라코리아,Model Y Long Range(2025),210,84,294,42,13
경기,일반승용,테슬라코리아,Model Y Premium Long Range,210,84,294,42,13
경기,일반승용,테슬라코리아,Model Y Premium RWD,170,68,238,34,10
경기,일반승용,테슬라코리아,Model Y RWD(2025),170,68,238,34,10
경기,일반승용,폭스바겐그룹코리아,ID.4 Pro,432,172,604,86,26
경기,일반승용,폭스바겐그룹코리아,Q4 45 e-tron,206,82,288,41,12
경기,일반승용,폭스바겐그룹코리아,Q4 Sportback 45 e-tron,206,82,288,41,12
경기,일반승용,폭스바겐그룹코리아,(단종)Q6 e-tron performance,220,88,308,44,13
경기,일반승용,폭스바겐그룹코리아,iD.5 Pro,473,189,662,95,29
경기,일반승용,폴스타오토모티브코리아,Polestar 4 Coupe Dual Motor,168,67,235,34,10
경기,일반승용,폴스타오토모티브코리아,Polestar 4 Coupe Rear Motor,181,72,253,36,11
경기,일반승용,현대자동차,ELECTRIFIED G80,270,108,378,54,16
경기,일반승용,현대자동차,ELECTRIFIED GV70 AWD 19인치,261,104,365,52,16
경기,일반승용,현대자동차,ELECTRIFIED GV70 AWD 20인치,245,98,343,49,15
경기,일반승용,현대자동차,GV60 스탠다드 2WD 19인치,285,114,399,57,17
경기,일반승용,현대자동차,GV60 스탠다드 AWD 19인치,272,108,380,54,16
경기,일반승용,현대자동차,GV60 스탠다드 AWD 20인치,261,104,365,52,16
경기,일반승용,현대자동차,더 뉴 아이오닉5 2WD 롱레인지 19인치,564,225,789,100,30
경기,일반승용,현대자동차,더 뉴 아이오닉5 2WD 롱레인지 19인치 빌트인 캠 미적용,567,226,793,100,30
경기,일반승용,현대자동차,더 뉴 아이오닉5 2WD 롱레인지 20인치,559,223,782,100,30
경기,일반승용,현대자동차,더 뉴 아이오닉5 2WD 롱레인지 N라인 20인치,541,216,757,100,30
경기,일반승용,현대자동차,더 뉴 아이오닉5 2WD 스탠다드 19인치,483,193,676,97,29
경기,일반승용,현대자동차,더 뉴 아이오닉5 AWD 롱레인지 19인치,558,223,781,100,30
경기,일반승용,현대자동차,더 뉴 아이오닉5 AWD 롱레인지 20인치,532,212,744,100,30
경기,일반승용,현대자동차,더 뉴 아이오닉5 AWD 롱레인지 N라인 20인치,510,204,714,100,30
경기,일반승용,현대자동차,더 뉴 아이오닉6 2WD 롱레인지 18인치,570,228,798,100,30
경기,일반승용,현대자동차,더 뉴 아이오닉6 2WD 롱레인지 20인치,570,228,798,100,30
경기,일반승용,현대자동차,더 뉴 아이오닉6 2WD 롱레인지 N라인 20인치,570,228,798,100,30
경기,일반승용,현대자동차,더 뉴 아이오닉6 2WD 스탠다드 18인치,560,224,784,100,30
경기,일반승용,현대자동차,더 뉴 아이오닉6 AWD 롱레인지 18인치,570,228,798,100,30
경기,일반승용,현대자동차,더 뉴 아이오닉6 AWD 롱레인지 20인치,553,221,774,100,30
경기,일반승용,현대자동차,더 뉴 아이오닉6 AWD 롱레인지 N라인 20인치,537,214,751,100,30
경기,일반승용,현대자동차,스타리아 라운지 일렉트릭 7인승,229,91,320,46,14
경기,일반승용,현대자동차,스타리아 리무진 일렉트릭 6인승,229,91,320,46,14
경기,일반승용,현대자동차,아이오닉6 N,250,100,350,50,15
경기,일반승용,현대자동차,아이오닉9 성능형 AWD,272,108,380,54,16
경기,일반승용,현대자동차,아이오닉9 항속형 2WD,274,109,383,55,17
경기,일반승용,현대자동차,아이오닉9 항속형 AWD,271,108,379,54,16
경기,경·소형,현대자동차,캐스퍼 일렉트릭 기본형 15인치,490,196,686,98,29
경기,경·소형,현대자동차,캐스퍼 일렉트릭 크로스 17인치,487,194,681,97,29
경기,경·소형,현대자동차,캐스퍼 일렉트릭 항속형 15인치,490,196,686,98,29
경기,경·소형,현대자동차,캐스퍼 일렉트릭 항속형 17인치(라운지포함),490,196,686,98,29
경기,일반승용,현대자동차,코나 일렉트릭 2WD 롱레인지 17인치,514,205,719,100,30
경기,일반승용,현대자동차,코나 일렉트릭 2WD 롱레인지 17인치 빌트인 캠 미적용,514,205,719,100,30
경기,일반승용,현대자동차,코나 일렉트릭 2WD 롱레인지 19인치,459,183,642,92,28
경기,일반승용,현대자동차,코나 일렉트릭 2WD 스탠다드 17인치,437,174,611,87,26
경기,일반승용,BMW,MINI Aceman E,400,200,600,80,24
경기,일반승용,BMW,MINI Aceman SE,400,200,600,80,24
경기,일반승용,BMW,MINI Cooper SE,396,198,594,79,24
경기,일반승용,BMW,MINI Countryman E,217,108,325,43,13
경기,일반승용,BMW,MINI Countryman SE ALL4,203,101,304,41,12
경기,일반승용,BMW,MINI JCW Aceman E,197,98,295,39,12
경기,일반승용,BMW,MINI JCW E,191,95,286,38,11
경기,일반승용,BMW,i4 M60 LCI (71HD),233,116,349,47,14
경기,일반승용,BMW,i4 eDrive 40 LCI(21HD),244,122,366,49,15
경기,일반승용,BMW,i4 eDrive 40 LCI(61HD),256,128,384,51,15
경기,일반승용,BMW,i5 eDrive 40,262,131,393,52,16
경기,일반승용,BMW,iX1 eDrive20,212,106,318,42,13
경기,일반승용,BMW,iX1 xDrive30,192,96,288,38,11
경기,일반승용,BMW,iX2 eDrive20,214,107,321,43,13
경기,일반승용,BMW,iX3 50 xDrive,275,137,412,55,17
경기,일반승용,기아,EV3 GT,248,124,372,50,15
경기,일반승용,기아,EV3 롱레인지 2WD 17인치,555,277,832,100,30
경기,일반승용,기아,EV3 롱레인지 2WD 19인치,555,277,832,100,30
경기,일반승용,기아,EV3 롱레인지 4WD 19인치,539,269,808,100,30
경기,일반승용,기아,EV3 스탠다드 2WD,469,234,703,94,28
경기,일반승용,기아,EV4 GT,255,127,382,51,15
경기,일반승용,기아,EV4 롱레인지 2WD 17인치,555,277,832,100,30
경기,일반승용,기아,EV4 롱레인지 2WD 19인치,555,277,832,100,30
경기,일반승용,기아,EV4 롱레인지 4WD 19인치,554,277,831,100,30
경기,일반승용,기아,EV4 롱레인지 GTL 2WD 19인치,555,277,832,100,30
경기,일반승용,기아,EV4 스탠다드 2WD 17인치,512,256,768,100,30
경기,일반승용,기아,EV4 스탠다드 2WD 19인치,481,240,721,96,29
경기,일반승용,기아,EV5 GT,232,116,348,46,14
경기,일반승용,기아,EV5 롱레인지 2WD,552,276,828,100,30
경기,일반승용,기아,EV5 롱레인지 4WD 18인치,499,249,748,100,30
경기,일반승용,기아,EV5 롱레인지 4WD 19인치,493,246,739,99,30
경기,일반승용,기아,EV9 GT,245,122,367,49,15
경기,일반승용,기아,EV9 롱레인지 2WD 19인치,270,135,405,54,16
경기,일반승용,기아,EV9 롱레인지 2WD 20인치,268,134,402,54,16
경기,일반승용,기아,EV9 롱레인지 4WD 19인치,254,127,381,51,15
경기,일반승용,기아,EV9 롱레인지 4WD 21인치,260,130,390,52,16
경기,일반승용,기아,EV9 롱레인지 GTL 4WD 21인치,252,126,378,50,15
경기,일반승용,기아,EV9 스탠다드,237,118,355,47,14
경기,일반승용,기아,PV5 패신저 5인승 롱레인지,458,229,687,92,28
경기,일반승용,기아,Pv5 WAV(비용 미지원),648,324,972,100,30
경기,일반승용,기아,Pv5 WAV(비용 지원),448,224,672,90,27
경기,일반승용,기아,(단종)The all-new Kia Niro EV,489,244,733,98,29
경기,일반승용,기아,더뉴EV6 롱레인지 2WD 19인치,570,285,855,100,30
경기,일반승용,기아,더뉴EV6 롱레인지 2WD 20인치,559,279,838,100,30
경기,일반승용,기아,더뉴EV6 롱레인지 4WD 19인치,561,280,841,100,30
경기,일반승용,기아,더뉴EV6 롱레인지 4WD 20인치,532,266,798,100,30
경기,일반승용,기아,더뉴EV6 스탠다드,501,250,751,100,30
경기,경·소형,기아,레이 EV 2WD 14인치 1인승 밴,457,228,685,91,27
경기,경·소형,기아,레이 EV 2WD 14인치 2인승 밴,457,228,685,91,27
경기,경·소형,기아,레이 EV 2WD 14인치 4인승 승용,457,228,685,91,27
경기,일반승용,메르세데스벤츠코리아,EQA 250(Facelift),190,95,285,38,11
경기,일반승용,메르세데스벤츠코리아,EQB 300 4MATIC(Facelift),154,77,231,31,9
경기,일반승용,메르세데스벤츠코리아,EQB 300 4MATIC(Facelift)(CY25/2),162,81,243,32,10
경기,일반승용,볼보자동차코리아,볼보 EX30 Single Motor ER,247,123,370,49,15
경기,일반승용,볼보자동차코리아,볼보 EX30CC Twin Motor Perf,222,111,333,44,13
경기,일반승용,비와이디코리아,(단종)BYD ATTO 3,126,63,189,25,8
경기,일반승용,비와이디코리아,(단종)BYD DOLPHIN,109,54,163,22,7
경기,일반승용,비와이디코리아,(단종)BYD DOLPHIN Active,132,66,198,26,8
경기,일반승용,비와이디코리아,(단종)BYD SEAL,169,84,253,34,10
경기,일반승용,비와이디코리아,(단종)BYD SEAL Dynamic AWD,151,75,226,30,9
경기,일반승용,비와이디코리아,(단종)BYD SEALION 7,152,76,228,30,9
경기,일반승용,케이지모빌리티,토레스 EVX 18인치,354,177,531,71,21
경기,일반승용,케이지모빌리티,토레스 EVX 18인치(2026),361,180,541,72,22
경기,일반승용,케이지모빌리티,토레스 EVX 20인치,344,172,516,69,21
경기,일반승용,케이지모빌리티,토레스 EVX 20인치(2026),354,177,531,71,21
경기,일반승용,케이지모빌리티,(단종)토레스 EVX 2WD 18인치,327,163,490,65,20
경기,일반승용,케이지모빌리티,(단종)토레스 EVX 2WD 20인치,312,156,468,62,19
경기,일반승용,테슬라코리아,Model 3 Performance,200,100,300,40,12
경기,일반승용,테슬라코리아,Model 3 Premium Long Range RWD,420,210,630,84,25
경기,일반승용,테슬라코리아,Model 3 Premium Long Range RWD(5999만원),210,105,315,42,13
경기,일반승용,테슬라코리아,Model 3 RWD,168,84,252,34,10
경기,일반승용,테슬라코리아,Model 3 RWD(2025),168,84,252,34,10
경기,일반승용,테슬라코리아,Model Y L AWD,215,107,322,43,13
경기,일반승용,테슬라코리아,Model Y Long Range(2025),210,105,315,42,13
경기,일반승용,테슬라코리아,Model Y Premium Long Range,210,105,315,42,13
경기,일반승용,테슬라코리아,Model Y Premium RWD,170,85,255,34,10
경기,일반승용,테슬라코리아,Model Y RWD(2025),170,85,255,34,10
경기,일반승용,폭스바겐그룹코리아,ID.4 Pro,432,216,648,86,26
경기,일반승용,폭스바겐그룹코리아,Q4 45 e-tron,206,103,309,41,12
경기,일반승용,폭스바겐그룹코리아,Q4 Sportback 45 e-tron,206,103,309,41,12
경기,일반승용,폭스바겐그룹코리아,(단종)Q6 e-tron performance,220,110,330,44,13
경기,일반승용,폭스바겐그룹코리아,iD.5 Pro,473,236,709,95,29
경기,일반승용,현대자동차,ELECTRIFIED G80,270,135,405,54,16
경기,일반승용,현대자동차,ELECTRIFIED GV70 AWD 19인치,261,130,391,52,16
경기,일반승용,현대자동차,ELECTRIFIED GV70 AWD 20인치,245,122,367,49,15
경기,일반승용,현대자동차,GV60 스탠다드 2WD 19인치,285,142,427,57,17
경기,일반승용,현대자동차,GV60 스탠다드 AWD 19인치,272,136,408,54,16
경기,일반승용,현대자동차,GV60 스탠다드 AWD 20인치,261,130,391,52,16
경기,일반승용,현대자동차,더 뉴 아이오닉5 2WD 롱레인지 19인치,564,282,846,100,30
경기,일반승용,현대자동차,더 뉴 아이오닉5 2WD 롱레인지 19인치 빌트인 캠 미적용,567,283,850,100,30
경기,일반승용,현대자동차,더 뉴 아이오닉5 2WD 롱레인지 20인치,559,279,838,100,30
경기,일반승용,현대자동차,더 뉴 아이오닉5 2WD 롱레인지 N라인 20인치,541,270,811,100,30
경기,일반승용,현대자동차,더 뉴 아이오닉5 2WD 스탠다드 19인치,483,241,724,97,29
경기,일반승용,현대자동차,더 뉴 아이오닉5 AWD 롱레인지 19인치,558,279,837,100,30
경기,일반승용,현대자동차,더 뉴 아이오닉5 AWD 롱레인지 20인치,532,266,798,100,30
경기,일반승용,현대자동차,더 뉴 아이오닉5 AWD 롱레인지 N라인 20인치,510,255,765,100,30
경기,일반승용,현대자동차,더 뉴 아이오닉6 2WD 롱레인지 18인치,570,285,855,100,30
경기,일반승용,현대자동차,더 뉴 아이오닉6 2WD 롱레인지 20인치,570,285,855,100,30
경기,일반승용,현대자동차,더 뉴 아이오닉6 2WD 롱레인지 N라인 20인치,570,285,855,100,30
경기,일반승용,현대자동차,더 뉴 아이오닉6 2WD 스탠다드 18인치,560,280,840,100,30
경기,일반승용,현대자동차,더 뉴 아이오닉6 AWD 롱레인지 18인치,570,285,855,100,30
경기,일반승용,현대자동차,더 뉴 아이오닉6 AWD 롱레인지 20인치,553,276,829,100,30
경기,일반승용,현대자동차,더 뉴 아이오닉6 AWD 롱레인지 N라인 20인치,537,268,805,100,30
경기,일반승용,현대자동차,스타리아 라운지 일렉트릭 7인승,229,114,343,46,14
경기,일반승용,현대자동차,스타리아 리무진 일렉트릭 6인승,229,114,343,46,14
경기,일반승용,현대자동차,아이오닉6 N,250,125,375,50,15
경기,일반승용,현대자동차,아이오닉9 성능형 AWD,272,136,408,54,16
경기,일반승용,현대자동차,아이오닉9 항속형 2WD,274,137,411,55,17
경기,일반승용,현대자동차,아이오닉9 항속형 AWD,271,135,406,54,16
경기,경·소형,현대자동차,캐스퍼 일렉트릭 기본형 15인치,490,245,735,98,29
경기,경·소형,현대자동차,캐스퍼 일렉트릭 크로스 17인치,487,243,730,97,29
경기,경·소형,현대자동차,캐스퍼 일렉트릭 항속형 15인치,490,245,735,98,29
경기,경·소형,현대자동차,캐스퍼 일렉트릭 항속형 17인치(라운지포함),490,245,735,98,29
경기,일반승용,현대자동차,코나 일렉트릭 2WD 롱레인지 17인치,514,257,771,100,30
경기,일반승용,현대자동차,코나 일렉트릭 2WD 롱레인지 17인치 빌트인 캠 미적용,514,257,771,100,30
경기,일반승용,현대자동차,코나 일렉트릭 2WD 롱레인지 19인치,459,229,688,92,28
경기,일반승용,현대자동차,코나 일렉트릭 2WD 스탠다드 17인치,437,218,655,87,26
경기,일반승용,BMW,MINI Aceman E,400,200,600,80,24
경기,일반승용,BMW,MINI Aceman SE,400,200,600,80,24
경기,일반승용,BMW,MINI Cooper SE,396,198,594,79,24
경기,일반승용,BMW,MINI Countryman E,217,108,325,43,13
경기,일반승용,BMW,MINI Countryman SE ALL4,203,101,304,41,12
경기,일반승용,BMW,MINI JCW Aceman E,197,98,295,39,12
경기,일반승용,BMW,MINI JCW E,191,95,286,38,11
경기,일반승용,BMW,i4 M60 LCI (71HD),233,116,349,47,14
경기,일반승용,BMW,i4 eDrive 40 LCI(21HD),244,122,366,49,15
경기,일반승용,BMW,i4 eDrive 40 LCI(61HD),256,128,384,51,15
경기,일반승용,BMW,i5 eDrive 40,262,131,393,52,16
경기,일반승용,BMW,iX1 eDrive20,212,106,318,42,13
경기,일반승용,BMW,iX1 eDrive20(11HM),235,114,349,47,14
경기,일반승용,BMW,iX1 xDrive30,192,96,288,38,11
경기,일반승용,BMW,iX2 eDrive20,214,107,321,43,13
경기,일반승용,BMW,iX2 eDrive20(71GN),239,119,358,48,14
경기,일반승용,BMW,iX3 50 xDrive,275,137,412,55,17
경기,일반승용,기아,EV3 GT,248,124,372,50,15
경기,일반승용,기아,EV3 롱레인지 2WD 17인치,555,277,832,100,30
경기,일반승용,기아,EV3 롱레인지 2WD 19인치,555,277,832,100,30
경기,일반승용,기아,EV3 롱레인지 4WD 19인치,539,269,808,100,30
경기,일반승용,기아,EV3 스탠다드 2WD,469,234,703,94,28
경기,일반승용,기아,EV4 GT,255,127,382,51,15
경기,일반승용,기아,EV4 롱레인지 2WD 17인치,555,277,832,100,30
경기,일반승용,기아,EV4 롱레인지 2WD 19인치,555,277,832,100,30
경기,일반승용,기아,EV4 롱레인지 4WD 19인치,554,277,831,100,30
경기,일반승용,기아,EV4 롱레인지 GTL 2WD 19인치,555,277,832,100,30
경기,일반승용,기아,EV4 스탠다드 2WD 17인치,512,256,768,100,30
경기,일반승용,기아,EV4 스탠다드 2WD 19인치,481,240,721,96,29
경기,일반승용,기아,EV5 GT,232,116,348,46,14
경기,일반승용,기아,EV5 롱레인지 2WD,552,276,828,100,30
경기,일반승용,기아,EV5 롱레인지 4WD 18인치,499,249,748,100,30
경기,일반승용,기아,EV5 롱레인지 4WD 19인치,493,246,739,99,30
경기,일반승용,기아,EV9 GT,245,122,367,49,15
경기,일반승용,기아,EV9 롱레인지 2WD 19인치,270,135,405,54,16
경기,일반승용,기아,EV9 롱레인지 2WD 20인치,268,134,402,54,16
경기,일반승용,기아,EV9 롱레인지 4WD 19인치,254,127,381,51,15
경기,일반승용,기아,EV9 롱레인지 4WD 21인치,260,130,390,52,16
경기,일반승용,기아,EV9 롱레인지 GTL 4WD 21인치,252,126,378,50,15
경기,일반승용,기아,EV9 스탠다드,237,118,355,47,14
경기,일반승용,기아,PV5 패신저 5인승 롱레인지,458,229,687,92,28
경기,일반승용,기아,Pv5 WAV(비용 미지원),648,324,972,100,30
경기,일반승용,기아,Pv5 WAV(비용 지원),448,224,672,90,27
경기,일반승용,기아,(단종)The all-new Kia Niro EV,489,244,733,98,29
경기,일반승용,기아,더뉴EV6 롱레인지 2WD 19인치,570,285,855,100,30
경기,일반승용,기아,더뉴EV6 롱레인지 2WD 20인치,559,279,838,100,30
경기,일반승용,기아,더뉴EV6 롱레인지 4WD 19인치,561,280,841,100,30
경기,일반승용,기아,더뉴EV6 롱레인지 4WD 20인치,532,266,798,100,30
경기,일반승용,기아,더뉴EV6 스탠다드,501,250,751,100,30
경기,경·소형,기아,레이 EV 2WD 14인치 1인승 밴,457,228,685,91,27
경기,경·소형,기아,레이 EV 2WD 14인치 2인승 밴,457,228,685,91,27
경기,경·소형,기아,레이 EV 2WD 14인치 4인승 승용,457,228,685,91,27
경기,일반승용,메르세데스벤츠코리아,EQA 250(Facelift),190,95,285,38,11
경기,일반승용,메르세데스벤츠코리아,EQB 300 4MATIC(Facelift),154,77,231,31,9
경기,일반승용,메르세데스벤츠코리아,EQB 300 4MATIC(Facelift)(CY25/2),162,81,243,32,10
경기,일반승용,볼보자동차코리아,볼보 EX30 Single Motor ER,247,123,370,49,15
경기,일반승용,볼보자동차코리아,볼보 EX30CC Twin Motor Perf,222,111,333,44,13
경기,일반승용,비와이디코리아,(단종)BYD ATTO 3,126,63,189,25,8
경기,일반승용,비와이디코리아,(단종)BYD DOLPHIN,109,54,163,22,7
경기,일반승용,비와이디코리아,(단종)BYD DOLPHIN Active,132,66,198,26,8
경기,일반승용,비와이디코리아,(단종)BYD SEAL,169,84,253,34,10
경기,일반승용,비와이디코리아,(단종)BYD SEAL Dynamic AWD,151,75,226,30,9
경기,일반승용,비와이디코리아,(단종)BYD SEALION 7,152,76,228,30,9
경기,일반승용,케이지모빌리티,토레스 EVX 18인치,354,177,531,71,21
경기,일반승용,케이지모빌리티,토레스 EVX 18인치(2026),361,180,541,72,22
경기,일반승용,케이지모빌리티,토레스 EVX 20인치,344,172,516,69,21
경기,일반승용,케이지모빌리티,토레스 EVX 20인치(2026),354,177,531,71,21
경기,일반승용,케이지모빌리티,(단종)토레스 EVX 2WD 18인치,327,163,490,65,20
경기,일반승용,케이지모빌리티,(단종)토레스 EVX 2WD 20인치,312,156,468,62,19
경기,일반승용,테슬라코리아,Model 3 Performance,200,100,300,40,12
경기,일반승용,테슬라코리아,Model 3 Premium Long Range RWD,420,210,630,84,25
경기,일반승용,테슬라코리아,Model 3 Premium Long Range RWD(5999만원),210,105,315,42,13
경기,일반승용,테슬라코리아,Model 3 RWD,168,84,252,34,10
경기,일반승용,테슬라코리아,Model 3 RWD(2025),168,84,252,34,10
경기,일반승용,테슬라코리아,Model Y L AWD,215,105,320,43,13
경기,일반승용,테슬라코리아,Model Y Long Range(2025),210,105,315,42,13
경기,일반승용,테슬라코리아,Model Y Premium Long Range,210,105,315,42,13
경기,일반승용,테슬라코리아,Model Y Premium RWD,170,85,255,34,10
경기,일반승용,테슬라코리아,Model Y RWD(2025),170,85,255,34,10
경기,일반승용,폭스바겐그룹코리아,ID.4 Pro,432,216,648,86,26
경기,일반승용,폭스바겐그룹코리아,Q4 45 e-tron,206,103,309,41,12
경기,일반승용,폭스바겐그룹코리아,Q4 Sportback 45 e-tron,206,103,309,41,12
경기,일반승용,폭스바겐그룹코리아,(단종)Q6 e-tron performance,220,110,330,44,13
경기,일반승용,폭스바겐그룹코리아,iD.5 Pro,473,236,709,95,29
경기,일반승용,폴스타오토모티브코리아,Polestar 4 Coupe Dual Motor,168,84,252,34,10
경기,일반승용,폴스타오토모티브코리아,Polestar 4 Coupe Rear Motor,181,90,271,36,11
경기,일반승용,현대자동차,ELECTRIFIED G80,270,135,405,54,16
경기,일반승용,현대자동차,ELECTRIFIED GV70 AWD 19인치,261,130,391,52,16
경기,일반승용,현대자동차,ELECTRIFIED GV70 AWD 20인치,245,122,367,49,15
경기,일반승용,현대자동차,GV60 스탠다드 2WD 19인치,285,142,427,57,17
경기,일반승용,현대자동차,GV60 스탠다드 AWD 19인치,272,136,408,54,16
경기,일반승용,현대자동차,GV60 스탠다드 AWD 20인치,261,130,391,52,16
경기,일반승용,현대자동차,더 뉴 아이오닉5 2WD 롱레인지 19인치,564,282,846,100,30
경기,일반승용,현대자동차,더 뉴 아이오닉5 2WD 롱레인지 19인치 빌트인 캠 미적용,567,283,850,100,30
경기,일반승용,현대자동차,더 뉴 아이오닉5 2WD 롱레인지 20인치,559,279,838,100,30
경기,일반승용,현대자동차,더 뉴 아이오닉5 2WD 롱레인지 N라인 20인치,541,270,811,100,30
경기,일반승용,현대자동차,더 뉴 아이오닉5 2WD 스탠다드 19인치,483,241,724,97,29
경기,일반승용,현대자동차,더 뉴 아이오닉5 AWD 롱레인지 19인치,558,279,837,100,30
경기,일반승용,현대자동차,더 뉴 아이오닉5 AWD 롱레인지 20인치,532,266,798,100,30
경기,일반승용,현대자동차,더 뉴 아이오닉5 AWD 롱레인지 N라인 20인치,510,255,765,100,30
경기,일반승용,현대자동차,더 뉴 아이오닉6 2WD 롱레인지 18인치,570,285,855,100,30
경기,일반승용,현대자동차,더 뉴 아이오닉6 2WD 롱레인지 20인치,570,285,855,100,30
경기,일반승용,현대자동차,더 뉴 아이오닉6 2WD 롱레인지 N라인 20인치,570,285,855,100,30
경기,일반승용,현대자동차,더 뉴 아이오닉6 2WD 스탠다드 18인치,560,280,840,100,30
경기,일반승용,현대자동차,더 뉴 아이오닉6 AWD 롱레인지 18인치,570,285,855,100,30
경기,일반승용,현대자동차,더 뉴 아이오닉6 AWD 롱레인지 20인치,553,276,829,100,30
경기,일반승용,현대자동차,더 뉴 아이오닉6 AWD 롱레인지 N라인 20인치,537,268,805,100,30
경기,일반승용,현대자동차,스타리아 라운지 일렉트릭 7인승,229,114,343,46,14
경기,일반승용,현대자동차,스타리아 리무진 일렉트릭 6인승,229,114,343,46,14
경기,일반승용,현대자동차,아이오닉6 N,250,125,375,50,15
경기,일반승용,현대자동차,아이오닉9 성능형 AWD,272,136,408,54,16
경기,일반승용,현대자동차,아이오닉9 항속형 2WD,274,137,411,55,17
경기,일반승용,현대자동차,아이오닉9 항속형 AWD,271,135,406,54,16
경기,경·소형,현대자동차,캐스퍼 일렉트릭 기본형 15인치,490,245,735,98,29
경기,경·소형,현대자동차,캐스퍼 일렉트릭 크로스 17인치,487,243,730,97,29
경기,경·소형,현대자동차,캐스퍼 일렉트릭 항속형 15인치,490,245,735,98,29
경기,경·소형,현대자동차,캐스퍼 일렉트릭 항속형 17인치(라운지포함),490,245,735,98,29
경기,일반승용,현대자동차,코나 일렉트릭 2WD 롱레인지 17인치,514,257,771,100,30
경기,일반승용,현대자동차,코나 일렉트릭 2WD 롱레인지 17인치 빌트인 캠 미적용,514,257,771,100,30
경기,일반승용,현대자동차,코나 일렉트릭 2WD 롱레인지 19인치,459,229,688,92,28
경기,일반승용,현대자동차,코나 일렉트릭 2WD 스탠다드 17인치,437,218,655,87,26
경기,일반승용,BMW,MINI Aceman E,400,120,520,80,24
경기,일반승용,BMW,MINI Aceman SE,400,120,520,80,24
경기,일반승용,BMW,MINI Cooper SE,396,118,514,79,24
경기,일반승용,BMW,MINI Countryman E,217,65,282,43,13
경기,일반승용,BMW,MINI Countryman SE ALL4,203,60,263,41,12
경기,일반승용,BMW,MINI JCW Aceman E,197,59,256,39,12
경기,일반승용,BMW,MINI JCW E,191,57,248,38,11
경기,일반승용,BMW,i4 M60 LCI (71HD),233,69,302,47,14
경기,일반승용,BMW,i4 eDrive 40 LCI(21HD),244,73,317,49,15
경기,일반승용,BMW,i4 eDrive 40 LCI(61HD),256,76,332,51,15
경기,일반승용,BMW,i5 eDrive 40,262,78,340,52,16
경기,일반승용,BMW,iX1 eDrive20,212,63,275,42,13
경기,일반승용,BMW,iX1 eDrive20(11HM),235,70,305,47,14
경기,일반승용,BMW,iX1 xDrive30,192,57,249,38,11
경기,일반승용,BMW,iX2 eDrive20,214,64,278,43,13
경기,일반승용,BMW,iX2 eDrive20(71GN),239,71,310,48,14
경기,일반승용,BMW,iX3 50 xDrive,275,82,357,55,17
경기,일반승용,기아,EV3 GT,248,74,322,50,15
경기,일반승용,기아,EV3 롱레인지 2WD 17인치,555,166,721,100,30
경기,일반승용,기아,EV3 롱레인지 2WD 19인치,555,166,721,100,30
경기,일반승용,기아,EV3 롱레인지 4WD 19인치,539,161,700,100,30
경기,일반승용,기아,EV3 스탠다드 2WD,469,140,609,94,28
경기,일반승용,기아,EV4 GT,255,76,331,51,15
경기,일반승용,기아,EV4 롱레인지 2WD 17인치,555,166,721,100,30
경기,일반승용,기아,EV4 롱레인지 2WD 19인치,555,166,721,100,30
경기,일반승용,기아,EV4 롱레인지 4WD 19인치,554,166,720,100,30
경기,일반승용,기아,EV4 롱레인지 GTL 2WD 19인치,555,166,721,100,30
경기,일반승용,기아,EV4 스탠다드 2WD 17인치,512,153,665,100,30
경기,일반승용,기아,EV4 스탠다드 2WD 19인치,481,144,625,96,29
경기,일반승용,기아,EV5 GT,232,69,301,46,14
경기,일반승용,기아,EV5 롱레인지 2WD,552,165,717,100,30
경기,일반승용,기아,EV5 롱레인지 4WD 18인치,499,149,648,100,30
경기,일반승용,기아,EV5 롱레인지 4WD 19인치,493,147,640,99,30
경기,일반승용,기아,EV9 GT,245,73,318,49,15
경기,일반승용,기아,EV9 롱레인지 2WD 19인치,270,81,351,54,16
경기,일반승용,기아,EV9 롱레인지 2WD 20인치,268,80,348,54,16
경기,일반승용,기아,EV9 롱레인지 4WD 19인치,254,76,330,51,15
경기,일반승용,기아,EV9 롱레인지 4WD 21인치,260,78,338,52,16
경기,일반승용,기아,EV9 롱레인지 GTL 4WD 21인치,252,75,327,50,15
경기,일반승용,기아,EV9 스탠다드,237,71,308,47,14
경기,일반승용,기아,PV5 패신저 5인승 롱레인지,458,137,595,92,28
경기,일반승용,기아,Pv5 WAV(비용 미지원),648,194,842,100,30
경기,일반승용,기아,Pv5 WAV(비용 지원),448,134,582,90,27
경기,일반승용,기아,(단종)The all-new Kia Niro EV,489,146,635,98,29
경기,일반승용,기아,더뉴EV6 롱레인지 2WD 19인치,570,171,741,100,30
경기,일반승용,기아,더뉴EV6 롱레인지 2WD 20인치,559,167,726,100,30
경기,일반승용,기아,더뉴EV6 롱레인지 4WD 19인치,561,168,729,100,30
경기,일반승용,기아,더뉴EV6 롱레인지 4WD 20인치,532,159,691,100,30
경기,일반승용,기아,더뉴EV6 스탠다드,501,150,651,100,30
경기,경·소형,기아,레이 EV 2WD 14인치 1인승 밴,457,137,594,91,27
경기,경·소형,기아,레이 EV 2WD 14인치 2인승 밴,457,137,594,91,27
경기,경·소형,기아,레이 EV 2WD 14인치 4인승 승용,457,137,594,91,27
경기,일반승용,메르세데스벤츠코리아,EQA 250(Facelift),190,57,247,38,11
경기,일반승용,메르세데스벤츠코리아,EQB 300 4MATIC(Facelift),154,46,200,31,9
경기,일반승용,메르세데스벤츠코리아,EQB 300 4MATIC(Facelift)(CY25/2),162,48,210,32,10
경기,일반승용,볼보자동차코리아,볼보 EX30 Single Motor ER,247,74,321,49,15
경기,일반승용,볼보자동차코리아,볼보 EX30CC Twin Motor Perf,222,66,288,44,13
경기,일반승용,비와이디코리아,(단종)BYD ATTO 3,126,37,163,25,8
경기,일반승용,비와이디코리아,(단종)BYD DOLPHIN,109,32,141,22,7
경기,일반승용,비와이디코리아,(단종)BYD DOLPHIN Active,132,39,171,26,8
경기,일반승용,비와이디코리아,(단종)BYD SEAL,169,50,219,34,10
경기,일반승용,비와이디코리아,(단종)BYD SEAL Dynamic AWD,151,45,196,30,9
경기,일반승용,비와이디코리아,(단종)BYD SEALION 7,152,45,197,30,9
경기,일반승용,케이지모빌리티,토레스 EVX 18인치,354,106,460,71,21
경기,일반승용,케이지모빌리티,토레스 EVX 18인치(2026),361,108,469,72,22
경기,일반승용,케이지모빌리티,토레스 EVX 20인치,344,103,447,69,21
경기,일반승용,케이지모빌리티,토레스 EVX 20인치(2026),354,106,460,71,21
경기,일반승용,케이지모빌리티,(단종)토레스 EVX 2WD 18인치,327,98,425,65,20
경기,일반승용,케이지모빌리티,(단종)토레스 EVX 2WD 20인치,312,93,405,62,19
경기,일반승용,테슬라코리아,Model 3 Performance,200,60,260,40,12
경기,일반승용,테슬라코리아,Model 3 Premium Long Range RWD,420,126,546,84,25
경기,일반승용,테슬라코리아,Model 3 Premium Long Range RWD(5999만원),210,63,273,42,13
경기,일반승용,테슬라코리아,Model 3 RWD,168,50,218,34,10
경기,일반승용,테슬라코리아,Model 3 RWD(2025),168,50,218,34,10
경기,일반승용,테슬라코리아,Model Y L AWD,215,64,279,43,13
경기,일반승용,테슬라코리아,Model Y Long Range(2025),210,63,273,42,13
경기,일반승용,테슬라코리아,Model Y Premium Long Range,210,63,273,42,13
경기,일반승용,테슬라코리아,Model Y Premium RWD,170,51,221,34,10
경기,일반승용,테슬라코리아,Model Y RWD(2025),170,51,221,34,10
경기,일반승용,폭스바겐그룹코리아,ID.4 Pro,432,129,561,86,26
경기,일반승용,폭스바겐그룹코리아,Q4 45 e-tron,206,61,267,41,12
경기,일반승용,폭스바겐그룹코리아,Q4 Sportback 45 e-tron,206,61,267,41,12
경기,일반승용,폭스바겐그룹코리아,(단종)Q6 e-tron performance,220,66,286,44,13
경기,일반승용,폭스바겐그룹코리아,iD.5 Pro,473,141,614,95,29
경기,일반승용,폴스타오토모티브코리아,Polestar 4 Coupe Dual Motor,168,50,218,34,10
경기,일반승용,폴스타오토모티브코리아,Polestar 4 Coupe Rear Motor,181,54,235,36,11
경기,일반승용,현대자동차,ELECTRIFIED G80,270,81,351,54,16
경기,일반승용,현대자동차,ELECTRIFIED GV70 AWD 19인치,261,78,339,52,16
경기,일반승용,현대자동차,ELECTRIFIED GV70 AWD 20인치,245,73,318,49,15
경기,일반승용,현대자동차,GV60 스탠다드 2WD 19인치,285,85,370,57,17
경기,일반승용,현대자동차,GV60 스탠다드 AWD 19인치,272,81,353,54,16
경기,일반승용,현대자동차,GV60 스탠다드 AWD 20인치,261,78,339,52,16
경기,일반승용,현대자동차,더 뉴 아이오닉5 2WD 롱레인지 19인치,564,169,733,100,30
경기,일반승용,현대자동차,더 뉴 아이오닉5 2WD 롱레인지 19인치 빌트인 캠 미적용,567,170,737,100,30
경기,일반승용,현대자동차,더 뉴 아이오닉5 2WD 롱레인지 20인치,559,167,726,100,30
경기,일반승용,현대자동차,더 뉴 아이오닉5 2WD 롱레인지 N라인 20인치,541,162,703,100,30
경기,일반승용,현대자동차,더 뉴 아이오닉5 2WD 스탠다드 19인치,483,144,627,97,29
경기,일반승용,현대자동차,더 뉴 아이오닉5 AWD 롱레인지 19인치,558,167,725,100,30
경기,일반승용,현대자동차,더 뉴 아이오닉5 AWD 롱레인지 20인치,532,159,691,100,30
경기,일반승용,현대자동차,더 뉴 아이오닉5 AWD 롱레인지 N라인 20인치,510,153,663,100,30
경기,일반승용,현대자동차,더 뉴 아이오닉6 2WD 롱레인지 18인치,570,171,741,100,30
경기,일반승용,현대자동차,더 뉴 아이오닉6 2WD 롱레인지 20인치,570,171,741,100,30
경기,일반승용,현대자동차,더 뉴 아이오닉6 2WD 롱레인지 N라인 20인치,570,171,741,100,30
경기,일반승용,현대자동차,더 뉴 아이오닉6 2WD 스탠다드 18인치,560,168,728,100,30
경기,일반승용,현대자동차,더 뉴 아이오닉6 AWD 롱레인지 18인치,570,171,741,100,30
경기,일반승용,현대자동차,더 뉴 아이오닉6 AWD 롱레인지 20인치,553,165,718,100,30
경기,일반승용,현대자동차,더 뉴 아이오닉6 AWD 롱레인지 N라인 20인치,537,161,698,100,30
경기,일반승용,현대자동차,스타리아 라운지 일렉트릭 7인승,229,68,297,46,14
경기,일반승용,현대자동차,스타리아 리무진 일렉트릭 6인승,229,68,297,46,14
경기,일반승용,현대자동차,아이오닉6 N,250,75,325,50,15
경기,일반승용,현대자동차,아이오닉9 성능형 AWD,272,81,353,54,16
경기,일반승용,현대자동차,아이오닉9 항속형 2WD,274,82,356,55,17
경기,일반승용,현대자동차,아이오닉9 항속형 AWD,271,81,352,54,16
경기,경·소형,현대자동차,캐스퍼 일렉트릭 기본형 15인치,490,147,637,98,29
경기,경·소형,현대자동차,캐스퍼 일렉트릭 크로스 17인치,487,146,633,97,29
경기,경·소형,현대자동차,캐스퍼 일렉트릭 항속형 15인치,490,147,637,98,29
경기,경·소형,현대자동차,캐스퍼 일렉트릭 항속형 17인치(라운지포함),490,147,637,98,29
경기,일반승용,현대자동차,코나 일렉트릭 2WD 롱레인지 17인치,514,154,668,100,30
경기,일반승용,현대자동차,코나 일렉트릭 2WD 롱레인지 17인치 빌트인 캠 미적용,514,154,668,100,30
경기,일반승용,현대자동차,코나 일렉트릭 2WD 롱레인지 19인치,459,137,596,92,28
경기,일반승용,현대자동차,코나 일렉트릭 2WD 스탠다드 17인치,437,131,568,87,26
경기,일반승용,BMW,MINI Aceman E,400,186,586,80,24
경기,일반승용,BMW,MINI Aceman SE,400,186,586,80,24
경기,일반승용,BMW,MINI Cooper SE,396,184,580,79,24
경기,일반승용,BMW,MINI Countryman E,217,101,318,43,13
경기,일반승용,BMW,MINI Countryman SE ALL4,203,94,297,41,12
경기,일반승용,BMW,MINI JCW Aceman E,197,91,288,39,12
경기,일반승용,BMW,MINI JCW E,191,89,280,38,11
경기,일반승용,BMW,i4 M60 LCI (71HD),233,108,341,47,14
경기,일반승용,BMW,i4 eDrive 40 LCI(21HD),244,113,357,49,15
경기,일반승용,BMW,i4 eDrive 40 LCI(61HD),256,119,375,51,15
경기,일반승용,BMW,i5 eDrive 40,262,122,384,52,16
경기,일반승용,BMW,iX1 eDrive20,212,98,310,42,13
경기,일반승용,BMW,iX1 eDrive20(11HM),235,109,344,47,14
경기,일반승용,BMW,iX1 xDrive30,192,89,281,38,11
경기,일반승용,BMW,iX2 eDrive20,214,99,313,43,13
경기,일반승용,BMW,iX2 eDrive20(71GN),239,111,350,48,14
경기,일반승용,BMW,iX3 50 xDrive,275,128,403,55,17
경기,일반승용,기아,EV3 GT,248,115,363,50,15
경기,일반승용,기아,EV3 롱레인지 2WD 17인치,555,259,814,100,30
경기,일반승용,기아,EV3 롱레인지 2WD 19인치,555,259,814,100,30
경기,일반승용,기아,EV3 롱레인지 4WD 19인치,539,251,790,100,30
경기,일반승용,기아,EV3 스탠다드 2WD,469,218,687,94,28
경기,일반승용,기아,EV4 GT,255,119,374,51,15
경기,일반승용,기아,EV4 롱레인지 2WD 17인치,555,259,814,100,30
경기,일반승용,기아,EV4 롱레인지 2WD 19인치,555,259,814,100,30
경기,일반승용,기아,EV4 롱레인지 4WD 19인치,554,258,812,100,30
경기,일반승용,기아,EV4 롱레인지 GTL 2WD 19인치,555,259,814,100,30
경기,일반승용,기아,EV4 스탠다드 2WD 17인치,512,238,750,100,30
경기,일반승용,기아,EV4 스탠다드 2WD 19인치,481,224,705,96,29
경기,일반승용,기아,EV5 GT,232,108,340,46,14
경기,일반승용,기아,EV5 롱레인지 2WD,552,257,809,100,30
경기,일반승용,기아,EV5 롱레인지 4WD 18인치,499,232,731,100,30
경기,일반승용,기아,EV5 롱레인지 4WD 19인치,493,230,723,99,30
경기,일반승용,기아,EV9 GT,245,114,359,49,15
경기,일반승용,기아,EV9 롱레인지 2WD 19인치,270,126,396,54,16
경기,일반승용,기아,EV9 롱레인지 2WD 20인치,268,125,393,54,16
경기,일반승용,기아,EV9 롱레인지 4WD 19인치,254,118,372,51,15
경기,일반승용,기아,EV9 롱레인지 4WD 21인치,260,121,381,52,16
경기,일반승용,기아,EV9 롱레인지 GTL 4WD 21인치,252,117,369,50,15
경기,일반승용,기아,EV9 스탠다드,237,110,347,47,14
경기,일반승용,기아,PV5 패신저 5인승 롱레인지,458,213,671,92,28
경기,일반승용,기아,Pv5 WAV(비용 미지원),648,302,950,100,30
경기,일반승용,기아,Pv5 WAV(비용 지원),448,209,657,90,27
경기,일반승용,기아,(단종)The all-new Kia Niro EV,489,228,717,98,29
경기,일반승용,기아,더뉴EV6 롱레인지 2WD 19인치,570,266,836,100,30
경기,일반승용,기아,더뉴EV6 롱레인지 2WD 20인치,559,260,819,100,30
경기,일반승용,기아,더뉴EV6 롱레인지 4WD 19인치,561,261,822,100,30
경기,일반승용,기아,더뉴EV6 롱레인지 4WD 20인치,532,248,780,100,30
경기,일반승용,기아,더뉴EV6 스탠다드,501,233,734,100,30
경기,경·소형,기아,레이 EV 2WD 14인치 1인승 밴,457,213,670,91,27
경기,경·소형,기아,레이 EV 2WD 14인치 2인승 밴,457,213,670,91,27
경기,경·소형,기아,레이 EV 2WD 14인치 4인승 승용,457,213,670,91,27
경기,일반승용,메르세데스벤츠코리아,EQA 250(Facelift),190,88,278,38,11
경기,일반승용,메르세데스벤츠코리아,EQB 300 4MATIC(Facelift),154,71,225,31,9
경기,일반승용,메르세데스벤츠코리아,EQB 300 4MATIC(Facelift)(CY25/2),162,75,237,32,10
경기,일반승용,볼보자동차코리아,볼보 EX30 Single Motor ER,247,115,362,49,15
경기,일반승용,볼보자동차코리아,볼보 EX30CC Twin Motor Perf,222,103,325,44,13
경기,일반승용,비와이디코리아,(단종)BYD ATTO 3,126,58,184,25,8
경기,일반승용,비와이디코리아,(단종)BYD DOLPHIN,109,50,159,22,7
경기,일반승용,비와이디코리아,(단종)BYD DOLPHIN Active,132,61,193,26,8
경기,일반승용,비와이디코리아,(단종)BYD SEAL,169,78,247,34,10
경기,일반승용,비와이디코리아,(단종)BYD SEAL Dynamic AWD,151,70,221,30,9
경기,일반승용,비와이디코리아,(단종)BYD SEALION 7,152,70,222,30,9
경기,일반승용,케이지모빌리티,토레스 EVX 18인치,354,165,519,71,21
경기,일반승용,케이지모빌리티,토레스 EVX 18인치(2026),361,168,529,72,22
경기,일반승용,케이지모빌리티,토레스 EVX 20인치,344,160,504,69,21
경기,일반승용,케이지모빌리티,토레스 EVX 20인치(2026),354,165,519,71,21
경기,일반승용,케이지모빌리티,(단종)토레스 EVX 2WD 18인치,327,152,479,65,20
경기,일반승용,케이지모빌리티,(단종)토레스 EVX 2WD 20인치,312,145,457,62,19
경기,일반승용,테슬라코리아,Model 3 Performance,200,93,293,40,12
경기,일반승용,테슬라코리아,Model 3 Premium Long Range RWD,420,196,616,84,25
경기,일반승용,테슬라코리아,Model 3 Premium Long Range RWD(5999만원),210,98,308,42,13
경기,일반승용,테슬라코리아,Model 3 RWD,168,78,246,34,10
경기,일반승용,테슬라코리아,Model 3 RWD(2025),168,78,246,34,10
경기,일반승용,테슬라코리아,Model Y L AWD,215,100,315,43,13
경기,일반승용,테슬라코리아,Model Y Long Range(2025),210,98,308,42,13
경기,일반승용,테슬라코리아,Model Y Premium Long Range,210,98,308,42,13
경기,일반승용,테슬라코리아,Model Y Premium RWD,170,79,249,34,10
경기,일반승용,테슬라코리아,Model Y RWD(2025),170,79,249,34,10
경기,일반승용,폭스바겐그룹코리아,ID.4 Pro,432,201,633,86,26
경기,일반승용,폭스바겐그룹코리아,Q4 45 e-tron,206,96,302,41,12
경기,일반승용,폭스바겐그룹코리아,Q4 Sportback 45 e-tron,206,96,302,41,12
경기,일반승용,폭스바겐그룹코리아,(단종)Q6 e-tron performance,220,102,322,44,13
경기,일반승용,폭스바겐그룹코리아,iD.5 Pro,473,220,693,95,29
경기,일반승용,폴스타오토모티브코리아,Polestar 4 Coupe Dual Motor,168,78,246,34,10
경기,일반승용,폴스타오토모티브코리아,Polestar 4 Coupe Rear Motor,181,84,265,36,11
경기,일반승용,현대자동차,ELECTRIFIED G80,270,126,396,54,16
경기,일반승용,현대자동차,ELECTRIFIED GV70 AWD 19인치,261,121,382,52,16
경기,일반승용,현대자동차,ELECTRIFIED GV70 AWD 20인치,245,114,359,49,15
경기,일반승용,현대자동차,GV60 스탠다드 2WD 19인치,285,133,418,57,17
경기,일반승용,현대자동차,GV60 스탠다드 AWD 19인치,272,126,398,54,16
경기,일반승용,현대자동차,GV60 스탠다드 AWD 20인치,261,121,382,52,16
경기,일반승용,현대자동차,더 뉴 아이오닉5 2WD 롱레인지 19인치,564,263,827,100,30
경기,일반승용,현대자동차,더 뉴 아이오닉5 2WD 롱레인지 19인치 빌트인 캠 미적용,567,264,831,100,30
경기,일반승용,현대자동차,더 뉴 아이오닉5 2WD 롱레인지 20인치,559,260,819,100,30
경기,일반승용,현대자동차,더 뉴 아이오닉5 2WD 롱레인지 N라인 20인치,541,252,793,100,30
경기,일반승용,현대자동차,더 뉴 아이오닉5 2WD 스탠다드 19인치,483,225,708,97,29
경기,일반승용,현대자동차,더 뉴 아이오닉5 AWD 롱레인지 19인치,558,260,818,100,30
경기,일반승용,현대자동차,더 뉴 아이오닉5 AWD 롱레인지 20인치,532,248,780,100,30
경기,일반승용,현대자동차,더 뉴 아이오닉5 AWD 롱레인지 N라인 20인치,510,238,748,100,30
경기,일반승용,현대자동차,더 뉴 아이오닉6 2WD 롱레인지 18인치,570,266,836,100,30
경기,일반승용,현대자동차,더 뉴 아이오닉6 2WD 롱레인지 20인치,570,266,836,100,30
경기,일반승용,현대자동차,더 뉴 아이오닉6 2WD 롱레인지 N라인 20인치,570,266,836,100,30
경기,일반승용,현대자동차,더 뉴 아이오닉6 2WD 스탠다드 18인치,560,261,821,100,30
경기,일반승용,현대자동차,더 뉴 아이오닉6 AWD 롱레인지 18인치,570,266,836,100,30
경기,일반승용,현대자동차,더 뉴 아이오닉6 AWD 롱레인지 20인치,553,258,811,100,30
경기,일반승용,현대자동차,더 뉴 아이오닉6 AWD 롱레인지 N라인 20인치,537,250,787,100,30
경기,일반승용,현대자동차,스타리아 라운지 일렉트릭 7인승,229,106,335,46,14
경기,일반승용,현대자동차,스타리아 리무진 일렉트릭 6인승,229,106,335,46,14
경기,일반승용,현대자동차,아이오닉6 N,250,116,366,50,15
경기,일반승용,현대자동차,아이오닉9 성능형 AWD,272,126,398,54,16
경기,일반승용,현대자동차,아이오닉9 항속형 2WD,274,127,401,55,17
경기,일반승용,현대자동차,아이오닉9 항속형 AWD,271,126,397,54,16
경기,경·소형,현대자동차,캐스퍼 일렉트릭 기본형 15인치,490,228,718,98,29
경기,경·소형,현대자동차,캐스퍼 일렉트릭 크로스 17인치,487,227,714,97,29
경기,경·소형,현대자동차,캐스퍼 일렉트릭 항속형 15인치,490,228,718,98,29
경기,경·소형,현대자동차,캐스퍼 일렉트릭 항속형 17인치(라운지포함),490,228,718,98,29
경기,일반승용,현대자동차,코나 일렉트릭 2WD 롱레인지 17인치,514,239,753,100,30
경기,일반승용,현대자동차,코나 일렉트릭 2WD 롱레인지 17인치 빌트인 캠 미적용,514,239,753,100,30
경기,일반승용,현대자동차,코나 일렉트릭 2WD 롱레인지 19인치,459,214,673,92,28
경기,일반승용,현대자동차,코나 일렉트릭 2WD 스탠다드 17인치,437,203,640,87,26
경기,일반승용,BMW,MINI Aceman E,400,160,560,80,24
경기,일반승용,BMW,MINI Aceman SE,400,160,560,80,24
경기,일반승용,BMW,MINI Cooper SE,396,158,554,79,24
경기,일반승용,BMW,MINI Countryman E,217,86,303,43,13
경기,일반승용,BMW,MINI Countryman SE ALL4,203,81,284,41,12
경기,일반승용,BMW,MINI JCW Aceman E,197,78,275,39,12
경기,일반승용,BMW,MINI JCW E,191,76,267,38,11
경기,일반승용,BMW,i4 M60 LCI (71HD),233,93,326,47,14
경기,일반승용,BMW,i4 eDrive 40 LCI(21HD),244,97,341,49,15
경기,일반승용,BMW,i4 eDrive 40 LCI(61HD),256,102,358,51,15
경기,일반승용,BMW,i5 eDrive 40,262,104,366,52,16
경기,일반승용,BMW,iX1 eDrive20,212,84,296,42,13
경기,일반승용,BMW,iX1 eDrive20(11HM),235,0,235,47,14
경기,일반승용,BMW,iX1 xDrive30,192,76,268,38,11
경기,일반승용,BMW,iX2 eDrive20,214,85,299,43,13
경기,일반승용,BMW,iX2 eDrive20(71GN),239,0,239,48,14
경기,일반승용,BMW,iX3 50 xDrive,275,110,385,55,17
경기,일반승용,기아,EV3 GT,248,99,347,50,15
경기,일반승용,기아,EV3 롱레인지 2WD 17인치,555,222,777,100,30
경기,일반승용,기아,EV3 롱레인지 2WD 19인치,555,222,777,100,30
경기,일반승용,기아,EV3 롱레인지 4WD 19인치,539,215,754,100,30
경기,일반승용,기아,EV3 스탠다드 2WD,469,187,656,94,28
경기,일반승용,기아,EV4 GT,255,102,357,51,15
경기,일반승용,기아,EV4 롱레인지 2WD 17인치,555,222,777,100,30
경기,일반승용,기아,EV4 롱레인지 2WD 19인치,555,222,777,100,30
경기,일반승용,기아,EV4 롱레인지 4WD 19인치,554,221,775,100,30
경기,일반승용,기아,EV4 롱레인지 GTL 2WD 19인치,555,222,777,100,30
경기,일반승용,기아,EV4 스탠다드 2WD 17인치,512,204,716,100,30
경기,일반승용,기아,EV4 스탠다드 2WD 19인치,481,192,673,96,29
경기,일반승용,기아,EV5 GT,232,92,324,46,14
경기,일반승용,기아,EV5 롱레인지 2WD,552,220,772,100,30
경기,일반승용,기아,EV5 롱레인지 4WD 18인치,499,199,698,100,30
경기,일반승용,기아,EV5 롱레인지 4WD 19인치,493,197,690,99,30
경기,일반승용,기아,EV9 GT,245,98,343,49,15
경기,일반승용,기아,EV9 롱레인지 2WD 19인치,270,108,378,54,16
경기,일반승용,기아,EV9 롱레인지 2WD 20인치,268,107,375,54,16
경기,일반승용,기아,EV9 롱레인지 4WD 19인치,254,101,355,51,15
경기,일반승용,기아,EV9 롱레인지 4WD 21인치,260,104,364,52,16
경기,일반승용,기아,EV9 롱레인지 GTL 4WD 21인치,252,100,352,50,15
경기,일반승용,기아,EV9 스탠다드,237,94,331,47,14
경기,일반승용,기아,PV5 패신저 5인승 롱레인지,458,183,641,92,28
경기,일반승용,기아,Pv5 WAV(비용 미지원),648,259,907,100,30
경기,일반승용,기아,Pv5 WAV(비용 지원),448,179,627,90,27
경기,일반승용,기아,(단종)The all-new Kia Niro EV,489,195,684,98,29
경기,일반승용,기아,더뉴EV6 롱레인지 2WD 19인치,570,228,798,100,30
경기,일반승용,기아,더뉴EV6 롱레인지 2WD 20인치,559,223,782,100,30
경기,일반승용,기아,더뉴EV6 롱레인지 4WD 19인치,561,224,785,100,30
경기,일반승용,기아,더뉴EV6 롱레인지 4WD 20인치,532,212,744,100,30
경기,일반승용,기아,더뉴EV6 스탠다드,501,200,701,100,30
경기,경·소형,기아,레이 EV 2WD 14인치 1인승 밴,457,182,639,91,27
경기,경·소형,기아,레이 EV 2WD 14인치 2인승 밴,457,182,639,91,27
경기,경·소형,기아,레이 EV 2WD 14인치 4인승 승용,457,182,639,91,27
경기,일반승용,메르세데스벤츠코리아,EQA 250(Facelift),190,76,266,38,11
경기,일반승용,메르세데스벤츠코리아,EQB 300 4MATIC(Facelift),154,61,215,31,9
경기,일반승용,메르세데스벤츠코리아,EQB 300 4MATIC(Facelift)(CY25/2),162,64,226,32,10
경기,일반승용,볼보자동차코리아,볼보 EX30 Single Motor ER,247,98,345,49,15
경기,일반승용,볼보자동차코리아,볼보 EX30CC Twin Motor Perf,222,88,310,44,13
경기,일반승용,비와이디코리아,(단종)BYD ATTO 3,126,50,176,25,8
경기,일반승용,비와이디코리아,(단종)BYD DOLPHIN,109,43,152,22,7
경기,일반승용,비와이디코리아,(단종)BYD DOLPHIN Active,132,52,184,26,8
경기,일반승용,비와이디코리아,(단종)BYD SEAL,169,67,236,34,10
경기,일반승용,비와이디코리아,(단종)BYD SEAL Dynamic AWD,151,60,211,30,9
경기,일반승용,비와이디코리아,(단종)BYD SEALION 7,152,60,212,30,9
경기,일반승용,케이지모빌리티,토레스 EVX 18인치,354,141,495,71,21
경기,일반승용,케이지모빌리티,토레스 EVX 18인치(2026),361,144,505,72,22
경기,일반승용,케이지모빌리티,토레스 EVX 20인치,344,137,481,69,21
경기,일반승용,케이지모빌리티,토레스 EVX 20인치(2026),354,141,495,71,21
경기,일반승용,케이지모빌리티,(단종)토레스 EVX 2WD 18인치,327,130,457,65,20
경기,일반승용,케이지모빌리티,(단종)토레스 EVX 2WD 20인치,312,124,436,62,19
경기,일반승용,테슬라코리아,Model 3 Performance,200,80,280,40,12
경기,일반승용,테슬라코리아,Model 3 Premium Long Range RWD,420,168,588,84,25
경기,일반승용,테슬라코리아,Model 3 Premium Long Range RWD(5999만원),210,0,210,42,13
경기,일반승용,테슬라코리아,Model 3 RWD,168,67,235,34,10
경기,일반승용,테슬라코리아,Model 3 RWD(2025),168,67,235,34,10
경기,일반승용,테슬라코리아,Model Y L AWD,215,84,299,43,13
경기,일반승용,테슬라코리아,Model Y Long Range(2025),210,84,294,42,13
경기,일반승용,테슬라코리아,Model Y Premium Long Range,210,84,294,42,13
경기,일반승용,테슬라코리아,Model Y Premium RWD,170,68,238,34,10
경기,일반승용,테슬라코리아,Model Y RWD(2025),170,68,238,34,10
경기,일반승용,폭스바겐그룹코리아,ID.4 Pro,432,172,604,86,26
경기,일반승용,폭스바겐그룹코리아,Q4 45 e-tron,206,82,288,41,12
경기,일반승용,폭스바겐그룹코리아,Q4 Sportback 45 e-tron,206,82,288,41,12
경기,일반승용,폭스바겐그룹코리아,(단종)Q6 e-tron performance,220,88,308,44,13
경기,일반승용,폭스바겐그룹코리아,iD.5 Pro,473,0,473,95,29
경기,일반승용,폴스타오토모티브코리아,Polestar 4 Coupe Dual Motor,168,0,168,34,10
경기,일반승용,폴스타오토모티브코리아,Polestar 4 Coupe Rear Motor,181,0,181,36,11
경기,일반승용,현대자동차,ELECTRIFIED G80,270,108,378,54,16
경기,일반승용,현대자동차,ELECTRIFIED GV70 AWD 19인치,261,104,365,52,16
경기,일반승용,현대자동차,ELECTRIFIED GV70 AWD 20인치,245,98,343,49,15
경기,일반승용,현대자동차,GV60 스탠다드 2WD 19인치,285,114,399,57,17
경기,일반승용,현대자동차,GV60 스탠다드 AWD 19인치,272,108,380,54,16
경기,일반승용,현대자동차,GV60 스탠다드 AWD 20인치,261,104,365,52,16
경기,일반승용,현대자동차,더 뉴 아이오닉5 2WD 롱레인지 19인치,564,225,789,100,30
경기,일반승용,현대자동차,더 뉴 아이오닉5 2WD 롱레인지 19인치 빌트인 캠 미적용,567,226,793,100,30
경기,일반승용,현대자동차,더 뉴 아이오닉5 2WD 롱레인지 20인치,559,223,782,100,30
경기,일반승용,현대자동차,더 뉴 아이오닉5 2WD 롱레인지 N라인 20인치,541,216,757,100,30
경기,일반승용,현대자동차,더 뉴 아이오닉5 2WD 스탠다드 19인치,483,193,676,97,29
경기,일반승용,현대자동차,더 뉴 아이오닉5 AWD 롱레인지 19인치,558,223,781,100,30
경기,일반승용,현대자동차,더 뉴 아이오닉5 AWD 롱레인지 20인치,532,212,744,100,30
경기,일반승용,현대자동차,더 뉴 아이오닉5 AWD 롱레인지 N라인 20인치,510,204,714,100,30
경기,일반승용,현대자동차,더 뉴 아이오닉6 2WD 롱레인지 18인치,570,228,798,100,30
경기,일반승용,현대자동차,더 뉴 아이오닉6 2WD 롱레인지 20인치,570,228,798,100,30
경기,일반승용,현대자동차,더 뉴 아이오닉6 2WD 롱레인지 N라인 20인치,570,228,798,100,30
경기,일반승용,현대자동차,더 뉴 아이오닉6 2WD 스탠다드 18인치,560,224,784,100,30
경기,일반승용,현대자동차,더 뉴 아이오닉6 AWD 롱레인지 18인치,570,228,798,100,30
경기,일반승용,현대자동차,더 뉴 아이오닉6 AWD 롱레인지 20인치,553,221,774,100,30
경기,일반승용,현대자동차,더 뉴 아이오닉6 AWD 롱레인지 N라인 20인치,537,214,751,100,30
경기,일반승용,현대자동차,스타리아 라운지 일렉트릭 7인승,229,91,320,46,14
경기,일반승용,현대자동차,스타리아 리무진 일렉트릭 6인승,229,91,320,46,14
경기,일반승용,현대자동차,아이오닉6 N,250,100,350,50,15
경기,일반승용,현대자동차,아이오닉9 성능형 AWD,272,108,380,54,16
경기,일반승용,현대자동차,아이오닉9 항속형 2WD,274,109,383,55,17
경기,일반승용,현대자동차,아이오닉9 항속형 AWD,271,108,379,54,16
경기,경·소형,현대자동차,캐스퍼 일렉트릭 기본형 15인치,490,196,686,98,29
경기,경·소형,현대자동차,캐스퍼 일렉트릭 크로스 17인치,487,194,681,97,29
경기,경·소형,현대자동차,캐스퍼 일렉트릭 항속형 15인치,490,196,686,98,29
경기,경·소형,현대자동차,캐스퍼 일렉트릭 항속형 17인치(라운지포함),490,196,686,98,29
경기,일반승용,현대자동차,코나 일렉트릭 2WD 롱레인지 17인치,514,205,719,100,30
경기,일반승용,현대자동차,코나 일렉트릭 2WD 롱레인지 17인치 빌트인 캠 미적용,514,205,719,100,30
경기,일반승용,현대자동차,코나 일렉트릭 2WD 롱레인지 19인치,459,183,642,92,28
경기,일반승용,현대자동차,코나 일렉트릭 2WD 스탠다드 17인치,437,174,611,87,26
경기,일반승용,BMW,MINI Aceman E,400,193,593,80,24
경기,일반승용,BMW,MINI Aceman SE,400,193,593,80,24
경기,일반승용,BMW,MINI Cooper SE,396,191,587,79,24
경기,일반승용,BMW,MINI Countryman E,217,104,321,43,13
경기,일반승용,BMW,MINI Countryman SE ALL4,203,98,301,41,12
경기,일반승용,BMW,MINI JCW Aceman E,197,95,292,39,12
경기,일반승용,BMW,MINI JCW E,191,92,283,38,11
경기,일반승용,BMW,i4 M60 LCI (71HD),233,112,345,47,14
경기,일반승용,BMW,i4 eDrive 40 LCI(21HD),244,117,361,49,15
경기,일반승용,BMW,i4 eDrive 40 LCI(61HD),256,123,379,51,15
경기,일반승용,BMW,i5 eDrive 40,262,126,388,52,16
경기,일반승용,BMW,iX1 eDrive20,212,102,314,42,13
경기,일반승용,BMW,iX1 eDrive20(11HM),235,113,348,47,14
경기,일반승용,BMW,iX1 xDrive30,192,92,284,38,11
경기,일반승용,BMW,iX2 eDrive20,214,103,317,43,13
경기,일반승용,BMW,iX2 eDrive20(71GN),239,115,354,48,14
경기,일반승용,BMW,iX3 50 xDrive,275,132,407,55,17
경기,일반승용,기아,EV3 GT,248,119,367,50,15
경기,일반승용,기아,EV3 롱레인지 2WD 17인치,555,268,823,100,30
경기,일반승용,기아,EV3 롱레인지 2WD 19인치,555,268,823,100,30
경기,일반승용,기아,EV3 롱레인지 4WD 19인치,539,260,799,100,30
경기,일반승용,기아,EV3 스탠다드 2WD,469,226,695,94,28
경기,일반승용,기아,EV4 GT,255,123,378,51,15
경기,일반승용,기아,EV4 롱레인지 2WD 17인치,555,268,823,100,30
경기,일반승용,기아,EV4 롱레인지 2WD 19인치,555,268,823,100,30
경기,일반승용,기아,EV4 롱레인지 4WD 19인치,554,267,821,100,30
경기,일반승용,기아,EV4 롱레인지 GTL 2WD 19인치,555,268,823,100,30
경기,일반승용,기아,EV4 스탠다드 2WD 17인치,512,247,759,100,30
경기,일반승용,기아,EV4 스탠다드 2WD 19인치,481,232,713,96,29
경기,일반승용,기아,EV5 GT,232,112,344,46,14
경기,일반승용,기아,EV5 롱레인지 2WD,552,266,818,100,30
경기,일반승용,기아,EV5 롱레인지 4WD 18인치,499,241,740,100,30
경기,일반승용,기아,EV5 롱레인지 4WD 19인치,493,238,731,99,30
경기,일반승용,기아,EV9 GT,245,118,363,49,15
경기,일반승용,기아,EV9 롱레인지 2WD 19인치,270,130,400,54,16
경기,일반승용,기아,EV9 롱레인지 2WD 20인치,268,129,397,54,16
경기,일반승용,기아,EV9 롱레인지 4WD 19인치,254,122,376,51,15
경기,일반승용,기아,EV9 롱레인지 4WD 21인치,260,125,385,52,16
경기,일반승용,기아,EV9 롱레인지 GTL 4WD 21인치,252,121,373,50,15
경기,일반승용,기아,EV9 스탠다드,237,114,351,47,14
경기,일반승용,기아,PV5 패신저 5인승 롱레인지,458,221,679,92,28
경기,일반승용,기아,Pv5 WAV(비용 미지원),648,313,961,100,30
경기,일반승용,기아,Pv5 WAV(비용 지원),448,216,664,90,27
경기,일반승용,기아,(단종)The all-new Kia Niro EV,489,236,725,98,29
경기,일반승용,기아,더뉴EV6 롱레인지 2WD 19인치,570,275,845,100,30
경기,일반승용,기아,더뉴EV6 롱레인지 2WD 20인치,559,270,829,100,30
경기,일반승용,기아,더뉴EV6 롱레인지 4WD 19인치,561,271,832,100,30
경기,일반승용,기아,더뉴EV6 롱레인지 4WD 20인치,532,257,789,100,30
경기,일반승용,기아,더뉴EV6 스탠다드,501,242,743,100,30
경기,경·소형,기아,레이 EV 2WD 14인치 1인승 밴,457,220,677,91,27
경기,경·소형,기아,레이 EV 2WD 14인치 2인승 밴,457,220,677,91,27
경기,경·소형,기아,레이 EV 2WD 14인치 4인승 승용,457,220,677,91,27
경기,일반승용,메르세데스벤츠코리아,EQA 250(Facelift),190,91,281,38,11
경기,일반승용,메르세데스벤츠코리아,EQB 300 4MATIC(Facelift),154,74,228,31,9
경기,일반승용,메르세데스벤츠코리아,EQB 300 4MATIC(Facelift)(CY25/2),162,78,240,32,10
경기,일반승용,볼보자동차코리아,볼보 EX30 Single Motor ER,247,119,366,49,15
경기,일반승용,볼보자동차코리아,볼보 EX30CC Twin Motor Perf,222,107,329,44,13
경기,일반승용,비와이디코리아,(단종)BYD ATTO 3,126,60,186,25,8
경기,일반승용,비와이디코리아,(단종)BYD DOLPHIN,109,52,161,22,7
경기,일반승용,비와이디코리아,(단종)BYD DOLPHIN Active,132,63,195,26,8
경기,일반승용,비와이디코리아,(단종)BYD SEAL,169,81,250,34,10
경기,일반승용,비와이디코리아,(단종)BYD SEAL Dynamic AWD,151,72,223,30,9
경기,일반승용,비와이디코리아,(단종)BYD SEALION 7,152,73,225,30,9
경기,일반승용,케이지모빌리티,토레스 EVX 18인치,354,171,525,71,21
경기,일반승용,케이지모빌리티,토레스 EVX 18인치(2026),361,174,535,72,22
경기,일반승용,케이지모빌리티,토레스 EVX 20인치,344,166,510,69,21
경기,일반승용,케이지모빌리티,토레스 EVX 20인치(2026),354,171,525,71,21
경기,일반승용,케이지모빌리티,(단종)토레스 EVX 2WD 18인치,327,158,485,65,20
경기,일반승용,케이지모빌리티,(단종)토레스 EVX 2WD 20인치,312,150,462,62,19
경기,일반승용,테슬라코리아,Model 3 Performance,200,96,296,40,12
경기,일반승용,테슬라코리아,Model 3 Premium Long Range RWD,420,203,623,84,25
경기,일반승용,테슬라코리아,Model 3 Premium Long Range RWD(5999만원),210,101,311,42,13
경기,일반승용,테슬라코리아,Model 3 RWD,168,81,249,34,10
경기,일반승용,테슬라코리아,Model 3 RWD(2025),168,81,249,34,10
경기,일반승용,테슬라코리아,Model Y L AWD,215,103,318,43,13
경기,일반승용,테슬라코리아,Model Y Long Range(2025),210,101,311,42,13
경기,일반승용,테슬라코리아,Model Y Premium Long Range,210,101,311,42,13
경기,일반승용,테슬라코리아,Model Y Premium RWD,170,82,252,34,10
경기,일반승용,테슬라코리아,Model Y RWD(2025),170,82,252,34,10
경기,일반승용,폭스바겐그룹코리아,ID.4 Pro,432,208,640,86,26
경기,일반승용,폭스바겐그룹코리아,Q4 45 e-tron,206,99,305,41,12
경기,일반승용,폭스바겐그룹코리아,Q4 Sportback 45 e-tron,206,99,305,41,12
경기,일반승용,폭스바겐그룹코리아,(단종)Q6 e-tron performance,220,106,326,44,13
경기,일반승용,폭스바겐그룹코리아,iD.5 Pro,473,228,701,95,29
경기,일반승용,폴스타오토모티브코리아,Polestar 4 Coupe Dual Motor,168,81,249,34,10
경기,일반승용,폴스타오토모티브코리아,Polestar 4 Coupe Rear Motor,181,87,268,36,11
경기,일반승용,현대자동차,ELECTRIFIED G80,270,130,400,54,16
경기,일반승용,현대자동차,ELECTRIFIED GV70 AWD 19인치,261,126,387,52,16
경기,일반승용,현대자동차,ELECTRIFIED GV70 AWD 20인치,245,118,363,49,15
경기,일반승용,현대자동차,GV60 스탠다드 2WD 19인치,285,137,422,57,17
경기,일반승용,현대자동차,GV60 스탠다드 AWD 19인치,272,131,403,54,16
경기,일반승용,현대자동차,GV60 스탠다드 AWD 20인치,261,126,387,52,16
경기,일반승용,현대자동차,더 뉴 아이오닉5 2WD 롱레인지 19인치,564,272,836,100,30
경기,일반승용,현대자동차,더 뉴 아이오닉5 2WD 롱레인지 19인치 빌트인 캠 미적용,567,274,841,100,30
경기,일반승용,현대자동차,더 뉴 아이오닉5 2WD 롱레인지 20인치,559,270,829,100,30
경기,일반승용,현대자동차,더 뉴 아이오닉5 2WD 롱레인지 N라인 20인치,541,261,802,100,30
경기,일반승용,현대자동차,더 뉴 아이오닉5 2WD 스탠다드 19인치,483,233,716,97,29
경기,일반승용,현대자동차,더 뉴 아이오닉5 AWD 롱레인지 19인치,558,269,827,100,30
경기,일반승용,현대자동차,더 뉴 아이오닉5 AWD 롱레인지 20인치,532,257,789,100,30
경기,일반승용,현대자동차,더 뉴 아이오닉5 AWD 롱레인지 N라인 20인치,510,246,756,100,30
경기,일반승용,현대자동차,더 뉴 아이오닉6 2WD 롱레인지 18인치,570,275,845,100,30
경기,일반승용,현대자동차,더 뉴 아이오닉6 2WD 롱레인지 20인치,570,275,845,100,30
경기,일반승용,현대자동차,더 뉴 아이오닉6 2WD 롱레인지 N라인 20인치,570,275,845,100,30
경기,일반승용,현대자동차,더 뉴 아이오닉6 2WD 스탠다드 18인치,560,270,830,100,30
경기,일반승용,현대자동차,더 뉴 아이오닉6 AWD 롱레인지 18인치,570,275,845,100,30
경기,일반승용,현대자동차,더 뉴 아이오닉6 AWD 롱레인지 20인치,553,267,820,100,30
경기,일반승용,현대자동차,더 뉴 아이오닉6 AWD 롱레인지 N라인 20인치,537,259,796,100,30
경기,일반승용,현대자동차,스타리아 라운지 일렉트릭 7인승,229,110,339,46,14
경기,일반승용,현대자동차,스타리아 리무진 일렉트릭 6인승,229,110,339,46,14
경기,일반승용,현대자동차,아이오닉6 N,250,120,370,50,15
경기,일반승용,현대자동차,아이오닉9 성능형 AWD,272,131,403,54,16
경기,일반승용,현대자동차,아이오닉9 항속형 2WD,274,132,406,55,17
경기,일반승용,현대자동차,아이오닉9 항속형 AWD,271,130,401,54,16
경기,경·소형,현대자동차,캐스퍼 일렉트릭 기본형 15인치,490,236,726,98,29
경기,경·소형,현대자동차,캐스퍼 일렉트릭 크로스 17인치,487,235,722,97,29
경기,경·소형,현대자동차,캐스퍼 일렉트릭 항속형 15인치,490,236,726,98,29
경기,경·소형,현대자동차,캐스퍼 일렉트릭 항속형 17인치(라운지포함),490,236,726,98,29
경기,일반승용,현대자동차,코나 일렉트릭 2WD 롱레인지 17인치,514,248,762,100,30
경기,일반승용,현대자동차,코나 일렉트릭 2WD 롱레인지 17인치 빌트인 캠 미적용,514,248,762,100,30
경기,일반승용,현대자동차,코나 일렉트릭 2WD 롱레인지 19인치,459,221,680,92,28
경기,일반승용,현대자동차,코나 일렉트릭 2WD 스탠다드 17인치,437,211,648,87,26
경기,일반승용,BMW,MINI Aceman E,400,200,600,80,24
경기,일반승용,BMW,MINI Aceman SE,400,200,600,80,24
경기,일반승용,BMW,MINI Cooper SE,396,198,594,79,24
경기,일반승용,BMW,MINI Countryman E,217,108,325,43,13
경기,일반승용,BMW,MINI Countryman SE ALL4,203,101,304,41,12
경기,일반승용,BMW,MINI JCW Aceman E,197,98,295,39,12
경기,일반승용,BMW,MINI JCW E,191,95,286,38,11
경기,일반승용,BMW,i4 M60 LCI (71HD),233,116,349,47,14
경기,일반승용,BMW,i4 eDrive 40 LCI(21HD),244,122,366,49,15
경기,일반승용,BMW,i4 eDrive 40 LCI(61HD),256,128,384,51,15
경기,일반승용,BMW,i5 eDrive 40,262,131,393,52,16
경기,일반승용,BMW,iX1 eDrive20,212,106,318,42,13
경기,일반승용,BMW,iX1 eDrive20(11HM),235,0,235,47,14
경기,일반승용,BMW,iX1 xDrive30,192,96,288,38,11
경기,일반승용,BMW,iX2 eDrive20,214,107,321,43,13
경기,일반승용,BMW,iX2 eDrive20(71GN),239,0,239,48,14
경기,일반승용,BMW,iX3 50 xDrive,275,137,412,55,17
경기,일반승용,기아,EV3 GT,248,124,372,50,15
경기,일반승용,기아,EV3 롱레인지 2WD 17인치,555,277,832,100,30
경기,일반승용,기아,EV3 롱레인지 2WD 19인치,555,277,832,100,30
경기,일반승용,기아,EV3 롱레인지 4WD 19인치,539,269,808,100,30
경기,일반승용,기아,EV3 스탠다드 2WD,469,234,703,94,28
경기,일반승용,기아,EV4 GT,255,127,382,51,15
경기,일반승용,기아,EV4 롱레인지 2WD 17인치,555,277,832,100,30
경기,일반승용,기아,EV4 롱레인지 2WD 19인치,555,277,832,100,30
경기,일반승용,기아,EV4 롱레인지 4WD 19인치,554,277,831,100,30
경기,일반승용,기아,EV4 롱레인지 GTL 2WD 19인치,555,277,832,100,30
경기,일반승용,기아,EV4 스탠다드 2WD 17인치,512,256,768,100,30
경기,일반승용,기아,EV4 스탠다드 2WD 19인치,481,240,721,96,29
경기,일반승용,기아,EV5 GT,232,116,348,46,14
경기,일반승용,기아,EV5 롱레인지 2WD,552,276,828,100,30
경기,일반승용,기아,EV5 롱레인지 4WD 18인치,499,249,748,100,30
경기,일반승용,기아,EV5 롱레인지 4WD 19인치,493,246,739,99,30
경기,일반승용,기아,EV9 GT,245,122,367,49,15
경기,일반승용,기아,EV9 롱레인지 2WD 19인치,270,135,405,54,16
경기,일반승용,기아,EV9 롱레인지 2WD 20인치,268,134,402,54,16
경기,일반승용,기아,EV9 롱레인지 4WD 19인치,254,127,381,51,15
경기,일반승용,기아,EV9 롱레인지 4WD 21인치,260,130,390,52,16
경기,일반승용,기아,EV9 롱레인지 GTL 4WD 21인치,252,126,378,50,15
경기,일반승용,기아,EV9 스탠다드,237,118,355,47,14
경기,일반승용,기아,PV5 패신저 5인승 롱레인지,458,229,687,92,28
경기,일반승용,기아,Pv5 WAV(비용 미지원),648,324,972,100,30
경기,일반승용,기아,Pv5 WAV(비용 지원),448,224,672,90,27
경기,일반승용,기아,(단종)The all-new Kia Niro EV,489,244,733,98,29
경기,일반승용,기아,더뉴EV6 롱레인지 2WD 19인치,570,285,855,100,30
경기,일반승용,기아,더뉴EV6 롱레인지 2WD 20인치,559,279,838,100,30
경기,일반승용,기아,더뉴EV6 롱레인지 4WD 19인치,561,280,841,100,30
경기,일반승용,기아,더뉴EV6 롱레인지 4WD 20인치,532,266,798,100,30
경기,일반승용,기아,더뉴EV6 스탠다드,501,250,751,100,30
경기,경·소형,기아,레이 EV 2WD 14인치 1인승 밴,457,228,685,91,27
경기,경·소형,기아,레이 EV 2WD 14인치 2인승 밴,457,228,685,91,27
경기,경·소형,기아,레이 EV 2WD 14인치 4인승 승용,457,228,685,91,27
경기,일반승용,메르세데스벤츠코리아,EQA 250(Facelift),190,95,285,38,11
경기,일반승용,메르세데스벤츠코리아,EQB 300 4MATIC(Facelift),154,77,231,31,9
경기,일반승용,메르세데스벤츠코리아,EQB 300 4MATIC(Facelift)(CY25/2),162,81,243,32,10
경기,일반승용,볼보자동차코리아,볼보 EX30 Single Motor ER,247,123,370,49,15
경기,일반승용,볼보자동차코리아,볼보 EX30CC Twin Motor Perf,222,111,333,44,13
경기,일반승용,비와이디코리아,(단종)BYD ATTO 3,126,63,189,25,8
경기,일반승용,비와이디코리아,(단종)BYD DOLPHIN,109,54,163,22,7
경기,일반승용,비와이디코리아,(단종)BYD DOLPHIN Active,132,66,198,26,8
경기,일반승용,비와이디코리아,(단종)BYD SEAL,169,84,253,34,10
경기,일반승용,비와이디코리아,(단종)BYD SEAL Dynamic AWD,151,75,226,30,9
경기,일반승용,비와이디코리아,(단종)BYD SEALION 7,152,76,228,30,9
경기,일반승용,케이지모빌리티,토레스 EVX 18인치,354,177,531,71,21
경기,일반승용,케이지모빌리티,토레스 EVX 18인치(2026),361,180,541,72,22
경기,일반승용,케이지모빌리티,토레스 EVX 20인치,344,172,516,69,21
경기,일반승용,케이지모빌리티,토레스 EVX 20인치(2026),354,177,531,71,21
경기,일반승용,케이지모빌리티,(단종)토레스 EVX 2WD 18인치,327,163,490,65,20
경기,일반승용,케이지모빌리티,(단종)토레스 EVX 2WD 20인치,312,156,468,62,19
경기,일반승용,테슬라코리아,Model 3 Performance,200,100,300,40,12
경기,일반승용,테슬라코리아,Model 3 Premium Long Range RWD,420,210,630,84,25
경기,일반승용,테슬라코리아,Model 3 Premium Long Range RWD(5999만원),210,105,315,42,13
경기,일반승용,테슬라코리아,Model 3 RWD,168,84,252,34,10
경기,일반승용,테슬라코리아,Model 3 RWD(2025),168,84,252,34,10
경기,일반승용,테슬라코리아,Model Y L AWD,215,107,322,43,13
경기,일반승용,테슬라코리아,Model Y Long Range(2025),210,105,315,42,13
경기,일반승용,테슬라코리아,Model Y Premium Long Range,210,105,315,42,13
경기,일반승용,테슬라코리아,Model Y Premium RWD,170,85,255,34,10
경기,일반승용,테슬라코리아,Model Y RWD(2025),170,85,255,34,10
경기,일반승용,폭스바겐그룹코리아,ID.4 Pro,432,216,648,86,26
경기,일반승용,폭스바겐그룹코리아,Q4 45 e-tron,206,103,309,41,12
경기,일반승용,폭스바겐그룹코리아,Q4 Sportback 45 e-tron,206,103,309,41,12
경기,일반승용,폭스바겐그룹코리아,(단종)Q6 e-tron performance,220,110,330,44,13
경기,일반승용,폭스바겐그룹코리아,iD.5 Pro,473,236,709,95,29
경기,일반승용,폴스타오토모티브코리아,Polestar 4 Coupe Dual Motor,168,84,252,34,10
경기,일반승용,폴스타오토모티브코리아,Polestar 4 Coupe Rear Motor,181,90,271,36,11
경기,일반승용,현대자동차,ELECTRIFIED G80,270,135,405,54,16
경기,일반승용,현대자동차,ELECTRIFIED GV70 AWD 19인치,261,130,391,52,16
경기,일반승용,현대자동차,ELECTRIFIED GV70 AWD 20인치,245,122,367,49,15
경기,일반승용,현대자동차,GV60 스탠다드 2WD 19인치,285,142,427,57,17
경기,일반승용,현대자동차,GV60 스탠다드 AWD 19인치,272,136,408,54,16
경기,일반승용,현대자동차,GV60 스탠다드 AWD 20인치,261,130,391,52,16
경기,일반승용,현대자동차,더 뉴 아이오닉5 2WD 롱레인지 19인치,564,282,846,100,30
경기,일반승용,현대자동차,더 뉴 아이오닉5 2WD 롱레인지 19인치 빌트인 캠 미적용,567,283,850,100,30
경기,일반승용,현대자동차,더 뉴 아이오닉5 2WD 롱레인지 20인치,559,279,838,100,30
경기,일반승용,현대자동차,더 뉴 아이오닉5 2WD 롱레인지 N라인 20인치,541,270,811,100,30
경기,일반승용,현대자동차,더 뉴 아이오닉5 2WD 스탠다드 19인치,483,241,724,97,29
경기,일반승용,현대자동차,더 뉴 아이오닉5 AWD 롱레인지 19인치,558,279,837,100,30
경기,일반승용,현대자동차,더 뉴 아이오닉5 AWD 롱레인지 20인치,532,266,798,100,30
경기,일반승용,현대자동차,더 뉴 아이오닉5 AWD 롱레인지 N라인 20인치,510,255,765,100,30
경기,일반승용,현대자동차,더 뉴 아이오닉6 2WD 롱레인지 18인치,570,285,855,100,30
경기,일반승용,현대자동차,더 뉴 아이오닉6 2WD 롱레인지 20인치,570,285,855,100,30
경기,일반승용,현대자동차,더 뉴 아이오닉6 2WD 롱레인지 N라인 20인치,570,285,855,100,30
경기,일반승용,현대자동차,더 뉴 아이오닉6 2WD 스탠다드 18인치,560,280,840,100,30
경기,일반승용,현대자동차,더 뉴 아이오닉6 AWD 롱레인지 18인치,570,285,855,100,30
경기,일반승용,현대자동차,더 뉴 아이오닉6 AWD 롱레인지 20인치,553,276,829,100,30
경기,일반승용,현대자동차,더 뉴 아이오닉6 AWD 롱레인지 N라인 20인치,537,268,805,100,30
경기,일반승용,현대자동차,스타리아 라운지 일렉트릭 7인승,229,114,343,46,14
경기,일반승용,현대자동차,스타리아 리무진 일렉트릭 6인승,229,114,343,46,14
경기,일반승용,현대자동차,아이오닉6 N,250,125,375,50,15
경기,일반승용,현대자동차,아이오닉9 성능형 AWD,272,136,408,54,16
경기,일반승용,현대자동차,아이오닉9 항속형 2WD,274,137,411,55,17
경기,일반승용,현대자동차,아이오닉9 항속형 AWD,271,135,406,54,16
경기,경·소형,현대자동차,캐스퍼 일렉트릭 기본형 15인치,490,245,735,98,29
경기,경·소형,현대자동차,캐스퍼 일렉트릭 크로스 17인치,487,243,730,97,29
경기,경·소형,현대자동차,캐스퍼 일렉트릭 항속형 15인치,490,245,735,98,29
경기,경·소형,현대자동차,캐스퍼 일렉트릭 항속형 17인치(라운지포함),490,245,735,98,29
경기,일반승용,현대자동차,코나 일렉트릭 2WD 롱레인지 17인치,514,257,771,100,30
경기,일반승용,현대자동차,코나 일렉트릭 2WD 롱레인지 17인치 빌트인 캠 미적용,514,257,771,100,30
경기,일반승용,현대자동차,코나 일렉트릭 2WD 롱레인지 19인치,459,229,688,92,28
경기,일반승용,현대자동차,코나 일렉트릭 2WD 스탠다드 17인치,437,218,655,87,26
경기,일반승용,BMW,MINI Aceman E,400,120,520,80,24
경기,일반승용,BMW,MINI Aceman SE,400,120,520,80,24
경기,일반승용,BMW,MINI Cooper SE,396,118,514,79,24
경기,일반승용,BMW,MINI Countryman E,217,65,282,43,13
경기,일반승용,BMW,MINI Countryman SE ALL4,203,60,263,41,12
경기,일반승용,BMW,MINI JCW Aceman E,197,59,256,39,12
경기,일반승용,BMW,MINI JCW E,191,57,248,38,11
경기,일반승용,BMW,i4 M60 LCI (71HD),233,69,302,47,14
경기,일반승용,BMW,i4 eDrive 40 LCI(21HD),244,73,317,49,15
경기,일반승용,BMW,i4 eDrive 40 LCI(61HD),256,76,332,51,15
경기,일반승용,BMW,i5 eDrive 40,262,78,340,52,16
경기,일반승용,BMW,iX1 eDrive20,212,63,275,42,13
경기,일반승용,BMW,iX1 eDrive20(11HM),235,70,305,47,14
경기,일반승용,BMW,iX1 xDrive30,192,57,249,38,11
경기,일반승용,BMW,iX2 eDrive20,214,64,278,43,13
경기,일반승용,BMW,iX2 eDrive20(71GN),239,71,310,48,14
경기,일반승용,BMW,iX3 50 xDrive,275,82,357,55,17
경기,일반승용,기아,EV3 GT,248,74,322,50,15
경기,일반승용,기아,EV3 롱레인지 2WD 17인치,555,166,721,100,30
경기,일반승용,기아,EV3 롱레인지 2WD 19인치,555,166,721,100,30
경기,일반승용,기아,EV3 롱레인지 4WD 19인치,539,161,700,100,30
경기,일반승용,기아,EV3 스탠다드 2WD,469,140,609,94,28
경기,일반승용,기아,EV4 GT,255,76,331,51,15
경기,일반승용,기아,EV4 롱레인지 2WD 17인치,555,166,721,100,30
경기,일반승용,기아,EV4 롱레인지 2WD 19인치,555,166,721,100,30
경기,일반승용,기아,EV4 롱레인지 4WD 19인치,554,166,720,100,30
경기,일반승용,기아,EV4 롱레인지 GTL 2WD 19인치,555,166,721,100,30
경기,일반승용,기아,EV4 스탠다드 2WD 17인치,512,153,665,100,30
경기,일반승용,기아,EV4 스탠다드 2WD 19인치,481,144,625,96,29
경기,일반승용,기아,EV5 GT,232,69,301,46,14
경기,일반승용,기아,EV5 롱레인지 2WD,552,165,717,100,30
경기,일반승용,기아,EV5 롱레인지 4WD 18인치,499,149,648,100,30
경기,일반승용,기아,EV5 롱레인지 4WD 19인치,493,147,640,99,30
경기,일반승용,기아,EV9 GT,245,73,318,49,15
경기,일반승용,기아,EV9 롱레인지 2WD 19인치,270,81,351,54,16
경기,일반승용,기아,EV9 롱레인지 2WD 20인치,268,80,348,54,16
경기,일반승용,기아,EV9 롱레인지 4WD 19인치,254,76,330,51,15
경기,일반승용,기아,EV9 롱레인지 4WD 21인치,260,78,338,52,16
경기,일반승용,기아,EV9 롱레인지 GTL 4WD 21인치,252,75,327,50,15
경기,일반승용,기아,EV9 스탠다드,237,71,308,47,14
경기,일반승용,기아,PV5 패신저 5인승 롱레인지,458,137,595,92,28
경기,일반승용,기아,Pv5 WAV(비용 미지원),648,194,842,100,30
경기,일반승용,기아,Pv5 WAV(비용 지원),448,134,582,90,27
경기,일반승용,기아,(단종)The all-new Kia Niro EV,489,146,635,98,29
경기,일반승용,기아,더뉴EV6 롱레인지 2WD 19인치,570,171,741,100,30
경기,일반승용,기아,더뉴EV6 롱레인지 2WD 20인치,559,167,726,100,30
경기,일반승용,기아,더뉴EV6 롱레인지 4WD 19인치,561,168,729,100,30
경기,일반승용,기아,더뉴EV6 롱레인지 4WD 20인치,532,159,691,100,30
경기,일반승용,기아,더뉴EV6 스탠다드,501,150,651,100,30
경기,경·소형,기아,레이 EV 2WD 14인치 1인승 밴,457,137,594,91,27
경기,경·소형,기아,레이 EV 2WD 14인치 2인승 밴,457,137,594,91,27
경기,경·소형,기아,레이 EV 2WD 14인치 4인승 승용,457,137,594,91,27
경기,일반승용,메르세데스벤츠코리아,EQA 250(Facelift),190,57,247,38,11
경기,일반승용,메르세데스벤츠코리아,EQB 300 4MATIC(Facelift),154,46,200,31,9
경기,일반승용,메르세데스벤츠코리아,EQB 300 4MATIC(Facelift)(CY25/2),162,48,210,32,10
경기,일반승용,볼보자동차코리아,볼보 EX30 Single Motor ER,247,74,321,49,15
경기,일반승용,볼보자동차코리아,볼보 EX30CC Twin Motor Perf,222,66,288,44,13
경기,일반승용,비와이디코리아,(단종)BYD ATTO 3,126,37,163,25,8
경기,일반승용,비와이디코리아,(단종)BYD DOLPHIN,109,32,141,22,7
경기,일반승용,비와이디코리아,(단종)BYD DOLPHIN Active,132,39,171,26,8
경기,일반승용,비와이디코리아,(단종)BYD SEAL,169,50,219,34,10
경기,일반승용,비와이디코리아,(단종)BYD SEAL Dynamic AWD,151,45,196,30,9
경기,일반승용,비와이디코리아,(단종)BYD SEALION 7,152,45,197,30,9
경기,일반승용,케이지모빌리티,토레스 EVX 18인치,354,106,460,71,21
경기,일반승용,케이지모빌리티,토레스 EVX 18인치(2026),361,108,469,72,22
경기,일반승용,케이지모빌리티,토레스 EVX 20인치,344,103,447,69,21
경기,일반승용,케이지모빌리티,토레스 EVX 20인치(2026),354,106,460,71,21
경기,일반승용,케이지모빌리티,(단종)토레스 EVX 2WD 18인치,327,98,425,65,20
경기,일반승용,케이지모빌리티,(단종)토레스 EVX 2WD 20인치,312,93,405,62,19
경기,일반승용,테슬라코리아,Model 3 Performance,200,60,260,40,12
경기,일반승용,테슬라코리아,Model 3 Premium Long Range RWD,420,126,546,84,25
경기,일반승용,테슬라코리아,Model 3 Premium Long Range RWD(5999만원),210,63,273,42,13
경기,일반승용,테슬라코리아,Model 3 RWD,168,50,218,34,10
경기,일반승용,테슬라코리아,Model 3 RWD(2025),168,50,218,34,10
경기,일반승용,테슬라코리아,Model Y L AWD,215,64,279,43,13
경기,일반승용,테슬라코리아,Model Y Long Range(2025),210,63,273,42,13
경기,일반승용,테슬라코리아,Model Y Premium Long Range,210,63,273,42,13
경기,일반승용,테슬라코리아,Model Y Premium RWD,170,51,221,34,10
경기,일반승용,테슬라코리아,Model Y RWD(2025),170,51,221,34,10
경기,일반승용,폭스바겐그룹코리아,ID.4 Pro,432,129,561,86,26
경기,일반승용,폭스바겐그룹코리아,Q4 45 e-tron,206,61,267,41,12
경기,일반승용,폭스바겐그룹코리아,Q4 Sportback 45 e-tron,206,61,267,41,12
경기,일반승용,폭스바겐그룹코리아,(단종)Q6 e-tron performance,220,66,286,44,13
경기,일반승용,폭스바겐그룹코리아,iD.5 Pro,473,141,614,95,29
경기,일반승용,폴스타오토모티브코리아,Polestar 4 Coupe Dual Motor,168,50,218,34,10
경기,일반승용,폴스타오토모티브코리아,Polestar 4 Coupe Rear Motor,181,54,235,36,11
경기,일반승용,현대자동차,ELECTRIFIED G80,270,81,351,54,16
경기,일반승용,현대자동차,ELECTRIFIED GV70 AWD 19인치,261,78,339,52,16
경기,일반승용,현대자동차,ELECTRIFIED GV70 AWD 20인치,245,73,318,49,15
경기,일반승용,현대자동차,GV60 스탠다드 2WD 19인치,285,85,370,57,17
경기,일반승용,현대자동차,GV60 스탠다드 AWD 19인치,272,81,353,54,16
경기,일반승용,현대자동차,GV60 스탠다드 AWD 20인치,261,78,339,52,16
경기,일반승용,현대자동차,더 뉴 아이오닉5 2WD 롱레인지 19인치,564,169,733,100,30
경기,일반승용,현대자동차,더 뉴 아이오닉5 2WD 롱레인지 19인치 빌트인 캠 미적용,567,170,737,100,30
경기,일반승용,현대자동차,더 뉴 아이오닉5 2WD 롱레인지 20인치,559,167,726,100,30
경기,일반승용,현대자동차,더 뉴 아이오닉5 2WD 롱레인지 N라인 20인치,541,162,703,100,30
경기,일반승용,현대자동차,더 뉴 아이오닉5 2WD 스탠다드 19인치,483,144,627,97,29
경기,일반승용,현대자동차,더 뉴 아이오닉5 AWD 롱레인지 19인치,558,167,725,100,30
경기,일반승용,현대자동차,더 뉴 아이오닉5 AWD 롱레인지 20인치,532,159,691,100,30
경기,일반승용,현대자동차,더 뉴 아이오닉5 AWD 롱레인지 N라인 20인치,510,153,663,100,30
경기,일반승용,현대자동차,더 뉴 아이오닉6 2WD 롱레인지 18인치,570,171,741,100,30
경기,일반승용,현대자동차,더 뉴 아이오닉6 2WD 롱레인지 20인치,570,171,741,100,30
경기,일반승용,현대자동차,더 뉴 아이오닉6 2WD 롱레인지 N라인 20인치,570,171,741,100,30
경기,일반승용,현대자동차,더 뉴 아이오닉6 2WD 스탠다드 18인치,560,168,728,100,30
경기,일반승용,현대자동차,더 뉴 아이오닉6 AWD 롱레인지 18인치,570,171,741,100,30
경기,일반승용,현대자동차,더 뉴 아이오닉6 AWD 롱레인지 20인치,553,165,718,100,30
경기,일반승용,현대자동차,더 뉴 아이오닉6 AWD 롱레인지 N라인 20인치,537,161,698,100,30
경기,일반승용,현대자동차,스타리아 라운지 일렉트릭 7인승,229,68,297,46,14
경기,일반승용,현대자동차,스타리아 리무진 일렉트릭 6인승,229,68,297,46,14
경기,일반승용,현대자동차,아이오닉6 N,250,75,325,50,15
경기,일반승용,현대자동차,아이오닉9 성능형 AWD,272,81,353,54,16
경기,일반승용,현대자동차,아이오닉9 항속형 2WD,274,82,356,55,17
경기,일반승용,현대자동차,아이오닉9 항속형 AWD,271,81,352,54,16
경기,경·소형,현대자동차,캐스퍼 일렉트릭 기본형 15인치,490,147,637,98,29
경기,경·소형,현대자동차,캐스퍼 일렉트릭 크로스 17인치,487,146,633,97,29
경기,경·소형,현대자동차,캐스퍼 일렉트릭 항속형 15인치,490,147,637,98,29
경기,경·소형,현대자동차,캐스퍼 일렉트릭 항속형 17인치(라운지포함),490,147,637,98,29
경기,일반승용,현대자동차,코나 일렉트릭 2WD 롱레인지 17인치,514,154,668,100,30
경기,일반승용,현대자동차,코나 일렉트릭 2WD 롱레인지 17인치 빌트인 캠 미적용,514,154,668,100,30
경기,일반승용,현대자동차,코나 일렉트릭 2WD 롱레인지 19인치,459,137,596,92,28
경기,일반승용,현대자동차,코나 일렉트릭 2WD 스탠다드 17인치,437,131,568,87,26
경기,일반승용,BMW,MINI Aceman E,400,173,573,80,24
경기,일반승용,BMW,MINI Aceman SE,400,173,573,80,24
경기,일반승용,BMW,MINI Cooper SE,396,171,567,79,24
경기,일반승용,BMW,MINI Countryman E,217,94,311,43,13
경기,일반승용,BMW,MINI Countryman SE ALL4,203,87,290,41,12
경기,일반승용,BMW,MINI JCW Aceman E,197,85,282,39,12
경기,일반승용,BMW,MINI JCW E,191,82,273,38,11
경기,일반승용,BMW,i4 M60 LCI (71HD),233,100,333,47,14
경기,일반승용,BMW,i4 eDrive 40 LCI(21HD),244,105,349,49,15
경기,일반승용,BMW,i4 eDrive 40 LCI(61HD),256,110,366,51,15
경기,일반승용,BMW,i5 eDrive 40,262,113,375,52,16
경기,일반승용,BMW,iX1 eDrive20,212,91,303,42,13
경기,일반승용,BMW,iX1 eDrive20(11HM),235,101,336,47,14
경기,일반승용,BMW,iX1 xDrive30,192,83,275,38,11
경기,일반승용,BMW,iX2 eDrive20,214,92,306,43,13
경기,일반승용,BMW,iX2 eDrive20(71GN),239,103,342,48,14
경기,일반승용,BMW,iX3 50 xDrive,275,118,393,55,17
경기,일반승용,기아,EV3 GT,248,107,355,50,15
경기,일반승용,기아,EV3 롱레인지 2WD 17인치,555,240,795,100,30
경기,일반승용,기아,EV3 롱레인지 2WD 19인치,555,240,795,100,30
경기,일반승용,기아,EV3 롱레인지 4WD 19인치,539,232,771,100,30
경기,일반승용,기아,EV3 스탠다드 2WD,469,203,672,94,28
경기,일반승용,기아,EV4 GT,255,109,364,51,15
경기,일반승용,기아,EV4 롱레인지 2WD 17인치,555,240,795,100,30
경기,일반승용,기아,EV4 롱레인지 2WD 19인치,555,240,795,100,30
경기,일반승용,기아,EV4 롱레인지 4WD 19인치,554,238,792,100,30
경기,일반승용,기아,EV4 롱레인지 GTL 2WD 19인치,555,240,795,100,30
경기,일반승용,기아,EV4 스탠다드 2WD 17인치,512,221,733,100,30
경기,일반승용,기아,EV4 스탠다드 2WD 19인치,481,208,689,96,29
경기,일반승용,기아,EV5 GT,232,100,332,46,14
경기,일반승용,기아,EV5 롱레인지 2WD,552,239,791,100,30
경기,일반승용,기아,EV5 롱레인지 4WD 18인치,499,216,715,100,30
경기,일반승용,기아,EV5 롱레인지 4WD 19인치,493,213,706,99,30
경기,일반승용,기아,EV9 GT,245,106,351,49,15
경기,일반승용,기아,EV9 롱레인지 2WD 19인치,270,117,387,54,16
경기,일반승용,기아,EV9 롱레인지 2WD 20인치,268,116,384,54,16
경기,일반승용,기아,EV9 롱레인지 4WD 19인치,254,110,364,51,15
경기,일반승용,기아,EV9 롱레인지 4WD 21인치,260,112,372,52,16
경기,일반승용,기아,EV9 롱레인지 GTL 4WD 21인치,252,109,361,50,15
경기,일반승용,기아,EV9 스탠다드,237,102,339,47,14
경기,일반승용,기아,PV5 패신저 5인승 롱레인지,458,198,656,92,28
경기,일반승용,기아,Pv5 WAV(비용 미지원),648,280,928,100,30
경기,일반승용,기아,Pv5 WAV(비용 지원),448,194,642,90,27
경기,일반승용,기아,(단종)The all-new Kia Niro EV,489,211,700,98,29
경기,일반승용,기아,더뉴EV6 롱레인지 2WD 19인치,570,247,817,100,30
경기,일반승용,기아,더뉴EV6 롱레인지 2WD 20인치,559,242,801,100,30
경기,일반승용,기아,더뉴EV6 롱레인지 4WD 19인치,561,243,804,100,30
경기,일반승용,기아,더뉴EV6 롱레인지 4WD 20인치,532,230,762,100,30
경기,일반승용,기아,더뉴EV6 스탠다드,501,217,718,100,30
경기,경·소형,기아,레이 EV 2WD 14인치 1인승 밴,457,198,655,91,27
경기,경·소형,기아,레이 EV 2WD 14인치 2인승 밴,457,198,655,91,27
경기,경·소형,기아,레이 EV 2WD 14인치 4인승 승용,457,198,655,91,27
경기,일반승용,메르세데스벤츠코리아,EQA 250(Facelift),190,82,272,38,11
경기,일반승용,메르세데스벤츠코리아,EQB 300 4MATIC(Facelift),154,66,220,31,9
경기,일반승용,메르세데스벤츠코리아,EQB 300 4MATIC(Facelift)(CY25/2),162,70,232,32,10
경기,일반승용,볼보자동차코리아,볼보 EX30 Single Motor ER,247,106,353,49,15
경기,일반승용,볼보자동차코리아,볼보 EX30CC Twin Motor Perf,222,95,317,44,13
경기,일반승용,비와이디코리아,(단종)BYD ATTO 3,126,54,180,25,8
경기,일반승용,비와이디코리아,(단종)BYD DOLPHIN,109,47,156,22,7
경기,일반승용,비와이디코리아,(단종)BYD DOLPHIN Active,132,57,189,26,8
경기,일반승용,비와이디코리아,(단종)BYD SEAL,169,73,242,34,10
경기,일반승용,비와이디코리아,(단종)BYD SEAL Dynamic AWD,151,65,216,30,9
경기,일반승용,비와이디코리아,(단종)BYD SEALION 7,152,65,217,30,9
경기,일반승용,케이지모빌리티,토레스 EVX 18인치,354,153,507,71,21
경기,일반승용,케이지모빌리티,토레스 EVX 18인치(2026),361,156,517,72,22
경기,일반승용,케이지모빌리티,토레스 EVX 20인치,344,149,493,69,21
경기,일반승용,케이지모빌리티,토레스 EVX 20인치(2026),354,153,507,71,21
경기,일반승용,케이지모빌리티,(단종)토레스 EVX 2WD 18인치,327,141,468,65,20
경기,일반승용,케이지모빌리티,(단종)토레스 EVX 2WD 20인치,312,135,447,62,19
경기,일반승용,테슬라코리아,Model 3 Performance,200,86,286,40,12
경기,일반승용,테슬라코리아,Model 3 Premium Long Range RWD,420,182,602,84,25
경기,일반승용,테슬라코리아,Model 3 Premium Long Range RWD(5999만원),210,90,300,42,13
경기,일반승용,테슬라코리아,Model 3 RWD,168,72,240,34,10
경기,일반승용,테슬라코리아,Model 3 RWD(2025),168,72,240,34,10
경기,일반승용,테슬라코리아,Model Y L AWD,215,90,305,43,13
경기,일반승용,테슬라코리아,Model Y Long Range(2025),210,90,300,42,13
경기,일반승용,테슬라코리아,Model Y Premium Long Range,210,91,301,42,13
경기,일반승용,테슬라코리아,Model Y Premium RWD,170,73,243,34,10
경기,일반승용,테슬라코리아,Model Y RWD(2025),170,73,243,34,10
경기,일반승용,폭스바겐그룹코리아,ID.4 Pro,432,187,619,86,26
경기,일반승용,폭스바겐그룹코리아,Q4 45 e-tron,206,89,295,41,12
경기,일반승용,폭스바겐그룹코리아,Q4 Sportback 45 e-tron,206,89,295,41,12
경기,일반승용,폭스바겐그룹코리아,(단종)Q6 e-tron performance,220,95,315,44,13
경기,일반승용,폭스바겐그룹코리아,iD.5 Pro,473,203,676,95,29
경기,일반승용,폴스타오토모티브코리아,Polestar 4 Coupe Dual Motor,168,72,240,34,10
경기,일반승용,폴스타오토모티브코리아,Polestar 4 Coupe Rear Motor,181,78,259,36,11
경기,일반승용,현대자동차,ELECTRIFIED G80,270,117,387,54,16
경기,일반승용,현대자동차,ELECTRIFIED GV70 AWD 19인치,261,113,374,52,16
경기,일반승용,현대자동차,ELECTRIFIED GV70 AWD 20인치,245,106,351,49,15
경기,일반승용,현대자동차,GV60 스탠다드 2WD 19인치,285,123,408,57,17
경기,일반승용,현대자동차,GV60 스탠다드 AWD 19인치,272,117,389,54,16
경기,일반승용,현대자동차,GV60 스탠다드 AWD 20인치,261,113,374,52,16
경기,일반승용,현대자동차,더 뉴 아이오닉5 2WD 롱레인지 19인치,564,244,808,100,30
경기,일반승용,현대자동차,더 뉴 아이오닉5 2WD 롱레인지 19인치 빌트인 캠 미적용,567,245,812,100,30
경기,일반승용,현대자동차,더 뉴 아이오닉5 2WD 롱레인지 20인치,559,242,801,100,30
경기,일반승용,현대자동차,더 뉴 아이오닉5 2WD 롱레인지 N라인 20인치,541,234,775,100,30
경기,일반승용,현대자동차,더 뉴 아이오닉5 2WD 스탠다드 19인치,483,209,692,97,29
경기,일반승용,현대자동차,더 뉴 아이오닉5 AWD 롱레인지 19인치,558,241,799,100,30
경기,일반승용,현대자동차,더 뉴 아이오닉5 AWD 롱레인지 20인치,532,230,762,100,30
경기,일반승용,현대자동차,더 뉴 아이오닉5 AWD 롱레인지 N라인 20인치,510,221,731,100,30
경기,일반승용,현대자동차,더 뉴 아이오닉6 2WD 롱레인지 18인치,570,247,817,100,30
경기,일반승용,현대자동차,더 뉴 아이오닉6 2WD 롱레인지 20인치,570,247,817,100,30
경기,일반승용,현대자동차,더 뉴 아이오닉6 2WD 롱레인지 N라인 20인치,570,247,817,100,30
경기,일반승용,현대자동차,더 뉴 아이오닉6 2WD 스탠다드 18인치,560,242,802,100,30
경기,일반승용,현대자동차,더 뉴 아이오닉6 AWD 롱레인지 18인치,570,247,817,100,30
경기,일반승용,현대자동차,더 뉴 아이오닉6 AWD 롱레인지 20인치,553,239,792,100,30
경기,일반승용,현대자동차,더 뉴 아이오닉6 AWD 롱레인지 N라인 20인치,537,232,769,100,30
경기,일반승용,현대자동차,스타리아 라운지 일렉트릭 7인승,229,98,327,46,14
경기,일반승용,현대자동차,스타리아 리무진 일렉트릭 6인승,229,98,327,46,14
경기,일반승용,현대자동차,아이오닉6 N,250,108,358,50,15
경기,일반승용,현대자동차,아이오닉9 성능형 AWD,272,117,389,54,16
경기,일반승용,현대자동차,아이오닉9 항속형 2WD,274,118,392,55,17
경기,일반승용,현대자동차,아이오닉9 항속형 AWD,271,117,388,54,16
경기,경·소형,현대자동차,캐스퍼 일렉트릭 기본형 15인치,490,212,702,98,29
경기,경·소형,현대자동차,캐스퍼 일렉트릭 크로스 17인치,487,211,698,97,29
경기,경·소형,현대자동차,캐스퍼 일렉트릭 항속형 15인치,490,212,702,98,29
경기,경·소형,현대자동차,캐스퍼 일렉트릭 항속형 17인치(라운지포함),490,212,702,98,29
경기,일반승용,현대자동차,코나 일렉트릭 2WD 롱레인지 17인치,514,222,736,100,30
경기,일반승용,현대자동차,코나 일렉트릭 2WD 롱레인지 17인치 빌트인 캠 미적용,514,222,736,100,30
경기,일반승용,현대자동차,코나 일렉트릭 2WD 롱레인지 19인치,459,198,657,92,28
경기,일반승용,현대자동차,코나 일렉트릭 2WD 스탠다드 17인치,437,189,626,87,26
경기,일반승용,BMW,MINI Aceman E,400,200,600,80,24
경기,일반승용,BMW,MINI Aceman SE,400,200,600,80,24
경기,일반승용,BMW,MINI Cooper SE,396,198,594,79,24
경기,일반승용,BMW,MINI Countryman E,217,108,325,43,13
경기,일반승용,BMW,MINI Countryman SE ALL4,203,101,304,41,12
경기,일반승용,BMW,MINI JCW Aceman E,197,98,295,39,12
경기,일반승용,BMW,MINI JCW E,191,95,286,38,11
경기,일반승용,BMW,i4 M60 LCI (71HD),233,116,349,47,14
경기,일반승용,BMW,i4 eDrive 40 LCI(21HD),244,122,366,49,15
경기,일반승용,BMW,i4 eDrive 40 LCI(61HD),256,128,384,51,15
경기,일반승용,BMW,i5 eDrive 40,262,131,393,52,16
경기,일반승용,BMW,iX1 eDrive20,212,106,318,42,13
경기,일반승용,BMW,iX1 eDrive20(11HM),235,118,353,47,14
경기,일반승용,BMW,iX1 xDrive30,192,96,288,38,11
경기,일반승용,BMW,iX2 eDrive20,214,107,321,43,13
경기,일반승용,BMW,iX2 eDrive20(71GN),239,120,359,48,14
경기,일반승용,BMW,iX3 50 xDrive,275,138,413,55,17
경기,일반승용,기아,EV3 GT,248,124,372,50,15
경기,일반승용,기아,EV3 롱레인지 2WD 17인치,555,277,832,100,30
경기,일반승용,기아,EV3 롱레인지 2WD 19인치,555,277,832,100,30
경기,일반승용,기아,EV3 롱레인지 4WD 19인치,539,269,808,100,30
경기,일반승용,기아,EV3 스탠다드 2WD,469,234,703,94,28
경기,일반승용,기아,EV4 GT,255,127,382,51,15
경기,일반승용,기아,EV4 롱레인지 2WD 17인치,555,277,832,100,30
경기,일반승용,기아,EV4 롱레인지 2WD 19인치,555,277,832,100,30
경기,일반승용,기아,EV4 롱레인지 4WD 19인치,554,277,831,100,30
경기,일반승용,기아,EV4 롱레인지 GTL 2WD 19인치,555,277,832,100,30
경기,일반승용,기아,EV4 스탠다드 2WD 17인치,512,256,768,100,30
경기,일반승용,기아,EV4 스탠다드 2WD 19인치,481,240,721,96,29
경기,일반승용,기아,EV5 GT,232,116,348,46,14
경기,일반승용,기아,EV5 롱레인지 2WD,552,276,828,100,30
경기,일반승용,기아,EV5 롱레인지 4WD 18인치,499,249,748,100,30
경기,일반승용,기아,EV5 롱레인지 4WD 19인치,493,246,739,99,30
경기,일반승용,기아,EV9 GT,245,122,367,49,15
경기,일반승용,기아,EV9 롱레인지 2WD 19인치,270,135,405,54,16
경기,일반승용,기아,EV9 롱레인지 2WD 20인치,268,134,402,54,16
경기,일반승용,기아,EV9 롱레인지 4WD 19인치,254,127,381,51,15
경기,일반승용,기아,EV9 롱레인지 4WD 21인치,260,130,390,52,16
경기,일반승용,기아,EV9 롱레인지 GTL 4WD 21인치,252,126,378,50,15
경기,일반승용,기아,EV9 스탠다드,237,118,355,47,14
경기,일반승용,기아,PV5 패신저 5인승 롱레인지,458,229,687,92,28
경기,일반승용,기아,Pv5 WAV(비용 미지원),648,324,972,100,30
경기,일반승용,기아,Pv5 WAV(비용 지원),448,224,672,90,27
경기,일반승용,기아,(단종)The all-new Kia Niro EV,489,244,733,98,29
경기,일반승용,기아,더뉴EV6 롱레인지 2WD 19인치,570,285,855,100,30
경기,일반승용,기아,더뉴EV6 롱레인지 2WD 20인치,559,279,838,100,30
경기,일반승용,기아,더뉴EV6 롱레인지 4WD 19인치,561,280,841,100,30
경기,일반승용,기아,더뉴EV6 롱레인지 4WD 20인치,532,266,798,100,30
경기,일반승용,기아,더뉴EV6 스탠다드,501,250,751,100,30
경기,경·소형,기아,레이 EV 2WD 14인치 1인승 밴,457,228,685,91,27
경기,경·소형,기아,레이 EV 2WD 14인치 2인승 밴,457,228,685,91,27
경기,경·소형,기아,레이 EV 2WD 14인치 4인승 승용,457,228,685,91,27
경기,일반승용,메르세데스벤츠코리아,EQA 250(Facelift),190,95,285,38,11
경기,일반승용,메르세데스벤츠코리아,EQB 300 4MATIC(Facelift),154,77,231,31,9
경기,일반승용,메르세데스벤츠코리아,EQB 300 4MATIC(Facelift)(CY25/2),162,81,243,32,10
경기,일반승용,볼보자동차코리아,볼보 EX30 Single Motor ER,247,124,371,49,15
경기,일반승용,볼보자동차코리아,볼보 EX30CC Twin Motor Perf,222,111,333,44,13
경기,일반승용,비와이디코리아,(단종)BYD ATTO 3,126,63,189,25,8
경기,일반승용,비와이디코리아,(단종)BYD DOLPHIN,109,54,163,22,7
경기,일반승용,비와이디코리아,(단종)BYD DOLPHIN Active,132,66,198,26,8
경기,일반승용,비와이디코리아,(단종)BYD SEAL,169,84,253,34,10
경기,일반승용,비와이디코리아,(단종)BYD SEAL Dynamic AWD,151,75,226,30,9
경기,일반승용,비와이디코리아,(단종)BYD SEALION 7,152,76,228,30,9
경기,일반승용,케이지모빌리티,토레스 EVX 18인치,354,177,531,71,21
경기,일반승용,케이지모빌리티,토레스 EVX 18인치(2026),361,180,541,72,22
경기,일반승용,케이지모빌리티,토레스 EVX 20인치,344,172,516,69,21
경기,일반승용,케이지모빌리티,토레스 EVX 20인치(2026),354,177,531,71,21
경기,일반승용,케이지모빌리티,(단종)토레스 EVX 2WD 18인치,327,163,490,65,20
경기,일반승용,케이지모빌리티,(단종)토레스 EVX 2WD 20인치,312,156,468,62,19
경기,일반승용,테슬라코리아,Model 3 Performance,200,100,300,40,12
경기,일반승용,테슬라코리아,Model 3 Premium Long Range RWD,420,210,630,84,25
경기,일반승용,테슬라코리아,Model 3 Premium Long Range RWD(5999만원),210,105,315,42,13
경기,일반승용,테슬라코리아,Model 3 RWD,168,84,252,34,10
경기,일반승용,테슬라코리아,Model 3 RWD(2025),168,84,252,34,10
경기,일반승용,테슬라코리아,Model Y L AWD,215,108,323,43,13
경기,일반승용,테슬라코리아,Model Y Long Range(2025),210,105,315,42,13
경기,일반승용,테슬라코리아,Model Y Premium Long Range,210,105,315,42,13
경기,일반승용,테슬라코리아,Model Y Premium RWD,170,85,255,34,10
경기,일반승용,테슬라코리아,Model Y RWD(2025),170,85,255,34,10
경기,일반승용,폭스바겐그룹코리아,ID.4 Pro,432,216,648,86,26
경기,일반승용,폭스바겐그룹코리아,Q4 45 e-tron,206,103,309,41,12
경기,일반승용,폭스바겐그룹코리아,Q4 Sportback 45 e-tron,206,103,309,41,12
경기,일반승용,폭스바겐그룹코리아,(단종)Q6 e-tron performance,220,110,330,44,13
경기,일반승용,폭스바겐그룹코리아,iD.5 Pro,473,237,710,95,29
경기,일반승용,폴스타오토모티브코리아,Polestar 4 Coupe Dual Motor,168,84,252,34,10
경기,일반승용,폴스타오토모티브코리아,Polestar 4 Coupe Rear Motor,181,91,272,36,11
경기,일반승용,현대자동차,ELECTRIFIED G80,270,135,405,54,16
경기,일반승용,현대자동차,ELECTRIFIED GV70 AWD 19인치,261,130,391,52,16
경기,일반승용,현대자동차,ELECTRIFIED GV70 AWD 20인치,245,122,367,49,15
경기,일반승용,현대자동차,GV60 스탠다드 2WD 19인치,285,142,427,57,17
경기,일반승용,현대자동차,GV60 스탠다드 AWD 19인치,272,136,408,54,16
경기,일반승용,현대자동차,GV60 스탠다드 AWD 20인치,261,130,391,52,16
경기,일반승용,현대자동차,더 뉴 아이오닉5 2WD 롱레인지 19인치,564,282,846,100,30
경기,일반승용,현대자동차,더 뉴 아이오닉5 2WD 롱레인지 19인치 빌트인 캠 미적용,567,283,850,100,30
경기,일반승용,현대자동차,더 뉴 아이오닉5 2WD 롱레인지 20인치,559,279,838,100,30
경기,일반승용,현대자동차,더 뉴 아이오닉5 2WD 롱레인지 N라인 20인치,541,270,811,100,30
경기,일반승용,현대자동차,더 뉴 아이오닉5 2WD 스탠다드 19인치,483,241,724,97,29
경기,일반승용,현대자동차,더 뉴 아이오닉5 AWD 롱레인지 19인치,558,279,837,100,30
경기,일반승용,현대자동차,더 뉴 아이오닉5 AWD 롱레인지 20인치,532,266,798,100,30
경기,일반승용,현대자동차,더 뉴 아이오닉5 AWD 롱레인지 N라인 20인치,510,255,765,100,30
경기,일반승용,현대자동차,더 뉴 아이오닉6 2WD 롱레인지 18인치,570,285,855,100,30
경기,일반승용,현대자동차,더 뉴 아이오닉6 2WD 롱레인지 20인치,570,285,855,100,30
경기,일반승용,현대자동차,더 뉴 아이오닉6 2WD 롱레인지 N라인 20인치,570,285,855,100,30
경기,일반승용,현대자동차,더 뉴 아이오닉6 2WD 스탠다드 18인치,560,280,840,100,30
경기,일반승용,현대자동차,더 뉴 아이오닉6 AWD 롱레인지 18인치,570,285,855,100,30
경기,일반승용,현대자동차,더 뉴 아이오닉6 AWD 롱레인지 20인치,553,276,829,100,30
경기,일반승용,현대자동차,더 뉴 아이오닉6 AWD 롱레인지 N라인 20인치,537,268,805,100,30
경기,일반승용,현대자동차,스타리아 라운지 일렉트릭 7인승,229,115,344,46,14
경기,일반승용,현대자동차,스타리아 리무진 일렉트릭 6인승,229,115,344,46,14
경기,일반승용,현대자동차,아이오닉6 N,250,125,375,50,15
경기,일반승용,현대자동차,아이오닉9 성능형 AWD,272,136,408,54,16
경기,일반승용,현대자동차,아이오닉9 항속형 2WD,274,137,411,55,17
경기,일반승용,현대자동차,아이오닉9 항속형 AWD,271,135,406,54,16
경기,경·소형,현대자동차,캐스퍼 일렉트릭 기본형 15인치,490,245,735,98,29
경기,경·소형,현대자동차,캐스퍼 일렉트릭 크로스 17인치,487,243,730,97,29
경기,경·소형,현대자동차,캐스퍼 일렉트릭 항속형 15인치,490,245,735,98,29
경기,경·소형,현대자동차,캐스퍼 일렉트릭 항속형 17인치(라운지포함),490,245,735,98,29
경기,일반승용,현대자동차,코나 일렉트릭 2WD 롱레인지 17인치,514,257,771,100,30
경기,일반승용,현대자동차,코나 일렉트릭 2WD 롱레인지 17인치 빌트인 캠 미적용,514,257,771,100,30
경기,일반승용,현대자동차,코나 일렉트릭 2WD 롱레인지 19인치,459,229,688,92,28
경기,일반승용,현대자동차,코나 일렉트릭 2WD 스탠다드 17인치,437,218,655,87,26
경기,일반승용,BMW,MINI Aceman E,400,200,600,80,24
경기,일반승용,BMW,MINI Aceman SE,400,200,600,80,24
경기,일반승용,BMW,MINI Cooper SE,396,198,594,79,24
경기,일반승용,BMW,MINI Countryman E,217,108,325,43,13
경기,일반승용,BMW,MINI Countryman SE ALL4,203,101,304,41,12
경기,일반승용,BMW,MINI JCW Aceman E,197,98,295,39,12
경기,일반승용,BMW,MINI JCW E,191,95,286,38,11
경기,일반승용,BMW,i4 M60 LCI (71HD),233,116,349,47,14
경기,일반승용,BMW,i4 eDrive 40 LCI(21HD),244,122,366,49,15
경기,일반승용,BMW,i4 eDrive 40 LCI(61HD),256,128,384,51,15
경기,일반승용,BMW,i5 eDrive 40,262,131,393,52,16
경기,일반승용,BMW,iX1 eDrive20,212,106,318,42,13
경기,일반승용,BMW,iX1 eDrive20(11HM),235,117,352,47,14
경기,일반승용,BMW,iX1 xDrive30,192,96,288,38,11
경기,일반승용,BMW,iX2 eDrive20,214,107,321,43,13
경기,일반승용,BMW,iX2 eDrive20(71GN),239,119,358,48,14
경기,일반승용,BMW,iX3 50 xDrive,275,137,412,55,17
경기,일반승용,기아,EV3 GT,248,124,372,50,15
경기,일반승용,기아,EV3 롱레인지 2WD 17인치,555,277,832,100,30
경기,일반승용,기아,EV3 롱레인지 2WD 19인치,555,277,832,100,30
경기,일반승용,기아,EV3 롱레인지 4WD 19인치,539,270,809,100,30
경기,일반승용,기아,EV3 스탠다드 2WD,469,234,703,94,28
경기,일반승용,기아,EV4 GT,255,128,383,51,15
경기,일반승용,기아,EV4 롱레인지 2WD 17인치,555,277,832,100,30
경기,일반승용,기아,EV4 롱레인지 2WD 19인치,555,277,832,100,30
경기,일반승용,기아,EV4 롱레인지 4WD 19인치,554,277,831,100,30
경기,일반승용,기아,EV4 롱레인지 GTL 2WD 19인치,555,277,832,100,30
경기,일반승용,기아,EV4 스탠다드 2WD 17인치,512,256,768,100,30
경기,일반승용,기아,EV4 스탠다드 2WD 19인치,481,240,721,96,29
경기,일반승용,기아,EV5 GT,232,116,348,46,14
경기,일반승용,기아,EV5 롱레인지 2WD,552,276,828,100,30
경기,일반승용,기아,EV5 롱레인지 4WD 18인치,499,250,749,100,30
경기,일반승용,기아,EV5 롱레인지 4WD 19인치,493,247,740,99,30
경기,일반승용,기아,EV9 GT,245,122,367,49,15
경기,일반승용,기아,EV9 롱레인지 2WD 19인치,270,135,405,54,16
경기,일반승용,기아,EV9 롱레인지 2WD 20인치,268,134,402,54,16
경기,일반승용,기아,EV9 롱레인지 4WD 19인치,254,127,381,51,15
경기,일반승용,기아,EV9 롱레인지 4WD 21인치,260,130,390,52,16
경기,일반승용,기아,EV9 롱레인지 GTL 4WD 21인치,252,126,378,50,15
경기,일반승용,기아,EV9 스탠다드,237,118,355,47,14
경기,일반승용,기아,PV5 패신저 5인승 롱레인지,458,229,687,92,28
경기,일반승용,기아,Pv5 WAV(비용 미지원),648,324,972,100,30
경기,일반승용,기아,Pv5 WAV(비용 지원),448,224,672,90,27
경기,일반승용,기아,(단종)The all-new Kia Niro EV,489,244,733,98,29
경기,일반승용,기아,더뉴EV6 롱레인지 2WD 19인치,570,285,855,100,30
경기,일반승용,기아,더뉴EV6 롱레인지 2WD 20인치,559,279,838,100,30
경기,일반승용,기아,더뉴EV6 롱레인지 4WD 19인치,561,280,841,100,30
경기,일반승용,기아,더뉴EV6 롱레인지 4WD 20인치,532,266,798,100,30
경기,일반승용,기아,더뉴EV6 스탠다드,501,250,751,100,30
경기,경·소형,기아,레이 EV 2WD 14인치 1인승 밴,457,228,685,91,27
경기,경·소형,기아,레이 EV 2WD 14인치 2인승 밴,457,228,685,91,27
경기,경·소형,기아,레이 EV 2WD 14인치 4인승 승용,457,228,685,91,27
경기,일반승용,메르세데스벤츠코리아,EQA 250(Facelift),190,95,285,38,11
경기,일반승용,메르세데스벤츠코리아,EQB 300 4MATIC(Facelift),154,77,231,31,9
경기,일반승용,메르세데스벤츠코리아,EQB 300 4MATIC(Facelift)(CY25/2),162,81,243,32,10
경기,일반승용,볼보자동차코리아,볼보 EX30 Single Motor ER,247,123,370,49,15
경기,일반승용,볼보자동차코리아,볼보 EX30CC Twin Motor Perf,222,111,333,44,13
경기,일반승용,비와이디코리아,(단종)BYD ATTO 3,126,63,189,25,8
경기,일반승용,비와이디코리아,(단종)BYD DOLPHIN,109,54,163,22,7
경기,일반승용,비와이디코리아,(단종)BYD DOLPHIN Active,132,66,198,26,8
경기,일반승용,비와이디코리아,(단종)BYD SEAL,169,84,253,34,10
경기,일반승용,비와이디코리아,(단종)BYD SEAL Dynamic AWD,151,75,226,30,9
경기,일반승용,비와이디코리아,(단종)BYD SEALION 7,152,76,228,30,9
경기,일반승용,케이지모빌리티,토레스 EVX 18인치,354,177,531,71,21
경기,일반승용,케이지모빌리티,토레스 EVX 18인치(2026),361,180,541,72,22
경기,일반승용,케이지모빌리티,토레스 EVX 20인치,344,172,516,69,21
경기,일반승용,케이지모빌리티,토레스 EVX 20인치(2026),354,177,531,71,21
경기,일반승용,케이지모빌리티,(단종)토레스 EVX 2WD 18인치,327,163,490,65,20
경기,일반승용,케이지모빌리티,(단종)토레스 EVX 2WD 20인치,312,156,468,62,19
경기,일반승용,테슬라코리아,Model 3 Performance,200,100,300,40,12
경기,일반승용,테슬라코리아,Model 3 Premium Long Range RWD,420,210,630,84,25
경기,일반승용,테슬라코리아,Model 3 Premium Long Range RWD(5999만원),210,105,315,42,13
경기,일반승용,테슬라코리아,Model 3 RWD,168,84,252,34,10
경기,일반승용,테슬라코리아,Model 3 RWD(2025),168,84,252,34,10
경기,일반승용,테슬라코리아,Model Y L AWD,215,105,320,43,13
경기,일반승용,테슬라코리아,Model Y Long Range(2025),210,105,315,42,13
경기,일반승용,테슬라코리아,Model Y Premium Long Range,210,105,315,42,13
경기,일반승용,테슬라코리아,Model Y Premium RWD,170,85,255,34,10
경기,일반승용,테슬라코리아,Model Y RWD(2025),170,85,255,34,10
경기,일반승용,폭스바겐그룹코리아,ID.4 Pro,432,216,648,86,26
경기,일반승용,폭스바겐그룹코리아,Q4 45 e-tron,206,103,309,41,12
경기,일반승용,폭스바겐그룹코리아,Q4 Sportback 45 e-tron,206,103,309,41,12
경기,일반승용,폭스바겐그룹코리아,(단종)Q6 e-tron performance,220,110,330,44,13
경기,일반승용,폭스바겐그룹코리아,iD.5 Pro,473,236,709,95,29
경기,일반승용,폴스타오토모티브코리아,Polestar 4 Coupe Dual Motor,168,84,252,34,10
경기,일반승용,폴스타오토모티브코리아,Polestar 4 Coupe Rear Motor,181,90,271,36,11
경기,일반승용,현대자동차,ELECTRIFIED G80,270,135,405,54,16
경기,일반승용,현대자동차,ELECTRIFIED GV70 AWD 19인치,261,130,391,52,16
경기,일반승용,현대자동차,ELECTRIFIED GV70 AWD 20인치,245,122,367,49,15
경기,일반승용,현대자동차,GV60 스탠다드 2WD 19인치,285,142,427,57,17
경기,일반승용,현대자동차,GV60 스탠다드 AWD 19인치,272,136,408,54,16
경기,일반승용,현대자동차,GV60 스탠다드 AWD 20인치,261,130,391,52,16
경기,일반승용,현대자동차,더 뉴 아이오닉5 2WD 롱레인지 19인치,564,282,846,100,30
경기,일반승용,현대자동차,더 뉴 아이오닉5 2WD 롱레인지 19인치 빌트인 캠 미적용,567,283,850,100,30
경기,일반승용,현대자동차,더 뉴 아이오닉5 2WD 롱레인지 20인치,559,279,838,100,30
경기,일반승용,현대자동차,더 뉴 아이오닉5 2WD 롱레인지 N라인 20인치,541,270,811,100,30
경기,일반승용,현대자동차,더 뉴 아이오닉5 2WD 스탠다드 19인치,483,241,724,97,29
경기,일반승용,현대자동차,더 뉴 아이오닉5 AWD 롱레인지 19인치,558,279,837,100,30
경기,일반승용,현대자동차,더 뉴 아이오닉5 AWD 롱레인지 20인치,532,266,798,100,30
경기,일반승용,현대자동차,더 뉴 아이오닉5 AWD 롱레인지 N라인 20인치,510,255,765,100,30
경기,일반승용,현대자동차,더 뉴 아이오닉6 2WD 롱레인지 18인치,570,285,855,100,30
경기,일반승용,현대자동차,더 뉴 아이오닉6 2WD 롱레인지 20인치,570,285,855,100,30
경기,일반승용,현대자동차,더 뉴 아이오닉6 2WD 롱레인지 N라인 20인치,570,285,855,100,30
경기,일반승용,현대자동차,더 뉴 아이오닉6 2WD 스탠다드 18인치,560,280,840,100,30
경기,일반승용,현대자동차,더 뉴 아이오닉6 AWD 롱레인지 18인치,570,285,855,100,30
경기,일반승용,현대자동차,더 뉴 아이오닉6 AWD 롱레인지 20인치,553,276,829,100,30
경기,일반승용,현대자동차,더 뉴 아이오닉6 AWD 롱레인지 N라인 20인치,537,268,805,100,30
경기,일반승용,현대자동차,스타리아 라운지 일렉트릭 7인승,229,114,343,46,14
경기,일반승용,현대자동차,스타리아 리무진 일렉트릭 6인승,229,114,343,46,14
경기,일반승용,현대자동차,아이오닉6 N,250,125,375,50,15
경기,일반승용,현대자동차,아이오닉9 성능형 AWD,272,136,408,54,16
경기,일반승용,현대자동차,아이오닉9 항속형 2WD,274,137,411,55,17
경기,일반승용,현대자동차,아이오닉9 항속형 AWD,271,135,406,54,16
경기,경·소형,현대자동차,캐스퍼 일렉트릭 기본형 15인치,490,245,735,98,29
경기,경·소형,현대자동차,캐스퍼 일렉트릭 크로스 17인치,487,243,730,97,29
경기,경·소형,현대자동차,캐스퍼 일렉트릭 항속형 15인치,490,245,735,98,29
경기,경·소형,현대자동차,캐스퍼 일렉트릭 항속형 17인치(라운지포함),490,245,735,98,29
경기,일반승용,현대자동차,코나 일렉트릭 2WD 롱레인지 17인치,514,257,771,100,30
경기,일반승용,현대자동차,코나 일렉트릭 2WD 롱레인지 17인치 빌트인 캠 미적용,514,257,771,100,30
경기,일반승용,현대자동차,코나 일렉트릭 2WD 롱레인지 19인치,459,229,688,92,28
경기,일반승용,현대자동차,코나 일렉트릭 2WD 스탠다드 17인치,437,218,655,87,26
경기,일반승용,BMW,MINI Aceman E,400,240,640,80,24
경기,일반승용,BMW,MINI Aceman SE,400,240,640,80,24
경기,일반승용,BMW,MINI Cooper SE,396,237,633,79,24
경기,일반승용,BMW,MINI Countryman E,217,130,347,43,13
경기,일반승용,BMW,MINI Countryman SE ALL4,203,121,324,41,12
경기,일반승용,BMW,MINI JCW Aceman E,197,118,315,39,12
경기,일반승용,BMW,MINI JCW E,191,114,305,38,11
경기,일반승용,BMW,i4 M60 LCI (71HD),233,139,372,47,14
경기,일반승용,BMW,i4 eDrive 40 LCI(21HD),244,146,390,49,15
경기,일반승용,BMW,i4 eDrive 40 LCI(61HD),256,153,409,51,15
경기,일반승용,BMW,i5 eDrive 40,262,157,419,52,16
경기,일반승용,BMW,iX1 eDrive20,212,127,339,42,13
경기,일반승용,BMW,iX1 xDrive30,192,115,307,38,11
경기,일반승용,BMW,iX2 eDrive20,214,128,342,43,13
경기,일반승용,BMW,iX3 50 xDrive,275,165,440,55,17
경기,일반승용,기아,EV3 GT,248,148,396,50,15
경기,일반승용,기아,EV3 롱레인지 2WD 17인치,555,333,888,100,30
경기,일반승용,기아,EV3 롱레인지 2WD 19인치,555,333,888,100,30
경기,일반승용,기아,EV3 롱레인지 4WD 19인치,539,323,862,100,30
경기,일반승용,기아,EV3 스탠다드 2WD,469,281,750,94,28
경기,일반승용,기아,EV4 GT,255,153,408,51,15
경기,일반승용,기아,EV4 롱레인지 2WD 17인치,555,333,888,100,30
경기,일반승용,기아,EV4 롱레인지 2WD 19인치,555,333,888,100,30
경기,일반승용,기아,EV4 롱레인지 4WD 19인치,554,332,886,100,30
경기,일반승용,기아,EV4 롱레인지 GTL 2WD 19인치,555,333,888,100,30
경기,일반승용,기아,EV4 스탠다드 2WD 17인치,512,307,819,100,30
경기,일반승용,기아,EV4 스탠다드 2WD 19인치,481,288,769,96,29
경기,일반승용,기아,EV5 GT,232,139,371,46,14
경기,일반승용,기아,EV5 롱레인지 2WD,552,331,883,100,30
경기,일반승용,기아,EV5 롱레인지 4WD 18인치,499,299,798,100,30
경기,일반승용,기아,EV5 롱레인지 4WD 19인치,493,295,788,99,30
경기,일반승용,기아,EV9 GT,245,147,392,49,15
경기,일반승용,기아,EV9 롱레인지 2WD 19인치,270,162,432,54,16
경기,일반승용,기아,EV9 롱레인지 2WD 20인치,268,160,428,54,16
경기,일반승용,기아,EV9 롱레인지 4WD 19인치,254,152,406,51,15
경기,일반승용,기아,EV9 롱레인지 4WD 21인치,260,156,416,52,16
경기,일반승용,기아,EV9 롱레인지 GTL 4WD 21인치,252,151,403,50,15
경기,일반승용,기아,EV9 스탠다드,237,142,379,47,14
경기,일반승용,기아,PV5 패신저 5인승 롱레인지,458,274,732,92,28
경기,일반승용,기아,Pv5 WAV(비용 미지원),648,388,"1,036",100,30
경기,일반승용,기아,Pv5 WAV(비용 지원),448,268,716,90,27
경기,일반승용,기아,(단종)The all-new Kia Niro EV,489,293,782,98,29
경기,일반승용,기아,더뉴EV6 롱레인지 2WD 19인치,570,342,912,100,30
경기,일반승용,기아,더뉴EV6 롱레인지 2WD 20인치,559,335,894,100,30
경기,일반승용,기아,더뉴EV6 롱레인지 4WD 19인치,561,336,897,100,30
경기,일반승용,기아,더뉴EV6 롱레인지 4WD 20인치,532,319,851,100,30
경기,일반승용,기아,더뉴EV6 스탠다드,501,300,801,100,30
경기,경·소형,기아,레이 EV 2WD 14인치 1인승 밴,457,274,731,91,27
경기,경·소형,기아,레이 EV 2WD 14인치 2인승 밴,457,274,731,91,27
경기,경·소형,기아,레이 EV 2WD 14인치 4인승 승용,457,274,731,91,27
경기,일반승용,메르세데스벤츠코리아,EQA 250(Facelift),190,114,304,38,11
경기,일반승용,메르세데스벤츠코리아,EQB 300 4MATIC(Facelift),154,92,246,31,9
경기,일반승용,메르세데스벤츠코리아,EQB 300 4MATIC(Facelift)(CY25/2),162,97,259,32,10
경기,일반승용,볼보자동차코리아,볼보 EX30 Single Motor ER,247,148,395,49,15
경기,일반승용,볼보자동차코리아,볼보 EX30CC Twin Motor Perf,222,133,355,44,13
경기,일반승용,비와이디코리아,(단종)BYD ATTO 3,126,75,201,25,8
경기,일반승용,비와이디코리아,(단종)BYD DOLPHIN,109,65,174,22,7
경기,일반승용,비와이디코리아,(단종)BYD DOLPHIN Active,132,79,211,26,8
경기,일반승용,비와이디코리아,(단종)BYD SEAL,169,101,270,34,10
경기,일반승용,비와이디코리아,(단종)BYD SEAL Dynamic AWD,151,90,241,30,9
경기,일반승용,비와이디코리아,(단종)BYD SEALION 7,152,91,243,30,9
경기,일반승용,케이지모빌리티,토레스 EVX 18인치,354,212,566,71,21
경기,일반승용,케이지모빌리티,토레스 EVX 18인치(2026),361,216,577,72,22
경기,일반승용,케이지모빌리티,토레스 EVX 20인치,344,206,550,69,21
경기,일반승용,케이지모빌리티,토레스 EVX 20인치(2026),354,212,566,71,21
경기,일반승용,케이지모빌리티,(단종)토레스 EVX 2WD 18인치,327,196,523,65,20
경기,일반승용,케이지모빌리티,(단종)토레스 EVX 2WD 20인치,312,187,499,62,19
경기,일반승용,테슬라코리아,Model 3 Performance,200,120,320,40,12
경기,일반승용,테슬라코리아,Model 3 Premium Long Range RWD,420,252,672,84,25
경기,일반승용,테슬라코리아,Model 3 Premium Long Range RWD(5999만원),210,126,336,42,13
경기,일반승용,테슬라코리아,Model 3 RWD,168,100,268,34,10
경기,일반승용,테슬라코리아,Model 3 RWD(2025),168,100,268,34,10
경기,일반승용,테슬라코리아,Model Y L AWD,215,126,341,43,13
경기,일반승용,테슬라코리아,Model Y Long Range(2025),210,126,336,42,13
경기,일반승용,테슬라코리아,Model Y Premium Long Range,210,126,336,42,13
경기,일반승용,테슬라코리아,Model Y Premium RWD,170,102,272,34,10
경기,일반승용,테슬라코리아,Model Y RWD(2025),170,102,272,34,10
경기,일반승용,폭스바겐그룹코리아,ID.4 Pro,432,259,691,86,26
경기,일반승용,폭스바겐그룹코리아,Q4 45 e-tron,206,123,329,41,12
경기,일반승용,폭스바겐그룹코리아,Q4 Sportback 45 e-tron,206,123,329,41,12
경기,일반승용,폭스바겐그룹코리아,(단종)Q6 e-tron performance,220,132,352,44,13
경기,일반승용,폭스바겐그룹코리아,iD.5 Pro,473,283,756,95,29
경기,일반승용,현대자동차,ELECTRIFIED G80,270,162,432,54,16
경기,일반승용,현대자동차,ELECTRIFIED GV70 AWD 19인치,261,156,417,52,16
경기,일반승용,현대자동차,ELECTRIFIED GV70 AWD 20인치,245,147,392,49,15
경기,일반승용,현대자동차,GV60 스탠다드 2WD 19인치,285,171,456,57,17
경기,일반승용,현대자동차,GV60 스탠다드 AWD 19인치,272,163,435,54,16
경기,일반승용,현대자동차,GV60 스탠다드 AWD 20인치,261,156,417,52,16
경기,일반승용,현대자동차,더 뉴 아이오닉5 2WD 롱레인지 19인치,564,338,902,100,30
경기,일반승용,현대자동차,더 뉴 아이오닉5 2WD 롱레인지 19인치 빌트인 캠 미적용,567,340,907,100,30
경기,일반승용,현대자동차,더 뉴 아이오닉5 2WD 롱레인지 20인치,559,335,894,100,30
경기,일반승용,현대자동차,더 뉴 아이오닉5 2WD 롱레인지 N라인 20인치,541,324,865,100,30
경기,일반승용,현대자동차,더 뉴 아이오닉5 2WD 스탠다드 19인치,483,289,772,97,29
경기,일반승용,현대자동차,더 뉴 아이오닉5 AWD 롱레인지 19인치,558,334,892,100,30
경기,일반승용,현대자동차,더 뉴 아이오닉5 AWD 롱레인지 20인치,532,319,851,100,30
경기,일반승용,현대자동차,더 뉴 아이오닉5 AWD 롱레인지 N라인 20인치,510,306,816,100,30
경기,일반승용,현대자동차,더 뉴 아이오닉6 2WD 롱레인지 18인치,570,342,912,100,30
경기,일반승용,현대자동차,더 뉴 아이오닉6 2WD 롱레인지 20인치,570,342,912,100,30
경기,일반승용,현대자동차,더 뉴 아이오닉6 2WD 롱레인지 N라인 20인치,570,342,912,100,30
경기,일반승용,현대자동차,더 뉴 아이오닉6 2WD 스탠다드 18인치,560,336,896,100,30
경기,일반승용,현대자동차,더 뉴 아이오닉6 AWD 롱레인지 18인치,570,342,912,100,30
경기,일반승용,현대자동차,더 뉴 아이오닉6 AWD 롱레인지 20인치,553,331,884,100,30
경기,일반승용,현대자동차,더 뉴 아이오닉6 AWD 롱레인지 N라인 20인치,537,322,859,100,30
경기,일반승용,현대자동차,스타리아 라운지 일렉트릭 7인승,229,137,366,46,14
경기,일반승용,현대자동차,스타리아 리무진 일렉트릭 6인승,229,137,366,46,14
경기,일반승용,현대자동차,아이오닉6 N,250,150,400,50,15
경기,일반승용,현대자동차,아이오닉9 성능형 AWD,272,163,435,54,16
경기,일반승용,현대자동차,아이오닉9 항속형 2WD,274,164,438,55,17
경기,일반승용,현대자동차,아이오닉9 항속형 AWD,271,162,433,54,16
경기,경·소형,현대자동차,캐스퍼 일렉트릭 기본형 15인치,490,294,784,98,29
경기,경·소형,현대자동차,캐스퍼 일렉트릭 크로스 17인치,487,292,779,97,29
경기,경·소형,현대자동차,캐스퍼 일렉트릭 항속형 15인치,490,294,784,98,29
경기,경·소형,현대자동차,캐스퍼 일렉트릭 항속형 17인치(라운지포함),490,294,784,98,29
경기,일반승용,현대자동차,코나 일렉트릭 2WD 롱레인지 17인치,514,308,822,100,30
경기,일반승용,현대자동차,코나 일렉트릭 2WD 롱레인지 17인치 빌트인 캠 미적용,514,308,822,100,30
경기,일반승용,현대자동차,코나 일렉트릭 2WD 롱레인지 19인치,459,275,734,92,28
경기,일반승용,현대자동차,코나 일렉트릭 2WD 스탠다드 17인치,437,262,699,87,26
경기,일반승용,BMW,MINI Aceman E,400,160,560,80,24
경기,일반승용,BMW,MINI Aceman SE,400,160,560,80,24
경기,일반승용,BMW,MINI Cooper SE,396,158,554,79,24
경기,일반승용,BMW,MINI Countryman E,217,86,303,43,13
경기,일반승용,BMW,MINI Countryman SE ALL4,203,81,284,41,12
경기,일반승용,BMW,MINI JCW Aceman E,197,78,275,39,12
경기,일반승용,BMW,MINI JCW E,191,76,267,38,11
경기,일반승용,BMW,i4 M60 LCI (71HD),233,93,326,47,14
경기,일반승용,BMW,i4 eDrive 40 LCI(21HD),244,97,341,49,15
경기,일반승용,BMW,i4 eDrive 40 LCI(61HD),256,102,358,51,15
경기,일반승용,BMW,i5 eDrive 40,262,104,366,52,16
경기,일반승용,BMW,iX1 eDrive20,212,84,296,42,13
경기,일반승용,BMW,iX1 eDrive20(11HM),235,94,329,47,14
경기,일반승용,BMW,iX1 xDrive30,192,76,268,38,11
경기,일반승용,BMW,iX2 eDrive20,214,85,299,43,13
경기,일반승용,BMW,iX2 eDrive20(71GN),239,95,334,48,14
경기,일반승용,BMW,iX3 50 xDrive,275,110,385,55,17
경기,일반승용,기아,EV3 GT,248,99,347,50,15
경기,일반승용,기아,EV3 롱레인지 2WD 17인치,555,222,777,100,30
경기,일반승용,기아,EV3 롱레인지 2WD 19인치,555,222,777,100,30
경기,일반승용,기아,EV3 롱레인지 4WD 19인치,539,215,754,100,30
경기,일반승용,기아,EV3 스탠다드 2WD,469,187,656,94,28
경기,일반승용,기아,EV4 GT,255,102,357,51,15
경기,일반승용,기아,EV4 롱레인지 2WD 17인치,555,222,777,100,30
경기,일반승용,기아,EV4 롱레인지 2WD 19인치,555,222,777,100,30
경기,일반승용,기아,EV4 롱레인지 4WD 19인치,554,221,775,100,30
경기,일반승용,기아,EV4 롱레인지 GTL 2WD 19인치,555,222,777,100,30
경기,일반승용,기아,EV4 스탠다드 2WD 17인치,512,204,716,100,30
경기,일반승용,기아,EV4 스탠다드 2WD 19인치,481,192,673,96,29
경기,일반승용,기아,EV5 GT,232,92,324,46,14
경기,일반승용,기아,EV5 롱레인지 2WD,552,220,772,100,30
경기,일반승용,기아,EV5 롱레인지 4WD 18인치,499,199,698,100,30
경기,일반승용,기아,EV5 롱레인지 4WD 19인치,493,197,690,99,30
경기,일반승용,기아,EV9 GT,245,98,343,49,15
경기,일반승용,기아,EV9 롱레인지 2WD 19인치,270,108,378,54,16
경기,일반승용,기아,EV9 롱레인지 2WD 20인치,268,107,375,54,16
경기,일반승용,기아,EV9 롱레인지 4WD 19인치,254,101,355,51,15
경기,일반승용,기아,EV9 롱레인지 4WD 21인치,260,104,364,52,16
경기,일반승용,기아,EV9 롱레인지 GTL 4WD 21인치,252,100,352,50,15
경기,일반승용,기아,EV9 스탠다드,237,94,331,47,14
경기,일반승용,기아,PV5 패신저 5인승 롱레인지,458,183,641,92,28
경기,일반승용,기아,Pv5 WAV(비용 미지원),648,259,907,100,30
경기,일반승용,기아,Pv5 WAV(비용 지원),448,179,627,90,27
경기,일반승용,기아,(단종)The all-new Kia Niro EV,489,195,684,98,29
경기,일반승용,기아,더뉴EV6 롱레인지 2WD 19인치,570,228,798,100,30
경기,일반승용,기아,더뉴EV6 롱레인지 2WD 20인치,559,223,782,100,30
경기,일반승용,기아,더뉴EV6 롱레인지 4WD 19인치,561,224,785,100,30
경기,일반승용,기아,더뉴EV6 롱레인지 4WD 20인치,532,212,744,100,30
경기,일반승용,기아,더뉴EV6 스탠다드,501,200,701,100,30
경기,경·소형,기아,레이 EV 2WD 14인치 1인승 밴,457,182,639,91,27
경기,경·소형,기아,레이 EV 2WD 14인치 2인승 밴,457,182,639,91,27
경기,경·소형,기아,레이 EV 2WD 14인치 4인승 승용,457,182,639,91,27
경기,일반승용,메르세데스벤츠코리아,EQA 250(Facelift),190,76,266,38,11
경기,일반승용,메르세데스벤츠코리아,EQB 300 4MATIC(Facelift),154,61,215,31,9
경기,일반승용,메르세데스벤츠코리아,EQB 300 4MATIC(Facelift)(CY25/2),162,64,226,32,10
경기,일반승용,볼보자동차코리아,볼보 EX30 Single Motor ER,247,98,345,49,15
경기,일반승용,볼보자동차코리아,볼보 EX30CC Twin Motor Perf,222,88,310,44,13
경기,일반승용,비와이디코리아,(단종)BYD ATTO 3,126,50,176,25,8
경기,일반승용,비와이디코리아,(단종)BYD DOLPHIN,109,43,152,22,7
경기,일반승용,비와이디코리아,(단종)BYD DOLPHIN Active,132,52,184,26,8
경기,일반승용,비와이디코리아,(단종)BYD SEAL,169,67,236,34,10
경기,일반승용,비와이디코리아,(단종)BYD SEAL Dynamic AWD,151,60,211,30,9
경기,일반승용,비와이디코리아,(단종)BYD SEALION 7,152,60,212,30,9
경기,일반승용,케이지모빌리티,토레스 EVX 18인치,354,141,495,71,21
경기,일반승용,케이지모빌리티,토레스 EVX 18인치(2026),361,144,505,72,22
경기,일반승용,케이지모빌리티,토레스 EVX 20인치,344,137,481,69,21
경기,일반승용,케이지모빌리티,토레스 EVX 20인치(2026),354,141,495,71,21
경기,일반승용,케이지모빌리티,(단종)토레스 EVX 2WD 18인치,327,130,457,65,20
경기,일반승용,케이지모빌리티,(단종)토레스 EVX 2WD 20인치,312,124,436,62,19
경기,일반승용,테슬라코리아,Model 3 Performance,200,80,280,40,12
경기,일반승용,테슬라코리아,Model 3 Premium Long Range RWD,420,168,588,84,25
경기,일반승용,테슬라코리아,Model 3 Premium Long Range RWD(5999만원),210,84,294,42,13
경기,일반승용,테슬라코리아,Model 3 RWD,168,67,235,34,10
경기,일반승용,테슬라코리아,Model 3 RWD(2025),168,67,235,34,10
경기,일반승용,테슬라코리아,Model Y L AWD,215,84,299,43,13
경기,일반승용,테슬라코리아,Model Y Long Range(2025),210,84,294,42,13
경기,일반승용,테슬라코리아,Model Y Premium Long Range,210,84,294,42,13
경기,일반승용,테슬라코리아,Model Y Premium RWD,170,68,238,34,10
경기,일반승용,테슬라코리아,Model Y RWD(2025),170,68,238,34,10
경기,일반승용,폭스바겐그룹코리아,ID.4 Pro,432,172,604,86,26
경기,일반승용,폭스바겐그룹코리아,Q4 45 e-tron,206,82,288,41,12
경기,일반승용,폭스바겐그룹코리아,Q4 Sportback 45 e-tron,206,82,288,41,12
경기,일반승용,폭스바겐그룹코리아,(단종)Q6 e-tron performance,220,88,308,44,13
경기,일반승용,폭스바겐그룹코리아,iD.5 Pro,473,189,662,95,29
경기,일반승용,폴스타오토모티브코리아,Polestar 4 Coupe Dual Motor,168,67,235,34,10
경기,일반승용,폴스타오토모티브코리아,Polestar 4 Coupe Rear Motor,181,72,253,36,11
경기,일반승용,현대자동차,ELECTRIFIED G80,270,108,378,54,16
경기,일반승용,현대자동차,ELECTRIFIED GV70 AWD 19인치,261,104,365,52,16
경기,일반승용,현대자동차,ELECTRIFIED GV70 AWD 20인치,245,98,343,49,15
경기,일반승용,현대자동차,GV60 스탠다드 2WD 19인치,285,114,399,57,17
경기,일반승용,현대자동차,GV60 스탠다드 AWD 19인치,272,108,380,54,16
경기,일반승용,현대자동차,GV60 스탠다드 AWD 20인치,261,104,365,52,16
경기,일반승용,현대자동차,더 뉴 아이오닉5 2WD 롱레인지 19인치,564,225,789,100,30
경기,일반승용,현대자동차,더 뉴 아이오닉5 2WD 롱레인지 19인치 빌트인 캠 미적용,567,226,793,100,30
경기,일반승용,현대자동차,더 뉴 아이오닉5 2WD 롱레인지 20인치,559,223,782,100,30
경기,일반승용,현대자동차,더 뉴 아이오닉5 2WD 롱레인지 N라인 20인치,541,216,757,100,30
경기,일반승용,현대자동차,더 뉴 아이오닉5 2WD 스탠다드 19인치,483,193,676,97,29
경기,일반승용,현대자동차,더 뉴 아이오닉5 AWD 롱레인지 19인치,558,223,781,100,30
경기,일반승용,현대자동차,더 뉴 아이오닉5 AWD 롱레인지 20인치,532,212,744,100,30
경기,일반승용,현대자동차,더 뉴 아이오닉5 AWD 롱레인지 N라인 20인치,510,204,714,100,30
경기,일반승용,현대자동차,더 뉴 아이오닉6 2WD 롱레인지 18인치,570,228,798,100,30
경기,일반승용,현대자동차,더 뉴 아이오닉6 2WD 롱레인지 20인치,570,228,798,100,30
경기,일반승용,현대자동차,더 뉴 아이오닉6 2WD 롱레인지 N라인 20인치,570,228,798,100,30
경기,일반승용,현대자동차,더 뉴 아이오닉6 2WD 스탠다드 18인치,560,224,784,100,30
경기,일반승용,현대자동차,더 뉴 아이오닉6 AWD 롱레인지 18인치,570,228,798,100,30
경기,일반승용,현대자동차,더 뉴 아이오닉6 AWD 롱레인지 20인치,553,221,774,100,30
경기,일반승용,현대자동차,더 뉴 아이오닉6 AWD 롱레인지 N라인 20인치,537,214,751,100,30
경기,일반승용,현대자동차,스타리아 라운지 일렉트릭 7인승,229,91,320,46,14
경기,일반승용,현대자동차,스타리아 리무진 일렉트릭 6인승,229,91,320,46,14
경기,일반승용,현대자동차,아이오닉6 N,250,100,350,50,15
경기,일반승용,현대자동차,아이오닉9 성능형 AWD,272,108,380,54,16
경기,일반승용,현대자동차,아이오닉9 항속형 2WD,274,109,383,55,17
경기,일반승용,현대자동차,아이오닉9 항속형 AWD,271,108,379,54,16
경기,경·소형,현대자동차,캐스퍼 일렉트릭 기본형 15인치,490,196,686,98,29
경기,경·소형,현대자동차,캐스퍼 일렉트릭 크로스 17인치,487,194,681,97,29
경기,경·소형,현대자동차,캐스퍼 일렉트릭 항속형 15인치,490,196,686,98,29
경기,경·소형,현대자동차,캐스퍼 일렉트릭 항속형 17인치(라운지포함),490,196,686,98,29
경기,일반승용,현대자동차,코나 일렉트릭 2WD 롱레인지 17인치,514,205,719,100,30
경기,일반승용,현대자동차,코나 일렉트릭 2WD 롱레인지 17인치 빌트인 캠 미적용,514,205,719,100,30
경기,일반승용,현대자동차,코나 일렉트릭 2WD 롱레인지 19인치,459,183,642,92,28
경기,일반승용,현대자동차,코나 일렉트릭 2WD 스탠다드 17인치,437,174,611,87,26
경기,일반승용,BMW,MINI Aceman E,400,133,533,80,26
경기,일반승용,BMW,MINI Aceman SE,400,133,533,80,26
경기,일반승용,BMW,MINI Cooper SE,396,132,528,79,26
경기,일반승용,BMW,MINI Countryman E,217,72,289,43,14
경기,일반승용,BMW,MINI Countryman SE ALL4,203,67,270,41,14
경기,일반승용,BMW,MINI JCW Aceman E,197,65,262,39,13
경기,일반승용,BMW,MINI JCW E,191,63,254,38,13
경기,일반승용,BMW,i4 M60 LCI (71HD),233,77,310,47,16
경기,일반승용,BMW,i4 eDrive 40 LCI(21HD),244,81,325,49,16
경기,일반승용,BMW,i4 eDrive 40 LCI(61HD),256,85,341,51,17
경기,일반승용,BMW,i5 eDrive 40,262,87,349,52,17
경기,일반승용,BMW,iX1 eDrive20,212,70,282,42,14
경기,일반승용,BMW,iX1 eDrive20(11HM),235,78,313,47,16
경기,일반승용,BMW,iX1 xDrive30,192,64,256,38,13
경기,일반승용,BMW,iX2 eDrive20,214,71,285,43,14
경기,일반승용,BMW,iX2 eDrive20(71GN),239,79,318,48,16
경기,일반승용,BMW,iX3 50 xDrive,275,91,366,55,18
경기,일반승용,기아,EV3 GT,248,82,330,50,17
경기,일반승용,기아,EV3 롱레인지 2WD 17인치,555,185,740,100,33
경기,일반승용,기아,EV3 롱레인지 2WD 19인치,555,185,740,100,33
경기,일반승용,기아,EV3 롱레인지 4WD 19인치,539,179,718,100,33
경기,일반승용,기아,EV3 스탠다드 2WD,469,156,625,94,31
경기,일반승용,기아,EV4 GT,255,85,340,51,17
경기,일반승용,기아,EV4 롱레인지 2WD 17인치,555,185,740,100,33
경기,일반승용,기아,EV4 롱레인지 2WD 19인치,555,185,740,100,33
경기,일반승용,기아,EV4 롱레인지 4WD 19인치,554,184,738,100,33
경기,일반승용,기아,EV4 롱레인지 GTL 2WD 19인치,555,185,740,100,33
경기,일반승용,기아,EV4 스탠다드 2WD 17인치,512,170,682,100,33
경기,일반승용,기아,EV4 스탠다드 2WD 19인치,481,160,641,96,32
경기,일반승용,기아,EV5 GT,232,77,309,46,15
경기,일반승용,기아,EV5 롱레인지 2WD,552,184,736,100,33
경기,일반승용,기아,EV5 롱레인지 4WD 18인치,499,166,665,100,33
경기,일반승용,기아,EV5 롱레인지 4WD 19인치,493,164,657,99,33
경기,일반승용,기아,EV9 GT,245,81,326,49,16
경기,일반승용,기아,EV9 롱레인지 2WD 19인치,270,90,360,54,18
경기,일반승용,기아,EV9 롱레인지 2WD 20인치,268,89,357,54,18
경기,일반승용,기아,EV9 롱레인지 4WD 19인치,254,84,338,51,17
경기,일반승용,기아,EV9 롱레인지 4WD 21인치,260,86,346,52,17
경기,일반승용,기아,EV9 롱레인지 GTL 4WD 21인치,252,84,336,50,17
경기,일반승용,기아,EV9 스탠다드,237,79,316,47,16
경기,일반승용,기아,PV5 패신저 5인승 롱레인지,458,152,610,92,30
경기,일반승용,기아,Pv5 WAV(비용 미지원),648,216,864,100,33
경기,일반승용,기아,Pv5 WAV(비용 지원),448,149,597,90,30
경기,일반승용,기아,(단종)The all-new Kia Niro EV,489,163,652,98,32
경기,일반승용,기아,더뉴EV6 롱레인지 2WD 19인치,570,190,760,100,33
경기,일반승용,기아,더뉴EV6 롱레인지 2WD 20인치,559,186,745,100,33
경기,일반승용,기아,더뉴EV6 롱레인지 4WD 19인치,561,187,748,100,33
경기,일반승용,기아,더뉴EV6 롱레인지 4WD 20인치,532,177,709,100,33
경기,일반승용,기아,더뉴EV6 스탠다드,501,167,668,100,33
경기,경·소형,기아,레이 EV 2WD 14인치 1인승 밴,457,152,609,91,30
경기,경·소형,기아,레이 EV 2WD 14인치 2인승 밴,457,152,609,91,30
경기,경·소형,기아,레이 EV 2WD 14인치 4인승 승용,457,152,609,91,30
경기,일반승용,메르세데스벤츠코리아,EQA 250(Facelift),190,63,253,38,13
경기,일반승용,메르세데스벤츠코리아,EQB 300 4MATIC(Facelift),154,51,205,31,10
경기,일반승용,메르세데스벤츠코리아,EQB 300 4MATIC(Facelift)(CY25/2),162,54,216,32,11
경기,일반승용,볼보자동차코리아,볼보 EX30 Single Motor ER,247,82,329,49,16
경기,일반승용,볼보자동차코리아,볼보 EX30CC Twin Motor Perf,222,74,296,44,15
경기,일반승용,비와이디코리아,(단종)BYD ATTO 3,126,42,168,25,8
경기,일반승용,비와이디코리아,(단종)BYD DOLPHIN,109,36,145,22,7
경기,일반승용,비와이디코리아,(단종)BYD DOLPHIN Active,132,44,176,26,9
경기,일반승용,비와이디코리아,(단종)BYD SEAL,169,56,225,34,11
경기,일반승용,비와이디코리아,(단종)BYD SEAL Dynamic AWD,151,50,201,30,10
경기,일반승용,비와이디코리아,(단종)BYD SEALION 7,152,50,202,30,10
경기,일반승용,케이지모빌리티,토레스 EVX 18인치,354,118,472,71,23
경기,일반승용,케이지모빌리티,토레스 EVX 18인치(2026),361,120,481,72,24
경기,일반승용,케이지모빌리티,토레스 EVX 20인치,344,114,458,69,23
경기,일반승용,케이지모빌리티,토레스 EVX 20인치(2026),354,118,472,71,23
경기,일반승용,케이지모빌리티,(단종)토레스 EVX 2WD 18인치,327,109,436,65,21
경기,일반승용,케이지모빌리티,(단종)토레스 EVX 2WD 20인치,312,104,416,62,20
경기,일반승용,테슬라코리아,Model 3 Performance,200,66,266,40,13
경기,일반승용,테슬라코리아,Model 3 Premium Long Range RWD,420,140,560,84,28
경기,일반승용,테슬라코리아,Model 3 Premium Long Range RWD(5999만원),210,70,280,42,14
경기,일반승용,테슬라코리아,Model 3 RWD,168,56,224,34,11
경기,일반승용,테슬라코리아,Model 3 RWD(2025),168,56,224,34,11
경기,일반승용,테슬라코리아,Model Y L AWD,215,71,286,43,14
경기,일반승용,테슬라코리아,Model Y Long Range(2025),210,70,280,42,14
경기,일반승용,테슬라코리아,Model Y Premium Long Range,210,70,280,42,14
경기,일반승용,테슬라코리아,Model Y Premium RWD,170,56,226,34,11
경기,일반승용,테슬라코리아,Model Y RWD(2025),170,56,226,34,11
경기,일반승용,폭스바겐그룹코리아,ID.4 Pro,432,144,576,86,28
경기,일반승용,폭스바겐그룹코리아,Q4 45 e-tron,206,68,274,41,14
경기,일반승용,폭스바겐그룹코리아,Q4 Sportback 45 e-tron,206,68,274,41,14
경기,일반승용,폭스바겐그룹코리아,(단종)Q6 e-tron performance,220,73,293,44,15
경기,일반승용,폭스바겐그룹코리아,iD.5 Pro,473,157,630,95,31
경기,일반승용,폴스타오토모티브코리아,Polestar 4 Coupe Dual Motor,168,56,224,34,11
경기,일반승용,폴스타오토모티브코리아,Polestar 4 Coupe Rear Motor,181,60,241,36,12
경기,일반승용,현대자동차,ELECTRIFIED G80,270,90,360,54,18
경기,일반승용,현대자동차,ELECTRIFIED GV70 AWD 19인치,261,87,348,52,17
경기,일반승용,현대자동차,ELECTRIFIED GV70 AWD 20인치,245,81,326,49,16
경기,일반승용,현대자동차,GV60 스탠다드 2WD 19인치,285,95,380,57,19
경기,일반승용,현대자동차,GV60 스탠다드 AWD 19인치,272,90,362,54,18
경기,일반승용,현대자동차,GV60 스탠다드 AWD 20인치,261,87,348,52,17
경기,일반승용,현대자동차,더 뉴 아이오닉5 2WD 롱레인지 19인치,564,188,752,100,33
경기,일반승용,현대자동차,더 뉴 아이오닉5 2WD 롱레인지 19인치 빌트인 캠 미적용,567,189,756,100,33
경기,일반승용,현대자동차,더 뉴 아이오닉5 2WD 롱레인지 20인치,559,186,745,100,33
경기,일반승용,현대자동차,더 뉴 아이오닉5 2WD 롱레인지 N라인 20인치,541,180,721,100,33
경기,일반승용,현대자동차,더 뉴 아이오닉5 2WD 스탠다드 19인치,483,161,644,97,32
경기,일반승용,현대자동차,더 뉴 아이오닉5 AWD 롱레인지 19인치,558,186,744,100,33
경기,일반승용,현대자동차,더 뉴 아이오닉5 AWD 롱레인지 20인치,532,177,709,100,33
경기,일반승용,현대자동차,더 뉴 아이오닉5 AWD 롱레인지 N라인 20인치,510,170,680,100,33
경기,일반승용,현대자동차,더 뉴 아이오닉6 2WD 롱레인지 18인치,570,190,760,100,33
경기,일반승용,현대자동차,더 뉴 아이오닉6 2WD 롱레인지 20인치,570,190,760,100,33
경기,일반승용,현대자동차,더 뉴 아이오닉6 2WD 롱레인지 N라인 20인치,570,190,760,100,33
경기,일반승용,현대자동차,더 뉴 아이오닉6 2WD 스탠다드 18인치,560,186,746,100,33
경기,일반승용,현대자동차,더 뉴 아이오닉6 AWD 롱레인지 18인치,570,190,760,100,33
경기,일반승용,현대자동차,더 뉴 아이오닉6 AWD 롱레인지 20인치,553,184,737,100,33
경기,일반승용,현대자동차,더 뉴 아이오닉6 AWD 롱레인지 N라인 20인치,537,179,716,100,33
경기,일반승용,현대자동차,스타리아 라운지 일렉트릭 7인승,229,76,305,46,15
경기,일반승용,현대자동차,스타리아 리무진 일렉트릭 6인승,229,76,305,46,15
경기,일반승용,현대자동차,아이오닉6 N,250,83,333,50,17
경기,일반승용,현대자동차,아이오닉9 성능형 AWD,272,90,362,54,18
경기,일반승용,현대자동차,아이오닉9 항속형 2WD,274,91,365,55,18
경기,일반승용,현대자동차,아이오닉9 항속형 AWD,271,90,361,54,18
경기,경·소형,현대자동차,캐스퍼 일렉트릭 기본형 15인치,490,163,653,98,32
경기,경·소형,현대자동차,캐스퍼 일렉트릭 크로스 17인치,487,162,649,97,32
경기,경·소형,현대자동차,캐스퍼 일렉트릭 항속형 15인치,490,163,653,98,32
경기,경·소형,현대자동차,캐스퍼 일렉트릭 항속형 17인치(라운지포함),490,163,653,98,32
경기,일반승용,현대자동차,코나 일렉트릭 2WD 롱레인지 17인치,514,171,685,100,33
경기,일반승용,현대자동차,코나 일렉트릭 2WD 롱레인지 17인치 빌트인 캠 미적용,514,171,685,100,33
경기,일반승용,현대자동차,코나 일렉트릭 2WD 롱레인지 19인치,459,153,612,92,30
경기,일반승용,현대자동차,코나 일렉트릭 2WD 스탠다드 17인치,437,145,582,87,29
경기,일반승용,BMW,MINI Aceman E,400,120,520,80,24
경기,일반승용,BMW,MINI Aceman SE,400,120,520,80,24
경기,일반승용,BMW,MINI Cooper SE,396,118,514,79,24
경기,일반승용,BMW,MINI Countryman E,217,65,282,43,13
경기,일반승용,BMW,MINI Countryman SE ALL4,203,60,263,41,12
경기,일반승용,BMW,MINI JCW Aceman E,197,59,256,39,12
경기,일반승용,BMW,MINI JCW E,191,57,248,38,11
경기,일반승용,BMW,i4 M60 LCI (71HD),233,69,302,47,14
경기,일반승용,BMW,i4 eDrive 40 LCI(21HD),244,73,317,49,15
경기,일반승용,BMW,i4 eDrive 40 LCI(61HD),256,76,332,51,15
경기,일반승용,BMW,i5 eDrive 40,262,78,340,52,16
경기,일반승용,BMW,iX1 eDrive20,212,63,275,42,13
경기,일반승용,BMW,iX1 eDrive20(11HM),235,0,235,47,14
경기,일반승용,BMW,iX1 xDrive30,192,57,249,38,11
경기,일반승용,BMW,iX2 eDrive20,214,64,278,43,13
경기,일반승용,BMW,iX2 eDrive20(71GN),239,0,239,48,14
경기,일반승용,BMW,iX3 50 xDrive,275,82,357,55,17
경기,일반승용,기아,EV3 GT,248,74,322,50,15
경기,일반승용,기아,EV3 롱레인지 2WD 17인치,555,166,721,100,30
경기,일반승용,기아,EV3 롱레인지 2WD 19인치,555,166,721,100,30
경기,일반승용,기아,EV3 롱레인지 4WD 19인치,539,161,700,100,30
경기,일반승용,기아,EV3 스탠다드 2WD,469,140,609,94,28
경기,일반승용,기아,EV4 GT,255,76,331,51,15
경기,일반승용,기아,EV4 롱레인지 2WD 17인치,555,166,721,100,30
경기,일반승용,기아,EV4 롱레인지 2WD 19인치,555,166,721,100,30
경기,일반승용,기아,EV4 롱레인지 4WD 19인치,554,166,720,100,30
경기,일반승용,기아,EV4 롱레인지 GTL 2WD 19인치,555,166,721,100,30
경기,일반승용,기아,EV4 스탠다드 2WD 17인치,512,153,665,100,30
경기,일반승용,기아,EV4 스탠다드 2WD 19인치,481,144,625,96,29
경기,일반승용,기아,EV5 GT,232,69,301,46,14
경기,일반승용,기아,EV5 롱레인지 2WD,552,165,717,100,30
경기,일반승용,기아,EV5 롱레인지 4WD 18인치,499,149,648,100,30
경기,일반승용,기아,EV5 롱레인지 4WD 19인치,493,147,640,99,30
경기,일반승용,기아,EV9 GT,245,73,318,49,15
경기,일반승용,기아,EV9 롱레인지 2WD 19인치,270,81,351,54,16
경기,일반승용,기아,EV9 롱레인지 2WD 20인치,268,80,348,54,16
경기,일반승용,기아,EV9 롱레인지 4WD 19인치,254,76,330,51,15
경기,일반승용,기아,EV9 롱레인지 4WD 21인치,260,78,338,52,16
경기,일반승용,기아,EV9 롱레인지 GTL 4WD 21인치,252,75,327,50,15
경기,일반승용,기아,EV9 스탠다드,237,71,308,47,14
경기,일반승용,기아,PV5 패신저 5인승 롱레인지,458,137,595,92,28
경기,일반승용,기아,Pv5 WAV(비용 미지원),648,194,842,100,30
경기,일반승용,기아,Pv5 WAV(비용 지원),448,134,582,90,27
경기,일반승용,기아,(단종)The all-new Kia Niro EV,489,146,635,98,29
경기,일반승용,기아,더뉴EV6 롱레인지 2WD 19인치,570,171,741,100,30
경기,일반승용,기아,더뉴EV6 롱레인지 2WD 20인치,559,167,726,100,30
경기,일반승용,기아,더뉴EV6 롱레인지 4WD 19인치,561,168,729,100,30
경기,일반승용,기아,더뉴EV6 롱레인지 4WD 20인치,532,159,691,100,30
경기,일반승용,기아,더뉴EV6 스탠다드,501,150,651,100,30
경기,경·소형,기아,레이 EV 2WD 14인치 1인승 밴,457,137,594,91,27
경기,경·소형,기아,레이 EV 2WD 14인치 2인승 밴,457,137,594,91,27
경기,경·소형,기아,레이 EV 2WD 14인치 4인승 승용,457,137,594,91,27
경기,일반승용,메르세데스벤츠코리아,EQA 250(Facelift),190,57,247,38,11
경기,일반승용,메르세데스벤츠코리아,EQB 300 4MATIC(Facelift),154,46,200,31,9
경기,일반승용,메르세데스벤츠코리아,EQB 300 4MATIC(Facelift)(CY25/2),162,48,210,32,10
경기,일반승용,볼보자동차코리아,볼보 EX30 Single Motor ER,247,74,321,49,15
경기,일반승용,볼보자동차코리아,볼보 EX30CC Twin Motor Perf,222,66,288,44,13
경기,일반승용,비와이디코리아,(단종)BYD ATTO 3,126,37,163,25,8
경기,일반승용,비와이디코리아,(단종)BYD DOLPHIN,109,32,141,22,7
경기,일반승용,비와이디코리아,(단종)BYD DOLPHIN Active,132,39,171,26,8
경기,일반승용,비와이디코리아,(단종)BYD SEAL,169,50,219,34,10
경기,일반승용,비와이디코리아,(단종)BYD SEAL Dynamic AWD,151,45,196,30,9
경기,일반승용,비와이디코리아,(단종)BYD SEALION 7,152,45,197,30,9
경기,일반승용,케이지모빌리티,토레스 EVX 18인치,354,106,460,71,21
경기,일반승용,케이지모빌리티,토레스 EVX 18인치(2026),361,108,469,72,22
경기,일반승용,케이지모빌리티,토레스 EVX 20인치,344,103,447,69,21
경기,일반승용,케이지모빌리티,토레스 EVX 20인치(2026),354,106,460,71,21
경기,일반승용,케이지모빌리티,(단종)토레스 EVX 2WD 18인치,327,98,425,65,20
경기,일반승용,케이지모빌리티,(단종)토레스 EVX 2WD 20인치,312,93,405,62,19
경기,일반승용,테슬라코리아,Model 3 Performance,200,60,260,40,12
경기,일반승용,테슬라코리아,Model 3 Premium Long Range RWD,420,126,546,84,25
경기,일반승용,테슬라코리아,Model 3 Premium Long Range RWD(5999만원),210,63,273,42,13
경기,일반승용,테슬라코리아,Model 3 RWD,168,50,218,34,10
경기,일반승용,테슬라코리아,Model 3 RWD(2025),168,50,218,34,10
경기,일반승용,테슬라코리아,Model Y L AWD,215,64,279,43,13
경기,일반승용,테슬라코리아,Model Y Long Range(2025),210,63,273,42,13
경기,일반승용,테슬라코리아,Model Y Premium Long Range,210,63,273,42,13
경기,일반승용,테슬라코리아,Model Y Premium RWD,170,51,221,34,10
경기,일반승용,테슬라코리아,Model Y RWD(2025),170,51,221,34,10
경기,일반승용,폭스바겐그룹코리아,ID.4 Pro,432,129,561,86,26
경기,일반승용,폭스바겐그룹코리아,Q4 45 e-tron,206,61,267,41,12
경기,일반승용,폭스바겐그룹코리아,Q4 Sportback 45 e-tron,206,61,267,41,12
경기,일반승용,폭스바겐그룹코리아,(단종)Q6 e-tron performance,220,66,286,44,13
경기,일반승용,폭스바겐그룹코리아,iD.5 Pro,473,141,614,95,29
경기,일반승용,폴스타오토모티브코리아,Polestar 4 Coupe Dual Motor,168,50,218,34,10
경기,일반승용,폴스타오토모티브코리아,Polestar 4 Coupe Rear Motor,181,54,235,36,11
경기,일반승용,현대자동차,ELECTRIFIED G80,270,81,351,54,16
경기,일반승용,현대자동차,ELECTRIFIED GV70 AWD 19인치,261,78,339,52,16
경기,일반승용,현대자동차,ELECTRIFIED GV70 AWD 20인치,245,73,318,49,15
경기,일반승용,현대자동차,GV60 스탠다드 2WD 19인치,285,85,370,57,17
경기,일반승용,현대자동차,GV60 스탠다드 AWD 19인치,272,81,353,54,16
경기,일반승용,현대자동차,GV60 스탠다드 AWD 20인치,261,78,339,52,16
경기,일반승용,현대자동차,더 뉴 아이오닉5 2WD 롱레인지 19인치,564,169,733,100,30
경기,일반승용,현대자동차,더 뉴 아이오닉5 2WD 롱레인지 19인치 빌트인 캠 미적용,567,170,737,100,30
경기,일반승용,현대자동차,더 뉴 아이오닉5 2WD 롱레인지 20인치,559,167,726,100,30
경기,일반승용,현대자동차,더 뉴 아이오닉5 2WD 롱레인지 N라인 20인치,541,162,703,100,30
경기,일반승용,현대자동차,더 뉴 아이오닉5 2WD 스탠다드 19인치,483,144,627,97,29
경기,일반승용,현대자동차,더 뉴 아이오닉5 AWD 롱레인지 19인치,558,167,725,100,30
경기,일반승용,현대자동차,더 뉴 아이오닉5 AWD 롱레인지 20인치,532,159,691,100,30
경기,일반승용,현대자동차,더 뉴 아이오닉5 AWD 롱레인지 N라인 20인치,510,153,663,100,30
경기,일반승용,현대자동차,더 뉴 아이오닉6 2WD 롱레인지 18인치,570,171,741,100,30
경기,일반승용,현대자동차,더 뉴 아이오닉6 2WD 롱레인지 20인치,570,171,741,100,30
경기,일반승용,현대자동차,더 뉴 아이오닉6 2WD 롱레인지 N라인 20인치,570,171,741,100,30
경기,일반승용,현대자동차,더 뉴 아이오닉6 2WD 스탠다드 18인치,560,168,728,100,30
경기,일반승용,현대자동차,더 뉴 아이오닉6 AWD 롱레인지 18인치,570,171,741,100,30
경기,일반승용,현대자동차,더 뉴 아이오닉6 AWD 롱레인지 20인치,553,165,718,100,30
경기,일반승용,현대자동차,더 뉴 아이오닉6 AWD 롱레인지 N라인 20인치,537,161,698,100,30
경기,일반승용,현대자동차,스타리아 라운지 일렉트릭 7인승,229,68,297,46,14
경기,일반승용,현대자동차,스타리아 리무진 일렉트릭 6인승,229,68,297,46,14
경기,일반승용,현대자동차,아이오닉6 N,250,75,325,50,15
경기,일반승용,현대자동차,아이오닉9 성능형 AWD,272,81,353,54,16
경기,일반승용,현대자동차,아이오닉9 항속형 2WD,274,82,356,55,17
경기,일반승용,현대자동차,아이오닉9 항속형 AWD,271,81,352,54,16
경기,경·소형,현대자동차,캐스퍼 일렉트릭 기본형 15인치,490,147,637,98,29
경기,경·소형,현대자동차,캐스퍼 일렉트릭 크로스 17인치,487,146,633,97,29
경기,경·소형,현대자동차,캐스퍼 일렉트릭 항속형 15인치,490,147,637,98,29
경기,경·소형,현대자동차,캐스퍼 일렉트릭 항속형 17인치(라운지포함),490,147,637,98,29
경기,일반승용,현대자동차,코나 일렉트릭 2WD 롱레인지 17인치,514,154,668,100,30
경기,일반승용,현대자동차,코나 일렉트릭 2WD 롱레인지 17인치 빌트인 캠 미적용,514,154,668,100,30
경기,일반승용,현대자동차,코나 일렉트릭 2WD 롱레인지 19인치,459,137,596,92,28
경기,일반승용,현대자동차,코나 일렉트릭 2WD 스탠다드 17인치,437,131,568,87,26
경기,일반승용,BMW,MINI Aceman E,400,166,566,80,24
경기,일반승용,BMW,MINI Aceman SE,400,166,566,80,24
경기,일반승용,BMW,MINI Cooper SE,396,165,561,79,24
경기,일반승용,BMW,MINI Countryman E,217,90,307,43,13
경기,일반승용,BMW,MINI Countryman SE ALL4,203,84,287,41,12
경기,일반승용,BMW,MINI JCW Aceman E,197,82,279,39,12
경기,일반승용,BMW,MINI JCW E,191,79,270,38,11
경기,일반승용,BMW,i4 M60 LCI (71HD),233,97,330,47,14
경기,일반승용,BMW,i4 eDrive 40 LCI(21HD),244,101,345,49,15
경기,일반승용,BMW,i4 eDrive 40 LCI(61HD),256,106,362,51,15
경기,일반승용,BMW,i5 eDrive 40,262,109,371,52,16
경기,일반승용,BMW,iX1 eDrive20,212,88,300,42,13
경기,일반승용,BMW,iX1 eDrive20(11HM),235,97,332,47,14
경기,일반승용,BMW,iX1 xDrive30,192,80,272,38,11
경기,일반승용,BMW,iX2 eDrive20,214,89,303,43,13
경기,일반승용,BMW,iX2 eDrive20(71GN),239,99,338,48,14
경기,일반승용,BMW,iX3 50 xDrive,275,114,389,55,17
경기,일반승용,기아,EV3 GT,248,103,351,50,15
경기,일반승용,기아,EV3 롱레인지 2WD 17인치,555,231,786,100,30
경기,일반승용,기아,EV3 롱레인지 2WD 19인치,555,231,786,100,30
경기,일반승용,기아,EV3 롱레인지 4WD 19인치,539,224,763,100,30
경기,일반승용,기아,EV3 스탠다드 2WD,469,195,664,94,28
경기,일반승용,기아,EV4 GT,255,106,361,51,15
경기,일반승용,기아,EV4 롱레인지 2WD 17인치,555,231,786,100,30
경기,일반승용,기아,EV4 롱레인지 2WD 19인치,555,231,786,100,30
경기,일반승용,기아,EV4 롱레인지 4WD 19인치,554,230,784,100,30
경기,일반승용,기아,EV4 롱레인지 GTL 2WD 19인치,555,231,786,100,30
경기,일반승용,기아,EV4 스탠다드 2WD 17인치,512,213,725,100,30
경기,일반승용,기아,EV4 스탠다드 2WD 19인치,481,200,681,96,29
경기,일반승용,기아,EV5 GT,232,96,328,46,14
경기,일반승용,기아,EV5 롱레인지 2WD,552,230,782,100,30
경기,일반승용,기아,EV5 롱레인지 4WD 18인치,499,207,706,100,30
경기,일반승용,기아,EV5 롱레인지 4WD 19인치,493,205,698,99,30
경기,일반승용,기아,EV9 GT,245,102,347,49,15
경기,일반승용,기아,EV9 롱레인지 2WD 19인치,270,112,382,54,16
경기,일반승용,기아,EV9 롱레인지 2WD 20인치,268,111,379,54,16
경기,일반승용,기아,EV9 롱레인지 4WD 19인치,254,105,359,51,15
경기,일반승용,기아,EV9 롱레인지 4WD 21인치,260,108,368,52,16
경기,일반승용,기아,EV9 롱레인지 GTL 4WD 21인치,252,105,357,50,15
경기,일반승용,기아,EV9 스탠다드,237,98,335,47,14
경기,일반승용,기아,PV5 패신저 5인승 롱레인지,458,190,648,92,28
경기,일반승용,기아,Pv5 WAV(비용 미지원),648,270,918,100,30
경기,일반승용,기아,Pv5 WAV(비용 지원),448,186,634,90,27
경기,일반승용,기아,(단종)The all-new Kia Niro EV,489,203,692,98,29
경기,일반승용,기아,더뉴EV6 롱레인지 2WD 19인치,570,237,807,100,30
경기,일반승용,기아,더뉴EV6 롱레인지 2WD 20인치,559,232,791,100,30
경기,일반승용,기아,더뉴EV6 롱레인지 4WD 19인치,561,233,794,100,30
경기,일반승용,기아,더뉴EV6 롱레인지 4WD 20인치,532,221,753,100,30
경기,일반승용,기아,더뉴EV6 스탠다드,501,208,709,100,30
경기,경·소형,기아,레이 EV 2WD 14인치 1인승 밴,457,190,647,91,27
경기,경·소형,기아,레이 EV 2WD 14인치 2인승 밴,457,190,647,91,27
경기,경·소형,기아,레이 EV 2WD 14인치 4인승 승용,457,190,647,91,27
경기,일반승용,메르세데스벤츠코리아,EQA 250(Facelift),190,79,269,38,11
경기,일반승용,메르세데스벤츠코리아,EQB 300 4MATIC(Facelift),154,64,218,31,9
경기,일반승용,메르세데스벤츠코리아,EQB 300 4MATIC(Facelift)(CY25/2),162,67,229,32,10
경기,일반승용,볼보자동차코리아,볼보 EX30 Single Motor ER,247,102,349,49,15
경기,일반승용,볼보자동차코리아,볼보 EX30CC Twin Motor Perf,222,92,314,44,13
경기,일반승용,비와이디코리아,(단종)BYD ATTO 3,126,52,178,25,8
경기,일반승용,비와이디코리아,(단종)BYD DOLPHIN,109,45,154,22,7
경기,일반승용,비와이디코리아,(단종)BYD DOLPHIN Active,132,55,187,26,8
경기,일반승용,비와이디코리아,(단종)BYD SEAL,169,70,239,34,10
경기,일반승용,비와이디코리아,(단종)BYD SEAL Dynamic AWD,151,62,213,30,9
경기,일반승용,비와이디코리아,(단종)BYD SEALION 7,152,63,215,30,9
경기,일반승용,케이지모빌리티,토레스 EVX 18인치,354,147,501,71,21
경기,일반승용,케이지모빌리티,토레스 EVX 18인치(2026),361,150,511,72,22
경기,일반승용,케이지모빌리티,토레스 EVX 20인치,344,143,487,69,21
경기,일반승용,케이지모빌리티,토레스 EVX 20인치(2026),354,147,501,71,21
경기,일반승용,케이지모빌리티,(단종)토레스 EVX 2WD 18인치,327,136,463,65,20
경기,일반승용,케이지모빌리티,(단종)토레스 EVX 2WD 20인치,312,130,442,62,19
경기,일반승용,테슬라코리아,Model 3 Performance,200,83,283,40,12
경기,일반승용,테슬라코리아,Model 3 Premium Long Range RWD,420,175,595,84,25
경기,일반승용,테슬라코리아,Model 3 Premium Long Range RWD(5999만원),210,87,297,42,13
경기,일반승용,테슬라코리아,Model 3 RWD,168,70,238,34,10
경기,일반승용,테슬라코리아,Model 3 RWD(2025),168,70,238,34,10
경기,일반승용,테슬라코리아,Model Y L AWD,215,89,304,43,13
경기,일반승용,테슬라코리아,Model Y Long Range(2025),210,87,297,42,13
경기,일반승용,테슬라코리아,Model Y Premium Long Range,210,87,297,42,13
경기,일반승용,테슬라코리아,Model Y Premium RWD,170,70,240,34,10
경기,일반승용,테슬라코리아,Model Y RWD(2025),170,70,240,34,10
경기,일반승용,폭스바겐그룹코리아,ID.4 Pro,432,180,612,86,26
경기,일반승용,폭스바겐그룹코리아,Q4 45 e-tron,206,85,291,41,12
경기,일반승용,폭스바겐그룹코리아,Q4 Sportback 45 e-tron,206,85,291,41,12
경기,일반승용,폭스바겐그룹코리아,(단종)Q6 e-tron performance,220,91,311,44,13
경기,일반승용,폭스바겐그룹코리아,iD.5 Pro,473,197,670,95,29
경기,일반승용,폴스타오토모티브코리아,Polestar 4 Coupe Dual Motor,168,70,238,34,10
경기,일반승용,폴스타오토모티브코리아,Polestar 4 Coupe Rear Motor,181,75,256,36,11
경기,일반승용,현대자동차,ELECTRIFIED G80,270,112,382,54,16
경기,일반승용,현대자동차,ELECTRIFIED GV70 AWD 19인치,261,108,369,52,16
경기,일반승용,현대자동차,ELECTRIFIED GV70 AWD 20인치,245,102,347,49,15
경기,일반승용,현대자동차,GV60 스탠다드 2WD 19인치,285,118,403,57,17
경기,일반승용,현대자동차,GV60 스탠다드 AWD 19인치,272,113,385,54,16
경기,일반승용,현대자동차,GV60 스탠다드 AWD 20인치,261,108,369,52,16
경기,일반승용,현대자동차,더 뉴 아이오닉5 2WD 롱레인지 19인치,564,235,799,100,30
경기,일반승용,현대자동차,더 뉴 아이오닉5 2WD 롱레인지 19인치 빌트인 캠 미적용,567,236,803,100,30
경기,일반승용,현대자동차,더 뉴 아이오닉5 2WD 롱레인지 20인치,559,232,791,100,30
경기,일반승용,현대자동차,더 뉴 아이오닉5 2WD 롱레인지 N라인 20인치,541,225,766,100,30
경기,일반승용,현대자동차,더 뉴 아이오닉5 2WD 스탠다드 19인치,483,201,684,97,29
경기,일반승용,현대자동차,더 뉴 아이오닉5 AWD 롱레인지 19인치,558,232,790,100,30
경기,일반승용,현대자동차,더 뉴 아이오닉5 AWD 롱레인지 20인치,532,221,753,100,30
경기,일반승용,현대자동차,더 뉴 아이오닉5 AWD 롱레인지 N라인 20인치,510,212,722,100,30
경기,일반승용,현대자동차,더 뉴 아이오닉6 2WD 롱레인지 18인치,570,237,807,100,30
경기,일반승용,현대자동차,더 뉴 아이오닉6 2WD 롱레인지 20인치,570,237,807,100,30
경기,일반승용,현대자동차,더 뉴 아이오닉6 2WD 롱레인지 N라인 20인치,570,237,807,100,30
경기,일반승용,현대자동차,더 뉴 아이오닉6 2WD 스탠다드 18인치,560,233,793,100,30
경기,일반승용,현대자동차,더 뉴 아이오닉6 AWD 롱레인지 18인치,570,237,807,100,30
경기,일반승용,현대자동차,더 뉴 아이오닉6 AWD 롱레인지 20인치,553,230,783,100,30
경기,일반승용,현대자동차,더 뉴 아이오닉6 AWD 롱레인지 N라인 20인치,537,223,760,100,30
경기,일반승용,현대자동차,스타리아 라운지 일렉트릭 7인승,229,95,324,46,14
경기,일반승용,현대자동차,스타리아 리무진 일렉트릭 6인승,229,95,324,46,14
경기,일반승용,현대자동차,아이오닉6 N,250,104,354,50,15
경기,일반승용,현대자동차,아이오닉9 성능형 AWD,272,113,385,54,16
경기,일반승용,현대자동차,아이오닉9 항속형 2WD,274,114,388,55,17
경기,일반승용,현대자동차,아이오닉9 항속형 AWD,271,112,383,54,16
경기,경·소형,현대자동차,캐스퍼 일렉트릭 기본형 15인치,490,204,694,98,29
경기,경·소형,현대자동차,캐스퍼 일렉트릭 크로스 17인치,487,202,689,97,29
경기,경·소형,현대자동차,캐스퍼 일렉트릭 항속형 15인치,490,204,694,98,29
경기,경·소형,현대자동차,캐스퍼 일렉트릭 항속형 17인치(라운지포함),490,204,694,98,29
경기,일반승용,현대자동차,코나 일렉트릭 2WD 롱레인지 17인치,514,214,728,100,30
경기,일반승용,현대자동차,코나 일렉트릭 2WD 롱레인지 17인치 빌트인 캠 미적용,514,214,728,100,30
경기,일반승용,현대자동차,코나 일렉트릭 2WD 롱레인지 19인치,459,191,650,92,28
경기,일반승용,현대자동차,코나 일렉트릭 2WD 스탠다드 17인치,437,182,619,87,26
경기,일반승용,BMW,MINI Aceman E,400,160,560,80,24
경기,일반승용,BMW,MINI Aceman SE,400,160,560,80,24
경기,일반승용,BMW,MINI Cooper SE,396,158,554,79,24
경기,일반승용,BMW,MINI Countryman E,217,86,303,43,13
경기,일반승용,BMW,MINI Countryman SE ALL4,203,81,284,41,12
경기,일반승용,BMW,MINI JCW Aceman E,197,78,275,39,12
경기,일반승용,BMW,MINI JCW E,191,76,267,38,11
경기,일반승용,BMW,i4 M60 LCI (71HD),233,93,326,47,14
경기,일반승용,BMW,i4 eDrive 40 LCI(21HD),244,97,341,49,15
경기,일반승용,BMW,i4 eDrive 40 LCI(61HD),256,102,358,51,15
경기,일반승용,BMW,i5 eDrive 40,262,104,366,52,16
경기,일반승용,BMW,iX1 eDrive20,212,84,296,42,13
경기,일반승용,BMW,iX1 xDrive30,192,76,268,38,11
경기,일반승용,BMW,iX2 eDrive20,214,85,299,43,13
경기,일반승용,기아,EV3 GT,248,99,347,50,15
경기,일반승용,기아,EV3 롱레인지 2WD 17인치,555,222,777,100,30
경기,일반승용,기아,EV3 롱레인지 2WD 19인치,555,222,777,100,30
경기,일반승용,기아,EV3 롱레인지 4WD 19인치,539,215,754,100,30
경기,일반승용,기아,EV3 스탠다드 2WD,469,187,656,94,28
경기,일반승용,기아,EV4 GT,255,102,357,51,15
경기,일반승용,기아,EV4 롱레인지 2WD 17인치,555,222,777,100,30
경기,일반승용,기아,EV4 롱레인지 2WD 19인치,555,222,777,100,30
경기,일반승용,기아,EV4 롱레인지 4WD 19인치,554,221,775,100,30
경기,일반승용,기아,EV4 롱레인지 GTL 2WD 19인치,555,222,777,100,30
경기,일반승용,기아,EV4 스탠다드 2WD 17인치,512,204,716,100,30
경기,일반승용,기아,EV4 스탠다드 2WD 19인치,481,192,673,96,29
경기,일반승용,기아,EV5 GT,232,92,324,46,14
경기,일반승용,기아,EV5 롱레인지 2WD,552,220,772,100,30
경기,일반승용,기아,EV5 롱레인지 4WD 18인치,499,199,698,100,30
경기,일반승용,기아,EV5 롱레인지 4WD 19인치,493,197,690,99,30
경기,일반승용,기아,EV9 GT,245,98,343,49,15
경기,일반승용,기아,EV9 롱레인지 2WD 19인치,270,108,378,54,16
경기,일반승용,기아,EV9 롱레인지 2WD 20인치,268,107,375,54,16
경기,일반승용,기아,EV9 롱레인지 4WD 19인치,254,101,355,51,15
경기,일반승용,기아,EV9 롱레인지 4WD 21인치,260,104,364,52,16
경기,일반승용,기아,EV9 롱레인지 GTL 4WD 21인치,252,100,352,50,15
경기,일반승용,기아,EV9 스탠다드,237,94,331,47,14
경기,일반승용,기아,PV5 패신저 5인승 롱레인지,458,183,641,92,28
경기,일반승용,기아,Pv5 WAV(비용 미지원),648,259,907,100,30
경기,일반승용,기아,Pv5 WAV(비용 지원),448,179,627,90,27
경기,일반승용,기아,(단종)The all-new Kia Niro EV,489,195,684,98,29
경기,일반승용,기아,더뉴EV6 롱레인지 2WD 19인치,570,228,798,100,30
경기,일반승용,기아,더뉴EV6 롱레인지 2WD 20인치,559,223,782,100,30
경기,일반승용,기아,더뉴EV6 롱레인지 4WD 19인치,561,224,785,100,30
경기,일반승용,기아,더뉴EV6 롱레인지 4WD 20인치,532,212,744,100,30
경기,일반승용,기아,더뉴EV6 스탠다드,501,200,701,100,30
경기,경·소형,기아,레이 EV 2WD 14인치 1인승 밴,457,182,639,91,27
경기,경·소형,기아,레이 EV 2WD 14인치 2인승 밴,457,182,639,91,27
경기,경·소형,기아,레이 EV 2WD 14인치 4인승 승용,457,182,639,91,27
경기,일반승용,메르세데스벤츠코리아,EQA 250(Facelift),190,76,266,38,11
경기,일반승용,메르세데스벤츠코리아,EQB 300 4MATIC(Facelift),154,61,215,31,9
경기,일반승용,메르세데스벤츠코리아,EQB 300 4MATIC(Facelift)(CY25/2),162,64,226,32,10
경기,일반승용,볼보자동차코리아,볼보 EX30 Single Motor ER,247,98,345,49,15
경기,일반승용,볼보자동차코리아,볼보 EX30CC Twin Motor Perf,222,88,310,44,13
경기,일반승용,비와이디코리아,(단종)BYD ATTO 3,126,50,176,25,8
경기,일반승용,비와이디코리아,(단종)BYD DOLPHIN,109,43,152,22,7
경기,일반승용,비와이디코리아,(단종)BYD DOLPHIN Active,132,52,184,26,8
경기,일반승용,비와이디코리아,(단종)BYD SEAL,169,67,236,34,10
경기,일반승용,비와이디코리아,(단종)BYD SEAL Dynamic AWD,151,60,211,30,9
경기,일반승용,비와이디코리아,(단종)BYD SEALION 7,152,60,212,30,9
경기,일반승용,케이지모빌리티,토레스 EVX 18인치,354,141,495,71,21
경기,일반승용,케이지모빌리티,토레스 EVX 18인치(2026),361,144,505,72,22
경기,일반승용,케이지모빌리티,토레스 EVX 20인치,344,137,481,69,21
경기,일반승용,케이지모빌리티,토레스 EVX 20인치(2026),354,141,495,71,21
경기,일반승용,케이지모빌리티,(단종)토레스 EVX 2WD 18인치,327,130,457,65,20
경기,일반승용,케이지모빌리티,(단종)토레스 EVX 2WD 20인치,312,124,436,62,19
경기,일반승용,테슬라코리아,Model 3 Performance,200,80,280,40,12
경기,일반승용,테슬라코리아,Model 3 Premium Long Range RWD,420,168,588,84,25
경기,일반승용,테슬라코리아,Model 3 RWD,168,67,235,34,10
경기,일반승용,테슬라코리아,Model 3 RWD(2025),168,67,235,34,10
경기,일반승용,테슬라코리아,Model Y L AWD,215,84,299,43,13
경기,일반승용,테슬라코리아,Model Y Long Range(2025),210,84,294,42,13
경기,일반승용,테슬라코리아,Model Y Premium Long Range,210,84,294,42,13
경기,일반승용,테슬라코리아,Model Y Premium RWD,170,68,238,34,10
경기,일반승용,테슬라코리아,Model Y RWD(2025),170,68,238,34,10
경기,일반승용,폭스바겐그룹코리아,ID.4 Pro,432,172,604,86,26
경기,일반승용,폭스바겐그룹코리아,Q4 45 e-tron,206,82,288,41,12
경기,일반승용,폭스바겐그룹코리아,Q4 Sportback 45 e-tron,206,82,288,41,12
경기,일반승용,폭스바겐그룹코리아,(단종)Q6 e-tron performance,220,88,308,44,13
경기,일반승용,현대자동차,ELECTRIFIED G80,270,108,378,54,16
경기,일반승용,현대자동차,ELECTRIFIED GV70 AWD 19인치,261,104,365,52,16
경기,일반승용,현대자동차,ELECTRIFIED GV70 AWD 20인치,245,98,343,49,15
경기,일반승용,현대자동차,GV60 스탠다드 2WD 19인치,285,114,399,57,17
경기,일반승용,현대자동차,GV60 스탠다드 AWD 19인치,272,108,380,54,16
경기,일반승용,현대자동차,GV60 스탠다드 AWD 20인치,261,104,365,52,16
경기,일반승용,현대자동차,더 뉴 아이오닉5 2WD 롱레인지 19인치,564,225,789,100,30
경기,일반승용,현대자동차,더 뉴 아이오닉5 2WD 롱레인지 19인치 빌트인 캠 미적용,567,226,793,100,30
경기,일반승용,현대자동차,더 뉴 아이오닉5 2WD 롱레인지 20인치,559,223,782,100,30
경기,일반승용,현대자동차,더 뉴 아이오닉5 2WD 롱레인지 N라인 20인치,541,216,757,100,30
경기,일반승용,현대자동차,더 뉴 아이오닉5 2WD 스탠다드 19인치,483,193,676,97,29
경기,일반승용,현대자동차,더 뉴 아이오닉5 AWD 롱레인지 19인치,558,223,781,100,30
경기,일반승용,현대자동차,더 뉴 아이오닉5 AWD 롱레인지 20인치,532,212,744,100,30
경기,일반승용,현대자동차,더 뉴 아이오닉5 AWD 롱레인지 N라인 20인치,510,204,714,100,30
경기,일반승용,현대자동차,더 뉴 아이오닉6 2WD 롱레인지 18인치,570,228,798,100,30
경기,일반승용,현대자동차,더 뉴 아이오닉6 2WD 롱레인지 20인치,570,228,798,100,30
경기,일반승용,현대자동차,더 뉴 아이오닉6 2WD 롱레인지 N라인 20인치,570,228,798,100,30
경기,일반승용,현대자동차,더 뉴 아이오닉6 2WD 스탠다드 18인치,560,224,784,100,30
경기,일반승용,현대자동차,더 뉴 아이오닉6 AWD 롱레인지 18인치,570,228,798,100,30
경기,일반승용,현대자동차,더 뉴 아이오닉6 AWD 롱레인지 20인치,553,221,774,100,30
경기,일반승용,현대자동차,더 뉴 아이오닉6 AWD 롱레인지 N라인 20인치,537,214,751,100,30
경기,일반승용,현대자동차,스타리아 리무진 일렉트릭 6인승,229,91,320,46,14
경기,일반승용,현대자동차,아이오닉6 N,250,100,350,50,15
경기,일반승용,현대자동차,아이오닉9 성능형 AWD,272,108,380,54,16
경기,일반승용,현대자동차,아이오닉9 항속형 2WD,274,109,383,55,17
경기,일반승용,현대자동차,아이오닉9 항속형 AWD,271,108,379,54,16
경기,경·소형,현대자동차,캐스퍼 일렉트릭 기본형 15인치,490,196,686,98,29
경기,경·소형,현대자동차,캐스퍼 일렉트릭 크로스 17인치,487,194,681,97,29
경기,경·소형,현대자동차,캐스퍼 일렉트릭 항속형 15인치,490,196,686,98,29
경기,경·소형,현대자동차,캐스퍼 일렉트릭 항속형 17인치(라운지포함),490,196,686,98,29
경기,일반승용,현대자동차,코나 일렉트릭 2WD 롱레인지 17인치,514,205,719,100,30
경기,일반승용,현대자동차,코나 일렉트릭 2WD 롱레인지 17인치 빌트인 캠 미적용,514,205,719,100,30
경기,일반승용,현대자동차,코나 일렉트릭 2WD 롱레인지 19인치,459,183,642,92,28
경기,일반승용,현대자동차,코나 일렉트릭 2WD 스탠다드 17인치,437,174,611,87,26
경기,일반승용,BMW,MINI Aceman E,400,275,675,80,24
경기,일반승용,BMW,MINI Aceman SE,400,275,675,80,24
경기,일반승용,BMW,MINI Cooper SE,396,273,669,79,24
경기,일반승용,BMW,MINI Countryman E,217,149,366,43,13
경기,일반승용,BMW,MINI Countryman SE ALL4,203,140,343,41,12
경기,일반승용,BMW,MINI JCW Aceman E,197,135,332,39,12
경기,일반승용,BMW,MINI JCW E,191,131,322,38,11
경기,일반승용,BMW,i4 M60 LCI (71HD),233,160,393,47,14
경기,일반승용,BMW,i4 eDrive 40 LCI(21HD),244,168,412,49,15
경기,일반승용,BMW,i4 eDrive 40 LCI(61HD),256,176,432,51,15
경기,일반승용,BMW,i5 eDrive 40,262,180,442,52,16
경기,일반승용,BMW,iX1 eDrive20,212,146,358,42,13
경기,일반승용,BMW,iX1 xDrive30,192,132,324,38,11
경기,일반승용,BMW,iX2 eDrive20,214,147,361,43,13
경기,일반승용,BMW,iX3 50 xDrive,275,189,464,55,17
경기,일반승용,기아,EV3 GT,248,171,419,50,15
경기,일반승용,기아,EV3 롱레인지 2WD 17인치,555,382,937,100,30
경기,일반승용,기아,EV3 롱레인지 2WD 19인치,555,382,937,100,30
경기,일반승용,기아,EV3 롱레인지 4WD 19인치,539,372,911,100,30
경기,일반승용,기아,EV3 스탠다드 2WD,469,323,792,94,28
경기,일반승용,기아,EV4 GT,255,176,431,51,15
경기,일반승용,기아,EV4 롱레인지 2WD 17인치,555,382,937,100,30
경기,일반승용,기아,EV4 롱레인지 2WD 19인치,555,382,937,100,30
경기,일반승용,기아,EV4 롱레인지 4WD 19인치,554,382,936,100,30
경기,일반승용,기아,EV4 롱레인지 GTL 2WD 19인치,555,382,937,100,30
경기,일반승용,기아,EV4 스탠다드 2WD 17인치,512,353,865,100,30
경기,일반승용,기아,EV4 스탠다드 2WD 19인치,481,331,812,96,29
경기,일반승용,기아,EV5 GT,232,160,392,46,14
경기,일반승용,기아,EV5 롱레인지 2WD,552,380,932,100,30
경기,일반승용,기아,EV5 롱레인지 4WD 18인치,499,344,843,100,30
경기,일반승용,기아,EV5 롱레인지 4WD 19인치,493,340,833,99,30
경기,일반승용,기아,EV9 GT,245,169,414,49,15
경기,일반승용,기아,EV9 롱레인지 2WD 19인치,270,186,456,54,16
경기,일반승용,기아,EV9 롱레인지 2WD 20인치,268,184,452,54,16
경기,일반승용,기아,EV9 롱레인지 4WD 19인치,254,175,429,51,15
경기,일반승용,기아,EV9 롱레인지 4WD 21인치,260,179,439,52,16
경기,일반승용,기아,EV9 롱레인지 GTL 4WD 21인치,252,173,425,50,15
경기,일반승용,기아,EV9 스탠다드,237,163,400,47,14
경기,일반승용,기아,PV5 패신저 5인승 롱레인지,458,315,773,92,28
경기,일반승용,기아,Pv5 WAV(비용 미지원),648,446,"1,094",100,30
경기,일반승용,기아,Pv5 WAV(비용 지원),448,308,756,90,27
경기,일반승용,기아,(단종)The all-new Kia Niro EV,489,337,826,98,29
경기,일반승용,기아,더뉴EV6 롱레인지 2WD 19인치,570,393,963,100,30
경기,일반승용,기아,더뉴EV6 롱레인지 2WD 20인치,559,385,944,100,30
경기,일반승용,기아,더뉴EV6 롱레인지 4WD 19인치,561,386,947,100,30
경기,일반승용,기아,더뉴EV6 롱레인지 4WD 20인치,532,366,898,100,30
경기,일반승용,기아,더뉴EV6 스탠다드,501,345,846,100,30
경기,경·소형,기아,레이 EV 2WD 14인치 1인승 밴,457,344,801,91,27
경기,경·소형,기아,레이 EV 2WD 14인치 2인승 밴,457,344,801,91,27
경기,경·소형,기아,레이 EV 2WD 14인치 4인승 승용,457,344,801,91,27
경기,일반승용,메르세데스벤츠코리아,EQA 250(Facelift),190,131,321,38,11
경기,일반승용,메르세데스벤츠코리아,EQB 300 4MATIC(Facelift),154,106,260,31,9
경기,일반승용,메르세데스벤츠코리아,EQB 300 4MATIC(Facelift)(CY25/2),162,112,274,32,10
경기,일반승용,볼보자동차코리아,볼보 EX30 Single Motor ER,247,170,417,49,15
경기,일반승용,볼보자동차코리아,볼보 EX30CC Twin Motor Perf,222,153,375,44,13
경기,일반승용,비와이디코리아,(단종)BYD ATTO 3,126,86,212,25,8
경기,일반승용,비와이디코리아,(단종)BYD DOLPHIN,109,75,184,22,7
경기,일반승용,비와이디코리아,(단종)BYD DOLPHIN Active,132,91,223,26,8
경기,일반승용,비와이디코리아,(단종)BYD SEAL,169,116,285,34,10
경기,일반승용,비와이디코리아,(단종)BYD SEAL Dynamic AWD,151,104,255,30,9
경기,일반승용,비와이디코리아,(단종)BYD SEALION 7,152,104,256,30,9
경기,일반승용,케이지모빌리티,토레스 EVX 18인치,354,244,598,71,21
경기,일반승용,케이지모빌리티,토레스 EVX 18인치(2026),361,248,609,72,22
경기,일반승용,케이지모빌리티,토레스 EVX 20인치,344,237,581,69,21
경기,일반승용,케이지모빌리티,토레스 EVX 20인치(2026),354,244,598,71,21
경기,일반승용,케이지모빌리티,(단종)토레스 EVX 2WD 18인치,327,225,552,65,20
경기,일반승용,케이지모빌리티,(단종)토레스 EVX 2WD 20인치,312,215,527,62,19
경기,일반승용,테슬라코리아,Model 3 Performance,200,137,337,40,12
경기,일반승용,테슬라코리아,Model 3 Premium Long Range RWD,420,289,709,84,25
경기,일반승용,테슬라코리아,Model 3 RWD,168,115,283,34,10
경기,일반승용,테슬라코리아,Model 3 RWD(2025),168,115,283,34,10
경기,일반승용,테슬라코리아,Model Y L AWD,215,145,360,43,13
경기,일반승용,테슬라코리아,Model Y Long Range(2025),210,145,355,42,13
경기,일반승용,테슬라코리아,Model Y Premium Long Range,210,144,354,42,13
경기,일반승용,테슬라코리아,Model Y Premium RWD,170,117,287,34,10
경기,일반승용,테슬라코리아,Model Y RWD(2025),170,117,287,34,10
경기,일반승용,폭스바겐그룹코리아,ID.4 Pro,432,297,729,86,26
경기,일반승용,폭스바겐그룹코리아,Q4 45 e-tron,206,142,348,41,12
경기,일반승용,폭스바겐그룹코리아,Q4 Sportback 45 e-tron,206,142,348,41,12
경기,일반승용,폭스바겐그룹코리아,(단종)Q6 e-tron performance,220,151,371,44,13
경기,일반승용,폭스바겐그룹코리아,iD.5 Pro,473,326,799,95,29
경기,일반승용,현대자동차,ELECTRIFIED G80,270,186,456,54,16
경기,일반승용,현대자동차,ELECTRIFIED GV70 AWD 19인치,261,180,441,52,16
경기,일반승용,현대자동차,ELECTRIFIED GV70 AWD 20인치,245,168,413,49,15
경기,일반승용,현대자동차,GV60 스탠다드 2WD 19인치,285,196,481,57,17
경기,일반승용,현대자동차,GV60 스탠다드 AWD 19인치,272,187,459,54,16
경기,일반승용,현대자동차,GV60 스탠다드 AWD 20인치,261,180,441,52,16
경기,일반승용,현대자동차,더 뉴 아이오닉5 2WD 롱레인지 19인치,564,388,952,100,30
경기,일반승용,현대자동차,더 뉴 아이오닉5 2WD 롱레인지 19인치 빌트인 캠 미적용,567,391,958,100,30
경기,일반승용,현대자동차,더 뉴 아이오닉5 2WD 롱레인지 20인치,559,385,944,100,30
경기,일반승용,현대자동차,더 뉴 아이오닉5 2WD 롱레인지 N라인 20인치,541,373,914,100,30
경기,일반승용,현대자동차,더 뉴 아이오닉5 2WD 스탠다드 19인치,483,333,816,97,29
경기,일반승용,현대자동차,더 뉴 아이오닉5 AWD 롱레인지 19인치,558,384,942,100,30
경기,일반승용,현대자동차,더 뉴 아이오닉5 AWD 롱레인지 20인치,532,366,898,100,30
경기,일반승용,현대자동차,더 뉴 아이오닉5 AWD 롱레인지 N라인 20인치,510,351,861,100,30
경기,일반승용,현대자동차,더 뉴 아이오닉6 2WD 롱레인지 18인치,570,393,963,100,30
경기,일반승용,현대자동차,더 뉴 아이오닉6 2WD 롱레인지 20인치,570,393,963,100,30
경기,일반승용,현대자동차,더 뉴 아이오닉6 2WD 롱레인지 N라인 20인치,570,393,963,100,30
경기,일반승용,현대자동차,더 뉴 아이오닉6 2WD 스탠다드 18인치,560,386,946,100,30
경기,일반승용,현대자동차,더 뉴 아이오닉6 AWD 롱레인지 18인치,570,393,963,100,30
경기,일반승용,현대자동차,더 뉴 아이오닉6 AWD 롱레인지 20인치,553,381,934,100,30
경기,일반승용,현대자동차,더 뉴 아이오닉6 AWD 롱레인지 N라인 20인치,537,370,907,100,30
경기,일반승용,현대자동차,스타리아 라운지 일렉트릭 7인승,229,157,386,46,14
경기,일반승용,현대자동차,스타리아 리무진 일렉트릭 6인승,229,157,386,46,14
경기,일반승용,현대자동차,아이오닉6 N,250,172,422,50,15
경기,일반승용,현대자동차,아이오닉9 성능형 AWD,272,187,459,54,16
경기,일반승용,현대자동차,아이오닉9 항속형 2WD,274,188,462,55,17
경기,일반승용,현대자동차,아이오닉9 항속형 AWD,271,186,457,54,16
경기,경·소형,현대자동차,캐스퍼 일렉트릭 기본형 15인치,490,369,859,98,29
경기,경·소형,현대자동차,캐스퍼 일렉트릭 크로스 17인치,487,367,854,97,29
경기,경·소형,현대자동차,캐스퍼 일렉트릭 항속형 15인치,490,369,859,98,29
경기,경·소형,현대자동차,캐스퍼 일렉트릭 항속형 17인치(라운지포함),490,369,859,98,29
경기,일반승용,현대자동차,코나 일렉트릭 2WD 롱레인지 17인치,514,354,868,100,30
경기,일반승용,현대자동차,코나 일렉트릭 2WD 롱레인지 17인치 빌트인 캠 미적용,514,354,868,100,30
경기,일반승용,현대자동차,코나 일렉트릭 2WD 롱레인지 19인치,459,316,775,92,28
경기,일반승용,현대자동차,코나 일렉트릭 2WD 스탠다드 17인치,437,301,738,87,26
경기,일반승용,BMW,MINI Aceman E,400,380,780,80,24
경기,일반승용,BMW,MINI Aceman SE,400,380,780,80,24
경기,일반승용,BMW,MINI Cooper SE,396,376,772,79,24
경기,일반승용,BMW,MINI Countryman E,217,206,423,43,13
경기,일반승용,BMW,MINI Countryman SE ALL4,203,192,395,41,12
경기,일반승용,BMW,MINI JCW Aceman E,197,187,384,39,12
경기,일반승용,BMW,MINI JCW E,191,181,372,38,11
경기,일반승용,BMW,i4 M60 LCI (71HD),233,221,454,47,14
경기,일반승용,BMW,i4 eDrive 40 LCI(21HD),244,231,475,49,15
경기,일반승용,BMW,i4 eDrive 40 LCI(61HD),256,243,499,51,15
경기,일반승용,BMW,i5 eDrive 40,262,248,510,52,16
경기,일반승용,BMW,iX1 eDrive20,212,201,413,42,13
경기,일반승용,BMW,iX1 xDrive30,192,182,374,38,11
경기,일반승용,BMW,iX2 eDrive20,214,203,417,43,13
경기,일반승용,BMW,iX3 50 xDrive,275,261,536,55,17
경기,일반승용,기아,EV3 GT,248,235,483,50,15
경기,일반승용,기아,EV3 롱레인지 2WD 17인치,555,527,"1,082",100,30
경기,일반승용,기아,EV3 롱레인지 2WD 19인치,555,527,"1,082",100,30
경기,일반승용,기아,EV3 롱레인지 4WD 19인치,539,512,"1,051",100,30
경기,일반승용,기아,EV3 스탠다드 2WD,469,445,914,94,28
경기,일반승용,기아,EV4 GT,255,242,497,51,15
경기,일반승용,기아,EV4 롱레인지 2WD 17인치,555,527,"1,082",100,30
경기,일반승용,기아,EV4 롱레인지 2WD 19인치,555,527,"1,082",100,30
경기,일반승용,기아,EV4 롱레인지 4WD 19인치,554,526,"1,080",100,30
경기,일반승용,기아,EV4 롱레인지 GTL 2WD 19인치,555,527,"1,082",100,30
경기,일반승용,기아,EV4 스탠다드 2WD 17인치,512,486,998,100,30
경기,일반승용,기아,EV4 스탠다드 2WD 19인치,481,456,937,96,29
경기,일반승용,기아,EV5 GT,232,220,452,46,14
경기,일반승용,기아,EV5 롱레인지 2WD,552,524,"1,076",100,30
경기,일반승용,기아,EV5 롱레인지 4WD 18인치,499,474,973,100,30
경기,일반승용,기아,EV5 롱레인지 4WD 19인치,493,468,961,99,30
경기,일반승용,기아,EV9 GT,245,232,477,49,15
경기,일반승용,기아,EV9 롱레인지 2WD 19인치,270,256,526,54,16
경기,일반승용,기아,EV9 롱레인지 2WD 20인치,268,254,522,54,16
경기,일반승용,기아,EV9 롱레인지 4WD 19인치,254,241,495,51,15
경기,일반승용,기아,EV9 롱레인지 4WD 21인치,260,247,507,52,16
경기,일반승용,기아,EV9 롱레인지 GTL 4WD 21인치,252,239,491,50,15
경기,일반승용,기아,EV9 스탠다드,237,225,462,47,14
경기,일반승용,기아,PV5 패신저 5인승 롱레인지,458,435,893,92,28
경기,일반승용,기아,Pv5 WAV(비용 미지원),648,615,"1,263",100,30
경기,일반승용,기아,Pv5 WAV(비용 지원),448,425,873,90,27
경기,일반승용,기아,(단종)The all-new Kia Niro EV,489,464,953,98,29
경기,일반승용,기아,더뉴EV6 롱레인지 2WD 19인치,570,541,"1,111",100,30
경기,일반승용,기아,더뉴EV6 롱레인지 2WD 20인치,559,531,"1,090",100,30
경기,일반승용,기아,더뉴EV6 롱레인지 4WD 19인치,561,532,"1,093",100,30
경기,일반승용,기아,더뉴EV6 롱레인지 4WD 20인치,532,505,"1,037",100,30
경기,일반승용,기아,더뉴EV6 스탠다드,501,475,976,100,30
경기,경·소형,기아,레이 EV 2WD 14인치 1인승 밴,457,434,891,91,27
경기,경·소형,기아,레이 EV 2WD 14인치 2인승 밴,457,434,891,91,27
경기,경·소형,기아,레이 EV 2WD 14인치 4인승 승용,457,434,891,91,27
경기,일반승용,메르세데스벤츠코리아,EQA 250(Facelift),190,180,370,38,11
경기,일반승용,메르세데스벤츠코리아,EQB 300 4MATIC(Facelift),154,146,300,31,9
경기,일반승용,메르세데스벤츠코리아,EQB 300 4MATIC(Facelift)(CY25/2),162,153,315,32,10
경기,일반승용,볼보자동차코리아,볼보 EX30 Single Motor ER,247,234,481,49,15
경기,일반승용,볼보자동차코리아,볼보 EX30CC Twin Motor Perf,222,210,432,44,13
경기,일반승용,비와이디코리아,(단종)BYD ATTO 3,126,119,245,25,8
경기,일반승용,비와이디코리아,(단종)BYD DOLPHIN,109,103,212,22,7
경기,일반승용,비와이디코리아,(단종)BYD DOLPHIN Active,132,125,257,26,8
경기,일반승용,비와이디코리아,(단종)BYD SEAL,169,160,329,34,10
경기,일반승용,비와이디코리아,(단종)BYD SEAL Dynamic AWD,151,143,294,30,9
경기,일반승용,비와이디코리아,(단종)BYD SEALION 7,152,144,296,30,9
경기,일반승용,케이지모빌리티,토레스 EVX 18인치,354,336,690,71,21
경기,일반승용,케이지모빌리티,토레스 EVX 18인치(2026),361,342,703,72,22
경기,일반승용,케이지모빌리티,토레스 EVX 20인치,344,326,670,69,21
경기,일반승용,케이지모빌리티,토레스 EVX 20인치(2026),354,336,690,71,21
경기,일반승용,케이지모빌리티,(단종)토레스 EVX 2WD 18인치,327,310,637,65,20
경기,일반승용,케이지모빌리티,(단종)토레스 EVX 2WD 20인치,312,296,608,62,19
경기,일반승용,테슬라코리아,Model 3 Performance,200,190,390,40,12
경기,일반승용,테슬라코리아,Model 3 Premium Long Range RWD,420,399,819,84,25
경기,일반승용,테슬라코리아,Model 3 Premium Long Range RWD(5999만원),210,199,409,42,13
경기,일반승용,테슬라코리아,Model 3 RWD,168,159,327,34,10
경기,일반승용,테슬라코리아,Model 3 RWD(2025),168,159,327,34,10
경기,일반승용,테슬라코리아,Model Y L AWD,215,199,414,43,13
경기,일반승용,테슬라코리아,Model Y Long Range(2025),210,199,409,42,13
경기,일반승용,테슬라코리아,Model Y Premium Long Range,210,199,409,42,13
경기,일반승용,테슬라코리아,Model Y Premium RWD,170,161,331,34,10
경기,일반승용,테슬라코리아,Model Y RWD(2025),170,161,331,34,10
경기,일반승용,폭스바겐그룹코리아,ID.4 Pro,432,410,842,86,26
경기,일반승용,폭스바겐그룹코리아,Q4 45 e-tron,206,195,401,41,12
경기,일반승용,폭스바겐그룹코리아,Q4 Sportback 45 e-tron,206,195,401,41,12
경기,일반승용,폭스바겐그룹코리아,(단종)Q6 e-tron performance,220,209,429,44,13
경기,일반승용,폭스바겐그룹코리아,iD.5 Pro,473,449,922,95,29
경기,일반승용,현대자동차,ELECTRIFIED G80,270,256,526,54,16
경기,일반승용,현대자동차,ELECTRIFIED GV70 AWD 19인치,261,247,508,52,16
경기,일반승용,현대자동차,ELECTRIFIED GV70 AWD 20인치,245,232,477,49,15
경기,일반승용,현대자동차,GV60 스탠다드 2WD 19인치,285,270,555,57,17
경기,일반승용,현대자동차,GV60 스탠다드 AWD 19인치,272,258,530,54,16
경기,일반승용,현대자동차,GV60 스탠다드 AWD 20인치,261,247,508,52,16
경기,일반승용,현대자동차,더 뉴 아이오닉5 2WD 롱레인지 19인치,564,535,"1,099",100,30
경기,일반승용,현대자동차,더 뉴 아이오닉5 2WD 롱레인지 19인치 빌트인 캠 미적용,567,538,"1,105",100,30
경기,일반승용,현대자동차,더 뉴 아이오닉5 2WD 롱레인지 20인치,559,531,"1,090",100,30
경기,일반승용,현대자동차,더 뉴 아이오닉5 2WD 롱레인지 N라인 20인치,541,513,"1,054",100,30
경기,일반승용,현대자동차,더 뉴 아이오닉5 2WD 스탠다드 19인치,483,458,941,97,29
경기,일반승용,현대자동차,더 뉴 아이오닉5 AWD 롱레인지 19인치,558,530,"1,088",100,30
경기,일반승용,현대자동차,더 뉴 아이오닉5 AWD 롱레인지 20인치,532,505,"1,037",100,30
경기,일반승용,현대자동차,더 뉴 아이오닉5 AWD 롱레인지 N라인 20인치,510,484,994,100,30
경기,일반승용,현대자동차,더 뉴 아이오닉6 2WD 롱레인지 18인치,570,541,"1,111",100,30
경기,일반승용,현대자동차,더 뉴 아이오닉6 2WD 롱레인지 20인치,570,541,"1,111",100,30
경기,일반승용,현대자동차,더 뉴 아이오닉6 2WD 롱레인지 N라인 20인치,570,541,"1,111",100,30
경기,일반승용,현대자동차,더 뉴 아이오닉6 2WD 스탠다드 18인치,560,532,"1,092",100,30
경기,일반승용,현대자동차,더 뉴 아이오닉6 AWD 롱레인지 18인치,570,541,"1,111",100,30
경기,일반승용,현대자동차,더 뉴 아이오닉6 AWD 롱레인지 20인치,553,525,"1,078",100,30
경기,일반승용,현대자동차,더 뉴 아이오닉6 AWD 롱레인지 N라인 20인치,537,510,"1,047",100,30
경기,일반승용,현대자동차,스타리아 라운지 일렉트릭 7인승,229,217,446,46,14
경기,일반승용,현대자동차,스타리아 리무진 일렉트릭 6인승,229,217,446,46,14
경기,일반승용,현대자동차,아이오닉6 N,250,237,487,50,15
경기,일반승용,현대자동차,아이오닉9 성능형 AWD,272,258,530,54,16
경기,일반승용,현대자동차,아이오닉9 항속형 2WD,274,260,534,55,17
경기,일반승용,현대자동차,아이오닉9 항속형 AWD,271,257,528,54,16
경기,경·소형,현대자동차,캐스퍼 일렉트릭 기본형 15인치,490,465,955,98,29
경기,경·소형,현대자동차,캐스퍼 일렉트릭 크로스 17인치,487,462,949,97,29
경기,경·소형,현대자동차,캐스퍼 일렉트릭 항속형 15인치,490,465,955,98,29
경기,경·소형,현대자동차,캐스퍼 일렉트릭 항속형 17인치(라운지포함),490,465,955,98,29
경기,일반승용,현대자동차,코나 일렉트릭 2WD 롱레인지 17인치,514,488,"1,002",100,30
경기,일반승용,현대자동차,코나 일렉트릭 2WD 롱레인지 17인치 빌트인 캠 미적용,514,488,"1,002",100,30
경기,일반승용,현대자동차,코나 일렉트릭 2WD 롱레인지 19인치,459,436,895,92,28
경기,일반승용,현대자동차,코나 일렉트릭 2WD 스탠다드 17인치,437,415,852,87,26
경기,일반승용,BMW,MINI Aceman E,400,133,533,80,24
경기,일반승용,BMW,MINI Aceman SE,400,133,533,80,24
경기,일반승용,BMW,MINI Cooper SE,396,132,528,79,24
경기,일반승용,BMW,MINI Countryman E,217,72,289,43,13
경기,일반승용,BMW,MINI Countryman SE ALL4,203,67,270,41,12
경기,일반승용,BMW,MINI JCW Aceman E,197,65,262,39,12
경기,일반승용,BMW,MINI JCW E,191,63,254,38,11
경기,일반승용,BMW,i4 M60 LCI (71HD),233,77,310,47,14
경기,일반승용,BMW,i4 eDrive 40 LCI(21HD),244,81,325,49,15
경기,일반승용,BMW,i4 eDrive 40 LCI(61HD),256,85,341,51,15
경기,일반승용,BMW,i5 eDrive 40,262,87,349,52,16
경기,일반승용,BMW,iX1 eDrive20,212,70,282,42,13
경기,일반승용,BMW,iX1 eDrive20(11HM),235,0,235,47,14
경기,일반승용,BMW,iX1 xDrive30,192,64,256,38,11
경기,일반승용,BMW,iX2 eDrive20,214,71,285,43,13
경기,일반승용,BMW,iX2 eDrive20(71GN),239,0,239,48,14
경기,일반승용,BMW,iX3 50 xDrive,275,91,366,55,17
경기,일반승용,기아,EV3 GT,248,82,330,50,15
경기,일반승용,기아,EV3 롱레인지 2WD 17인치,555,185,740,100,30
경기,일반승용,기아,EV3 롱레인지 2WD 19인치,555,185,740,100,30
경기,일반승용,기아,EV3 롱레인지 4WD 19인치,539,179,718,100,30
경기,일반승용,기아,EV3 스탠다드 2WD,469,156,625,94,28
경기,일반승용,기아,EV4 GT,255,85,340,51,15
경기,일반승용,기아,EV4 롱레인지 2WD 17인치,555,185,740,100,30
경기,일반승용,기아,EV4 롱레인지 2WD 19인치,555,185,740,100,30
경기,일반승용,기아,EV4 롱레인지 4WD 19인치,554,184,738,100,30
경기,일반승용,기아,EV4 롱레인지 GTL 2WD 19인치,555,185,740,100,30
경기,일반승용,기아,EV4 스탠다드 2WD 17인치,512,170,682,100,30
경기,일반승용,기아,EV4 스탠다드 2WD 19인치,481,160,641,96,29
경기,일반승용,기아,EV5 GT,232,77,309,46,14
경기,일반승용,기아,EV5 롱레인지 2WD,552,184,736,100,30
경기,일반승용,기아,EV5 롱레인지 4WD 18인치,499,166,665,100,30
경기,일반승용,기아,EV5 롱레인지 4WD 19인치,493,164,657,99,30
경기,일반승용,기아,EV9 GT,245,81,326,49,15
경기,일반승용,기아,EV9 롱레인지 2WD 19인치,270,90,360,54,16
경기,일반승용,기아,EV9 롱레인지 2WD 20인치,268,89,357,54,16
경기,일반승용,기아,EV9 롱레인지 4WD 19인치,254,84,338,51,15
경기,일반승용,기아,EV9 롱레인지 4WD 21인치,260,86,346,52,16
경기,일반승용,기아,EV9 롱레인지 GTL 4WD 21인치,252,84,336,50,15
경기,일반승용,기아,EV9 스탠다드,237,79,316,47,14
경기,일반승용,기아,PV5 패신저 5인승 롱레인지,458,152,610,92,28
경기,일반승용,기아,Pv5 WAV(비용 미지원),648,216,864,100,30
경기,일반승용,기아,Pv5 WAV(비용 지원),448,149,597,90,27
경기,일반승용,기아,(단종)The all-new Kia Niro EV,489,163,652,98,29
경기,일반승용,기아,더뉴EV6 롱레인지 2WD 19인치,570,190,760,100,30
경기,일반승용,기아,더뉴EV6 롱레인지 2WD 20인치,559,186,745,100,30
경기,일반승용,기아,더뉴EV6 롱레인지 4WD 19인치,561,187,748,100,30
경기,일반승용,기아,더뉴EV6 롱레인지 4WD 20인치,532,177,709,100,30
경기,일반승용,기아,더뉴EV6 스탠다드,501,167,668,100,30
경기,경·소형,기아,레이 EV 2WD 14인치 1인승 밴,457,152,609,91,27
경기,경·소형,기아,레이 EV 2WD 14인치 2인승 밴,457,152,609,91,27
경기,경·소형,기아,레이 EV 2WD 14인치 4인승 승용,457,152,609,91,27
경기,일반승용,메르세데스벤츠코리아,EQA 250(Facelift),190,63,253,38,11
경기,일반승용,메르세데스벤츠코리아,EQB 300 4MATIC(Facelift),154,51,205,31,9
경기,일반승용,메르세데스벤츠코리아,EQB 300 4MATIC(Facelift)(CY25/2),162,54,216,32,10
경기,일반승용,볼보자동차코리아,볼보 EX30 Single Motor ER,247,82,329,49,15
경기,일반승용,볼보자동차코리아,볼보 EX30CC Twin Motor Perf,222,74,296,44,13
경기,일반승용,비와이디코리아,(단종)BYD ATTO 3,126,42,168,25,8
경기,일반승용,비와이디코리아,(단종)BYD DOLPHIN,109,36,145,22,7
경기,일반승용,비와이디코리아,(단종)BYD DOLPHIN Active,132,44,176,26,8
경기,일반승용,비와이디코리아,(단종)BYD SEAL,169,56,225,34,10
경기,일반승용,비와이디코리아,(단종)BYD SEAL Dynamic AWD,151,50,201,30,9
경기,일반승용,비와이디코리아,(단종)BYD SEALION 7,152,50,202,30,9
경기,일반승용,케이지모빌리티,토레스 EVX 18인치,354,118,472,71,21
경기,일반승용,케이지모빌리티,토레스 EVX 18인치(2026),361,120,481,72,22
경기,일반승용,케이지모빌리티,토레스 EVX 20인치,344,114,458,69,21
경기,일반승용,케이지모빌리티,토레스 EVX 20인치(2026),354,118,472,71,21
경기,일반승용,케이지모빌리티,(단종)토레스 EVX 2WD 18인치,327,109,436,65,20
경기,일반승용,케이지모빌리티,(단종)토레스 EVX 2WD 20인치,312,104,416,62,19
경기,일반승용,테슬라코리아,Model 3 Performance,200,66,266,40,12
경기,일반승용,테슬라코리아,Model 3 Premium Long Range RWD,420,140,560,84,25
경기,일반승용,테슬라코리아,Model 3 Premium Long Range RWD(5999만원),210,70,280,42,13
경기,일반승용,테슬라코리아,Model 3 RWD,168,56,224,34,10
경기,일반승용,테슬라코리아,Model 3 RWD(2025),168,56,224,34,10
경기,일반승용,테슬라코리아,Model Y L AWD,215,71,286,43,13
경기,일반승용,테슬라코리아,Model Y Long Range(2025),210,70,280,42,13
경기,일반승용,테슬라코리아,Model Y Premium Long Range,210,70,280,42,13
경기,일반승용,테슬라코리아,Model Y Premium RWD,170,56,226,34,10
경기,일반승용,테슬라코리아,Model Y RWD(2025),170,56,226,34,10
경기,일반승용,폭스바겐그룹코리아,ID.4 Pro,432,144,576,86,26
경기,일반승용,폭스바겐그룹코리아,Q4 45 e-tron,206,68,274,41,12
경기,일반승용,폭스바겐그룹코리아,Q4 Sportback 45 e-tron,206,68,274,41,12
경기,일반승용,폭스바겐그룹코리아,(단종)Q6 e-tron performance,220,73,293,44,13
경기,일반승용,폭스바겐그룹코리아,iD.5 Pro,473,157,630,95,29
경기,일반승용,폴스타오토모티브코리아,Polestar 4 Coupe Dual Motor,168,56,224,34,10
경기,일반승용,폴스타오토모티브코리아,Polestar 4 Coupe Rear Motor,181,60,241,36,11
경기,일반승용,현대자동차,ELECTRIFIED G80,270,90,360,54,16
경기,일반승용,현대자동차,ELECTRIFIED GV70 AWD 19인치,261,87,348,52,16
경기,일반승용,현대자동차,ELECTRIFIED GV70 AWD 20인치,245,81,326,49,15
경기,일반승용,현대자동차,GV60 스탠다드 2WD 19인치,285,95,380,57,17
경기,일반승용,현대자동차,GV60 스탠다드 AWD 19인치,272,90,362,54,16
경기,일반승용,현대자동차,GV60 스탠다드 AWD 20인치,261,87,348,52,16
경기,일반승용,현대자동차,더 뉴 아이오닉5 2WD 롱레인지 19인치,564,188,752,100,30
경기,일반승용,현대자동차,더 뉴 아이오닉5 2WD 롱레인지 19인치 빌트인 캠 미적용,567,189,756,100,30
경기,일반승용,현대자동차,더 뉴 아이오닉5 2WD 롱레인지 20인치,559,186,745,100,30
경기,일반승용,현대자동차,더 뉴 아이오닉5 2WD 롱레인지 N라인 20인치,541,180,721,100,30
경기,일반승용,현대자동차,더 뉴 아이오닉5 2WD 스탠다드 19인치,483,161,644,97,29
경기,일반승용,현대자동차,더 뉴 아이오닉5 AWD 롱레인지 19인치,558,186,744,100,30
경기,일반승용,현대자동차,더 뉴 아이오닉5 AWD 롱레인지 20인치,532,177,709,100,30
경기,일반승용,현대자동차,더 뉴 아이오닉5 AWD 롱레인지 N라인 20인치,510,170,680,100,30
경기,일반승용,현대자동차,더 뉴 아이오닉6 2WD 롱레인지 18인치,570,190,760,100,30
경기,일반승용,현대자동차,더 뉴 아이오닉6 2WD 롱레인지 20인치,570,190,760,100,30
경기,일반승용,현대자동차,더 뉴 아이오닉6 2WD 롱레인지 N라인 20인치,570,190,760,100,30
경기,일반승용,현대자동차,더 뉴 아이오닉6 2WD 스탠다드 18인치,560,186,746,100,30
경기,일반승용,현대자동차,더 뉴 아이오닉6 AWD 롱레인지 18인치,570,190,760,100,30
경기,일반승용,현대자동차,더 뉴 아이오닉6 AWD 롱레인지 20인치,553,184,737,100,30
경기,일반승용,현대자동차,더 뉴 아이오닉6 AWD 롱레인지 N라인 20인치,537,179,716,100,30
경기,일반승용,현대자동차,스타리아 라운지 일렉트릭 7인승,229,76,305,46,14
경기,일반승용,현대자동차,스타리아 리무진 일렉트릭 6인승,229,76,305,46,14
경기,일반승용,현대자동차,아이오닉6 N,250,83,333,50,15
경기,일반승용,현대자동차,아이오닉9 성능형 AWD,272,90,362,54,16
경기,일반승용,현대자동차,아이오닉9 항속형 2WD,274,91,365,55,17
경기,일반승용,현대자동차,아이오닉9 항속형 AWD,271,90,361,54,16
경기,경·소형,현대자동차,캐스퍼 일렉트릭 기본형 15인치,490,163,653,98,29
경기,경·소형,현대자동차,캐스퍼 일렉트릭 크로스 17인치,487,162,649,97,29
경기,경·소형,현대자동차,캐스퍼 일렉트릭 항속형 15인치,490,163,653,98,29
경기,경·소형,현대자동차,캐스퍼 일렉트릭 항속형 17인치(라운지포함),490,163,653,98,29
경기,일반승용,현대자동차,코나 일렉트릭 2WD 롱레인지 17인치,514,171,685,100,30
경기,일반승용,현대자동차,코나 일렉트릭 2WD 롱레인지 17인치 빌트인 캠 미적용,514,171,685,100,30
경기,일반승용,현대자동차,코나 일렉트릭 2WD 롱레인지 19인치,459,153,612,92,28
경기,일반승용,현대자동차,코나 일렉트릭 2WD 스탠다드 17인치,437,145,582,87,26
경기,일반승용,BMW,MINI Aceman E,400,266,666,80,24
경기,일반승용,BMW,MINI Aceman SE,400,266,666,80,24
경기,일반승용,BMW,MINI Cooper SE,396,264,660,79,24
경기,일반승용,BMW,MINI Countryman E,217,144,361,43,13
경기,일반승용,BMW,MINI Countryman SE ALL4,203,135,338,41,12
경기,일반승용,BMW,MINI JCW Aceman E,197,131,328,39,12
경기,일반승용,BMW,MINI JCW E,191,127,318,38,11
경기,일반승용,BMW,i4 M60 LCI (71HD),233,155,388,47,14
경기,일반승용,BMW,i4 eDrive 40 LCI(21HD),244,162,406,49,15
경기,일반승용,BMW,i4 eDrive 40 LCI(61HD),256,170,426,51,15
경기,일반승용,BMW,i5 eDrive 40,262,174,436,52,16
경기,일반승용,BMW,iX1 eDrive20,212,141,353,42,13
경기,일반승용,BMW,iX1 eDrive20(11HM),235,157,392,47,14
경기,일반승용,BMW,iX1 xDrive30,192,128,320,38,11
경기,일반승용,BMW,iX2 eDrive20,214,142,356,43,13
경기,일반승용,BMW,iX2 eDrive20(71GN),239,159,398,48,14
경기,일반승용,BMW,iX3 50 xDrive,275,183,458,55,17
경기,일반승용,기아,EV3 GT,248,165,413,50,15
경기,일반승용,기아,EV3 롱레인지 2WD 17인치,555,370,925,100,30
경기,일반승용,기아,EV3 롱레인지 2WD 19인치,555,370,925,100,30
경기,일반승용,기아,EV3 롱레인지 4WD 19인치,539,359,898,100,30
경기,일반승용,기아,EV3 스탠다드 2WD,469,312,781,94,28
경기,일반승용,기아,EV4 GT,255,170,425,51,15
경기,일반승용,기아,EV4 롱레인지 2WD 17인치,555,370,925,100,30
경기,일반승용,기아,EV4 롱레인지 2WD 19인치,555,370,925,100,30
경기,일반승용,기아,EV4 롱레인지 4WD 19인치,554,369,923,100,30
경기,일반승용,기아,EV4 롱레인지 GTL 2WD 19인치,555,370,925,100,30
경기,일반승용,기아,EV4 스탠다드 2WD 17인치,512,341,853,100,30
경기,일반승용,기아,EV4 스탠다드 2WD 19인치,481,320,801,96,29
경기,일반승용,기아,EV5 GT,232,154,386,46,14
경기,일반승용,기아,EV5 롱레인지 2WD,552,368,920,100,30
경기,일반승용,기아,EV5 롱레인지 4WD 18인치,499,332,831,100,30
경기,일반승용,기아,EV5 롱레인지 4WD 19인치,493,328,821,99,30
경기,일반승용,기아,EV9 GT,245,163,408,49,15
경기,일반승용,기아,EV9 롱레인지 2WD 19인치,270,180,450,54,16
경기,일반승용,기아,EV9 롱레인지 2WD 20인치,268,178,446,54,16
경기,일반승용,기아,EV9 롱레인지 4WD 19인치,254,169,423,51,15
경기,일반승용,기아,EV9 롱레인지 4WD 21인치,260,173,433,52,16
경기,일반승용,기아,EV9 롱레인지 GTL 4WD 21인치,252,168,420,50,15
경기,일반승용,기아,EV9 스탠다드,237,158,395,47,14
경기,일반승용,기아,PV5 패신저 5인승 롱레인지,458,305,763,92,28
경기,일반승용,기아,Pv5 WAV(비용 미지원),648,432,"1,080",100,30
경기,일반승용,기아,Pv5 WAV(비용 지원),448,298,746,90,27
경기,일반승용,기아,(단종)The all-new Kia Niro EV,489,326,815,98,29
경기,일반승용,기아,더뉴EV6 롱레인지 2WD 19인치,570,380,950,100,30
경기,일반승용,기아,더뉴EV6 롱레인지 2WD 20인치,559,372,931,100,30
경기,일반승용,기아,더뉴EV6 롱레인지 4WD 19인치,561,374,935,100,30
경기,일반승용,기아,더뉴EV6 롱레인지 4WD 20인치,532,354,886,100,30
경기,일반승용,기아,더뉴EV6 스탠다드,501,334,835,100,30
경기,경·소형,기아,레이 EV 2WD 14인치 1인승 밴,457,304,761,91,27
경기,경·소형,기아,레이 EV 2WD 14인치 2인승 밴,457,304,761,91,27
경기,경·소형,기아,레이 EV 2WD 14인치 4인승 승용,457,304,761,91,27
경기,일반승용,메르세데스벤츠코리아,EQA 250(Facelift),190,126,316,38,11
경기,일반승용,메르세데스벤츠코리아,EQB 300 4MATIC(Facelift),154,102,256,31,9
경기,일반승용,메르세데스벤츠코리아,EQB 300 4MATIC(Facelift)(CY25/2),162,108,270,32,10
경기,일반승용,볼보자동차코리아,볼보 EX30 Single Motor ER,247,164,411,49,15
경기,일반승용,볼보자동차코리아,볼보 EX30CC Twin Motor Perf,222,148,370,44,13
경기,일반승용,비와이디코리아,(단종)BYD ATTO 3,126,84,210,25,8
경기,일반승용,비와이디코리아,(단종)BYD DOLPHIN,109,72,181,22,7
경기,일반승용,비와이디코리아,(단종)BYD DOLPHIN Active,132,88,220,26,8
경기,일반승용,비와이디코리아,(단종)BYD SEAL,169,112,281,34,10
경기,일반승용,비와이디코리아,(단종)BYD SEAL Dynamic AWD,151,100,251,30,9
경기,일반승용,비와이디코리아,(단종)BYD SEALION 7,152,101,253,30,9
경기,일반승용,케이지모빌리티,토레스 EVX 18인치,354,236,590,71,21
경기,일반승용,케이지모빌리티,토레스 EVX 18인치(2026),361,240,601,72,22
경기,일반승용,케이지모빌리티,토레스 EVX 20인치,344,229,573,69,21
경기,일반승용,케이지모빌리티,토레스 EVX 20인치(2026),354,236,590,71,21
경기,일반승용,케이지모빌리티,(단종)토레스 EVX 2WD 18인치,327,218,545,65,20
경기,일반승용,케이지모빌리티,(단종)토레스 EVX 2WD 20인치,312,208,520,62,19
경기,일반승용,테슬라코리아,Model 3 Performance,200,133,333,40,12
경기,일반승용,테슬라코리아,Model 3 Premium Long Range RWD,420,280,700,84,25
경기,일반승용,테슬라코리아,Model 3 Premium Long Range RWD(5999만원),210,140,350,42,13
경기,일반승용,테슬라코리아,Model 3 RWD,168,112,280,34,10
경기,일반승용,테슬라코리아,Model 3 RWD(2025),168,112,280,34,10
경기,일반승용,테슬라코리아,Model Y L AWD,215,143,358,43,13
경기,일반승용,테슬라코리아,Model Y Long Range(2025),210,140,350,42,13
경기,일반승용,테슬라코리아,Model Y Premium Long Range,210,140,350,42,13
경기,일반승용,테슬라코리아,Model Y Premium RWD,170,113,283,34,10
경기,일반승용,테슬라코리아,Model Y RWD(2025),170,113,283,34,10
경기,일반승용,폭스바겐그룹코리아,ID.4 Pro,432,288,720,86,26
경기,일반승용,폭스바겐그룹코리아,Q4 45 e-tron,206,137,343,41,12
경기,일반승용,폭스바겐그룹코리아,Q4 Sportback 45 e-tron,206,137,343,41,12
경기,일반승용,폭스바겐그룹코리아,(단종)Q6 e-tron performance,220,146,366,44,13
경기,일반승용,폭스바겐그룹코리아,iD.5 Pro,473,315,788,95,29
경기,일반승용,폴스타오토모티브코리아,Polestar 4 Coupe Dual Motor,168,112,280,34,10
경기,일반승용,폴스타오토모티브코리아,Polestar 4 Coupe Rear Motor,181,121,302,36,11
경기,일반승용,현대자동차,ELECTRIFIED G80,270,180,450,54,16
경기,일반승용,현대자동차,ELECTRIFIED GV70 AWD 19인치,261,174,435,52,16
경기,일반승용,현대자동차,ELECTRIFIED GV70 AWD 20인치,245,163,408,49,15
경기,일반승용,현대자동차,GV60 스탠다드 2WD 19인치,285,190,475,57,17
경기,일반승용,현대자동차,GV60 스탠다드 AWD 19인치,272,181,453,54,16
경기,일반승용,현대자동차,GV60 스탠다드 AWD 20인치,261,174,435,52,16
경기,일반승용,현대자동차,더 뉴 아이오닉5 2WD 롱레인지 19인치,564,376,940,100,30
경기,일반승용,현대자동차,더 뉴 아이오닉5 2WD 롱레인지 19인치 빌트인 캠 미적용,567,378,945,100,30
경기,일반승용,현대자동차,더 뉴 아이오닉5 2WD 롱레인지 20인치,559,372,931,100,30
경기,일반승용,현대자동차,더 뉴 아이오닉5 2WD 롱레인지 N라인 20인치,541,360,901,100,30
경기,일반승용,현대자동차,더 뉴 아이오닉5 2WD 스탠다드 19인치,483,322,805,97,29
경기,일반승용,현대자동차,더 뉴 아이오닉5 AWD 롱레인지 19인치,558,372,930,100,30
경기,일반승용,현대자동차,더 뉴 아이오닉5 AWD 롱레인지 20인치,532,354,886,100,30
경기,일반승용,현대자동차,더 뉴 아이오닉5 AWD 롱레인지 N라인 20인치,510,340,850,100,30
경기,일반승용,현대자동차,더 뉴 아이오닉6 2WD 롱레인지 18인치,570,380,950,100,30
경기,일반승용,현대자동차,더 뉴 아이오닉6 2WD 롱레인지 20인치,570,380,950,100,30
경기,일반승용,현대자동차,더 뉴 아이오닉6 2WD 롱레인지 N라인 20인치,570,380,950,100,30
경기,일반승용,현대자동차,더 뉴 아이오닉6 2WD 스탠다드 18인치,560,373,933,100,30
경기,일반승용,현대자동차,더 뉴 아이오닉6 AWD 롱레인지 18인치,570,380,950,100,30
경기,일반승용,현대자동차,더 뉴 아이오닉6 AWD 롱레인지 20인치,553,368,921,100,30
경기,일반승용,현대자동차,더 뉴 아이오닉6 AWD 롱레인지 N라인 20인치,537,358,895,100,30
경기,일반승용,현대자동차,스타리아 라운지 일렉트릭 7인승,229,152,381,46,14
경기,일반승용,현대자동차,스타리아 리무진 일렉트릭 6인승,229,152,381,46,14
경기,일반승용,현대자동차,아이오닉6 N,250,166,416,50,15
경기,일반승용,현대자동차,아이오닉9 성능형 AWD,272,181,453,54,16
경기,일반승용,현대자동차,아이오닉9 항속형 2WD,274,182,456,55,17
경기,일반승용,현대자동차,아이오닉9 항속형 AWD,271,180,451,54,16
경기,경·소형,현대자동차,캐스퍼 일렉트릭 기본형 15인치,490,326,816,98,29
경기,경·소형,현대자동차,캐스퍼 일렉트릭 크로스 17인치,487,324,811,97,29
경기,경·소형,현대자동차,캐스퍼 일렉트릭 항속형 15인치,490,326,816,98,29
경기,경·소형,현대자동차,캐스퍼 일렉트릭 항속형 17인치(라운지포함),490,326,816,98,29
경기,일반승용,현대자동차,코나 일렉트릭 2WD 롱레인지 17인치,514,342,856,100,30
경기,일반승용,현대자동차,코나 일렉트릭 2WD 롱레인지 17인치 빌트인 캠 미적용,514,342,856,100,30
경기,일반승용,현대자동차,코나 일렉트릭 2WD 롱레인지 19인치,459,306,765,92,28
경기,일반승용,현대자동차,코나 일렉트릭 2WD 스탠다드 17인치,437,291,728,87,26
강원,일반승용,BMW,MINI Aceman E,400,200,600,80,24
강원,일반승용,BMW,MINI Aceman SE,400,200,600,80,24
강원,일반승용,BMW,MINI Cooper SE,396,198,594,79,24
강원,일반승용,BMW,MINI Countryman E,217,108,325,43,13
강원,일반승용,BMW,MINI Countryman SE ALL4,203,101,304,41,12
강원,일반승용,BMW,MINI JCW Aceman E,197,98,295,39,12
강원,일반승용,BMW,MINI JCW E,191,95,286,38,11
강원,일반승용,BMW,i4 M60 LCI (71HD),233,116,349,47,14
강원,일반승용,BMW,i4 eDrive 40 LCI(21HD),244,122,366,49,15
강원,일반승용,BMW,i4 eDrive 40 LCI(61HD),256,128,384,51,15
강원,일반승용,BMW,i5 eDrive 40,262,131,393,52,16
강원,일반승용,BMW,iX1 eDrive20,212,106,318,42,13
강원,일반승용,BMW,iX1 xDrive30,192,96,288,38,11
강원,일반승용,BMW,iX2 eDrive20,214,107,321,43,13
강원,일반승용,BMW,iX3 50 xDrive,275,137,412,55,17
강원,일반승용,기아,EV3 GT,248,124,372,50,15
강원,일반승용,기아,EV3 롱레인지 2WD 17인치,555,277,832,100,30
강원,일반승용,기아,EV3 롱레인지 2WD 19인치,555,277,832,100,30
강원,일반승용,기아,EV3 롱레인지 4WD 19인치,539,269,808,100,30
강원,일반승용,기아,EV3 스탠다드 2WD,469,234,703,94,28
강원,일반승용,기아,EV4 GT,255,127,382,51,15
강원,일반승용,기아,EV4 롱레인지 2WD 17인치,555,277,832,100,30
강원,일반승용,기아,EV4 롱레인지 2WD 19인치,555,277,832,100,30
강원,일반승용,기아,EV4 롱레인지 4WD 19인치,554,277,831,100,30
강원,일반승용,기아,EV4 롱레인지 GTL 2WD 19인치,555,277,832,100,30
강원,일반승용,기아,EV4 스탠다드 2WD 17인치,512,256,768,100,30
강원,일반승용,기아,EV4 스탠다드 2WD 19인치,481,240,721,96,29
강원,일반승용,기아,EV5 GT,232,116,348,46,14
강원,일반승용,기아,EV5 롱레인지 2WD,552,276,828,100,30
강원,일반승용,기아,EV5 롱레인지 4WD 18인치,499,249,748,100,30
강원,일반승용,기아,EV5 롱레인지 4WD 19인치,493,246,739,99,30
강원,일반승용,기아,EV9 GT,245,122,367,49,15
강원,일반승용,기아,EV9 롱레인지 2WD 19인치,270,135,405,54,16
강원,일반승용,기아,EV9 롱레인지 2WD 20인치,268,134,402,54,16
강원,일반승용,기아,EV9 롱레인지 4WD 19인치,254,127,381,51,15
강원,일반승용,기아,EV9 롱레인지 4WD 21인치,260,130,390,52,16
강원,일반승용,기아,EV9 롱레인지 GTL 4WD 21인치,252,126,378,50,15
강원,일반승용,기아,EV9 스탠다드,237,118,355,47,14
강원,일반승용,기아,PV5 패신저 5인승 롱레인지,458,229,687,92,28
강원,일반승용,기아,Pv5 WAV(비용 미지원),648,324,972,100,30
강원,일반승용,기아,Pv5 WAV(비용 지원),448,224,672,90,27
강원,일반승용,기아,(단종)The all-new Kia Niro EV,489,244,733,98,29
강원,일반승용,기아,더뉴EV6 롱레인지 2WD 19인치,570,285,855,100,30
강원,일반승용,기아,더뉴EV6 롱레인지 2WD 20인치,559,279,838,100,30
강원,일반승용,기아,더뉴EV6 롱레인지 4WD 19인치,561,280,841,100,30
강원,일반승용,기아,더뉴EV6 롱레인지 4WD 20인치,532,266,798,100,30
강원,일반승용,기아,더뉴EV6 스탠다드,501,250,751,100,30
강원,경·소형,기아,레이 EV 2WD 14인치 1인승 밴,457,228,685,91,27
강원,경·소형,기아,레이 EV 2WD 14인치 2인승 밴,457,228,685,91,27
강원,경·소형,기아,레이 EV 2WD 14인치 4인승 승용,457,228,685,91,27
강원,일반승용,메르세데스벤츠코리아,EQA 250(Facelift),190,95,285,38,11
강원,일반승용,메르세데스벤츠코리아,EQB 300 4MATIC(Facelift),154,77,231,31,9
강원,일반승용,메르세데스벤츠코리아,EQB 300 4MATIC(Facelift)(CY25/2),162,81,243,32,10
강원,일반승용,볼보자동차코리아,볼보 EX30 Single Motor ER,247,123,370,49,15
강원,일반승용,볼보자동차코리아,볼보 EX30CC Twin Motor Perf,222,111,333,44,13
강원,일반승용,비와이디코리아,(단종)BYD ATTO 3,126,63,189,25,8
강원,일반승용,비와이디코리아,(단종)BYD DOLPHIN,109,54,163,22,7
강원,일반승용,비와이디코리아,(단종)BYD DOLPHIN Active,132,66,198,26,8
강원,일반승용,비와이디코리아,(단종)BYD SEAL,169,84,253,34,10
강원,일반승용,비와이디코리아,(단종)BYD SEAL Dynamic AWD,151,75,226,30,9
강원,일반승용,비와이디코리아,(단종)BYD SEALION 7,152,76,228,30,9
강원,일반승용,케이지모빌리티,토레스 EVX 18인치,354,177,531,71,21
강원,일반승용,케이지모빌리티,토레스 EVX 18인치(2026),361,180,541,72,22
강원,일반승용,케이지모빌리티,토레스 EVX 20인치,344,172,516,69,21
강원,일반승용,케이지모빌리티,토레스 EVX 20인치(2026),354,177,531,71,21
강원,일반승용,케이지모빌리티,(단종)토레스 EVX 2WD 18인치,327,163,490,65,20
강원,일반승용,케이지모빌리티,(단종)토레스 EVX 2WD 20인치,312,156,468,62,19
강원,일반승용,테슬라코리아,Model 3 Performance,200,100,300,40,12
강원,일반승용,테슬라코리아,Model 3 Premium Long Range RWD,420,210,630,84,25
강원,일반승용,테슬라코리아,Model 3 Premium Long Range RWD(5999만원),210,105,315,42,13
강원,일반승용,테슬라코리아,Model 3 RWD,168,84,252,34,10
강원,일반승용,테슬라코리아,Model 3 RWD(2025),168,84,252,34,10
강원,일반승용,테슬라코리아,Model Y L AWD,215,107,322,43,13
강원,일반승용,테슬라코리아,Model Y Long Range(2025),210,105,315,42,13
강원,일반승용,테슬라코리아,Model Y Premium Long Range,210,105,315,42,13
강원,일반승용,테슬라코리아,Model Y Premium RWD,170,85,255,34,10
강원,일반승용,테슬라코리아,Model Y RWD(2025),170,85,255,34,10
강원,일반승용,폭스바겐그룹코리아,ID.4 Pro,432,216,648,86,26
강원,일반승용,폭스바겐그룹코리아,Q4 45 e-tron,206,103,309,41,12
강원,일반승용,폭스바겐그룹코리아,Q4 Sportback 45 e-tron,206,103,309,41,12
강원,일반승용,폭스바겐그룹코리아,(단종)Q6 e-tron performance,220,110,330,44,13
강원,일반승용,폭스바겐그룹코리아,iD.5 Pro,473,236,709,95,29
강원,일반승용,현대자동차,ELECTRIFIED G80,270,135,405,54,16
강원,일반승용,현대자동차,ELECTRIFIED GV70 AWD 19인치,261,130,391,52,16
강원,일반승용,현대자동차,ELECTRIFIED GV70 AWD 20인치,245,122,367,49,15
강원,일반승용,현대자동차,GV60 스탠다드 2WD 19인치,285,142,427,57,17
강원,일반승용,현대자동차,GV60 스탠다드 AWD 19인치,272,136,408,54,16
강원,일반승용,현대자동차,GV60 스탠다드 AWD 20인치,261,130,391,52,16
강원,일반승용,현대자동차,더 뉴 아이오닉5 2WD 롱레인지 19인치,564,282,846,100,30
강원,일반승용,현대자동차,더 뉴 아이오닉5 2WD 롱레인지 19인치 빌트인 캠 미적용,567,283,850,100,30
강원,일반승용,현대자동차,더 뉴 아이오닉5 2WD 롱레인지 20인치,559,279,838,100,30
강원,일반승용,현대자동차,더 뉴 아이오닉5 2WD 롱레인지 N라인 20인치,541,270,811,100,30
강원,일반승용,현대자동차,더 뉴 아이오닉5 2WD 스탠다드 19인치,483,241,724,97,29
강원,일반승용,현대자동차,더 뉴 아이오닉5 AWD 롱레인지 19인치,558,279,837,100,30
강원,일반승용,현대자동차,더 뉴 아이오닉5 AWD 롱레인지 20인치,532,266,798,100,30
강원,일반승용,현대자동차,더 뉴 아이오닉5 AWD 롱레인지 N라인 20인치,510,255,765,100,30
강원,일반승용,현대자동차,더 뉴 아이오닉6 2WD 롱레인지 18인치,570,285,855,100,30
강원,일반승용,현대자동차,더 뉴 아이오닉6 2WD 롱레인지 20인치,570,285,855,100,30
강원,일반승용,현대자동차,더 뉴 아이오닉6 2WD 롱레인지 N라인 20인치,570,285,855,100,30
강원,일반승용,현대자동차,더 뉴 아이오닉6 2WD 스탠다드 18인치,560,280,840,100,30
강원,일반승용,현대자동차,더 뉴 아이오닉6 AWD 롱레인지 18인치,570,285,855,100,30
강원,일반승용,현대자동차,더 뉴 아이오닉6 AWD 롱레인지 20인치,553,276,829,100,30
강원,일반승용,현대자동차,더 뉴 아이오닉6 AWD 롱레인지 N라인 20인치,537,268,805,100,30
강원,일반승용,현대자동차,스타리아 라운지 일렉트릭 7인승,229,114,343,46,14
강원,일반승용,현대자동차,스타리아 리무진 일렉트릭 6인승,229,114,343,46,14
강원,일반승용,현대자동차,아이오닉6 N,250,125,375,50,15
강원,일반승용,현대자동차,아이오닉9 성능형 AWD,272,136,408,54,16
강원,일반승용,현대자동차,아이오닉9 항속형 2WD,274,137,411,55,17
강원,일반승용,현대자동차,아이오닉9 항속형 AWD,271,135,406,54,16
강원,경·소형,현대자동차,캐스퍼 일렉트릭 기본형 15인치,490,245,735,98,29
강원,경·소형,현대자동차,캐스퍼 일렉트릭 크로스 17인치,487,243,730,97,29
강원,경·소형,현대자동차,캐스퍼 일렉트릭 항속형 15인치,490,245,735,98,29
강원,경·소형,현대자동차,캐스퍼 일렉트릭 항속형 17인치(라운지포함),490,245,735,98,29
강원,일반승용,현대자동차,코나 일렉트릭 2WD 롱레인지 17인치,514,257,771,100,30
강원,일반승용,현대자동차,코나 일렉트릭 2WD 롱레인지 17인치 빌트인 캠 미적용,514,257,771,100,30
강원,일반승용,현대자동차,코나 일렉트릭 2WD 롱레인지 19인치,459,229,688,92,28
강원,일반승용,현대자동차,코나 일렉트릭 2WD 스탠다드 17인치,437,218,655,87,26
강원,일반승용,BMW,MINI Aceman E,400,200,600,80,24
강원,일반승용,BMW,MINI Aceman SE,400,200,600,80,24
강원,일반승용,BMW,MINI Cooper SE,396,198,594,79,24
강원,일반승용,BMW,MINI Countryman E,217,108,325,43,13
강원,일반승용,BMW,MINI Countryman SE ALL4,203,101,304,41,12
강원,일반승용,BMW,MINI JCW Aceman E,197,98,295,39,12
강원,일반승용,BMW,MINI JCW E,191,95,286,38,11
강원,일반승용,BMW,i4 M60 LCI (71HD),233,116,349,47,14
강원,일반승용,BMW,i4 eDrive 40 LCI(21HD),244,122,366,49,15
강원,일반승용,BMW,i4 eDrive 40 LCI(61HD),256,128,384,51,15
강원,일반승용,BMW,i5 eDrive 40,262,131,393,52,16
강원,일반승용,BMW,iX1 eDrive20,212,106,318,42,13
강원,일반승용,BMW,iX1 eDrive20(11HM),235,117,352,47,14
강원,일반승용,BMW,iX1 xDrive30,192,96,288,38,11
강원,일반승용,BMW,iX2 eDrive20,214,107,321,43,13
강원,일반승용,BMW,iX2 eDrive20(71GN),239,119,358,48,14
강원,일반승용,BMW,iX3 50 xDrive,275,137,412,55,17
강원,일반승용,기아,EV3 GT,248,124,372,50,15
강원,일반승용,기아,EV3 롱레인지 2WD 17인치,555,277,832,100,30
강원,일반승용,기아,EV3 롱레인지 2WD 19인치,555,277,832,100,30
강원,일반승용,기아,EV3 롱레인지 4WD 19인치,539,269,808,100,30
강원,일반승용,기아,EV3 스탠다드 2WD,469,234,703,94,28
강원,일반승용,기아,EV4 GT,255,127,382,51,15
강원,일반승용,기아,EV4 롱레인지 2WD 17인치,555,277,832,100,30
강원,일반승용,기아,EV4 롱레인지 2WD 19인치,555,277,832,100,30
강원,일반승용,기아,EV4 롱레인지 4WD 19인치,554,277,831,100,30
강원,일반승용,기아,EV4 롱레인지 GTL 2WD 19인치,555,277,832,100,30
강원,일반승용,기아,EV4 스탠다드 2WD 17인치,512,256,768,100,30
강원,일반승용,기아,EV4 스탠다드 2WD 19인치,481,240,721,96,29
강원,일반승용,기아,EV5 GT,232,116,348,46,14
강원,일반승용,기아,EV5 롱레인지 2WD,552,276,828,100,30
강원,일반승용,기아,EV5 롱레인지 4WD 18인치,499,249,748,100,30
강원,일반승용,기아,EV5 롱레인지 4WD 19인치,493,246,739,99,30
강원,일반승용,기아,EV9 GT,245,122,367,49,15
강원,일반승용,기아,EV9 롱레인지 2WD 19인치,270,135,405,54,16
강원,일반승용,기아,EV9 롱레인지 2WD 20인치,268,134,402,54,16
강원,일반승용,기아,EV9 롱레인지 4WD 19인치,254,127,381,51,15
강원,일반승용,기아,EV9 롱레인지 4WD 21인치,260,130,390,52,16
강원,일반승용,기아,EV9 롱레인지 GTL 4WD 21인치,252,126,378,50,15
강원,일반승용,기아,EV9 스탠다드,237,118,355,47,14
강원,일반승용,기아,PV5 패신저 5인승 롱레인지,458,229,687,92,28
강원,일반승용,기아,Pv5 WAV(비용 미지원),648,324,972,100,30
강원,일반승용,기아,Pv5 WAV(비용 지원),448,224,672,90,27
강원,일반승용,기아,(단종)The all-new Kia Niro EV,489,0,489,98,29
강원,일반승용,기아,더뉴EV6 롱레인지 2WD 19인치,570,285,855,100,30
강원,일반승용,기아,더뉴EV6 롱레인지 2WD 20인치,559,279,838,100,30
강원,일반승용,기아,더뉴EV6 롱레인지 4WD 19인치,561,280,841,100,30
강원,일반승용,기아,더뉴EV6 롱레인지 4WD 20인치,532,266,798,100,30
강원,일반승용,기아,더뉴EV6 스탠다드,501,250,751,100,30
강원,경·소형,기아,레이 EV 2WD 14인치 1인승 밴,457,228,685,91,27
강원,경·소형,기아,레이 EV 2WD 14인치 2인승 밴,457,228,685,91,27
강원,경·소형,기아,레이 EV 2WD 14인치 4인승 승용,457,228,685,91,27
강원,일반승용,메르세데스벤츠코리아,EQA 250(Facelift),190,95,285,38,11
강원,일반승용,메르세데스벤츠코리아,EQB 300 4MATIC(Facelift),154,77,231,31,9
강원,일반승용,메르세데스벤츠코리아,EQB 300 4MATIC(Facelift)(CY25/2),162,81,243,32,10
강원,일반승용,볼보자동차코리아,볼보 EX30 Single Motor ER,247,123,370,49,15
강원,일반승용,볼보자동차코리아,볼보 EX30CC Twin Motor Perf,222,111,333,44,13
강원,일반승용,비와이디코리아,(단종)BYD ATTO 3,126,63,189,25,8
강원,일반승용,비와이디코리아,(단종)BYD DOLPHIN,109,54,163,22,7
강원,일반승용,비와이디코리아,(단종)BYD DOLPHIN Active,132,66,198,26,8
강원,일반승용,비와이디코리아,(단종)BYD SEAL,169,84,253,34,10
강원,일반승용,비와이디코리아,(단종)BYD SEAL Dynamic AWD,151,75,226,30,9
강원,일반승용,비와이디코리아,(단종)BYD SEALION 7,152,76,228,30,9
강원,일반승용,케이지모빌리티,토레스 EVX 18인치,354,177,531,71,21
강원,일반승용,케이지모빌리티,토레스 EVX 18인치(2026),361,180,541,72,22
강원,일반승용,케이지모빌리티,토레스 EVX 20인치,344,172,516,69,21
강원,일반승용,케이지모빌리티,토레스 EVX 20인치(2026),354,177,531,71,21
강원,일반승용,케이지모빌리티,(단종)토레스 EVX 2WD 18인치,327,163,490,65,20
강원,일반승용,케이지모빌리티,(단종)토레스 EVX 2WD 20인치,312,156,468,62,19
강원,일반승용,테슬라코리아,Model 3 Performance,200,100,300,40,12
강원,일반승용,테슬라코리아,Model 3 Premium Long Range RWD,420,210,630,84,25
강원,일반승용,테슬라코리아,Model 3 Premium Long Range RWD(5999만원),210,0,210,42,13
강원,일반승용,테슬라코리아,Model 3 RWD,168,84,252,34,10
강원,일반승용,테슬라코리아,Model 3 RWD(2025),168,84,252,34,10
강원,일반승용,테슬라코리아,Model Y L AWD,215,105,320,43,13
강원,일반승용,테슬라코리아,Model Y Long Range(2025),210,105,315,42,13
강원,일반승용,테슬라코리아,Model Y Premium Long Range,210,105,315,42,13
강원,일반승용,테슬라코리아,Model Y Premium RWD,170,85,255,34,10
강원,일반승용,테슬라코리아,Model Y RWD(2025),170,85,255,34,10
강원,일반승용,폭스바겐그룹코리아,ID.4 Pro,432,216,648,86,26
강원,일반승용,폭스바겐그룹코리아,Q4 45 e-tron,206,103,309,41,12
강원,일반승용,폭스바겐그룹코리아,Q4 Sportback 45 e-tron,206,103,309,41,12
강원,일반승용,폭스바겐그룹코리아,(단종)Q6 e-tron performance,220,110,330,44,13
강원,일반승용,폭스바겐그룹코리아,iD.5 Pro,473,236,709,95,29
강원,일반승용,폴스타오토모티브코리아,Polestar 4 Coupe Dual Motor,168,84,252,34,10
강원,일반승용,폴스타오토모티브코리아,Polestar 4 Coupe Rear Motor,181,90,271,36,11
강원,일반승용,현대자동차,ELECTRIFIED G80,270,135,405,54,16
강원,일반승용,현대자동차,ELECTRIFIED GV70 AWD 19인치,261,130,391,52,16
강원,일반승용,현대자동차,ELECTRIFIED GV70 AWD 20인치,245,122,367,49,15
강원,일반승용,현대자동차,GV60 스탠다드 2WD 19인치,285,142,427,57,17
강원,일반승용,현대자동차,GV60 스탠다드 AWD 19인치,272,136,408,54,16
강원,일반승용,현대자동차,GV60 스탠다드 AWD 20인치,261,130,391,52,16
강원,일반승용,현대자동차,더 뉴 아이오닉5 2WD 롱레인지 19인치,564,282,846,100,30
강원,일반승용,현대자동차,더 뉴 아이오닉5 2WD 롱레인지 19인치 빌트인 캠 미적용,567,283,850,100,30
강원,일반승용,현대자동차,더 뉴 아이오닉5 2WD 롱레인지 20인치,559,279,838,100,30
강원,일반승용,현대자동차,더 뉴 아이오닉5 2WD 롱레인지 N라인 20인치,541,270,811,100,30
강원,일반승용,현대자동차,더 뉴 아이오닉5 2WD 스탠다드 19인치,483,241,724,97,29
강원,일반승용,현대자동차,더 뉴 아이오닉5 AWD 롱레인지 19인치,558,279,837,100,30
강원,일반승용,현대자동차,더 뉴 아이오닉5 AWD 롱레인지 20인치,532,266,798,100,30
강원,일반승용,현대자동차,더 뉴 아이오닉5 AWD 롱레인지 N라인 20인치,510,255,765,100,30
강원,일반승용,현대자동차,더 뉴 아이오닉6 2WD 롱레인지 18인치,570,285,855,100,30
강원,일반승용,현대자동차,더 뉴 아이오닉6 2WD 롱레인지 20인치,570,285,855,100,30
강원,일반승용,현대자동차,더 뉴 아이오닉6 2WD 롱레인지 N라인 20인치,570,285,855,100,30
강원,일반승용,현대자동차,더 뉴 아이오닉6 2WD 스탠다드 18인치,560,280,840,100,30
강원,일반승용,현대자동차,더 뉴 아이오닉6 AWD 롱레인지 18인치,570,285,855,100,30
강원,일반승용,현대자동차,더 뉴 아이오닉6 AWD 롱레인지 20인치,553,276,829,100,30
강원,일반승용,현대자동차,더 뉴 아이오닉6 AWD 롱레인지 N라인 20인치,537,268,805,100,30
강원,일반승용,현대자동차,스타리아 라운지 일렉트릭 7인승,229,114,343,46,14
강원,일반승용,현대자동차,스타리아 리무진 일렉트릭 6인승,229,114,343,46,14
강원,일반승용,현대자동차,아이오닉6 N,250,125,375,50,15
강원,일반승용,현대자동차,아이오닉9 성능형 AWD,272,136,408,54,16
강원,일반승용,현대자동차,아이오닉9 항속형 2WD,274,137,411,55,17
강원,일반승용,현대자동차,아이오닉9 항속형 AWD,271,135,406,54,16
강원,경·소형,현대자동차,캐스퍼 일렉트릭 기본형 15인치,490,245,735,98,29
강원,경·소형,현대자동차,캐스퍼 일렉트릭 크로스 17인치,487,243,730,97,29
강원,경·소형,현대자동차,캐스퍼 일렉트릭 항속형 15인치,490,245,735,98,29
강원,경·소형,현대자동차,캐스퍼 일렉트릭 항속형 17인치(라운지포함),490,245,735,98,29
강원,일반승용,현대자동차,코나 일렉트릭 2WD 롱레인지 17인치,514,257,771,100,30
강원,일반승용,현대자동차,코나 일렉트릭 2WD 롱레인지 17인치 빌트인 캠 미적용,514,257,771,100,30
강원,일반승용,현대자동차,코나 일렉트릭 2WD 롱레인지 19인치,459,229,688,92,28
강원,일반승용,현대자동차,코나 일렉트릭 2WD 스탠다드 17인치,437,218,655,87,26
강원,일반승용,BMW,MINI Aceman E,400,200,600,80,24
강원,일반승용,BMW,MINI Aceman SE,400,200,600,80,24
강원,일반승용,BMW,MINI Cooper SE,396,198,594,79,24
강원,일반승용,BMW,MINI Countryman E,217,108,325,43,13
강원,일반승용,BMW,MINI Countryman SE ALL4,203,101,304,41,12
강원,일반승용,BMW,MINI JCW Aceman E,197,98,295,39,12
강원,일반승용,BMW,MINI JCW E,191,95,286,38,11
강원,일반승용,BMW,i4 M60 LCI (71HD),233,116,349,47,14
강원,일반승용,BMW,i4 eDrive 40 LCI(21HD),244,122,366,49,15
강원,일반승용,BMW,i4 eDrive 40 LCI(61HD),256,128,384,51,15
강원,일반승용,BMW,i5 eDrive 40,262,131,393,52,16
강원,일반승용,BMW,iX1 eDrive20,212,106,318,42,13
강원,일반승용,BMW,iX1 xDrive30,192,96,288,38,11
강원,일반승용,BMW,iX2 eDrive20,214,107,321,43,13
강원,일반승용,BMW,iX3 50 xDrive,275,137,412,55,17
강원,일반승용,기아,EV3 GT,248,124,372,50,15
강원,일반승용,기아,EV3 롱레인지 2WD 17인치,555,277,832,100,30
강원,일반승용,기아,EV3 롱레인지 2WD 19인치,555,277,832,100,30
강원,일반승용,기아,EV3 롱레인지 4WD 19인치,539,269,808,100,30
강원,일반승용,기아,EV3 스탠다드 2WD,469,234,703,94,28
강원,일반승용,기아,EV4 GT,255,127,382,51,15
강원,일반승용,기아,EV4 롱레인지 2WD 17인치,555,277,832,100,30
강원,일반승용,기아,EV4 롱레인지 2WD 19인치,555,277,832,100,30
강원,일반승용,기아,EV4 롱레인지 4WD 19인치,554,277,831,100,30
강원,일반승용,기아,EV4 롱레인지 GTL 2WD 19인치,555,277,832,100,30
강원,일반승용,기아,EV4 스탠다드 2WD 17인치,512,256,768,100,30
강원,일반승용,기아,EV4 스탠다드 2WD 19인치,481,240,721,96,29
강원,일반승용,기아,EV5 GT,232,116,348,46,14
강원,일반승용,기아,EV5 롱레인지 2WD,552,276,828,100,30
강원,일반승용,기아,EV5 롱레인지 4WD 18인치,499,249,748,100,30
강원,일반승용,기아,EV5 롱레인지 4WD 19인치,493,246,739,99,30
강원,일반승용,기아,EV9 GT,245,122,367,49,15
강원,일반승용,기아,EV9 롱레인지 2WD 19인치,270,135,405,54,16
강원,일반승용,기아,EV9 롱레인지 2WD 20인치,268,134,402,54,16
강원,일반승용,기아,EV9 롱레인지 4WD 19인치,254,127,381,51,15
강원,일반승용,기아,EV9 롱레인지 4WD 21인치,260,130,390,52,16
강원,일반승용,기아,EV9 롱레인지 GTL 4WD 21인치,252,126,378,50,15
강원,일반승용,기아,EV9 스탠다드,237,118,355,47,14
강원,일반승용,기아,PV5 패신저 5인승 롱레인지,458,229,687,92,28
강원,일반승용,기아,Pv5 WAV(비용 미지원),648,324,972,100,30
강원,일반승용,기아,Pv5 WAV(비용 지원),448,224,672,90,27
강원,일반승용,기아,(단종)The all-new Kia Niro EV,489,244,733,98,29
강원,일반승용,기아,더뉴EV6 롱레인지 2WD 19인치,570,285,855,100,30
강원,일반승용,기아,더뉴EV6 롱레인지 2WD 20인치,559,279,838,100,30
강원,일반승용,기아,더뉴EV6 롱레인지 4WD 19인치,561,280,841,100,30
강원,일반승용,기아,더뉴EV6 롱레인지 4WD 20인치,532,266,798,100,30
강원,일반승용,기아,더뉴EV6 스탠다드,501,250,751,100,30
강원,경·소형,기아,레이 EV 2WD 14인치 1인승 밴,457,228,685,91,27
강원,경·소형,기아,레이 EV 2WD 14인치 2인승 밴,457,228,685,91,27
강원,경·소형,기아,레이 EV 2WD 14인치 4인승 승용,457,228,685,91,27
강원,일반승용,메르세데스벤츠코리아,EQA 250(Facelift),190,95,285,38,11
강원,일반승용,메르세데스벤츠코리아,EQB 300 4MATIC(Facelift),154,77,231,31,9
강원,일반승용,메르세데스벤츠코리아,EQB 300 4MATIC(Facelift)(CY25/2),162,81,243,32,10
강원,일반승용,볼보자동차코리아,볼보 EX30 Single Motor ER,247,123,370,49,15
강원,일반승용,볼보자동차코리아,볼보 EX30CC Twin Motor Perf,222,111,333,44,13
강원,일반승용,비와이디코리아,(단종)BYD ATTO 3,126,63,189,25,8
강원,일반승용,비와이디코리아,(단종)BYD DOLPHIN,109,54,163,22,7
강원,일반승용,비와이디코리아,(단종)BYD DOLPHIN Active,132,66,198,26,8
강원,일반승용,비와이디코리아,(단종)BYD SEAL,169,84,253,34,10
강원,일반승용,비와이디코리아,(단종)BYD SEAL Dynamic AWD,151,75,226,30,9
강원,일반승용,비와이디코리아,(단종)BYD SEALION 7,152,76,228,30,9
강원,일반승용,케이지모빌리티,토레스 EVX 18인치,354,177,531,71,21
강원,일반승용,케이지모빌리티,토레스 EVX 18인치(2026),361,180,541,72,22
강원,일반승용,케이지모빌리티,토레스 EVX 20인치,344,172,516,69,21
강원,일반승용,케이지모빌리티,토레스 EVX 20인치(2026),354,177,531,71,21
강원,일반승용,케이지모빌리티,(단종)토레스 EVX 2WD 18인치,327,163,490,65,20
강원,일반승용,케이지모빌리티,(단종)토레스 EVX 2WD 20인치,312,156,468,62,19
강원,일반승용,테슬라코리아,Model 3 Performance,200,100,300,40,12
강원,일반승용,테슬라코리아,Model 3 Premium Long Range RWD,420,210,630,84,25
강원,일반승용,테슬라코리아,Model 3 RWD,168,84,252,34,10
강원,일반승용,테슬라코리아,Model 3 RWD(2025),168,84,252,34,10
강원,일반승용,테슬라코리아,Model Y L AWD,215,105,320,43,13
강원,일반승용,테슬라코리아,Model Y Long Range(2025),210,105,315,42,13
강원,일반승용,테슬라코리아,Model Y Premium Long Range,210,105,315,42,13
강원,일반승용,테슬라코리아,Model Y Premium RWD,170,85,255,34,10
강원,일반승용,테슬라코리아,Model Y RWD(2025),170,85,255,34,10
강원,일반승용,폭스바겐그룹코리아,ID.4 Pro,432,216,648,86,26
강원,일반승용,폭스바겐그룹코리아,Q4 45 e-tron,206,103,309,41,12
강원,일반승용,폭스바겐그룹코리아,Q4 Sportback 45 e-tron,206,103,309,41,12
강원,일반승용,폭스바겐그룹코리아,(단종)Q6 e-tron performance,220,110,330,44,13
강원,일반승용,폭스바겐그룹코리아,iD.5 Pro,473,236,709,95,29
강원,일반승용,현대자동차,ELECTRIFIED G80,270,135,405,54,16
강원,일반승용,현대자동차,ELECTRIFIED GV70 AWD 19인치,261,130,391,52,16
강원,일반승용,현대자동차,ELECTRIFIED GV70 AWD 20인치,245,122,367,49,15
강원,일반승용,현대자동차,GV60 스탠다드 2WD 19인치,285,142,427,57,17
강원,일반승용,현대자동차,GV60 스탠다드 AWD 19인치,272,136,408,54,16
강원,일반승용,현대자동차,GV60 스탠다드 AWD 20인치,261,130,391,52,16
강원,일반승용,현대자동차,더 뉴 아이오닉5 2WD 롱레인지 19인치,564,282,846,100,30
강원,일반승용,현대자동차,더 뉴 아이오닉5 2WD 롱레인지 19인치 빌트인 캠 미적용,567,283,850,100,30
강원,일반승용,현대자동차,더 뉴 아이오닉5 2WD 롱레인지 20인치,559,279,838,100,30
강원,일반승용,현대자동차,더 뉴 아이오닉5 2WD 롱레인지 N라인 20인치,541,270,811,100,30
강원,일반승용,현대자동차,더 뉴 아이오닉5 2WD 스탠다드 19인치,483,241,724,97,29
강원,일반승용,현대자동차,더 뉴 아이오닉5 AWD 롱레인지 19인치,558,279,837,100,30
강원,일반승용,현대자동차,더 뉴 아이오닉5 AWD 롱레인지 20인치,532,266,798,100,30
강원,일반승용,현대자동차,더 뉴 아이오닉5 AWD 롱레인지 N라인 20인치,510,255,765,100,30
강원,일반승용,현대자동차,더 뉴 아이오닉6 2WD 롱레인지 18인치,570,285,855,100,30
강원,일반승용,현대자동차,더 뉴 아이오닉6 2WD 롱레인지 20인치,570,285,855,100,30
강원,일반승용,현대자동차,더 뉴 아이오닉6 2WD 롱레인지 N라인 20인치,570,285,855,100,30
강원,일반승용,현대자동차,더 뉴 아이오닉6 2WD 스탠다드 18인치,560,280,840,100,30
강원,일반승용,현대자동차,더 뉴 아이오닉6 AWD 롱레인지 18인치,570,285,855,100,30
강원,일반승용,현대자동차,더 뉴 아이오닉6 AWD 롱레인지 20인치,553,276,829,100,30
강원,일반승용,현대자동차,더 뉴 아이오닉6 AWD 롱레인지 N라인 20인치,537,268,805,100,30
강원,일반승용,현대자동차,스타리아 라운지 일렉트릭 7인승,229,114,343,46,14
강원,일반승용,현대자동차,스타리아 리무진 일렉트릭 6인승,229,114,343,46,14
강원,일반승용,현대자동차,아이오닉6 N,250,125,375,50,15
강원,일반승용,현대자동차,아이오닉9 성능형 AWD,272,136,408,54,16
강원,일반승용,현대자동차,아이오닉9 항속형 2WD,274,137,411,55,17
강원,일반승용,현대자동차,아이오닉9 항속형 AWD,271,135,406,54,16
강원,경·소형,현대자동차,캐스퍼 일렉트릭 기본형 15인치,490,245,735,98,29
강원,경·소형,현대자동차,캐스퍼 일렉트릭 크로스 17인치,487,243,730,97,29
강원,경·소형,현대자동차,캐스퍼 일렉트릭 항속형 15인치,490,245,735,98,29
강원,경·소형,현대자동차,캐스퍼 일렉트릭 항속형 17인치(라운지포함),490,245,735,98,29
강원,일반승용,현대자동차,코나 일렉트릭 2WD 롱레인지 17인치,514,257,771,100,30
강원,일반승용,현대자동차,코나 일렉트릭 2WD 롱레인지 17인치 빌트인 캠 미적용,514,257,771,100,30
강원,일반승용,현대자동차,코나 일렉트릭 2WD 롱레인지 19인치,459,229,688,92,28
강원,일반승용,현대자동차,코나 일렉트릭 2WD 스탠다드 17인치,437,218,655,87,26
강원,일반승용,BMW,MINI Aceman E,400,200,600,80,24
강원,일반승용,BMW,MINI Aceman SE,400,200,600,80,24
강원,일반승용,BMW,MINI Cooper SE,396,198,594,79,24
강원,일반승용,BMW,MINI Countryman E,217,108,325,43,13
강원,일반승용,BMW,MINI Countryman SE ALL4,203,101,304,41,12
강원,일반승용,BMW,MINI JCW Aceman E,197,98,295,39,12
강원,일반승용,BMW,MINI JCW E,191,95,286,38,11
강원,일반승용,BMW,i4 M60 LCI (71HD),233,116,349,47,14
강원,일반승용,BMW,i4 eDrive 40 LCI(21HD),244,122,366,49,15
강원,일반승용,BMW,i4 eDrive 40 LCI(61HD),256,128,384,51,15
강원,일반승용,BMW,i5 eDrive 40,262,131,393,52,16
강원,일반승용,BMW,iX1 eDrive20,212,106,318,42,13
강원,일반승용,BMW,iX1 eDrive20(11HM),235,117,352,47,14
강원,일반승용,BMW,iX1 xDrive30,192,96,288,38,11
강원,일반승용,BMW,iX2 eDrive20,214,107,321,43,13
강원,일반승용,BMW,iX2 eDrive20(71GN),239,119,358,48,14
강원,일반승용,BMW,iX3 50 xDrive,275,137,412,55,17
강원,일반승용,기아,EV3 GT,248,124,372,50,15
강원,일반승용,기아,EV3 롱레인지 2WD 17인치,555,277,832,100,30
강원,일반승용,기아,EV3 롱레인지 2WD 19인치,555,277,832,100,30
강원,일반승용,기아,EV3 롱레인지 4WD 19인치,539,269,808,100,30
강원,일반승용,기아,EV3 스탠다드 2WD,469,234,703,94,28
강원,일반승용,기아,EV4 GT,255,127,382,51,15
강원,일반승용,기아,EV4 롱레인지 2WD 17인치,555,277,832,100,30
강원,일반승용,기아,EV4 롱레인지 2WD 19인치,555,277,832,100,30
강원,일반승용,기아,EV4 롱레인지 4WD 19인치,554,277,831,100,30
강원,일반승용,기아,EV4 롱레인지 GTL 2WD 19인치,555,277,832,100,30
강원,일반승용,기아,EV4 스탠다드 2WD 17인치,512,256,768,100,30
강원,일반승용,기아,EV4 스탠다드 2WD 19인치,481,240,721,96,29
강원,일반승용,기아,EV5 GT,232,116,348,46,14
강원,일반승용,기아,EV5 롱레인지 2WD,552,276,828,100,30
강원,일반승용,기아,EV5 롱레인지 4WD 18인치,499,249,748,100,30
강원,일반승용,기아,EV5 롱레인지 4WD 19인치,493,246,739,99,30
강원,일반승용,기아,EV9 GT,245,122,367,49,15
강원,일반승용,기아,EV9 롱레인지 2WD 19인치,270,135,405,54,16
강원,일반승용,기아,EV9 롱레인지 2WD 20인치,268,134,402,54,16
강원,일반승용,기아,EV9 롱레인지 4WD 19인치,254,127,381,51,15
강원,일반승용,기아,EV9 롱레인지 4WD 21인치,260,130,390,52,16
강원,일반승용,기아,EV9 롱레인지 GTL 4WD 21인치,252,126,378,50,15
강원,일반승용,기아,EV9 스탠다드,237,118,355,47,14
강원,일반승용,기아,PV5 패신저 5인승 롱레인지,458,229,687,92,28
강원,일반승용,기아,Pv5 WAV(비용 미지원),648,324,972,100,30
강원,일반승용,기아,Pv5 WAV(비용 지원),448,224,672,90,27
강원,일반승용,기아,(단종)The all-new Kia Niro EV,489,244,733,98,29
강원,일반승용,기아,더뉴EV6 롱레인지 2WD 19인치,570,285,855,100,30
강원,일반승용,기아,더뉴EV6 롱레인지 2WD 20인치,559,279,838,100,30
강원,일반승용,기아,더뉴EV6 롱레인지 4WD 19인치,561,280,841,100,30
강원,일반승용,기아,더뉴EV6 롱레인지 4WD 20인치,532,266,798,100,30
강원,일반승용,기아,더뉴EV6 스탠다드,501,250,751,100,30
강원,경·소형,기아,레이 EV 2WD 14인치 1인승 밴,457,228,685,91,27
강원,경·소형,기아,레이 EV 2WD 14인치 2인승 밴,457,228,685,91,27
강원,경·소형,기아,레이 EV 2WD 14인치 4인승 승용,457,228,685,91,27
강원,일반승용,메르세데스벤츠코리아,EQA 250(Facelift),190,95,285,38,11
강원,일반승용,메르세데스벤츠코리아,EQB 300 4MATIC(Facelift),154,77,231,31,9
강원,일반승용,메르세데스벤츠코리아,EQB 300 4MATIC(Facelift)(CY25/2),162,81,243,32,10
강원,일반승용,볼보자동차코리아,볼보 EX30 Single Motor ER,247,123,370,49,15
강원,일반승용,볼보자동차코리아,볼보 EX30CC Twin Motor Perf,222,111,333,44,13
강원,일반승용,비와이디코리아,(단종)BYD ATTO 3,126,63,189,25,8
강원,일반승용,비와이디코리아,(단종)BYD DOLPHIN,109,54,163,22,7
강원,일반승용,비와이디코리아,(단종)BYD DOLPHIN Active,132,66,198,26,8
강원,일반승용,비와이디코리아,(단종)BYD SEAL,169,84,253,34,10
강원,일반승용,비와이디코리아,(단종)BYD SEAL Dynamic AWD,151,75,226,30,9
강원,일반승용,비와이디코리아,(단종)BYD SEALION 7,152,76,228,30,9
강원,일반승용,케이지모빌리티,토레스 EVX 18인치,354,177,531,71,21
강원,일반승용,케이지모빌리티,토레스 EVX 18인치(2026),361,180,541,72,22
강원,일반승용,케이지모빌리티,토레스 EVX 20인치,344,172,516,69,21
강원,일반승용,케이지모빌리티,토레스 EVX 20인치(2026),354,177,531,71,21
강원,일반승용,케이지모빌리티,(단종)토레스 EVX 2WD 18인치,327,163,490,65,20
강원,일반승용,케이지모빌리티,(단종)토레스 EVX 2WD 20인치,312,156,468,62,19
강원,일반승용,테슬라코리아,Model 3 Performance,200,100,300,40,12
강원,일반승용,테슬라코리아,Model 3 Premium Long Range RWD,420,210,630,84,25
강원,일반승용,테슬라코리아,Model 3 Premium Long Range RWD(5999만원),210,105,315,42,13
강원,일반승용,테슬라코리아,Model 3 RWD,168,84,252,34,10
강원,일반승용,테슬라코리아,Model 3 RWD(2025),168,84,252,34,10
강원,일반승용,테슬라코리아,Model Y L AWD,215,105,320,43,13
강원,일반승용,테슬라코리아,Model Y Long Range(2025),210,105,315,42,13
강원,일반승용,테슬라코리아,Model Y Premium Long Range,210,105,315,42,13
강원,일반승용,테슬라코리아,Model Y Premium RWD,170,85,255,34,10
강원,일반승용,테슬라코리아,Model Y RWD(2025),170,85,255,34,10
강원,일반승용,폭스바겐그룹코리아,ID.4 Pro,432,216,648,86,26
강원,일반승용,폭스바겐그룹코리아,Q4 45 e-tron,206,103,309,41,12
강원,일반승용,폭스바겐그룹코리아,Q4 Sportback 45 e-tron,206,103,309,41,12
강원,일반승용,폭스바겐그룹코리아,(단종)Q6 e-tron performance,220,110,330,44,13
강원,일반승용,폭스바겐그룹코리아,iD.5 Pro,473,236,709,95,29
강원,일반승용,폴스타오토모티브코리아,Polestar 4 Coupe Dual Motor,168,84,252,34,10
강원,일반승용,폴스타오토모티브코리아,Polestar 4 Coupe Rear Motor,181,90,271,36,11
강원,일반승용,현대자동차,ELECTRIFIED G80,270,135,405,54,16
강원,일반승용,현대자동차,ELECTRIFIED GV70 AWD 19인치,261,130,391,52,16
강원,일반승용,현대자동차,ELECTRIFIED GV70 AWD 20인치,245,122,367,49,15
강원,일반승용,현대자동차,GV60 스탠다드 2WD 19인치,285,142,427,57,17
강원,일반승용,현대자동차,GV60 스탠다드 AWD 19인치,272,136,408,54,16
강원,일반승용,현대자동차,GV60 스탠다드 AWD 20인치,261,130,391,52,16
강원,일반승용,현대자동차,더 뉴 아이오닉5 2WD 롱레인지 19인치,564,282,846,100,30
강원,일반승용,현대자동차,더 뉴 아이오닉5 2WD 롱레인지 19인치 빌트인 캠 미적용,567,283,850,100,30
강원,일반승용,현대자동차,더 뉴 아이오닉5 2WD 롱레인지 20인치,559,279,838,100,30
강원,일반승용,현대자동차,더 뉴 아이오닉5 2WD 롱레인지 N라인 20인치,541,270,811,100,30
강원,일반승용,현대자동차,더 뉴 아이오닉5 2WD 스탠다드 19인치,483,241,724,97,29
강원,일반승용,현대자동차,더 뉴 아이오닉5 AWD 롱레인지 19인치,558,279,837,100,30
강원,일반승용,현대자동차,더 뉴 아이오닉5 AWD 롱레인지 20인치,532,266,798,100,30
강원,일반승용,현대자동차,더 뉴 아이오닉5 AWD 롱레인지 N라인 20인치,510,255,765,100,30
강원,일반승용,현대자동차,더 뉴 아이오닉6 2WD 롱레인지 18인치,570,285,855,100,30
강원,일반승용,현대자동차,더 뉴 아이오닉6 2WD 롱레인지 20인치,570,285,855,100,30
강원,일반승용,현대자동차,더 뉴 아이오닉6 2WD 롱레인지 N라인 20인치,570,285,855,100,30
강원,일반승용,현대자동차,더 뉴 아이오닉6 2WD 스탠다드 18인치,560,280,840,100,30
강원,일반승용,현대자동차,더 뉴 아이오닉6 AWD 롱레인지 18인치,570,285,855,100,30
강원,일반승용,현대자동차,더 뉴 아이오닉6 AWD 롱레인지 20인치,553,276,829,100,30
강원,일반승용,현대자동차,더 뉴 아이오닉6 AWD 롱레인지 N라인 20인치,537,268,805,100,30
강원,일반승용,현대자동차,스타리아 라운지 일렉트릭 7인승,229,114,343,46,14
강원,일반승용,현대자동차,스타리아 리무진 일렉트릭 6인승,229,114,343,46,14
강원,일반승용,현대자동차,아이오닉6 N,250,125,375,50,15
강원,일반승용,현대자동차,아이오닉9 성능형 AWD,272,136,408,54,16
강원,일반승용,현대자동차,아이오닉9 항속형 2WD,274,137,411,55,17
강원,일반승용,현대자동차,아이오닉9 항속형 AWD,271,135,406,54,16
강원,경·소형,현대자동차,캐스퍼 일렉트릭 기본형 15인치,490,245,735,98,29
강원,경·소형,현대자동차,캐스퍼 일렉트릭 크로스 17인치,487,243,730,97,29
강원,경·소형,현대자동차,캐스퍼 일렉트릭 항속형 15인치,490,245,735,98,29
강원,경·소형,현대자동차,캐스퍼 일렉트릭 항속형 17인치(라운지포함),490,245,735,98,29
강원,일반승용,현대자동차,코나 일렉트릭 2WD 롱레인지 17인치,514,257,771,100,30
강원,일반승용,현대자동차,코나 일렉트릭 2WD 롱레인지 17인치 빌트인 캠 미적용,514,257,771,100,30
강원,일반승용,현대자동차,코나 일렉트릭 2WD 롱레인지 19인치,459,229,688,92,28
강원,일반승용,현대자동차,코나 일렉트릭 2WD 스탠다드 17인치,437,218,655,87,26
강원,일반승용,BMW,MINI Aceman E,400,200,600,80,24
강원,일반승용,BMW,MINI Aceman SE,400,200,600,80,24
강원,일반승용,BMW,MINI Cooper SE,396,198,594,79,24
강원,일반승용,BMW,MINI Countryman E,217,108,325,43,13
강원,일반승용,BMW,MINI Countryman SE ALL4,203,101,304,41,12
강원,일반승용,BMW,MINI JCW Aceman E,197,98,295,39,12
강원,일반승용,BMW,MINI JCW E,191,95,286,38,11
강원,일반승용,BMW,i4 M60 LCI (71HD),233,116,349,47,14
강원,일반승용,BMW,i4 eDrive 40 LCI(21HD),244,122,366,49,15
강원,일반승용,BMW,i4 eDrive 40 LCI(61HD),256,128,384,51,15
강원,일반승용,BMW,i5 eDrive 40,262,131,393,52,16
강원,일반승용,BMW,iX1 eDrive20,212,106,318,42,13
강원,일반승용,BMW,iX1 eDrive20(11HM),235,117,352,47,14
강원,일반승용,BMW,iX1 xDrive30,192,96,288,38,11
강원,일반승용,BMW,iX2 eDrive20,214,107,321,43,13
강원,일반승용,BMW,iX2 eDrive20(71GN),239,119,358,48,14
강원,일반승용,BMW,iX3 50 xDrive,275,0,275,55,17
강원,일반승용,기아,EV3 GT,248,124,372,50,15
강원,일반승용,기아,EV3 롱레인지 2WD 17인치,555,277,832,100,30
강원,일반승용,기아,EV3 롱레인지 2WD 19인치,555,277,832,100,30
강원,일반승용,기아,EV3 롱레인지 4WD 19인치,539,269,808,100,30
강원,일반승용,기아,EV3 스탠다드 2WD,469,234,703,94,28
강원,일반승용,기아,EV4 GT,255,127,382,51,15
강원,일반승용,기아,EV4 롱레인지 2WD 17인치,555,277,832,100,30
강원,일반승용,기아,EV4 롱레인지 2WD 19인치,555,277,832,100,30
강원,일반승용,기아,EV4 롱레인지 4WD 19인치,554,277,831,100,30
강원,일반승용,기아,EV4 롱레인지 GTL 2WD 19인치,555,277,832,100,30
강원,일반승용,기아,EV4 스탠다드 2WD 17인치,512,256,768,100,30
강원,일반승용,기아,EV4 스탠다드 2WD 19인치,481,240,721,96,29
강원,일반승용,기아,EV5 GT,232,116,348,46,14
강원,일반승용,기아,EV5 롱레인지 2WD,552,276,828,100,30
강원,일반승용,기아,EV5 롱레인지 4WD 18인치,499,249,748,100,30
강원,일반승용,기아,EV5 롱레인지 4WD 19인치,493,246,739,99,30
강원,일반승용,기아,EV9 GT,245,122,367,49,15
강원,일반승용,기아,EV9 롱레인지 2WD 19인치,270,135,405,54,16
강원,일반승용,기아,EV9 롱레인지 2WD 20인치,268,134,402,54,16
강원,일반승용,기아,EV9 롱레인지 4WD 19인치,254,127,381,51,15
강원,일반승용,기아,EV9 롱레인지 4WD 21인치,260,130,390,52,16
강원,일반승용,기아,EV9 롱레인지 GTL 4WD 21인치,252,126,378,50,15
강원,일반승용,기아,EV9 스탠다드,237,118,355,47,14
강원,일반승용,기아,PV5 패신저 5인승 롱레인지,458,229,687,92,28
강원,일반승용,기아,Pv5 WAV(비용 미지원),648,324,972,100,30
강원,일반승용,기아,Pv5 WAV(비용 지원),448,224,672,90,27
강원,일반승용,기아,(단종)The all-new Kia Niro EV,489,244,733,98,29
강원,일반승용,기아,더뉴EV6 롱레인지 2WD 19인치,570,285,855,100,30
강원,일반승용,기아,더뉴EV6 롱레인지 2WD 20인치,559,279,838,100,30
강원,일반승용,기아,더뉴EV6 롱레인지 4WD 19인치,561,280,841,100,30
강원,일반승용,기아,더뉴EV6 롱레인지 4WD 20인치,532,266,798,100,30
강원,일반승용,기아,더뉴EV6 스탠다드,501,250,751,100,30
강원,경·소형,기아,레이 EV 2WD 14인치 1인승 밴,457,228,685,91,27
강원,경·소형,기아,레이 EV 2WD 14인치 2인승 밴,457,228,685,91,27
강원,경·소형,기아,레이 EV 2WD 14인치 4인승 승용,457,228,685,91,27
강원,일반승용,메르세데스벤츠코리아,EQA 250(Facelift),190,95,285,38,11
강원,일반승용,메르세데스벤츠코리아,EQB 300 4MATIC(Facelift),154,77,231,31,9
강원,일반승용,메르세데스벤츠코리아,EQB 300 4MATIC(Facelift)(CY25/2),162,81,243,32,10
강원,일반승용,볼보자동차코리아,볼보 EX30 Single Motor ER,247,123,370,49,15
강원,일반승용,볼보자동차코리아,볼보 EX30CC Twin Motor Perf,222,111,333,44,13
강원,일반승용,비와이디코리아,(단종)BYD ATTO 3,126,63,189,25,8
강원,일반승용,비와이디코리아,(단종)BYD DOLPHIN,109,54,163,22,7
강원,일반승용,비와이디코리아,(단종)BYD DOLPHIN Active,132,66,198,26,8
강원,일반승용,비와이디코리아,(단종)BYD SEAL,169,84,253,34,10
강원,일반승용,비와이디코리아,(단종)BYD SEAL Dynamic AWD,151,75,226,30,9
강원,일반승용,비와이디코리아,(단종)BYD SEALION 7,152,76,228,30,9
강원,일반승용,케이지모빌리티,토레스 EVX 18인치,354,177,531,71,21
강원,일반승용,케이지모빌리티,토레스 EVX 18인치(2026),361,180,541,72,22
강원,일반승용,케이지모빌리티,토레스 EVX 20인치,344,172,516,69,21
강원,일반승용,케이지모빌리티,토레스 EVX 20인치(2026),354,177,531,71,21
강원,일반승용,케이지모빌리티,(단종)토레스 EVX 2WD 18인치,327,163,490,65,20
강원,일반승용,케이지모빌리티,(단종)토레스 EVX 2WD 20인치,312,156,468,62,19
강원,일반승용,테슬라코리아,Model 3 Performance,200,100,300,40,12
강원,일반승용,테슬라코리아,Model 3 Premium Long Range RWD,420,105,525,84,25
강원,일반승용,테슬라코리아,Model 3 Premium Long Range RWD(5999만원),210,105,315,42,13
강원,일반승용,테슬라코리아,Model 3 RWD,168,84,252,34,10
강원,일반승용,테슬라코리아,Model 3 RWD(2025),168,84,252,34,10
강원,일반승용,테슬라코리아,Model Y L AWD,215,107,322,43,13
강원,일반승용,테슬라코리아,Model Y Long Range(2025),210,105,315,42,13
강원,일반승용,테슬라코리아,Model Y Premium Long Range,210,105,315,42,13
강원,일반승용,테슬라코리아,Model Y Premium RWD,170,85,255,34,10
강원,일반승용,테슬라코리아,Model Y RWD(2025),170,85,255,34,10
강원,일반승용,폭스바겐그룹코리아,ID.4 Pro,432,216,648,86,26
강원,일반승용,폭스바겐그룹코리아,Q4 45 e-tron,206,103,309,41,12
강원,일반승용,폭스바겐그룹코리아,Q4 Sportback 45 e-tron,206,103,309,41,12
강원,일반승용,폭스바겐그룹코리아,(단종)Q6 e-tron performance,220,110,330,44,13
강원,일반승용,폭스바겐그룹코리아,iD.5 Pro,473,0,473,95,29
강원,일반승용,폴스타오토모티브코리아,Polestar 4 Coupe Dual Motor,168,84,252,34,10
강원,일반승용,폴스타오토모티브코리아,Polestar 4 Coupe Rear Motor,181,90,271,36,11
강원,일반승용,현대자동차,ELECTRIFIED G80,270,135,405,54,16
강원,일반승용,현대자동차,ELECTRIFIED GV70 AWD 19인치,261,130,391,52,16
강원,일반승용,현대자동차,ELECTRIFIED GV70 AWD 20인치,245,122,367,49,15
강원,일반승용,현대자동차,GV60 스탠다드 2WD 19인치,285,142,427,57,17
강원,일반승용,현대자동차,GV60 스탠다드 AWD 19인치,272,136,408,54,16
강원,일반승용,현대자동차,GV60 스탠다드 AWD 20인치,261,130,391,52,16
강원,일반승용,현대자동차,더 뉴 아이오닉5 2WD 롱레인지 19인치,564,282,846,100,30
강원,일반승용,현대자동차,더 뉴 아이오닉5 2WD 롱레인지 19인치 빌트인 캠 미적용,567,283,850,100,30
강원,일반승용,현대자동차,더 뉴 아이오닉5 2WD 롱레인지 20인치,559,279,838,100,30
강원,일반승용,현대자동차,더 뉴 아이오닉5 2WD 롱레인지 N라인 20인치,541,270,811,100,30
강원,일반승용,현대자동차,더 뉴 아이오닉5 2WD 스탠다드 19인치,483,241,724,97,29
강원,일반승용,현대자동차,더 뉴 아이오닉5 AWD 롱레인지 19인치,558,279,837,100,30
강원,일반승용,현대자동차,더 뉴 아이오닉5 AWD 롱레인지 20인치,532,266,798,100,30
강원,일반승용,현대자동차,더 뉴 아이오닉5 AWD 롱레인지 N라인 20인치,510,255,765,100,30
강원,일반승용,현대자동차,더 뉴 아이오닉6 2WD 롱레인지 18인치,570,285,855,100,30
강원,일반승용,현대자동차,더 뉴 아이오닉6 2WD 롱레인지 20인치,570,285,855,100,30
강원,일반승용,현대자동차,더 뉴 아이오닉6 2WD 롱레인지 N라인 20인치,570,285,855,100,30
강원,일반승용,현대자동차,더 뉴 아이오닉6 2WD 스탠다드 18인치,560,280,840,100,30
강원,일반승용,현대자동차,더 뉴 아이오닉6 AWD 롱레인지 18인치,570,285,855,100,30
강원,일반승용,현대자동차,더 뉴 아이오닉6 AWD 롱레인지 20인치,553,276,829,100,30
강원,일반승용,현대자동차,더 뉴 아이오닉6 AWD 롱레인지 N라인 20인치,537,268,805,100,30
강원,일반승용,현대자동차,스타리아 라운지 일렉트릭 7인승,229,0,229,46,14
강원,일반승용,현대자동차,스타리아 리무진 일렉트릭 6인승,229,114,343,46,14
강원,일반승용,현대자동차,아이오닉6 N,250,125,375,50,15
강원,일반승용,현대자동차,아이오닉9 성능형 AWD,272,136,408,54,16
강원,일반승용,현대자동차,아이오닉9 항속형 2WD,274,137,411,55,17
강원,일반승용,현대자동차,아이오닉9 항속형 AWD,271,135,406,54,16
강원,경·소형,현대자동차,캐스퍼 일렉트릭 기본형 15인치,490,245,735,98,29
강원,경·소형,현대자동차,캐스퍼 일렉트릭 크로스 17인치,487,243,730,97,29
강원,경·소형,현대자동차,캐스퍼 일렉트릭 항속형 15인치,490,245,735,98,29
강원,경·소형,현대자동차,캐스퍼 일렉트릭 항속형 17인치(라운지포함),490,245,735,98,29
강원,일반승용,현대자동차,코나 일렉트릭 2WD 롱레인지 17인치,514,257,771,100,30
강원,일반승용,현대자동차,코나 일렉트릭 2WD 롱레인지 17인치 빌트인 캠 미적용,514,257,771,100,30
강원,일반승용,현대자동차,코나 일렉트릭 2WD 롱레인지 19인치,459,229,688,92,28
강원,일반승용,현대자동차,코나 일렉트릭 2WD 스탠다드 17인치,437,218,655,87,26
강원,일반승용,BMW,MINI Aceman E,400,200,600,80,24
강원,일반승용,BMW,MINI Aceman SE,400,200,600,80,24
강원,일반승용,BMW,MINI Cooper SE,396,198,594,79,24
강원,일반승용,BMW,MINI Countryman E,217,108,325,43,13
강원,일반승용,BMW,MINI Countryman SE ALL4,203,101,304,41,12
강원,일반승용,BMW,MINI JCW Aceman E,197,98,295,39,12
강원,일반승용,BMW,MINI JCW E,191,95,286,38,11
강원,일반승용,BMW,i4 M60 LCI (71HD),233,116,349,47,14
강원,일반승용,BMW,i4 eDrive 40 LCI(21HD),244,122,366,49,15
강원,일반승용,BMW,i4 eDrive 40 LCI(61HD),256,128,384,51,15
강원,일반승용,BMW,i5 eDrive 40,262,131,393,52,16
강원,일반승용,BMW,iX1 eDrive20,212,106,318,42,13
강원,일반승용,BMW,iX1 eDrive20(11HM),235,117,352,47,14
강원,일반승용,BMW,iX1 xDrive30,192,96,288,38,11
강원,일반승용,BMW,iX2 eDrive20,214,107,321,43,13
강원,일반승용,BMW,iX2 eDrive20(71GN),239,119,358,48,14
강원,일반승용,BMW,iX3 50 xDrive,275,137,412,55,17
강원,일반승용,기아,EV3 GT,248,124,372,50,15
강원,일반승용,기아,EV3 롱레인지 2WD 17인치,555,277,832,100,30
강원,일반승용,기아,EV3 롱레인지 2WD 19인치,555,277,832,100,30
강원,일반승용,기아,EV3 롱레인지 4WD 19인치,539,269,808,100,30
강원,일반승용,기아,EV3 스탠다드 2WD,469,234,703,94,28
강원,일반승용,기아,EV4 GT,255,127,382,51,15
강원,일반승용,기아,EV4 롱레인지 2WD 17인치,555,277,832,100,30
강원,일반승용,기아,EV4 롱레인지 2WD 19인치,555,277,832,100,30
강원,일반승용,기아,EV4 롱레인지 4WD 19인치,554,277,831,100,30
강원,일반승용,기아,EV4 롱레인지 GTL 2WD 19인치,555,277,832,100,30
강원,일반승용,기아,EV4 스탠다드 2WD 17인치,512,256,768,100,30
강원,일반승용,기아,EV4 스탠다드 2WD 19인치,481,240,721,96,29
강원,일반승용,기아,EV5 GT,232,116,348,46,14
강원,일반승용,기아,EV5 롱레인지 2WD,552,276,828,100,30
강원,일반승용,기아,EV5 롱레인지 4WD 18인치,499,249,748,100,30
강원,일반승용,기아,EV5 롱레인지 4WD 19인치,493,246,739,99,30
강원,일반승용,기아,EV9 GT,245,122,367,49,15
강원,일반승용,기아,EV9 롱레인지 2WD 19인치,270,135,405,54,16
강원,일반승용,기아,EV9 롱레인지 2WD 20인치,268,134,402,54,16
강원,일반승용,기아,EV9 롱레인지 4WD 19인치,254,127,381,51,15
강원,일반승용,기아,EV9 롱레인지 4WD 21인치,260,130,390,52,16
강원,일반승용,기아,EV9 롱레인지 GTL 4WD 21인치,252,126,378,50,15
강원,일반승용,기아,EV9 스탠다드,237,118,355,47,14
강원,일반승용,기아,PV5 패신저 5인승 롱레인지,458,229,687,92,28
강원,일반승용,기아,Pv5 WAV(비용 미지원),648,324,972,100,30
강원,일반승용,기아,Pv5 WAV(비용 지원),448,224,672,90,27
강원,일반승용,기아,(단종)The all-new Kia Niro EV,489,244,733,98,29
강원,일반승용,기아,더뉴EV6 롱레인지 2WD 19인치,570,285,855,100,30
강원,일반승용,기아,더뉴EV6 롱레인지 2WD 20인치,559,279,838,100,30
강원,일반승용,기아,더뉴EV6 롱레인지 4WD 19인치,561,280,841,100,30
강원,일반승용,기아,더뉴EV6 롱레인지 4WD 20인치,532,266,798,100,30
강원,일반승용,기아,더뉴EV6 스탠다드,501,250,751,100,30
강원,경·소형,기아,레이 EV 2WD 14인치 1인승 밴,457,228,685,91,27
강원,경·소형,기아,레이 EV 2WD 14인치 2인승 밴,457,228,685,91,27
강원,경·소형,기아,레이 EV 2WD 14인치 4인승 승용,457,228,685,91,27
강원,일반승용,메르세데스벤츠코리아,EQA 250(Facelift),190,95,285,38,11
강원,일반승용,메르세데스벤츠코리아,EQB 300 4MATIC(Facelift),154,77,231,31,9
강원,일반승용,메르세데스벤츠코리아,EQB 300 4MATIC(Facelift)(CY25/2),162,81,243,32,10
강원,일반승용,볼보자동차코리아,볼보 EX30 Single Motor ER,247,123,370,49,15
강원,일반승용,볼보자동차코리아,볼보 EX30CC Twin Motor Perf,222,111,333,44,13
강원,일반승용,비와이디코리아,(단종)BYD ATTO 3,126,63,189,25,8
강원,일반승용,비와이디코리아,(단종)BYD DOLPHIN,109,54,163,22,7
강원,일반승용,비와이디코리아,(단종)BYD DOLPHIN Active,132,66,198,26,8
강원,일반승용,비와이디코리아,(단종)BYD SEAL,169,84,253,34,10
강원,일반승용,비와이디코리아,(단종)BYD SEAL Dynamic AWD,151,75,226,30,9
강원,일반승용,비와이디코리아,(단종)BYD SEALION 7,152,76,228,30,9
강원,일반승용,케이지모빌리티,토레스 EVX 18인치,354,177,531,71,21
강원,일반승용,케이지모빌리티,토레스 EVX 18인치(2026),361,180,541,72,22
강원,일반승용,케이지모빌리티,토레스 EVX 20인치,344,172,516,69,21
강원,일반승용,케이지모빌리티,토레스 EVX 20인치(2026),354,177,531,71,21
강원,일반승용,케이지모빌리티,(단종)토레스 EVX 2WD 18인치,327,163,490,65,20
강원,일반승용,케이지모빌리티,(단종)토레스 EVX 2WD 20인치,312,156,468,62,19
강원,일반승용,테슬라코리아,Model 3 Performance,200,100,300,40,12
강원,일반승용,테슬라코리아,Model 3 Premium Long Range RWD,420,105,525,84,25
강원,일반승용,테슬라코리아,Model 3 Premium Long Range RWD(5999만원),210,105,315,42,13
강원,일반승용,테슬라코리아,Model 3 RWD,168,84,252,34,10
강원,일반승용,테슬라코리아,Model 3 RWD(2025),168,84,252,34,10
강원,일반승용,테슬라코리아,Model Y L AWD,215,107,322,43,13
강원,일반승용,테슬라코리아,Model Y Long Range(2025),210,105,315,42,13
강원,일반승용,테슬라코리아,Model Y Premium Long Range,210,105,315,42,13
강원,일반승용,테슬라코리아,Model Y Premium RWD,170,85,255,34,10
강원,일반승용,테슬라코리아,Model Y RWD(2025),170,85,255,34,10
강원,일반승용,폭스바겐그룹코리아,ID.4 Pro,432,216,648,86,26
강원,일반승용,폭스바겐그룹코리아,Q4 45 e-tron,206,103,309,41,12
강원,일반승용,폭스바겐그룹코리아,Q4 Sportback 45 e-tron,206,103,309,41,12
강원,일반승용,폭스바겐그룹코리아,(단종)Q6 e-tron performance,220,110,330,44,13
강원,일반승용,폭스바겐그룹코리아,iD.5 Pro,473,236,709,95,29
강원,일반승용,폴스타오토모티브코리아,Polestar 4 Coupe Dual Motor,168,84,252,34,10
강원,일반승용,폴스타오토모티브코리아,Polestar 4 Coupe Rear Motor,181,90,271,36,11
강원,일반승용,현대자동차,ELECTRIFIED G80,270,135,405,54,16
강원,일반승용,현대자동차,ELECTRIFIED GV70 AWD 19인치,261,130,391,52,16
강원,일반승용,현대자동차,ELECTRIFIED GV70 AWD 20인치,245,122,367,49,15
강원,일반승용,현대자동차,GV60 스탠다드 2WD 19인치,285,142,427,57,17
강원,일반승용,현대자동차,GV60 스탠다드 AWD 19인치,272,136,408,54,16
강원,일반승용,현대자동차,GV60 스탠다드 AWD 20인치,261,130,391,52,16
강원,일반승용,현대자동차,더 뉴 아이오닉5 2WD 롱레인지 19인치,564,282,846,100,30
강원,일반승용,현대자동차,더 뉴 아이오닉5 2WD 롱레인지 19인치 빌트인 캠 미적용,567,283,850,100,30
강원,일반승용,현대자동차,더 뉴 아이오닉5 2WD 롱레인지 20인치,559,279,838,100,30
강원,일반승용,현대자동차,더 뉴 아이오닉5 2WD 롱레인지 N라인 20인치,541,270,811,100,30
강원,일반승용,현대자동차,더 뉴 아이오닉5 2WD 스탠다드 19인치,483,241,724,97,29
강원,일반승용,현대자동차,더 뉴 아이오닉5 AWD 롱레인지 19인치,558,279,837,100,30
강원,일반승용,현대자동차,더 뉴 아이오닉5 AWD 롱레인지 20인치,532,266,798,100,30
강원,일반승용,현대자동차,더 뉴 아이오닉5 AWD 롱레인지 N라인 20인치,510,255,765,100,30
강원,일반승용,현대자동차,더 뉴 아이오닉6 2WD 롱레인지 18인치,570,285,855,100,30
강원,일반승용,현대자동차,더 뉴 아이오닉6 2WD 롱레인지 20인치,570,285,855,100,30
강원,일반승용,현대자동차,더 뉴 아이오닉6 2WD 롱레인지 N라인 20인치,570,285,855,100,30
강원,일반승용,현대자동차,더 뉴 아이오닉6 2WD 스탠다드 18인치,560,280,840,100,30
강원,일반승용,현대자동차,더 뉴 아이오닉6 AWD 롱레인지 18인치,570,285,855,100,30
강원,일반승용,현대자동차,더 뉴 아이오닉6 AWD 롱레인지 20인치,553,276,829,100,30
강원,일반승용,현대자동차,더 뉴 아이오닉6 AWD 롱레인지 N라인 20인치,537,268,805,100,30
강원,일반승용,현대자동차,스타리아 라운지 일렉트릭 7인승,229,114,343,46,14
강원,일반승용,현대자동차,스타리아 리무진 일렉트릭 6인승,229,114,343,46,14
강원,일반승용,현대자동차,아이오닉6 N,250,125,375,50,15
강원,일반승용,현대자동차,아이오닉9 성능형 AWD,272,136,408,54,16
강원,일반승용,현대자동차,아이오닉9 항속형 2WD,274,137,411,55,17
강원,일반승용,현대자동차,아이오닉9 항속형 AWD,271,135,406,54,16
강원,경·소형,현대자동차,캐스퍼 일렉트릭 기본형 15인치,490,245,735,98,29
강원,경·소형,현대자동차,캐스퍼 일렉트릭 크로스 17인치,487,243,730,97,29
강원,경·소형,현대자동차,캐스퍼 일렉트릭 항속형 15인치,490,245,735,98,29
강원,경·소형,현대자동차,캐스퍼 일렉트릭 항속형 17인치(라운지포함),490,245,735,98,29
강원,일반승용,현대자동차,코나 일렉트릭 2WD 롱레인지 17인치,514,257,771,100,30
강원,일반승용,현대자동차,코나 일렉트릭 2WD 롱레인지 17인치 빌트인 캠 미적용,514,257,771,100,30
강원,일반승용,현대자동차,코나 일렉트릭 2WD 롱레인지 19인치,459,229,688,92,28
강원,일반승용,현대자동차,코나 일렉트릭 2WD 스탠다드 17인치,437,218,655,87,26
강원,일반승용,BMW,MINI Aceman E,400,200,600,80,24
강원,일반승용,BMW,MINI Aceman SE,400,200,600,80,24
강원,일반승용,BMW,MINI Cooper SE,396,198,594,79,24
강원,일반승용,BMW,MINI Countryman E,217,108,325,43,13
강원,일반승용,BMW,MINI Countryman SE ALL4,203,101,304,41,12
강원,일반승용,BMW,MINI JCW Aceman E,197,98,295,39,12
강원,일반승용,BMW,MINI JCW E,191,95,286,38,11
강원,일반승용,BMW,i4 M60 LCI (71HD),233,116,349,47,14
강원,일반승용,BMW,i4 eDrive 40 LCI(21HD),244,122,366,49,15
강원,일반승용,BMW,i4 eDrive 40 LCI(61HD),256,128,384,51,15
강원,일반승용,BMW,i5 eDrive 40,262,131,393,52,16
강원,일반승용,BMW,iX1 eDrive20,212,106,318,42,13
강원,일반승용,BMW,iX1 eDrive20(11HM),235,117,352,47,14
강원,일반승용,BMW,iX1 xDrive30,192,96,288,38,11
강원,일반승용,BMW,iX2 eDrive20,214,107,321,43,13
강원,일반승용,BMW,iX2 eDrive20(71GN),239,119,358,48,14
강원,일반승용,BMW,iX3 50 xDrive,275,137,412,55,17
강원,일반승용,기아,EV3 GT,248,124,372,50,15
강원,일반승용,기아,EV3 롱레인지 2WD 17인치,555,277,832,100,30
강원,일반승용,기아,EV3 롱레인지 2WD 19인치,555,277,832,100,30
강원,일반승용,기아,EV3 롱레인지 4WD 19인치,539,269,808,100,30
강원,일반승용,기아,EV3 스탠다드 2WD,469,234,703,94,28
강원,일반승용,기아,EV4 GT,255,127,382,51,15
강원,일반승용,기아,EV4 롱레인지 2WD 17인치,555,277,832,100,30
강원,일반승용,기아,EV4 롱레인지 2WD 19인치,555,277,832,100,30
강원,일반승용,기아,EV4 롱레인지 4WD 19인치,554,277,831,100,30
강원,일반승용,기아,EV4 롱레인지 GTL 2WD 19인치,555,277,832,100,30
강원,일반승용,기아,EV4 스탠다드 2WD 17인치,512,256,768,100,30
강원,일반승용,기아,EV4 스탠다드 2WD 19인치,481,240,721,96,29
강원,일반승용,기아,EV5 GT,232,116,348,46,14
강원,일반승용,기아,EV5 롱레인지 2WD,552,276,828,100,30
강원,일반승용,기아,EV5 롱레인지 4WD 18인치,499,249,748,100,30
강원,일반승용,기아,EV5 롱레인지 4WD 19인치,493,246,739,99,30
강원,일반승용,기아,EV9 GT,245,122,367,49,15
강원,일반승용,기아,EV9 롱레인지 2WD 19인치,270,135,405,54,16
강원,일반승용,기아,EV9 롱레인지 2WD 20인치,268,134,402,54,16
강원,일반승용,기아,EV9 롱레인지 4WD 19인치,254,127,381,51,15
강원,일반승용,기아,EV9 롱레인지 4WD 21인치,260,130,390,52,16
강원,일반승용,기아,EV9 롱레인지 GTL 4WD 21인치,252,126,378,50,15
강원,일반승용,기아,EV9 스탠다드,237,118,355,47,14
강원,일반승용,기아,PV5 패신저 5인승 롱레인지,458,229,687,92,28
강원,일반승용,기아,Pv5 WAV(비용 미지원),648,324,972,100,30
강원,일반승용,기아,Pv5 WAV(비용 지원),448,224,672,90,27
강원,일반승용,기아,(단종)The all-new Kia Niro EV,489,244,733,98,29
강원,일반승용,기아,더뉴EV6 롱레인지 2WD 19인치,570,285,855,100,30
강원,일반승용,기아,더뉴EV6 롱레인지 2WD 20인치,559,279,838,100,30
강원,일반승용,기아,더뉴EV6 롱레인지 4WD 19인치,561,280,841,100,30
강원,일반승용,기아,더뉴EV6 롱레인지 4WD 20인치,532,266,798,100,30
강원,일반승용,기아,더뉴EV6 스탠다드,501,250,751,100,30
강원,경·소형,기아,레이 EV 2WD 14인치 1인승 밴,457,228,685,91,27
강원,경·소형,기아,레이 EV 2WD 14인치 2인승 밴,457,228,685,91,27
강원,경·소형,기아,레이 EV 2WD 14인치 4인승 승용,457,228,685,91,27
강원,일반승용,메르세데스벤츠코리아,EQA 250(Facelift),190,95,285,38,11
강원,일반승용,메르세데스벤츠코리아,EQB 300 4MATIC(Facelift),154,77,231,31,9
강원,일반승용,메르세데스벤츠코리아,EQB 300 4MATIC(Facelift)(CY25/2),162,81,243,32,10
강원,일반승용,볼보자동차코리아,볼보 EX30 Single Motor ER,247,123,370,49,15
강원,일반승용,볼보자동차코리아,볼보 EX30CC Twin Motor Perf,222,111,333,44,13
강원,일반승용,비와이디코리아,(단종)BYD ATTO 3,126,63,189,25,8
강원,일반승용,비와이디코리아,(단종)BYD DOLPHIN,109,54,163,22,7
강원,일반승용,비와이디코리아,(단종)BYD DOLPHIN Active,132,66,198,26,8
강원,일반승용,비와이디코리아,(단종)BYD SEAL,169,84,253,34,10
강원,일반승용,비와이디코리아,(단종)BYD SEAL Dynamic AWD,151,75,226,30,9
강원,일반승용,비와이디코리아,(단종)BYD SEALION 7,152,76,228,30,9
강원,일반승용,케이지모빌리티,토레스 EVX 18인치,354,177,531,71,21
강원,일반승용,케이지모빌리티,토레스 EVX 18인치(2026),361,180,541,72,22
강원,일반승용,케이지모빌리티,토레스 EVX 20인치,344,172,516,69,21
강원,일반승용,케이지모빌리티,토레스 EVX 20인치(2026),354,177,531,71,21
강원,일반승용,케이지모빌리티,(단종)토레스 EVX 2WD 18인치,327,163,490,65,20
강원,일반승용,케이지모빌리티,(단종)토레스 EVX 2WD 20인치,312,156,468,62,19
강원,일반승용,테슬라코리아,Model 3 Performance,200,100,300,40,12
강원,일반승용,테슬라코리아,Model 3 Premium Long Range RWD,420,105,525,84,25
강원,일반승용,테슬라코리아,Model 3 Premium Long Range RWD(5999만원),210,0,210,42,13
강원,일반승용,테슬라코리아,Model 3 RWD,168,84,252,34,10
강원,일반승용,테슬라코리아,Model 3 RWD(2025),168,84,252,34,10
강원,일반승용,테슬라코리아,Model Y L AWD,215,107,322,43,13
강원,일반승용,테슬라코리아,Model Y Long Range(2025),210,105,315,42,13
강원,일반승용,테슬라코리아,Model Y Premium Long Range,210,105,315,42,13
강원,일반승용,테슬라코리아,Model Y Premium RWD,170,85,255,34,10
강원,일반승용,테슬라코리아,Model Y RWD(2025),170,85,255,34,10
강원,일반승용,폭스바겐그룹코리아,ID.4 Pro,432,216,648,86,26
강원,일반승용,폭스바겐그룹코리아,Q4 45 e-tron,206,103,309,41,12
강원,일반승용,폭스바겐그룹코리아,Q4 Sportback 45 e-tron,206,103,309,41,12
강원,일반승용,폭스바겐그룹코리아,(단종)Q6 e-tron performance,220,110,330,44,13
강원,일반승용,폭스바겐그룹코리아,iD.5 Pro,473,236,709,95,29
강원,일반승용,폴스타오토모티브코리아,Polestar 4 Coupe Dual Motor,168,84,252,34,10
강원,일반승용,폴스타오토모티브코리아,Polestar 4 Coupe Rear Motor,181,90,271,36,11
강원,일반승용,현대자동차,ELECTRIFIED G80,270,135,405,54,16
강원,일반승용,현대자동차,ELECTRIFIED GV70 AWD 19인치,261,130,391,52,16
강원,일반승용,현대자동차,ELECTRIFIED GV70 AWD 20인치,245,122,367,49,15
강원,일반승용,현대자동차,GV60 스탠다드 2WD 19인치,285,142,427,57,17
강원,일반승용,현대자동차,GV60 스탠다드 AWD 19인치,272,136,408,54,16
강원,일반승용,현대자동차,GV60 스탠다드 AWD 20인치,261,130,391,52,16
강원,일반승용,현대자동차,더 뉴 아이오닉5 2WD 롱레인지 19인치,564,282,846,100,30
강원,일반승용,현대자동차,더 뉴 아이오닉5 2WD 롱레인지 19인치 빌트인 캠 미적용,567,283,850,100,30
강원,일반승용,현대자동차,더 뉴 아이오닉5 2WD 롱레인지 20인치,559,279,838,100,30
강원,일반승용,현대자동차,더 뉴 아이오닉5 2WD 롱레인지 N라인 20인치,541,270,811,100,30
강원,일반승용,현대자동차,더 뉴 아이오닉5 2WD 스탠다드 19인치,483,241,724,97,29
강원,일반승용,현대자동차,더 뉴 아이오닉5 AWD 롱레인지 19인치,558,279,837,100,30
강원,일반승용,현대자동차,더 뉴 아이오닉5 AWD 롱레인지 20인치,532,266,798,100,30
강원,일반승용,현대자동차,더 뉴 아이오닉5 AWD 롱레인지 N라인 20인치,510,255,765,100,30
강원,일반승용,현대자동차,더 뉴 아이오닉6 2WD 롱레인지 18인치,570,285,855,100,30
강원,일반승용,현대자동차,더 뉴 아이오닉6 2WD 롱레인지 20인치,570,285,855,100,30
강원,일반승용,현대자동차,더 뉴 아이오닉6 2WD 롱레인지 N라인 20인치,570,285,855,100,30
강원,일반승용,현대자동차,더 뉴 아이오닉6 2WD 스탠다드 18인치,560,280,840,100,30
강원,일반승용,현대자동차,더 뉴 아이오닉6 AWD 롱레인지 18인치,570,285,855,100,30
강원,일반승용,현대자동차,더 뉴 아이오닉6 AWD 롱레인지 20인치,553,276,829,100,30
강원,일반승용,현대자동차,더 뉴 아이오닉6 AWD 롱레인지 N라인 20인치,537,268,805,100,30
강원,일반승용,현대자동차,스타리아 라운지 일렉트릭 7인승,229,114,343,46,14
강원,일반승용,현대자동차,스타리아 리무진 일렉트릭 6인승,229,114,343,46,14
강원,일반승용,현대자동차,아이오닉6 N,250,125,375,50,15
강원,일반승용,현대자동차,아이오닉9 성능형 AWD,272,136,408,54,16
강원,일반승용,현대자동차,아이오닉9 항속형 2WD,274,137,411,55,17
강원,일반승용,현대자동차,아이오닉9 항속형 AWD,271,135,406,54,16
강원,경·소형,현대자동차,캐스퍼 일렉트릭 기본형 15인치,490,245,735,98,29
강원,경·소형,현대자동차,캐스퍼 일렉트릭 크로스 17인치,487,243,730,97,29
강원,경·소형,현대자동차,캐스퍼 일렉트릭 항속형 15인치,490,245,735,98,29
강원,경·소형,현대자동차,캐스퍼 일렉트릭 항속형 17인치(라운지포함),490,245,735,98,29
강원,일반승용,현대자동차,코나 일렉트릭 2WD 롱레인지 17인치,514,257,771,100,30
강원,일반승용,현대자동차,코나 일렉트릭 2WD 롱레인지 17인치 빌트인 캠 미적용,514,257,771,100,30
강원,일반승용,현대자동차,코나 일렉트릭 2WD 롱레인지 19인치,459,229,688,92,28
강원,일반승용,현대자동차,코나 일렉트릭 2WD 스탠다드 17인치,437,218,655,87,26
강원,일반승용,BMW,MINI Aceman E,400,200,600,80,24
강원,일반승용,BMW,MINI Aceman SE,400,200,600,80,24
강원,일반승용,BMW,MINI Cooper SE,396,198,594,79,24
강원,일반승용,BMW,MINI Countryman E,217,108,325,43,13
강원,일반승용,BMW,MINI Countryman SE ALL4,203,101,304,41,12
강원,일반승용,BMW,MINI JCW Aceman E,197,98,295,39,12
강원,일반승용,BMW,MINI JCW E,191,95,286,38,11
강원,일반승용,BMW,i4 M60 LCI (71HD),233,116,349,47,14
강원,일반승용,BMW,i4 eDrive 40 LCI(21HD),244,122,366,49,15
강원,일반승용,BMW,i4 eDrive 40 LCI(61HD),256,128,384,51,15
강원,일반승용,BMW,i5 eDrive 40,262,131,393,52,16
강원,일반승용,BMW,iX1 eDrive20,212,106,318,42,13
강원,일반승용,BMW,iX1 xDrive30,192,96,288,38,11
강원,일반승용,BMW,iX2 eDrive20,214,107,321,43,13
강원,일반승용,BMW,iX3 50 xDrive,275,0,275,55,17
강원,일반승용,기아,EV3 GT,248,124,372,50,15
강원,일반승용,기아,EV3 롱레인지 2WD 17인치,555,277,832,100,30
강원,일반승용,기아,EV3 롱레인지 2WD 19인치,555,277,832,100,30
강원,일반승용,기아,EV3 롱레인지 4WD 19인치,539,269,808,100,30
강원,일반승용,기아,EV3 스탠다드 2WD,469,234,703,94,28
강원,일반승용,기아,EV4 GT,255,127,382,51,15
강원,일반승용,기아,EV4 롱레인지 2WD 17인치,555,277,832,100,30
강원,일반승용,기아,EV4 롱레인지 2WD 19인치,555,277,832,100,30
강원,일반승용,기아,EV4 롱레인지 4WD 19인치,554,277,831,100,30
강원,일반승용,기아,EV4 롱레인지 GTL 2WD 19인치,555,277,832,100,30
강원,일반승용,기아,EV4 스탠다드 2WD 17인치,512,256,768,100,30
강원,일반승용,기아,EV4 스탠다드 2WD 19인치,481,240,721,96,29
강원,일반승용,기아,EV5 GT,232,116,348,46,14
강원,일반승용,기아,EV5 롱레인지 2WD,552,276,828,100,30
강원,일반승용,기아,EV5 롱레인지 4WD 18인치,499,249,748,100,30
강원,일반승용,기아,EV5 롱레인지 4WD 19인치,493,246,739,99,30
강원,일반승용,기아,EV9 GT,245,122,367,49,15
강원,일반승용,기아,EV9 롱레인지 2WD 19인치,270,135,405,54,16
강원,일반승용,기아,EV9 롱레인지 2WD 20인치,268,134,402,54,16
강원,일반승용,기아,EV9 롱레인지 4WD 19인치,254,127,381,51,15
강원,일반승용,기아,EV9 롱레인지 4WD 21인치,260,130,390,52,16
강원,일반승용,기아,EV9 롱레인지 GTL 4WD 21인치,252,126,378,50,15
강원,일반승용,기아,EV9 스탠다드,237,118,355,47,14
강원,일반승용,기아,PV5 패신저 5인승 롱레인지,458,229,687,92,28
강원,일반승용,기아,Pv5 WAV(비용 미지원),648,324,972,100,30
강원,일반승용,기아,Pv5 WAV(비용 지원),448,224,672,90,27
강원,일반승용,기아,(단종)The all-new Kia Niro EV,489,244,733,98,29
강원,일반승용,기아,더뉴EV6 롱레인지 2WD 19인치,570,285,855,100,30
강원,일반승용,기아,더뉴EV6 롱레인지 2WD 20인치,559,279,838,100,30
강원,일반승용,기아,더뉴EV6 롱레인지 4WD 19인치,561,280,841,100,30
강원,일반승용,기아,더뉴EV6 롱레인지 4WD 20인치,532,266,798,100,30
강원,일반승용,기아,더뉴EV6 스탠다드,501,250,751,100,30
강원,경·소형,기아,레이 EV 2WD 14인치 1인승 밴,457,228,685,91,27
강원,경·소형,기아,레이 EV 2WD 14인치 2인승 밴,457,228,685,91,27
강원,경·소형,기아,레이 EV 2WD 14인치 4인승 승용,457,228,685,91,27
강원,일반승용,메르세데스벤츠코리아,EQA 250(Facelift),190,95,285,38,11
강원,일반승용,메르세데스벤츠코리아,EQB 300 4MATIC(Facelift),154,77,231,31,9
강원,일반승용,메르세데스벤츠코리아,EQB 300 4MATIC(Facelift)(CY25/2),162,81,243,32,10
강원,일반승용,볼보자동차코리아,볼보 EX30 Single Motor ER,247,123,370,49,15
강원,일반승용,볼보자동차코리아,볼보 EX30CC Twin Motor Perf,222,111,333,44,13
강원,일반승용,비와이디코리아,(단종)BYD ATTO 3,126,63,189,25,8
강원,일반승용,비와이디코리아,(단종)BYD DOLPHIN,109,54,163,22,7
강원,일반승용,비와이디코리아,(단종)BYD DOLPHIN Active,132,66,198,26,8
강원,일반승용,비와이디코리아,(단종)BYD SEAL,169,84,253,34,10
강원,일반승용,비와이디코리아,(단종)BYD SEAL Dynamic AWD,151,75,226,30,9
강원,일반승용,비와이디코리아,(단종)BYD SEALION 7,152,76,228,30,9
강원,일반승용,케이지모빌리티,토레스 EVX 18인치,354,177,531,71,21
강원,일반승용,케이지모빌리티,토레스 EVX 18인치(2026),361,180,541,72,22
강원,일반승용,케이지모빌리티,토레스 EVX 20인치,344,172,516,69,21
강원,일반승용,케이지모빌리티,토레스 EVX 20인치(2026),354,177,531,71,21
강원,일반승용,케이지모빌리티,(단종)토레스 EVX 2WD 18인치,327,163,490,65,20
강원,일반승용,케이지모빌리티,(단종)토레스 EVX 2WD 20인치,312,156,468,62,19
강원,일반승용,테슬라코리아,Model 3 Performance,200,100,300,40,12
강원,일반승용,테슬라코리아,Model 3 Premium Long Range RWD,420,210,630,84,25
강원,일반승용,테슬라코리아,Model 3 Premium Long Range RWD(5999만원),210,105,315,42,13
강원,일반승용,테슬라코리아,Model 3 RWD,168,84,252,34,10
강원,일반승용,테슬라코리아,Model 3 RWD(2025),168,84,252,34,10
강원,일반승용,테슬라코리아,Model Y L AWD,215,107,322,43,13
강원,일반승용,테슬라코리아,Model Y Long Range(2025),210,105,315,42,13
강원,일반승용,테슬라코리아,Model Y Premium Long Range,210,105,315,42,13
강원,일반승용,테슬라코리아,Model Y Premium RWD,170,85,255,34,10
강원,일반승용,테슬라코리아,Model Y RWD(2025),170,85,255,34,10
강원,일반승용,폭스바겐그룹코리아,ID.4 Pro,432,216,648,86,26
강원,일반승용,폭스바겐그룹코리아,Q4 45 e-tron,206,103,309,41,12
강원,일반승용,폭스바겐그룹코리아,Q4 Sportback 45 e-tron,206,103,309,41,12
강원,일반승용,폭스바겐그룹코리아,(단종)Q6 e-tron performance,220,110,330,44,13
강원,일반승용,폭스바겐그룹코리아,iD.5 Pro,473,236,709,95,29
강원,일반승용,현대자동차,ELECTRIFIED G80,270,135,405,54,16
강원,일반승용,현대자동차,ELECTRIFIED GV70 AWD 19인치,261,130,391,52,16
강원,일반승용,현대자동차,ELECTRIFIED GV70 AWD 20인치,245,122,367,49,15
강원,일반승용,현대자동차,GV60 스탠다드 2WD 19인치,285,142,427,57,17
강원,일반승용,현대자동차,GV60 스탠다드 AWD 19인치,272,136,408,54,16
강원,일반승용,현대자동차,GV60 스탠다드 AWD 20인치,261,130,391,52,16
강원,일반승용,현대자동차,더 뉴 아이오닉5 2WD 롱레인지 19인치,564,282,846,100,30
강원,일반승용,현대자동차,더 뉴 아이오닉5 2WD 롱레인지 19인치 빌트인 캠 미적용,567,283,850,100,30
강원,일반승용,현대자동차,더 뉴 아이오닉5 2WD 롱레인지 20인치,559,279,838,100,30
강원,일반승용,현대자동차,더 뉴 아이오닉5 2WD 롱레인지 N라인 20인치,541,270,811,100,30
강원,일반승용,현대자동차,더 뉴 아이오닉5 2WD 스탠다드 19인치,483,241,724,97,29
강원,일반승용,현대자동차,더 뉴 아이오닉5 AWD 롱레인지 19인치,558,279,837,100,30
강원,일반승용,현대자동차,더 뉴 아이오닉5 AWD 롱레인지 20인치,532,266,798,100,30
강원,일반승용,현대자동차,더 뉴 아이오닉5 AWD 롱레인지 N라인 20인치,510,255,765,100,30
강원,일반승용,현대자동차,더 뉴 아이오닉6 2WD 롱레인지 18인치,570,285,855,100,30
강원,일반승용,현대자동차,더 뉴 아이오닉6 2WD 롱레인지 20인치,570,285,855,100,30
강원,일반승용,현대자동차,더 뉴 아이오닉6 2WD 롱레인지 N라인 20인치,570,285,855,100,30
강원,일반승용,현대자동차,더 뉴 아이오닉6 2WD 스탠다드 18인치,560,280,840,100,30
강원,일반승용,현대자동차,더 뉴 아이오닉6 AWD 롱레인지 18인치,570,285,855,100,30
강원,일반승용,현대자동차,더 뉴 아이오닉6 AWD 롱레인지 20인치,553,276,829,100,30
강원,일반승용,현대자동차,더 뉴 아이오닉6 AWD 롱레인지 N라인 20인치,537,268,805,100,30
강원,일반승용,현대자동차,스타리아 라운지 일렉트릭 7인승,229,114,343,46,14
강원,일반승용,현대자동차,스타리아 리무진 일렉트릭 6인승,229,114,343,46,14
강원,일반승용,현대자동차,아이오닉6 N,250,125,375,50,15
강원,일반승용,현대자동차,아이오닉9 성능형 AWD,272,136,408,54,16
강원,일반승용,현대자동차,아이오닉9 항속형 2WD,274,137,411,55,17
강원,일반승용,현대자동차,아이오닉9 항속형 AWD,271,135,406,54,16
강원,경·소형,현대자동차,캐스퍼 일렉트릭 기본형 15인치,490,245,735,98,29
강원,경·소형,현대자동차,캐스퍼 일렉트릭 크로스 17인치,487,243,730,97,29
강원,경·소형,현대자동차,캐스퍼 일렉트릭 항속형 15인치,490,245,735,98,29
강원,경·소형,현대자동차,캐스퍼 일렉트릭 항속형 17인치(라운지포함),490,245,735,98,29
강원,일반승용,현대자동차,코나 일렉트릭 2WD 롱레인지 17인치,514,257,771,100,30
강원,일반승용,현대자동차,코나 일렉트릭 2WD 롱레인지 17인치 빌트인 캠 미적용,514,257,771,100,30
강원,일반승용,현대자동차,코나 일렉트릭 2WD 롱레인지 19인치,459,229,688,92,28
강원,일반승용,현대자동차,코나 일렉트릭 2WD 스탠다드 17인치,437,218,655,87,26
강원,일반승용,BMW,MINI Aceman E,400,200,600,80,24
강원,일반승용,BMW,MINI Aceman SE,400,200,600,80,24
강원,일반승용,BMW,MINI Cooper SE,396,198,594,79,24
강원,일반승용,BMW,MINI Countryman E,217,108,325,43,13
강원,일반승용,BMW,MINI Countryman SE ALL4,203,101,304,41,12
강원,일반승용,BMW,MINI JCW Aceman E,197,98,295,39,12
강원,일반승용,BMW,MINI JCW E,191,95,286,38,11
강원,일반승용,BMW,i4 M60 LCI (71HD),233,116,349,47,14
강원,일반승용,BMW,i4 eDrive 40 LCI(21HD),244,122,366,49,15
강원,일반승용,BMW,i4 eDrive 40 LCI(61HD),256,128,384,51,15
강원,일반승용,BMW,i5 eDrive 40,262,131,393,52,16
강원,일반승용,BMW,iX1 eDrive20,212,106,318,42,13
강원,일반승용,BMW,iX1 eDrive20(11HM),235,117,352,47,14
강원,일반승용,BMW,iX1 xDrive30,192,96,288,38,11
강원,일반승용,BMW,iX2 eDrive20,214,107,321,43,13
강원,일반승용,BMW,iX2 eDrive20(71GN),239,119,358,48,14
강원,일반승용,BMW,iX3 50 xDrive,275,137,412,55,17
강원,일반승용,기아,EV3 GT,248,124,372,50,15
강원,일반승용,기아,EV3 롱레인지 2WD 17인치,555,277,832,100,30
강원,일반승용,기아,EV3 롱레인지 2WD 19인치,555,277,832,100,30
강원,일반승용,기아,EV3 롱레인지 4WD 19인치,539,269,808,100,30
강원,일반승용,기아,EV3 스탠다드 2WD,469,234,703,94,28
강원,일반승용,기아,EV4 GT,255,127,382,51,15
강원,일반승용,기아,EV4 롱레인지 2WD 17인치,555,277,832,100,30
강원,일반승용,기아,EV4 롱레인지 2WD 19인치,555,277,832,100,30
강원,일반승용,기아,EV4 롱레인지 4WD 19인치,554,277,831,100,30
강원,일반승용,기아,EV4 롱레인지 GTL 2WD 19인치,555,277,832,100,30
강원,일반승용,기아,EV4 스탠다드 2WD 17인치,512,256,768,100,30
강원,일반승용,기아,EV4 스탠다드 2WD 19인치,481,240,721,96,29
강원,일반승용,기아,EV5 GT,232,116,348,46,14
강원,일반승용,기아,EV5 롱레인지 2WD,552,276,828,100,30
강원,일반승용,기아,EV5 롱레인지 4WD 18인치,499,249,748,100,30
강원,일반승용,기아,EV5 롱레인지 4WD 19인치,493,246,739,99,30
강원,일반승용,기아,EV9 GT,245,122,367,49,15
강원,일반승용,기아,EV9 롱레인지 2WD 19인치,270,135,405,54,16
강원,일반승용,기아,EV9 롱레인지 2WD 20인치,268,134,402,54,16
강원,일반승용,기아,EV9 롱레인지 4WD 19인치,254,127,381,51,15
강원,일반승용,기아,EV9 롱레인지 4WD 21인치,260,130,390,52,16
강원,일반승용,기아,EV9 롱레인지 GTL 4WD 21인치,252,126,378,50,15
강원,일반승용,기아,EV9 스탠다드,237,118,355,47,14
강원,일반승용,기아,PV5 패신저 5인승 롱레인지,458,229,687,92,28
강원,일반승용,기아,Pv5 WAV(비용 미지원),648,324,972,100,30
강원,일반승용,기아,Pv5 WAV(비용 지원),448,224,672,90,27
강원,일반승용,기아,(단종)The all-new Kia Niro EV,489,244,733,98,29
강원,일반승용,기아,더뉴EV6 롱레인지 2WD 19인치,570,285,855,100,30
강원,일반승용,기아,더뉴EV6 롱레인지 2WD 20인치,559,279,838,100,30
강원,일반승용,기아,더뉴EV6 롱레인지 4WD 19인치,561,280,841,100,30
강원,일반승용,기아,더뉴EV6 롱레인지 4WD 20인치,532,266,798,100,30
강원,일반승용,기아,더뉴EV6 스탠다드,501,250,751,100,30
강원,경·소형,기아,레이 EV 2WD 14인치 1인승 밴,457,228,685,91,27
강원,경·소형,기아,레이 EV 2WD 14인치 2인승 밴,457,228,685,91,27
강원,경·소형,기아,레이 EV 2WD 14인치 4인승 승용,457,228,685,91,27
강원,일반승용,메르세데스벤츠코리아,EQA 250(Facelift),190,95,285,38,11
강원,일반승용,메르세데스벤츠코리아,EQB 300 4MATIC(Facelift),154,77,231,31,9
강원,일반승용,메르세데스벤츠코리아,EQB 300 4MATIC(Facelift)(CY25/2),162,81,243,32,10
강원,일반승용,볼보자동차코리아,볼보 EX30 Single Motor ER,247,123,370,49,15
강원,일반승용,볼보자동차코리아,볼보 EX30CC Twin Motor Perf,222,111,333,44,13
강원,일반승용,비와이디코리아,(단종)BYD ATTO 3,126,63,189,25,8
강원,일반승용,비와이디코리아,(단종)BYD DOLPHIN,109,54,163,22,7
강원,일반승용,비와이디코리아,(단종)BYD DOLPHIN Active,132,66,198,26,8
강원,일반승용,비와이디코리아,(단종)BYD SEAL,169,84,253,34,10
강원,일반승용,비와이디코리아,(단종)BYD SEAL Dynamic AWD,151,75,226,30,9
강원,일반승용,비와이디코리아,(단종)BYD SEALION 7,152,76,228,30,9
강원,일반승용,케이지모빌리티,토레스 EVX 18인치,354,177,531,71,21
강원,일반승용,케이지모빌리티,토레스 EVX 18인치(2026),361,180,541,72,22
강원,일반승용,케이지모빌리티,토레스 EVX 20인치,344,172,516,69,21
강원,일반승용,케이지모빌리티,토레스 EVX 20인치(2026),354,177,531,71,21
강원,일반승용,케이지모빌리티,(단종)토레스 EVX 2WD 18인치,327,163,490,65,20
강원,일반승용,케이지모빌리티,(단종)토레스 EVX 2WD 20인치,312,156,468,62,19
강원,일반승용,테슬라코리아,Model 3 Performance,200,100,300,40,12
강원,일반승용,테슬라코리아,Model 3 Premium Long Range RWD,420,210,630,84,25
강원,일반승용,테슬라코리아,Model 3 Premium Long Range RWD(5999만원),210,105,315,42,13
강원,일반승용,테슬라코리아,Model 3 RWD,168,84,252,34,10
강원,일반승용,테슬라코리아,Model 3 RWD(2025),168,84,252,34,10
강원,일반승용,테슬라코리아,Model Y L AWD,215,107,322,43,13
강원,일반승용,테슬라코리아,Model Y Long Range(2025),210,105,315,42,13
강원,일반승용,테슬라코리아,Model Y Premium Long Range,210,105,315,42,13
강원,일반승용,테슬라코리아,Model Y Premium RWD,170,85,255,34,10
강원,일반승용,테슬라코리아,Model Y RWD(2025),170,85,255,34,10
강원,일반승용,폭스바겐그룹코리아,ID.4 Pro,432,216,648,86,26
강원,일반승용,폭스바겐그룹코리아,Q4 45 e-tron,206,103,309,41,12
강원,일반승용,폭스바겐그룹코리아,Q4 Sportback 45 e-tron,206,103,309,41,12
강원,일반승용,폭스바겐그룹코리아,(단종)Q6 e-tron performance,220,110,330,44,13
강원,일반승용,폭스바겐그룹코리아,iD.5 Pro,473,236,709,95,29
강원,일반승용,폴스타오토모티브코리아,Polestar 4 Coupe Dual Motor,168,84,252,34,10
강원,일반승용,폴스타오토모티브코리아,Polestar 4 Coupe Rear Motor,181,90,271,36,11
강원,일반승용,현대자동차,ELECTRIFIED G80,270,135,405,54,16
강원,일반승용,현대자동차,ELECTRIFIED GV70 AWD 19인치,261,130,391,52,16
강원,일반승용,현대자동차,ELECTRIFIED GV70 AWD 20인치,245,122,367,49,15
강원,일반승용,현대자동차,GV60 스탠다드 2WD 19인치,285,142,427,57,17
강원,일반승용,현대자동차,GV60 스탠다드 AWD 19인치,272,136,408,54,16
강원,일반승용,현대자동차,GV60 스탠다드 AWD 20인치,261,130,391,52,16
강원,일반승용,현대자동차,더 뉴 아이오닉5 2WD 롱레인지 19인치,564,282,846,100,30
강원,일반승용,현대자동차,더 뉴 아이오닉5 2WD 롱레인지 19인치 빌트인 캠 미적용,567,283,850,100,30
강원,일반승용,현대자동차,더 뉴 아이오닉5 2WD 롱레인지 20인치,559,279,838,100,30
강원,일반승용,현대자동차,더 뉴 아이오닉5 2WD 롱레인지 N라인 20인치,541,270,811,100,30
강원,일반승용,현대자동차,더 뉴 아이오닉5 2WD 스탠다드 19인치,483,241,724,97,29
강원,일반승용,현대자동차,더 뉴 아이오닉5 AWD 롱레인지 19인치,558,279,837,100,30
강원,일반승용,현대자동차,더 뉴 아이오닉5 AWD 롱레인지 20인치,532,266,798,100,30
강원,일반승용,현대자동차,더 뉴 아이오닉5 AWD 롱레인지 N라인 20인치,510,255,765,100,30
강원,일반승용,현대자동차,더 뉴 아이오닉6 2WD 롱레인지 18인치,570,285,855,100,30
강원,일반승용,현대자동차,더 뉴 아이오닉6 2WD 롱레인지 20인치,570,285,855,100,30
강원,일반승용,현대자동차,더 뉴 아이오닉6 2WD 롱레인지 N라인 20인치,570,285,855,100,30
강원,일반승용,현대자동차,더 뉴 아이오닉6 2WD 스탠다드 18인치,560,280,840,100,30
강원,일반승용,현대자동차,더 뉴 아이오닉6 AWD 롱레인지 18인치,570,285,855,100,30
강원,일반승용,현대자동차,더 뉴 아이오닉6 AWD 롱레인지 20인치,553,276,829,100,30
강원,일반승용,현대자동차,더 뉴 아이오닉6 AWD 롱레인지 N라인 20인치,537,268,805,100,30
강원,일반승용,현대자동차,스타리아 라운지 일렉트릭 7인승,229,114,343,46,14
강원,일반승용,현대자동차,스타리아 리무진 일렉트릭 6인승,229,114,343,46,14
강원,일반승용,현대자동차,아이오닉6 N,250,125,375,50,15
강원,일반승용,현대자동차,아이오닉9 성능형 AWD,272,136,408,54,16
강원,일반승용,현대자동차,아이오닉9 항속형 2WD,274,137,411,55,17
강원,일반승용,현대자동차,아이오닉9 항속형 AWD,271,135,406,54,16
강원,경·소형,현대자동차,캐스퍼 일렉트릭 기본형 15인치,490,245,735,98,29
강원,경·소형,현대자동차,캐스퍼 일렉트릭 크로스 17인치,487,243,730,97,29
강원,경·소형,현대자동차,캐스퍼 일렉트릭 항속형 15인치,490,245,735,98,29
강원,경·소형,현대자동차,캐스퍼 일렉트릭 항속형 17인치(라운지포함),490,245,735,98,29
강원,일반승용,현대자동차,코나 일렉트릭 2WD 롱레인지 17인치,514,257,771,100,30
강원,일반승용,현대자동차,코나 일렉트릭 2WD 롱레인지 17인치 빌트인 캠 미적용,514,257,771,100,30
강원,일반승용,현대자동차,코나 일렉트릭 2WD 롱레인지 19인치,459,229,688,92,28
강원,일반승용,현대자동차,코나 일렉트릭 2WD 스탠다드 17인치,437,218,655,87,26
강원,일반승용,BMW,MINI Aceman E,400,200,600,80,24
강원,일반승용,BMW,MINI Aceman SE,400,200,600,80,24
강원,일반승용,BMW,MINI Cooper SE,396,198,594,79,24
강원,일반승용,BMW,MINI Countryman E,217,108,325,43,13
강원,일반승용,BMW,MINI Countryman SE ALL4,203,101,304,41,12
강원,일반승용,BMW,MINI JCW Aceman E,197,98,295,39,12
강원,일반승용,BMW,MINI JCW E,191,95,286,38,11
강원,일반승용,BMW,i4 M60 LCI (71HD),233,116,349,47,14
강원,일반승용,BMW,i4 eDrive 40 LCI(21HD),244,122,366,49,15
강원,일반승용,BMW,i4 eDrive 40 LCI(61HD),256,128,384,51,15
강원,일반승용,BMW,i5 eDrive 40,262,131,393,52,16
강원,일반승용,BMW,iX1 eDrive20,212,106,318,42,13
강원,일반승용,BMW,iX1 eDrive20(11HM),235,117,352,47,14
강원,일반승용,BMW,iX1 xDrive30,192,96,288,38,11
강원,일반승용,BMW,iX2 eDrive20,214,107,321,43,13
강원,일반승용,BMW,iX2 eDrive20(71GN),239,119,358,48,14
강원,일반승용,BMW,iX3 50 xDrive,275,137,412,55,17
강원,일반승용,기아,EV3 GT,248,124,372,50,15
강원,일반승용,기아,EV3 롱레인지 2WD 17인치,555,277,832,100,30
강원,일반승용,기아,EV3 롱레인지 2WD 19인치,555,277,832,100,30
강원,일반승용,기아,EV3 롱레인지 4WD 19인치,539,269,808,100,30
강원,일반승용,기아,EV3 스탠다드 2WD,469,234,703,94,28
강원,일반승용,기아,EV4 GT,255,127,382,51,15
강원,일반승용,기아,EV4 롱레인지 2WD 17인치,555,277,832,100,30
강원,일반승용,기아,EV4 롱레인지 2WD 19인치,555,277,832,100,30
강원,일반승용,기아,EV4 롱레인지 4WD 19인치,554,277,831,100,30
강원,일반승용,기아,EV4 롱레인지 GTL 2WD 19인치,555,277,832,100,30
강원,일반승용,기아,EV4 스탠다드 2WD 17인치,512,256,768,100,30
강원,일반승용,기아,EV4 스탠다드 2WD 19인치,481,240,721,96,29
강원,일반승용,기아,EV5 GT,232,116,348,46,14
강원,일반승용,기아,EV5 롱레인지 2WD,552,276,828,100,30
강원,일반승용,기아,EV5 롱레인지 4WD 18인치,499,249,748,100,30
강원,일반승용,기아,EV5 롱레인지 4WD 19인치,493,246,739,99,30
강원,일반승용,기아,EV9 GT,245,122,367,49,15
강원,일반승용,기아,EV9 롱레인지 2WD 19인치,270,135,405,54,16
강원,일반승용,기아,EV9 롱레인지 2WD 20인치,268,134,402,54,16
강원,일반승용,기아,EV9 롱레인지 4WD 19인치,254,127,381,51,15
강원,일반승용,기아,EV9 롱레인지 4WD 21인치,260,130,390,52,16
강원,일반승용,기아,EV9 롱레인지 GTL 4WD 21인치,252,126,378,50,15
강원,일반승용,기아,EV9 스탠다드,237,118,355,47,14
강원,일반승용,기아,PV5 패신저 5인승 롱레인지,458,229,687,92,28
강원,일반승용,기아,Pv5 WAV(비용 미지원),648,324,972,100,30
강원,일반승용,기아,Pv5 WAV(비용 지원),448,224,672,90,27
강원,일반승용,기아,(단종)The all-new Kia Niro EV,489,244,733,98,29
강원,일반승용,기아,더뉴EV6 롱레인지 2WD 19인치,570,285,855,100,30
강원,일반승용,기아,더뉴EV6 롱레인지 2WD 20인치,559,279,838,100,30
강원,일반승용,기아,더뉴EV6 롱레인지 4WD 19인치,561,280,841,100,30
강원,일반승용,기아,더뉴EV6 롱레인지 4WD 20인치,532,266,798,100,30
강원,일반승용,기아,더뉴EV6 스탠다드,501,250,751,100,30
강원,경·소형,기아,레이 EV 2WD 14인치 1인승 밴,457,228,685,91,27
강원,경·소형,기아,레이 EV 2WD 14인치 2인승 밴,457,228,685,91,27
강원,경·소형,기아,레이 EV 2WD 14인치 4인승 승용,457,228,685,91,27
강원,일반승용,메르세데스벤츠코리아,EQA 250(Facelift),190,95,285,38,11
강원,일반승용,메르세데스벤츠코리아,EQB 300 4MATIC(Facelift),154,77,231,31,9
강원,일반승용,메르세데스벤츠코리아,EQB 300 4MATIC(Facelift)(CY25/2),162,81,243,32,10
강원,일반승용,볼보자동차코리아,볼보 EX30 Single Motor ER,247,123,370,49,15
강원,일반승용,볼보자동차코리아,볼보 EX30CC Twin Motor Perf,222,111,333,44,13
강원,일반승용,비와이디코리아,(단종)BYD ATTO 3,126,63,189,25,8
강원,일반승용,비와이디코리아,(단종)BYD DOLPHIN,109,54,163,22,7
강원,일반승용,비와이디코리아,(단종)BYD DOLPHIN Active,132,66,198,26,8
강원,일반승용,비와이디코리아,(단종)BYD SEAL,169,84,253,34,10
강원,일반승용,비와이디코리아,(단종)BYD SEAL Dynamic AWD,151,75,226,30,9
강원,일반승용,비와이디코리아,(단종)BYD SEALION 7,152,76,228,30,9
강원,일반승용,케이지모빌리티,토레스 EVX 18인치,354,177,531,71,21
강원,일반승용,케이지모빌리티,토레스 EVX 18인치(2026),361,180,541,72,22
강원,일반승용,케이지모빌리티,토레스 EVX 20인치,344,172,516,69,21
강원,일반승용,케이지모빌리티,토레스 EVX 20인치(2026),354,177,531,71,21
강원,일반승용,케이지모빌리티,(단종)토레스 EVX 2WD 18인치,327,163,490,65,20
강원,일반승용,케이지모빌리티,(단종)토레스 EVX 2WD 20인치,312,156,468,62,19
강원,일반승용,테슬라코리아,Model 3 Performance,200,100,300,40,12
강원,일반승용,테슬라코리아,Model 3 Premium Long Range RWD,420,105,525,84,25
강원,일반승용,테슬라코리아,Model 3 Premium Long Range RWD(5999만원),210,105,315,42,13
강원,일반승용,테슬라코리아,Model 3 RWD,168,84,252,34,10
강원,일반승용,테슬라코리아,Model 3 RWD(2025),168,84,252,34,10
강원,일반승용,테슬라코리아,Model Y L AWD,215,107,322,43,13
강원,일반승용,테슬라코리아,Model Y Long Range(2025),210,105,315,42,13
강원,일반승용,테슬라코리아,Model Y Premium Long Range,210,105,315,42,13
강원,일반승용,테슬라코리아,Model Y Premium RWD,170,85,255,34,10
강원,일반승용,테슬라코리아,Model Y RWD(2025),170,85,255,34,10
강원,일반승용,폭스바겐그룹코리아,ID.4 Pro,432,216,648,86,26
강원,일반승용,폭스바겐그룹코리아,Q4 45 e-tron,206,103,309,41,12
강원,일반승용,폭스바겐그룹코리아,Q4 Sportback 45 e-tron,206,103,309,41,12
강원,일반승용,폭스바겐그룹코리아,(단종)Q6 e-tron performance,220,110,330,44,13
강원,일반승용,폭스바겐그룹코리아,iD.5 Pro,473,236,709,95,29
강원,일반승용,폴스타오토모티브코리아,Polestar 4 Coupe Dual Motor,168,84,252,34,10
강원,일반승용,폴스타오토모티브코리아,Polestar 4 Coupe Rear Motor,181,90,271,36,11
강원,일반승용,현대자동차,ELECTRIFIED G80,270,135,405,54,16
강원,일반승용,현대자동차,ELECTRIFIED GV70 AWD 19인치,261,130,391,52,16
강원,일반승용,현대자동차,ELECTRIFIED GV70 AWD 20인치,245,122,367,49,15
강원,일반승용,현대자동차,GV60 스탠다드 2WD 19인치,285,142,427,57,17
강원,일반승용,현대자동차,GV60 스탠다드 AWD 19인치,272,136,408,54,16
강원,일반승용,현대자동차,GV60 스탠다드 AWD 20인치,261,130,391,52,16
강원,일반승용,현대자동차,더 뉴 아이오닉5 2WD 롱레인지 19인치,564,282,846,100,30
강원,일반승용,현대자동차,더 뉴 아이오닉5 2WD 롱레인지 19인치 빌트인 캠 미적용,567,283,850,100,30
강원,일반승용,현대자동차,더 뉴 아이오닉5 2WD 롱레인지 20인치,559,279,838,100,30
강원,일반승용,현대자동차,더 뉴 아이오닉5 2WD 롱레인지 N라인 20인치,541,270,811,100,30
강원,일반승용,현대자동차,더 뉴 아이오닉5 2WD 스탠다드 19인치,483,241,724,97,29
강원,일반승용,현대자동차,더 뉴 아이오닉5 AWD 롱레인지 19인치,558,279,837,100,30
강원,일반승용,현대자동차,더 뉴 아이오닉5 AWD 롱레인지 20인치,532,266,798,100,30
강원,일반승용,현대자동차,더 뉴 아이오닉5 AWD 롱레인지 N라인 20인치,510,255,765,100,30
강원,일반승용,현대자동차,더 뉴 아이오닉6 2WD 롱레인지 18인치,570,285,855,100,30
강원,일반승용,현대자동차,더 뉴 아이오닉6 2WD 롱레인지 20인치,570,285,855,100,30
강원,일반승용,현대자동차,더 뉴 아이오닉6 2WD 롱레인지 N라인 20인치,570,285,855,100,30
강원,일반승용,현대자동차,더 뉴 아이오닉6 2WD 스탠다드 18인치,560,280,840,100,30
강원,일반승용,현대자동차,더 뉴 아이오닉6 AWD 롱레인지 18인치,570,285,855,100,30
강원,일반승용,현대자동차,더 뉴 아이오닉6 AWD 롱레인지 20인치,553,276,829,100,30
강원,일반승용,현대자동차,더 뉴 아이오닉6 AWD 롱레인지 N라인 20인치,537,268,805,100,30
강원,일반승용,현대자동차,스타리아 라운지 일렉트릭 7인승,229,114,343,46,14
강원,일반승용,현대자동차,스타리아 리무진 일렉트릭 6인승,229,114,343,46,14
강원,일반승용,현대자동차,아이오닉6 N,250,125,375,50,15
강원,일반승용,현대자동차,아이오닉9 성능형 AWD,272,136,408,54,16
강원,일반승용,현대자동차,아이오닉9 항속형 2WD,274,137,411,55,17
강원,일반승용,현대자동차,아이오닉9 항속형 AWD,271,135,406,54,16
강원,경·소형,현대자동차,캐스퍼 일렉트릭 기본형 15인치,490,245,735,98,29
강원,경·소형,현대자동차,캐스퍼 일렉트릭 크로스 17인치,487,243,730,97,29
강원,경·소형,현대자동차,캐스퍼 일렉트릭 항속형 15인치,490,245,735,98,29
강원,경·소형,현대자동차,캐스퍼 일렉트릭 항속형 17인치(라운지포함),490,245,735,98,29
강원,일반승용,현대자동차,코나 일렉트릭 2WD 롱레인지 17인치,514,257,771,100,30
강원,일반승용,현대자동차,코나 일렉트릭 2WD 롱레인지 17인치 빌트인 캠 미적용,514,257,771,100,30
강원,일반승용,현대자동차,코나 일렉트릭 2WD 롱레인지 19인치,459,229,688,92,28
강원,일반승용,현대자동차,코나 일렉트릭 2WD 스탠다드 17인치,437,218,655,87,26
강원,일반승용,BMW,MINI Aceman E,400,200,600,80,24
강원,일반승용,BMW,MINI Aceman SE,400,200,600,80,24
강원,일반승용,BMW,MINI Cooper SE,396,197,593,79,24
강원,일반승용,BMW,MINI Countryman E,217,108,325,43,13
강원,일반승용,BMW,MINI Countryman SE ALL4,203,101,304,41,12
강원,일반승용,BMW,MINI JCW Aceman E,197,98,295,39,12
강원,일반승용,BMW,MINI JCW E,191,95,286,38,11
강원,일반승용,BMW,i4 M60 LCI (71HD),233,116,349,47,14
강원,일반승용,BMW,i4 eDrive 40 LCI(21HD),244,122,366,49,15
강원,일반승용,BMW,i4 eDrive 40 LCI(61HD),256,128,384,51,15
강원,일반승용,BMW,i5 eDrive 40,262,131,393,52,16
강원,일반승용,BMW,iX1 eDrive20,212,106,318,42,13
강원,일반승용,BMW,iX1 eDrive20(11HM),235,117,352,47,14
강원,일반승용,BMW,iX1 xDrive30,192,96,288,38,11
강원,일반승용,BMW,iX2 eDrive20,214,107,321,43,13
강원,일반승용,BMW,iX2 eDrive20(71GN),239,119,358,48,14
강원,일반승용,BMW,iX3 50 xDrive,275,137,412,55,17
강원,일반승용,기아,EV3 GT,248,124,372,50,15
강원,일반승용,기아,EV3 롱레인지 2WD 17인치,555,277,832,100,30
강원,일반승용,기아,EV3 롱레인지 2WD 19인치,555,277,832,100,30
강원,일반승용,기아,EV3 롱레인지 4WD 19인치,539,269,808,100,30
강원,일반승용,기아,EV3 스탠다드 2WD,469,234,703,94,28
강원,일반승용,기아,EV4 GT,255,127,382,51,15
강원,일반승용,기아,EV4 롱레인지 2WD 17인치,555,277,832,100,30
강원,일반승용,기아,EV4 롱레인지 2WD 19인치,555,277,832,100,30
강원,일반승용,기아,EV4 롱레인지 4WD 19인치,554,277,831,100,30
강원,일반승용,기아,EV4 롱레인지 GTL 2WD 19인치,555,277,832,100,30
강원,일반승용,기아,EV4 스탠다드 2WD 17인치,512,256,768,100,30
강원,일반승용,기아,EV4 스탠다드 2WD 19인치,481,256,737,96,29
강원,일반승용,기아,EV5 GT,232,116,348,46,14
강원,일반승용,기아,EV5 롱레인지 2WD,552,276,828,100,30
강원,일반승용,기아,EV5 롱레인지 4WD 18인치,499,249,748,100,30
강원,일반승용,기아,EV5 롱레인지 4WD 19인치,493,246,739,99,30
강원,일반승용,기아,EV9 GT,245,122,367,49,15
강원,일반승용,기아,EV9 롱레인지 2WD 19인치,270,135,405,54,16
강원,일반승용,기아,EV9 롱레인지 2WD 20인치,268,134,402,54,16
강원,일반승용,기아,EV9 롱레인지 4WD 19인치,254,127,381,51,15
강원,일반승용,기아,EV9 롱레인지 4WD 21인치,260,130,390,52,16
강원,일반승용,기아,EV9 롱레인지 GTL 4WD 21인치,252,126,378,50,15
강원,일반승용,기아,EV9 스탠다드,237,118,355,47,14
강원,일반승용,기아,PV5 패신저 5인승 롱레인지,458,229,687,92,28
강원,일반승용,기아,Pv5 WAV(비용 미지원),648,324,972,100,30
강원,일반승용,기아,Pv5 WAV(비용 지원),448,224,672,90,27
강원,일반승용,기아,(단종)The all-new Kia Niro EV,489,0,489,98,29
강원,일반승용,기아,더뉴EV6 롱레인지 2WD 19인치,570,285,855,100,30
강원,일반승용,기아,더뉴EV6 롱레인지 2WD 20인치,559,279,838,100,30
강원,일반승용,기아,더뉴EV6 롱레인지 4WD 19인치,561,280,841,100,30
강원,일반승용,기아,더뉴EV6 롱레인지 4WD 20인치,532,266,798,100,30
강원,일반승용,기아,더뉴EV6 스탠다드,501,250,751,100,30
강원,경·소형,기아,레이 EV 2WD 14인치 1인승 밴,457,228,685,91,27
강원,경·소형,기아,레이 EV 2WD 14인치 2인승 밴,457,228,685,91,27
강원,경·소형,기아,레이 EV 2WD 14인치 4인승 승용,457,228,685,91,27
강원,일반승용,메르세데스벤츠코리아,EQA 250(Facelift),190,95,285,38,11
강원,일반승용,메르세데스벤츠코리아,EQB 300 4MATIC(Facelift),154,77,231,31,9
강원,일반승용,메르세데스벤츠코리아,EQB 300 4MATIC(Facelift)(CY25/2),162,81,243,32,10
강원,일반승용,볼보자동차코리아,볼보 EX30 Single Motor ER,247,123,370,49,15
강원,일반승용,볼보자동차코리아,볼보 EX30CC Twin Motor Perf,222,111,333,44,13
강원,일반승용,비와이디코리아,(단종)BYD ATTO 3,126,63,189,25,8
강원,일반승용,비와이디코리아,(단종)BYD DOLPHIN,109,54,163,22,7
강원,일반승용,비와이디코리아,(단종)BYD DOLPHIN Active,132,66,198,26,8
강원,일반승용,비와이디코리아,(단종)BYD SEAL,169,84,253,34,10
강원,일반승용,비와이디코리아,(단종)BYD SEAL Dynamic AWD,151,75,226,30,9
강원,일반승용,비와이디코리아,(단종)BYD SEALION 7,152,76,228,30,9
강원,일반승용,케이지모빌리티,토레스 EVX 18인치,354,177,531,71,21
강원,일반승용,케이지모빌리티,토레스 EVX 18인치(2026),361,180,541,72,22
강원,일반승용,케이지모빌리티,토레스 EVX 20인치,344,156,500,69,21
강원,일반승용,케이지모빌리티,토레스 EVX 20인치(2026),354,177,531,71,21
강원,일반승용,케이지모빌리티,(단종)토레스 EVX 2WD 18인치,327,0,327,65,20
강원,일반승용,케이지모빌리티,(단종)토레스 EVX 2WD 20인치,312,0,312,62,19
강원,일반승용,테슬라코리아,Model 3 Performance,200,100,300,40,12
강원,일반승용,테슬라코리아,Model 3 Premium Long Range RWD,420,210,630,84,25
강원,일반승용,테슬라코리아,Model 3 Premium Long Range RWD(5999만원),210,0,210,42,13
강원,일반승용,테슬라코리아,Model 3 RWD,168,84,252,34,10
강원,일반승용,테슬라코리아,Model 3 RWD(2025),168,84,252,34,10
강원,일반승용,테슬라코리아,Model Y L AWD,215,105,320,43,13
강원,일반승용,테슬라코리아,Model Y Long Range(2025),210,105,315,42,13
강원,일반승용,테슬라코리아,Model Y Premium Long Range,210,105,315,42,13
강원,일반승용,테슬라코리아,Model Y Premium RWD,170,85,255,34,10
강원,일반승용,테슬라코리아,Model Y RWD(2025),170,85,255,34,10
강원,일반승용,폭스바겐그룹코리아,ID.4 Pro,432,216,648,86,26
강원,일반승용,폭스바겐그룹코리아,Q4 45 e-tron,206,103,309,41,12
강원,일반승용,폭스바겐그룹코리아,Q4 Sportback 45 e-tron,206,103,309,41,12
강원,일반승용,폭스바겐그룹코리아,(단종)Q6 e-tron performance,220,110,330,44,13
강원,일반승용,폭스바겐그룹코리아,iD.5 Pro,473,236,709,95,29
강원,일반승용,폴스타오토모티브코리아,Polestar 4 Coupe Dual Motor,168,84,252,34,10
강원,일반승용,폴스타오토모티브코리아,Polestar 4 Coupe Rear Motor,181,90,271,36,11
강원,일반승용,현대자동차,ELECTRIFIED G80,270,135,405,54,16
강원,일반승용,현대자동차,ELECTRIFIED GV70 AWD 19인치,261,130,391,52,16
강원,일반승용,현대자동차,ELECTRIFIED GV70 AWD 20인치,245,122,367,49,15
강원,일반승용,현대자동차,GV60 스탠다드 2WD 19인치,285,142,427,57,17
강원,일반승용,현대자동차,GV60 스탠다드 AWD 19인치,272,136,408,54,16
강원,일반승용,현대자동차,GV60 스탠다드 AWD 20인치,261,130,391,52,16
강원,일반승용,현대자동차,더 뉴 아이오닉5 2WD 롱레인지 19인치,564,282,846,100,30
강원,일반승용,현대자동차,더 뉴 아이오닉5 2WD 롱레인지 19인치 빌트인 캠 미적용,567,283,850,100,30
강원,일반승용,현대자동차,더 뉴 아이오닉5 2WD 롱레인지 20인치,559,279,838,100,30
강원,일반승용,현대자동차,더 뉴 아이오닉5 2WD 롱레인지 N라인 20인치,541,270,811,100,30
강원,일반승용,현대자동차,더 뉴 아이오닉5 2WD 스탠다드 19인치,483,241,724,97,29
강원,일반승용,현대자동차,더 뉴 아이오닉5 AWD 롱레인지 19인치,558,279,837,100,30
강원,일반승용,현대자동차,더 뉴 아이오닉5 AWD 롱레인지 20인치,532,266,798,100,30
강원,일반승용,현대자동차,더 뉴 아이오닉5 AWD 롱레인지 N라인 20인치,510,255,765,100,30
강원,일반승용,현대자동차,더 뉴 아이오닉6 2WD 롱레인지 18인치,570,285,855,100,30
강원,일반승용,현대자동차,더 뉴 아이오닉6 2WD 롱레인지 20인치,570,285,855,100,30
강원,일반승용,현대자동차,더 뉴 아이오닉6 2WD 롱레인지 N라인 20인치,570,285,855,100,30
강원,일반승용,현대자동차,더 뉴 아이오닉6 2WD 스탠다드 18인치,560,280,840,100,30
강원,일반승용,현대자동차,더 뉴 아이오닉6 AWD 롱레인지 18인치,570,285,855,100,30
강원,일반승용,현대자동차,더 뉴 아이오닉6 AWD 롱레인지 20인치,553,276,829,100,30
강원,일반승용,현대자동차,더 뉴 아이오닉6 AWD 롱레인지 N라인 20인치,537,268,805,100,30
강원,일반승용,현대자동차,스타리아 라운지 일렉트릭 7인승,229,114,343,46,14
강원,일반승용,현대자동차,스타리아 리무진 일렉트릭 6인승,229,114,343,46,14
강원,일반승용,현대자동차,아이오닉6 N,250,125,375,50,15
강원,일반승용,현대자동차,아이오닉9 성능형 AWD,272,136,408,54,16
강원,일반승용,현대자동차,아이오닉9 항속형 2WD,274,137,411,55,17
강원,일반승용,현대자동차,아이오닉9 항속형 AWD,271,135,406,54,16
강원,경·소형,현대자동차,캐스퍼 일렉트릭 기본형 15인치,490,245,735,98,29
강원,경·소형,현대자동차,캐스퍼 일렉트릭 크로스 17인치,487,243,730,97,29
강원,경·소형,현대자동차,캐스퍼 일렉트릭 항속형 15인치,490,245,735,98,29
강원,경·소형,현대자동차,캐스퍼 일렉트릭 항속형 17인치(라운지포함),490,245,735,98,29
강원,일반승용,현대자동차,코나 일렉트릭 2WD 롱레인지 17인치,514,257,771,100,30
강원,일반승용,현대자동차,코나 일렉트릭 2WD 롱레인지 17인치 빌트인 캠 미적용,514,257,771,100,30
강원,일반승용,현대자동차,코나 일렉트릭 2WD 롱레인지 19인치,459,229,688,92,28
강원,일반승용,현대자동차,코나 일렉트릭 2WD 스탠다드 17인치,437,218,655,87,26
강원,일반승용,BMW,MINI Aceman E,400,200,600,80,24
강원,일반승용,BMW,MINI Aceman SE,400,200,600,80,24
강원,일반승용,BMW,MINI Cooper SE,396,198,594,79,24
강원,일반승용,BMW,MINI Countryman E,217,108,325,43,13
강원,일반승용,BMW,MINI Countryman SE ALL4,203,101,304,41,12
강원,일반승용,BMW,MINI JCW Aceman E,197,98,295,39,12
강원,일반승용,BMW,MINI JCW E,191,95,286,38,11
강원,일반승용,BMW,i4 M60 LCI (71HD),233,116,349,47,14
강원,일반승용,BMW,i4 eDrive 40 LCI(21HD),244,122,366,49,15
강원,일반승용,BMW,i4 eDrive 40 LCI(61HD),256,128,384,51,15
강원,일반승용,BMW,i5 eDrive 40,262,131,393,52,16
강원,일반승용,BMW,iX1 eDrive20,212,106,318,42,13
강원,일반승용,BMW,iX1 eDrive20(11HM),235,117,352,47,14
강원,일반승용,BMW,iX1 xDrive30,192,96,288,38,11
강원,일반승용,BMW,iX2 eDrive20,214,107,321,43,13
강원,일반승용,BMW,iX2 eDrive20(71GN),239,119,358,48,14
강원,일반승용,BMW,iX3 50 xDrive,275,137,412,55,17
강원,일반승용,기아,EV3 GT,248,124,372,50,15
강원,일반승용,기아,EV3 롱레인지 2WD 17인치,555,277,832,100,30
강원,일반승용,기아,EV3 롱레인지 2WD 19인치,555,277,832,100,30
강원,일반승용,기아,EV3 롱레인지 4WD 19인치,539,269,808,100,30
강원,일반승용,기아,EV3 스탠다드 2WD,469,234,703,94,28
강원,일반승용,기아,EV4 GT,255,127,382,51,15
강원,일반승용,기아,EV4 롱레인지 2WD 17인치,555,277,832,100,30
강원,일반승용,기아,EV4 롱레인지 2WD 19인치,555,277,832,100,30
강원,일반승용,기아,EV4 롱레인지 4WD 19인치,554,277,831,100,30
강원,일반승용,기아,EV4 롱레인지 GTL 2WD 19인치,555,277,832,100,30
강원,일반승용,기아,EV4 스탠다드 2WD 17인치,512,256,768,100,30
강원,일반승용,기아,EV4 스탠다드 2WD 19인치,481,240,721,96,29
강원,일반승용,기아,EV5 GT,232,116,348,46,14
강원,일반승용,기아,EV5 롱레인지 2WD,552,276,828,100,30
강원,일반승용,기아,EV5 롱레인지 4WD 18인치,499,249,748,100,30
강원,일반승용,기아,EV5 롱레인지 4WD 19인치,493,246,739,99,30
강원,일반승용,기아,EV9 GT,245,122,367,49,15
강원,일반승용,기아,EV9 롱레인지 2WD 19인치,270,135,405,54,16
강원,일반승용,기아,EV9 롱레인지 2WD 20인치,268,134,402,54,16
강원,일반승용,기아,EV9 롱레인지 4WD 19인치,254,127,381,51,15
강원,일반승용,기아,EV9 롱레인지 4WD 21인치,260,130,390,52,16
강원,일반승용,기아,EV9 롱레인지 GTL 4WD 21인치,252,126,378,50,15
강원,일반승용,기아,EV9 스탠다드,237,118,355,47,14
강원,일반승용,기아,PV5 패신저 5인승 롱레인지,458,229,687,92,28
강원,일반승용,기아,Pv5 WAV(비용 미지원),648,324,972,100,30
강원,일반승용,기아,Pv5 WAV(비용 지원),448,224,672,90,27
강원,일반승용,기아,(단종)The all-new Kia Niro EV,489,244,733,98,29
강원,일반승용,기아,더뉴EV6 롱레인지 2WD 19인치,570,285,855,100,30
강원,일반승용,기아,더뉴EV6 롱레인지 2WD 20인치,559,279,838,100,30
강원,일반승용,기아,더뉴EV6 롱레인지 4WD 19인치,561,280,841,100,30
강원,일반승용,기아,더뉴EV6 롱레인지 4WD 20인치,532,266,798,100,30
강원,일반승용,기아,더뉴EV6 스탠다드,501,250,751,100,30
강원,경·소형,기아,레이 EV 2WD 14인치 1인승 밴,457,228,685,91,27
강원,경·소형,기아,레이 EV 2WD 14인치 2인승 밴,457,228,685,91,27
강원,경·소형,기아,레이 EV 2WD 14인치 4인승 승용,457,228,685,91,27
강원,일반승용,메르세데스벤츠코리아,EQA 250(Facelift),190,95,285,38,11
강원,일반승용,메르세데스벤츠코리아,EQB 300 4MATIC(Facelift),154,77,231,31,9
강원,일반승용,메르세데스벤츠코리아,EQB 300 4MATIC(Facelift)(CY25/2),162,81,243,32,10
강원,일반승용,볼보자동차코리아,볼보 EX30 Single Motor ER,247,123,370,49,15
강원,일반승용,볼보자동차코리아,볼보 EX30CC Twin Motor Perf,222,111,333,44,13
강원,일반승용,비와이디코리아,(단종)BYD ATTO 3,126,63,189,25,8
강원,일반승용,비와이디코리아,(단종)BYD DOLPHIN,109,54,163,22,7
강원,일반승용,비와이디코리아,(단종)BYD DOLPHIN Active,132,66,198,26,8
강원,일반승용,비와이디코리아,(단종)BYD SEAL,169,84,253,34,10
강원,일반승용,비와이디코리아,(단종)BYD SEAL Dynamic AWD,151,75,226,30,9
강원,일반승용,비와이디코리아,(단종)BYD SEALION 7,152,76,228,30,9
강원,일반승용,케이지모빌리티,토레스 EVX 18인치,354,177,531,71,21
강원,일반승용,케이지모빌리티,토레스 EVX 18인치(2026),361,180,541,72,22
강원,일반승용,케이지모빌리티,토레스 EVX 20인치,344,172,516,69,21
강원,일반승용,케이지모빌리티,토레스 EVX 20인치(2026),354,177,531,71,21
강원,일반승용,케이지모빌리티,(단종)토레스 EVX 2WD 18인치,327,163,490,65,20
강원,일반승용,케이지모빌리티,(단종)토레스 EVX 2WD 20인치,312,156,468,62,19
강원,일반승용,테슬라코리아,Model 3 Performance,200,100,300,40,12
강원,일반승용,테슬라코리아,Model 3 Premium Long Range RWD,420,210,630,84,25
강원,일반승용,테슬라코리아,Model 3 Premium Long Range RWD(5999만원),210,105,315,42,13
강원,일반승용,테슬라코리아,Model 3 RWD,168,84,252,34,10
강원,일반승용,테슬라코리아,Model 3 RWD(2025),168,84,252,34,10
강원,일반승용,테슬라코리아,Model Y L AWD,215,105,320,43,13
강원,일반승용,테슬라코리아,Model Y Long Range(2025),210,105,315,42,13
강원,일반승용,테슬라코리아,Model Y Premium Long Range,210,105,315,42,13
강원,일반승용,테슬라코리아,Model Y Premium RWD,170,85,255,34,10
강원,일반승용,테슬라코리아,Model Y RWD(2025),170,85,255,34,10
강원,일반승용,폭스바겐그룹코리아,ID.4 Pro,432,216,648,86,26
강원,일반승용,폭스바겐그룹코리아,Q4 45 e-tron,206,103,309,41,12
강원,일반승용,폭스바겐그룹코리아,Q4 Sportback 45 e-tron,206,103,309,41,12
강원,일반승용,폭스바겐그룹코리아,(단종)Q6 e-tron performance,220,110,330,44,13
강원,일반승용,폭스바겐그룹코리아,iD.5 Pro,473,236,709,95,29
강원,일반승용,폴스타오토모티브코리아,Polestar 4 Coupe Dual Motor,168,84,252,34,10
강원,일반승용,폴스타오토모티브코리아,Polestar 4 Coupe Rear Motor,181,90,271,36,11
강원,일반승용,현대자동차,ELECTRIFIED G80,270,135,405,54,16
강원,일반승용,현대자동차,ELECTRIFIED GV70 AWD 19인치,261,130,391,52,16
강원,일반승용,현대자동차,ELECTRIFIED GV70 AWD 20인치,245,122,367,49,15
강원,일반승용,현대자동차,GV60 스탠다드 2WD 19인치,285,142,427,57,17
강원,일반승용,현대자동차,GV60 스탠다드 AWD 19인치,272,136,408,54,16
강원,일반승용,현대자동차,GV60 스탠다드 AWD 20인치,261,130,391,52,16
강원,일반승용,현대자동차,더 뉴 아이오닉5 2WD 롱레인지 19인치,564,282,846,100,30
강원,일반승용,현대자동차,더 뉴 아이오닉5 2WD 롱레인지 19인치 빌트인 캠 미적용,567,283,850,100,30
강원,일반승용,현대자동차,더 뉴 아이오닉5 2WD 롱레인지 20인치,559,279,838,100,30
강원,일반승용,현대자동차,더 뉴 아이오닉5 2WD 롱레인지 N라인 20인치,541,270,811,100,30
강원,일반승용,현대자동차,더 뉴 아이오닉5 2WD 스탠다드 19인치,483,241,724,97,29
강원,일반승용,현대자동차,더 뉴 아이오닉5 AWD 롱레인지 19인치,558,279,837,100,30
강원,일반승용,현대자동차,더 뉴 아이오닉5 AWD 롱레인지 20인치,532,266,798,100,30
강원,일반승용,현대자동차,더 뉴 아이오닉5 AWD 롱레인지 N라인 20인치,510,255,765,100,30
강원,일반승용,현대자동차,더 뉴 아이오닉6 2WD 롱레인지 18인치,570,285,855,100,30
강원,일반승용,현대자동차,더 뉴 아이오닉6 2WD 롱레인지 20인치,570,285,855,100,30
강원,일반승용,현대자동차,더 뉴 아이오닉6 2WD 롱레인지 N라인 20인치,570,285,855,100,30
강원,일반승용,현대자동차,더 뉴 아이오닉6 2WD 스탠다드 18인치,560,280,840,100,30
강원,일반승용,현대자동차,더 뉴 아이오닉6 AWD 롱레인지 18인치,570,285,855,100,30
강원,일반승용,현대자동차,더 뉴 아이오닉6 AWD 롱레인지 20인치,553,276,829,100,30
강원,일반승용,현대자동차,더 뉴 아이오닉6 AWD 롱레인지 N라인 20인치,537,268,805,100,30
강원,일반승용,현대자동차,스타리아 라운지 일렉트릭 7인승,229,114,343,46,14
강원,일반승용,현대자동차,스타리아 리무진 일렉트릭 6인승,229,114,343,46,14
강원,일반승용,현대자동차,아이오닉6 N,250,125,375,50,15
강원,일반승용,현대자동차,아이오닉9 성능형 AWD,272,136,408,54,16
강원,일반승용,현대자동차,아이오닉9 항속형 2WD,274,137,411,55,17
강원,일반승용,현대자동차,아이오닉9 항속형 AWD,271,135,406,54,16
강원,경·소형,현대자동차,캐스퍼 일렉트릭 기본형 15인치,490,245,735,98,29
강원,경·소형,현대자동차,캐스퍼 일렉트릭 크로스 17인치,487,243,730,97,29
강원,경·소형,현대자동차,캐스퍼 일렉트릭 항속형 15인치,490,245,735,98,29
강원,경·소형,현대자동차,캐스퍼 일렉트릭 항속형 17인치(라운지포함),490,245,735,98,29
강원,일반승용,현대자동차,코나 일렉트릭 2WD 롱레인지 17인치,514,257,771,100,30
강원,일반승용,현대자동차,코나 일렉트릭 2WD 롱레인지 17인치 빌트인 캠 미적용,514,257,771,100,30
강원,일반승용,현대자동차,코나 일렉트릭 2WD 롱레인지 19인치,459,229,688,92,28
강원,일반승용,현대자동차,코나 일렉트릭 2WD 스탠다드 17인치,437,218,655,87,26
강원,일반승용,BMW,MINI Aceman E,400,200,600,80,24
강원,일반승용,BMW,MINI Aceman SE,400,200,600,80,24
강원,일반승용,BMW,MINI Cooper SE,396,198,594,79,24
강원,일반승용,BMW,MINI Countryman E,217,108,325,43,13
강원,일반승용,BMW,MINI Countryman SE ALL4,203,101,304,41,12
강원,일반승용,BMW,MINI JCW Aceman E,197,98,295,39,12
강원,일반승용,BMW,MINI JCW E,191,95,286,38,11
강원,일반승용,BMW,i4 M60 LCI (71HD),233,116,349,47,14
강원,일반승용,BMW,i4 eDrive 40 LCI(21HD),244,122,366,49,15
강원,일반승용,BMW,i4 eDrive 40 LCI(61HD),256,128,384,51,15
강원,일반승용,BMW,i5 eDrive 40,262,131,393,52,16
강원,일반승용,BMW,iX1 eDrive20,212,106,318,42,13
강원,일반승용,BMW,iX1 xDrive30,192,96,288,38,11
강원,일반승용,BMW,iX2 eDrive20,214,107,321,43,13
강원,일반승용,BMW,iX3 50 xDrive,275,137,412,55,17
강원,일반승용,기아,EV3 GT,248,124,372,50,15
강원,일반승용,기아,EV3 롱레인지 2WD 17인치,555,277,832,100,30
강원,일반승용,기아,EV3 롱레인지 2WD 19인치,555,277,832,100,30
강원,일반승용,기아,EV3 롱레인지 4WD 19인치,539,269,808,100,30
강원,일반승용,기아,EV3 스탠다드 2WD,469,234,703,94,28
강원,일반승용,기아,EV4 GT,255,127,382,51,15
강원,일반승용,기아,EV4 롱레인지 2WD 17인치,555,277,832,100,30
강원,일반승용,기아,EV4 롱레인지 2WD 19인치,555,277,832,100,30
강원,일반승용,기아,EV4 롱레인지 4WD 19인치,554,277,831,100,30
강원,일반승용,기아,EV4 롱레인지 GTL 2WD 19인치,555,277,832,100,30
강원,일반승용,기아,EV4 스탠다드 2WD 17인치,512,256,768,100,30
강원,일반승용,기아,EV4 스탠다드 2WD 19인치,481,240,721,96,29
강원,일반승용,기아,EV5 GT,232,116,348,46,14
강원,일반승용,기아,EV5 롱레인지 2WD,552,276,828,100,30
강원,일반승용,기아,EV5 롱레인지 4WD 18인치,499,249,748,100,30
강원,일반승용,기아,EV5 롱레인지 4WD 19인치,493,246,739,99,30
강원,일반승용,기아,EV9 GT,245,122,367,49,15
강원,일반승용,기아,EV9 롱레인지 2WD 19인치,270,135,405,54,16
강원,일반승용,기아,EV9 롱레인지 2WD 20인치,268,134,402,54,16
강원,일반승용,기아,EV9 롱레인지 4WD 19인치,254,127,381,51,15
강원,일반승용,기아,EV9 롱레인지 4WD 21인치,260,130,390,52,16
강원,일반승용,기아,EV9 롱레인지 GTL 4WD 21인치,252,126,378,50,15
강원,일반승용,기아,EV9 스탠다드,237,118,355,47,14
강원,일반승용,기아,PV5 패신저 5인승 롱레인지,458,229,687,92,28
강원,일반승용,기아,Pv5 WAV(비용 미지원),648,324,972,100,30
강원,일반승용,기아,Pv5 WAV(비용 지원),448,224,672,90,27
강원,일반승용,기아,(단종)The all-new Kia Niro EV,489,244,733,98,29
강원,일반승용,기아,더뉴EV6 롱레인지 2WD 19인치,570,285,855,100,30
강원,일반승용,기아,더뉴EV6 롱레인지 2WD 20인치,559,279,838,100,30
강원,일반승용,기아,더뉴EV6 롱레인지 4WD 19인치,561,280,841,100,30
강원,일반승용,기아,더뉴EV6 롱레인지 4WD 20인치,532,266,798,100,30
강원,일반승용,기아,더뉴EV6 스탠다드,501,250,751,100,30
강원,경·소형,기아,레이 EV 2WD 14인치 1인승 밴,457,228,685,91,27
강원,경·소형,기아,레이 EV 2WD 14인치 2인승 밴,457,228,685,91,27
강원,경·소형,기아,레이 EV 2WD 14인치 4인승 승용,457,228,685,91,27
강원,일반승용,메르세데스벤츠코리아,EQA 250(Facelift),190,95,285,38,11
강원,일반승용,메르세데스벤츠코리아,EQB 300 4MATIC(Facelift),154,77,231,31,9
강원,일반승용,메르세데스벤츠코리아,EQB 300 4MATIC(Facelift)(CY25/2),162,81,243,32,10
강원,일반승용,볼보자동차코리아,볼보 EX30 Single Motor ER,247,123,370,49,15
강원,일반승용,볼보자동차코리아,볼보 EX30CC Twin Motor Perf,222,111,333,44,13
강원,일반승용,비와이디코리아,(단종)BYD ATTO 3,126,63,189,25,8
강원,일반승용,비와이디코리아,(단종)BYD DOLPHIN,109,54,163,22,7
강원,일반승용,비와이디코리아,(단종)BYD DOLPHIN Active,132,66,198,26,8
강원,일반승용,비와이디코리아,(단종)BYD SEAL,169,84,253,34,10
강원,일반승용,비와이디코리아,(단종)BYD SEAL Dynamic AWD,151,75,226,30,9
강원,일반승용,비와이디코리아,(단종)BYD SEALION 7,152,76,228,30,9
강원,일반승용,케이지모빌리티,토레스 EVX 18인치,354,177,531,71,21
강원,일반승용,케이지모빌리티,토레스 EVX 18인치(2026),361,180,541,72,22
강원,일반승용,케이지모빌리티,토레스 EVX 20인치,344,172,516,69,21
강원,일반승용,케이지모빌리티,토레스 EVX 20인치(2026),354,177,531,71,21
강원,일반승용,케이지모빌리티,(단종)토레스 EVX 2WD 18인치,327,163,490,65,20
강원,일반승용,케이지모빌리티,(단종)토레스 EVX 2WD 20인치,312,156,468,62,19
강원,일반승용,테슬라코리아,Model 3 Performance,200,100,300,40,12
강원,일반승용,테슬라코리아,Model 3 Premium Long Range RWD,420,210,630,84,25
강원,일반승용,테슬라코리아,Model 3 RWD,168,84,252,34,10
강원,일반승용,테슬라코리아,Model 3 RWD(2025),168,84,252,34,10
강원,일반승용,테슬라코리아,Model Y L AWD,215,105,320,43,13
강원,일반승용,테슬라코리아,Model Y Long Range(2025),210,105,315,42,13
강원,일반승용,테슬라코리아,Model Y Premium Long Range,210,105,315,42,13
강원,일반승용,테슬라코리아,Model Y Premium RWD,170,85,255,34,10
강원,일반승용,테슬라코리아,Model Y RWD(2025),170,85,255,34,10
강원,일반승용,폭스바겐그룹코리아,ID.4 Pro,432,216,648,86,26
강원,일반승용,폭스바겐그룹코리아,Q4 45 e-tron,206,103,309,41,12
강원,일반승용,폭스바겐그룹코리아,Q4 Sportback 45 e-tron,206,103,309,41,12
강원,일반승용,폭스바겐그룹코리아,(단종)Q6 e-tron performance,220,110,330,44,13
강원,일반승용,폭스바겐그룹코리아,iD.5 Pro,473,236,709,95,29
강원,일반승용,현대자동차,ELECTRIFIED G80,270,135,405,54,16
강원,일반승용,현대자동차,ELECTRIFIED GV70 AWD 19인치,261,130,391,52,16
강원,일반승용,현대자동차,ELECTRIFIED GV70 AWD 20인치,245,122,367,49,15
강원,일반승용,현대자동차,GV60 스탠다드 2WD 19인치,285,142,427,57,17
강원,일반승용,현대자동차,GV60 스탠다드 AWD 19인치,272,136,408,54,16
강원,일반승용,현대자동차,GV60 스탠다드 AWD 20인치,261,130,391,52,16
강원,일반승용,현대자동차,더 뉴 아이오닉5 2WD 롱레인지 19인치,564,282,846,100,30
강원,일반승용,현대자동차,더 뉴 아이오닉5 2WD 롱레인지 19인치 빌트인 캠 미적용,567,283,850,100,30
강원,일반승용,현대자동차,더 뉴 아이오닉5 2WD 롱레인지 20인치,559,279,838,100,30
강원,일반승용,현대자동차,더 뉴 아이오닉5 2WD 롱레인지 N라인 20인치,541,270,811,100,30
강원,일반승용,현대자동차,더 뉴 아이오닉5 2WD 스탠다드 19인치,483,241,724,97,29
강원,일반승용,현대자동차,더 뉴 아이오닉5 AWD 롱레인지 19인치,558,279,837,100,30
강원,일반승용,현대자동차,더 뉴 아이오닉5 AWD 롱레인지 20인치,532,266,798,100,30
강원,일반승용,현대자동차,더 뉴 아이오닉5 AWD 롱레인지 N라인 20인치,510,255,765,100,30
강원,일반승용,현대자동차,더 뉴 아이오닉6 2WD 롱레인지 18인치,570,285,855,100,30
강원,일반승용,현대자동차,더 뉴 아이오닉6 2WD 롱레인지 20인치,570,285,855,100,30
강원,일반승용,현대자동차,더 뉴 아이오닉6 2WD 롱레인지 N라인 20인치,570,285,855,100,30
강원,일반승용,현대자동차,더 뉴 아이오닉6 2WD 스탠다드 18인치,560,280,840,100,30
강원,일반승용,현대자동차,더 뉴 아이오닉6 AWD 롱레인지 18인치,570,285,855,100,30
강원,일반승용,현대자동차,더 뉴 아이오닉6 AWD 롱레인지 20인치,553,276,829,100,30
강원,일반승용,현대자동차,더 뉴 아이오닉6 AWD 롱레인지 N라인 20인치,537,268,805,100,30
강원,일반승용,현대자동차,스타리아 라운지 일렉트릭 7인승,229,137,366,46,14
강원,일반승용,현대자동차,스타리아 리무진 일렉트릭 6인승,229,114,343,46,14
강원,일반승용,현대자동차,아이오닉6 N,250,125,375,50,15
강원,일반승용,현대자동차,아이오닉9 성능형 AWD,272,136,408,54,16
강원,일반승용,현대자동차,아이오닉9 항속형 2WD,274,137,411,55,17
강원,일반승용,현대자동차,아이오닉9 항속형 AWD,271,135,406,54,16
강원,경·소형,현대자동차,캐스퍼 일렉트릭 기본형 15인치,490,245,735,98,29
강원,경·소형,현대자동차,캐스퍼 일렉트릭 크로스 17인치,487,243,730,97,29
강원,경·소형,현대자동차,캐스퍼 일렉트릭 항속형 15인치,490,245,735,98,29
강원,경·소형,현대자동차,캐스퍼 일렉트릭 항속형 17인치(라운지포함),490,245,735,98,29
강원,일반승용,현대자동차,코나 일렉트릭 2WD 롱레인지 17인치,514,257,771,100,30
강원,일반승용,현대자동차,코나 일렉트릭 2WD 롱레인지 17인치 빌트인 캠 미적용,514,257,771,100,30
강원,일반승용,현대자동차,코나 일렉트릭 2WD 롱레인지 19인치,459,229,688,92,28
강원,일반승용,현대자동차,코나 일렉트릭 2WD 스탠다드 17인치,437,218,655,87,26
강원,일반승용,BMW,MINI Aceman E,400,200,600,80,24
강원,일반승용,BMW,MINI Aceman SE,400,200,600,80,24
강원,일반승용,BMW,MINI Cooper SE,396,198,594,79,24
강원,일반승용,BMW,MINI Countryman E,217,108,325,43,13
강원,일반승용,BMW,MINI Countryman SE ALL4,203,101,304,41,12
강원,일반승용,BMW,MINI JCW Aceman E,197,98,295,39,12
강원,일반승용,BMW,MINI JCW E,191,95,286,38,11
강원,일반승용,BMW,i4 M60 LCI (71HD),233,116,349,47,14
강원,일반승용,BMW,i4 eDrive 40 LCI(21HD),244,122,366,49,15
강원,일반승용,BMW,i4 eDrive 40 LCI(61HD),256,128,384,51,15
강원,일반승용,BMW,i5 eDrive 40,262,131,393,52,16
강원,일반승용,BMW,iX1 eDrive20,212,106,318,42,13
강원,일반승용,BMW,iX1 eDrive20(11HM),235,117,352,47,14
강원,일반승용,BMW,iX1 xDrive30,192,96,288,38,11
강원,일반승용,BMW,iX2 eDrive20,214,107,321,43,13
강원,일반승용,BMW,iX2 eDrive20(71GN),239,119,358,48,14
강원,일반승용,BMW,iX3 50 xDrive,275,137,412,55,17
강원,일반승용,기아,EV3 GT,248,124,372,50,15
강원,일반승용,기아,EV3 롱레인지 2WD 17인치,555,277,832,100,30
강원,일반승용,기아,EV3 롱레인지 2WD 19인치,555,277,832,100,30
강원,일반승용,기아,EV3 롱레인지 4WD 19인치,539,269,808,100,30
강원,일반승용,기아,EV3 스탠다드 2WD,469,234,703,94,28
강원,일반승용,기아,EV4 GT,255,127,382,51,15
강원,일반승용,기아,EV4 롱레인지 2WD 17인치,555,277,832,100,30
강원,일반승용,기아,EV4 롱레인지 2WD 19인치,555,277,832,100,30
강원,일반승용,기아,EV4 롱레인지 4WD 19인치,554,277,831,100,30
강원,일반승용,기아,EV4 롱레인지 GTL 2WD 19인치,555,277,832,100,30
강원,일반승용,기아,EV4 스탠다드 2WD 17인치,512,256,768,100,30
강원,일반승용,기아,EV4 스탠다드 2WD 19인치,481,240,721,96,29
강원,일반승용,기아,EV5 GT,232,116,348,46,14
강원,일반승용,기아,EV5 롱레인지 2WD,552,276,828,100,30
강원,일반승용,기아,EV5 롱레인지 4WD 18인치,499,249,748,100,30
강원,일반승용,기아,EV5 롱레인지 4WD 19인치,493,246,739,99,30
강원,일반승용,기아,EV9 GT,245,122,367,49,15
강원,일반승용,기아,EV9 롱레인지 2WD 19인치,270,135,405,54,16
강원,일반승용,기아,EV9 롱레인지 2WD 20인치,268,134,402,54,16
강원,일반승용,기아,EV9 롱레인지 4WD 19인치,254,127,381,51,15
강원,일반승용,기아,EV9 롱레인지 4WD 21인치,260,130,390,52,16
강원,일반승용,기아,EV9 롱레인지 GTL 4WD 21인치,252,126,378,50,15
강원,일반승용,기아,EV9 스탠다드,237,118,355,47,14
강원,일반승용,기아,PV5 패신저 5인승 롱레인지,458,229,687,92,28
강원,일반승용,기아,Pv5 WAV(비용 미지원),648,324,972,100,30
강원,일반승용,기아,Pv5 WAV(비용 지원),448,224,672,90,27
강원,일반승용,기아,(단종)The all-new Kia Niro EV,489,0,489,98,29
강원,일반승용,기아,더뉴EV6 롱레인지 2WD 19인치,570,285,855,100,30
강원,일반승용,기아,더뉴EV6 롱레인지 2WD 20인치,559,279,838,100,30
강원,일반승용,기아,더뉴EV6 롱레인지 4WD 19인치,561,280,841,100,30
강원,일반승용,기아,더뉴EV6 롱레인지 4WD 20인치,532,266,798,100,30
강원,일반승용,기아,더뉴EV6 스탠다드,501,250,751,100,30
강원,경·소형,기아,레이 EV 2WD 14인치 1인승 밴,457,228,685,91,27
강원,경·소형,기아,레이 EV 2WD 14인치 2인승 밴,457,228,685,91,27
강원,경·소형,기아,레이 EV 2WD 14인치 4인승 승용,457,228,685,91,27
강원,일반승용,메르세데스벤츠코리아,EQA 250(Facelift),190,95,285,38,11
강원,일반승용,메르세데스벤츠코리아,EQB 300 4MATIC(Facelift),154,77,231,31,9
강원,일반승용,메르세데스벤츠코리아,EQB 300 4MATIC(Facelift)(CY25/2),162,81,243,32,10
강원,일반승용,볼보자동차코리아,볼보 EX30 Single Motor ER,247,123,370,49,15
강원,일반승용,볼보자동차코리아,볼보 EX30CC Twin Motor Perf,222,111,333,44,13
강원,일반승용,비와이디코리아,(단종)BYD ATTO 3,126,0,126,25,8
강원,일반승용,비와이디코리아,(단종)BYD DOLPHIN,109,0,109,22,7
강원,일반승용,비와이디코리아,(단종)BYD DOLPHIN Active,132,0,132,26,8
강원,일반승용,비와이디코리아,(단종)BYD SEAL,169,0,169,34,10
강원,일반승용,비와이디코리아,(단종)BYD SEAL Dynamic AWD,151,0,151,30,9
강원,일반승용,비와이디코리아,(단종)BYD SEALION 7,152,0,152,30,9
강원,일반승용,케이지모빌리티,토레스 EVX 18인치,354,177,531,71,21
강원,일반승용,케이지모빌리티,토레스 EVX 18인치(2026),361,180,541,72,22
강원,일반승용,케이지모빌리티,토레스 EVX 20인치,344,172,516,69,21
강원,일반승용,케이지모빌리티,토레스 EVX 20인치(2026),354,177,531,71,21
강원,일반승용,케이지모빌리티,(단종)토레스 EVX 2WD 18인치,327,0,327,65,20
강원,일반승용,케이지모빌리티,(단종)토레스 EVX 2WD 20인치,312,0,312,62,19
강원,일반승용,테슬라코리아,Model 3 Performance,200,100,300,40,12
강원,일반승용,테슬라코리아,Model 3 Premium Long Range RWD,420,105,525,84,25
강원,일반승용,테슬라코리아,Model 3 Premium Long Range RWD(5999만원),210,0,210,42,13
강원,일반승용,테슬라코리아,Model 3 RWD,168,84,252,34,10
강원,일반승용,테슬라코리아,Model 3 RWD(2025),168,84,252,34,10
강원,일반승용,테슬라코리아,Model Y L AWD,215,107,322,43,13
강원,일반승용,테슬라코리아,Model Y Long Range(2025),210,105,315,42,13
강원,일반승용,테슬라코리아,Model Y Premium Long Range,210,105,315,42,13
강원,일반승용,테슬라코리아,Model Y Premium RWD,170,85,255,34,10
강원,일반승용,테슬라코리아,Model Y RWD(2025),170,85,255,34,10
강원,일반승용,폭스바겐그룹코리아,ID.4 Pro,432,216,648,86,26
강원,일반승용,폭스바겐그룹코리아,Q4 45 e-tron,206,103,309,41,12
강원,일반승용,폭스바겐그룹코리아,Q4 Sportback 45 e-tron,206,103,309,41,12
강원,일반승용,폭스바겐그룹코리아,(단종)Q6 e-tron performance,220,110,330,44,13
강원,일반승용,폭스바겐그룹코리아,iD.5 Pro,473,236,709,95,29
강원,일반승용,폴스타오토모티브코리아,Polestar 4 Coupe Dual Motor,168,84,252,34,10
강원,일반승용,폴스타오토모티브코리아,Polestar 4 Coupe Rear Motor,181,90,271,36,11
강원,일반승용,현대자동차,ELECTRIFIED G80,270,135,405,54,16
강원,일반승용,현대자동차,ELECTRIFIED GV70 AWD 19인치,261,130,391,52,16
강원,일반승용,현대자동차,ELECTRIFIED GV70 AWD 20인치,245,122,367,49,15
강원,일반승용,현대자동차,GV60 스탠다드 2WD 19인치,285,142,427,57,17
강원,일반승용,현대자동차,GV60 스탠다드 AWD 19인치,272,136,408,54,16
강원,일반승용,현대자동차,GV60 스탠다드 AWD 20인치,261,130,391,52,16
강원,일반승용,현대자동차,더 뉴 아이오닉5 2WD 롱레인지 19인치,564,282,846,100,30
강원,일반승용,현대자동차,더 뉴 아이오닉5 2WD 롱레인지 19인치 빌트인 캠 미적용,567,283,850,100,30
강원,일반승용,현대자동차,더 뉴 아이오닉5 2WD 롱레인지 20인치,559,279,838,100,30
강원,일반승용,현대자동차,더 뉴 아이오닉5 2WD 롱레인지 N라인 20인치,541,270,811,100,30
강원,일반승용,현대자동차,더 뉴 아이오닉5 2WD 스탠다드 19인치,483,241,724,97,29
강원,일반승용,현대자동차,더 뉴 아이오닉5 AWD 롱레인지 19인치,558,279,837,100,30
강원,일반승용,현대자동차,더 뉴 아이오닉5 AWD 롱레인지 20인치,532,266,798,100,30
강원,일반승용,현대자동차,더 뉴 아이오닉5 AWD 롱레인지 N라인 20인치,510,255,765,100,30
강원,일반승용,현대자동차,더 뉴 아이오닉6 2WD 롱레인지 18인치,570,285,855,100,30
강원,일반승용,현대자동차,더 뉴 아이오닉6 2WD 롱레인지 20인치,570,285,855,100,30
강원,일반승용,현대자동차,더 뉴 아이오닉6 2WD 롱레인지 N라인 20인치,570,285,855,100,30
강원,일반승용,현대자동차,더 뉴 아이오닉6 2WD 스탠다드 18인치,560,280,840,100,30
강원,일반승용,현대자동차,더 뉴 아이오닉6 AWD 롱레인지 18인치,570,285,855,100,30
강원,일반승용,현대자동차,더 뉴 아이오닉6 AWD 롱레인지 20인치,553,276,829,100,30
강원,일반승용,현대자동차,더 뉴 아이오닉6 AWD 롱레인지 N라인 20인치,537,268,805,100,30
강원,일반승용,현대자동차,스타리아 라운지 일렉트릭 7인승,229,114,343,46,14
강원,일반승용,현대자동차,스타리아 리무진 일렉트릭 6인승,229,114,343,46,14
강원,일반승용,현대자동차,아이오닉6 N,250,125,375,50,15
강원,일반승용,현대자동차,아이오닉9 성능형 AWD,272,136,408,54,16
강원,일반승용,현대자동차,아이오닉9 항속형 2WD,274,137,411,55,17
강원,일반승용,현대자동차,아이오닉9 항속형 AWD,271,135,406,54,16
강원,경·소형,현대자동차,캐스퍼 일렉트릭 기본형 15인치,490,245,735,98,29
강원,경·소형,현대자동차,캐스퍼 일렉트릭 크로스 17인치,487,243,730,97,29
강원,경·소형,현대자동차,캐스퍼 일렉트릭 항속형 15인치,490,245,735,98,29
강원,경·소형,현대자동차,캐스퍼 일렉트릭 항속형 17인치(라운지포함),490,245,735,98,29
강원,일반승용,현대자동차,코나 일렉트릭 2WD 롱레인지 17인치,514,257,771,100,30
강원,일반승용,현대자동차,코나 일렉트릭 2WD 롱레인지 17인치 빌트인 캠 미적용,514,257,771,100,30
강원,일반승용,현대자동차,코나 일렉트릭 2WD 롱레인지 19인치,459,229,688,92,28
강원,일반승용,현대자동차,코나 일렉트릭 2WD 스탠다드 17인치,437,218,655,87,26
강원,일반승용,BMW,MINI Aceman E,400,200,600,80,24
강원,일반승용,BMW,MINI Aceman SE,400,200,600,80,24
강원,일반승용,BMW,MINI Cooper SE,396,198,594,79,24
강원,일반승용,BMW,MINI Countryman E,217,108,325,43,13
강원,일반승용,BMW,MINI Countryman SE ALL4,203,101,304,41,12
강원,일반승용,BMW,MINI JCW Aceman E,197,98,295,39,12
강원,일반승용,BMW,MINI JCW E,191,95,286,38,11
강원,일반승용,BMW,i4 M60 LCI (71HD),233,116,349,47,14
강원,일반승용,BMW,i4 eDrive 40 LCI(21HD),244,122,366,49,15
강원,일반승용,BMW,i4 eDrive 40 LCI(61HD),256,128,384,51,15
강원,일반승용,BMW,i5 eDrive 40,262,131,393,52,16
강원,일반승용,BMW,iX1 eDrive20,212,106,318,42,13
강원,일반승용,BMW,iX1 xDrive30,192,96,288,38,11
강원,일반승용,BMW,iX2 eDrive20,214,107,321,43,13
강원,일반승용,BMW,iX3 50 xDrive,275,137,412,55,17
강원,일반승용,기아,EV3 GT,248,124,372,50,15
강원,일반승용,기아,EV3 롱레인지 2WD 17인치,555,277,832,100,30
강원,일반승용,기아,EV3 롱레인지 2WD 19인치,555,277,832,100,30
강원,일반승용,기아,EV3 롱레인지 4WD 19인치,539,269,808,100,30
강원,일반승용,기아,EV3 스탠다드 2WD,469,234,703,94,28
강원,일반승용,기아,EV4 GT,255,127,382,51,15
강원,일반승용,기아,EV4 롱레인지 2WD 17인치,555,277,832,100,30
강원,일반승용,기아,EV4 롱레인지 2WD 19인치,555,277,832,100,30
강원,일반승용,기아,EV4 롱레인지 4WD 19인치,554,277,831,100,30
강원,일반승용,기아,EV4 롱레인지 GTL 2WD 19인치,555,277,832,100,30
강원,일반승용,기아,EV4 스탠다드 2WD 17인치,512,256,768,100,30
강원,일반승용,기아,EV4 스탠다드 2WD 19인치,481,240,721,96,29
강원,일반승용,기아,EV5 GT,232,116,348,46,14
강원,일반승용,기아,EV5 롱레인지 2WD,552,276,828,100,30
강원,일반승용,기아,EV5 롱레인지 4WD 18인치,499,249,748,100,30
강원,일반승용,기아,EV5 롱레인지 4WD 19인치,493,246,739,99,30
강원,일반승용,기아,EV9 GT,245,122,367,49,15
강원,일반승용,기아,EV9 롱레인지 2WD 19인치,270,135,405,54,16
강원,일반승용,기아,EV9 롱레인지 2WD 20인치,268,134,402,54,16
강원,일반승용,기아,EV9 롱레인지 4WD 19인치,254,127,381,51,15
강원,일반승용,기아,EV9 롱레인지 4WD 21인치,260,130,390,52,16
강원,일반승용,기아,EV9 롱레인지 GTL 4WD 21인치,252,126,378,50,15
강원,일반승용,기아,EV9 스탠다드,237,118,355,47,14
강원,일반승용,기아,PV5 패신저 5인승 롱레인지,458,229,687,92,28
강원,일반승용,기아,Pv5 WAV(비용 미지원),648,324,972,100,30
강원,일반승용,기아,Pv5 WAV(비용 지원),448,224,672,90,27
강원,일반승용,기아,(단종)The all-new Kia Niro EV,489,244,733,98,29
강원,일반승용,기아,더뉴EV6 롱레인지 2WD 19인치,570,285,855,100,30
강원,일반승용,기아,더뉴EV6 롱레인지 2WD 20인치,559,279,838,100,30
강원,일반승용,기아,더뉴EV6 롱레인지 4WD 19인치,561,280,841,100,30
강원,일반승용,기아,더뉴EV6 롱레인지 4WD 20인치,532,266,798,100,30
강원,일반승용,기아,더뉴EV6 스탠다드,501,250,751,100,30
강원,경·소형,기아,레이 EV 2WD 14인치 1인승 밴,457,228,685,91,27
강원,경·소형,기아,레이 EV 2WD 14인치 2인승 밴,457,228,685,91,27
강원,경·소형,기아,레이 EV 2WD 14인치 4인승 승용,457,228,685,91,27
강원,일반승용,메르세데스벤츠코리아,EQA 250(Facelift),190,95,285,38,11
강원,일반승용,메르세데스벤츠코리아,EQB 300 4MATIC(Facelift),154,77,231,31,9
강원,일반승용,메르세데스벤츠코리아,EQB 300 4MATIC(Facelift)(CY25/2),162,81,243,32,10
강원,일반승용,볼보자동차코리아,볼보 EX30 Single Motor ER,247,123,370,49,15
강원,일반승용,볼보자동차코리아,볼보 EX30CC Twin Motor Perf,222,111,333,44,13
강원,일반승용,비와이디코리아,(단종)BYD ATTO 3,126,63,189,25,8
강원,일반승용,비와이디코리아,(단종)BYD DOLPHIN,109,54,163,22,7
강원,일반승용,비와이디코리아,(단종)BYD DOLPHIN Active,132,66,198,26,8
강원,일반승용,비와이디코리아,(단종)BYD SEAL,169,84,253,34,10
강원,일반승용,비와이디코리아,(단종)BYD SEAL Dynamic AWD,151,75,226,30,9
강원,일반승용,비와이디코리아,(단종)BYD SEALION 7,152,76,228,30,9
강원,일반승용,케이지모빌리티,토레스 EVX 18인치,354,177,531,71,21
강원,일반승용,케이지모빌리티,토레스 EVX 18인치(2026),361,180,541,72,22
강원,일반승용,케이지모빌리티,토레스 EVX 20인치,344,172,516,69,21
강원,일반승용,케이지모빌리티,토레스 EVX 20인치(2026),354,177,531,71,21
강원,일반승용,케이지모빌리티,(단종)토레스 EVX 2WD 18인치,327,163,490,65,20
강원,일반승용,케이지모빌리티,(단종)토레스 EVX 2WD 20인치,312,156,468,62,19
강원,일반승용,테슬라코리아,Model 3 Performance,200,100,300,40,12
강원,일반승용,테슬라코리아,Model 3 Premium Long Range RWD,420,105,525,84,25
강원,일반승용,테슬라코리아,Model 3 Premium Long Range RWD(5999만원),210,105,315,42,13
강원,일반승용,테슬라코리아,Model 3 RWD,168,84,252,34,10
강원,일반승용,테슬라코리아,Model 3 RWD(2025),168,84,252,34,10
강원,일반승용,테슬라코리아,Model Y L AWD,215,107,322,43,13
강원,일반승용,테슬라코리아,Model Y Long Range(2025),210,105,315,42,13
강원,일반승용,테슬라코리아,Model Y Premium Long Range,210,105,315,42,13
강원,일반승용,테슬라코리아,Model Y Premium RWD,170,85,255,34,10
강원,일반승용,테슬라코리아,Model Y RWD(2025),170,85,255,34,10
강원,일반승용,폭스바겐그룹코리아,ID.4 Pro,432,216,648,86,26
강원,일반승용,폭스바겐그룹코리아,Q4 45 e-tron,206,103,309,41,12
강원,일반승용,폭스바겐그룹코리아,Q4 Sportback 45 e-tron,206,103,309,41,12
강원,일반승용,폭스바겐그룹코리아,(단종)Q6 e-tron performance,220,110,330,44,13
강원,일반승용,폭스바겐그룹코리아,iD.5 Pro,473,236,709,95,29
강원,일반승용,현대자동차,ELECTRIFIED G80,270,135,405,54,16
강원,일반승용,현대자동차,ELECTRIFIED GV70 AWD 19인치,261,130,391,52,16
강원,일반승용,현대자동차,ELECTRIFIED GV70 AWD 20인치,245,122,367,49,15
강원,일반승용,현대자동차,GV60 스탠다드 2WD 19인치,285,142,427,57,17
강원,일반승용,현대자동차,GV60 스탠다드 AWD 19인치,272,136,408,54,16
강원,일반승용,현대자동차,GV60 스탠다드 AWD 20인치,261,130,391,52,16
강원,일반승용,현대자동차,더 뉴 아이오닉5 2WD 롱레인지 19인치,564,282,846,100,30
강원,일반승용,현대자동차,더 뉴 아이오닉5 2WD 롱레인지 19인치 빌트인 캠 미적용,567,283,850,100,30
강원,일반승용,현대자동차,더 뉴 아이오닉5 2WD 롱레인지 20인치,559,279,838,100,30
강원,일반승용,현대자동차,더 뉴 아이오닉5 2WD 롱레인지 N라인 20인치,541,270,811,100,30
강원,일반승용,현대자동차,더 뉴 아이오닉5 2WD 스탠다드 19인치,483,241,724,97,29
강원,일반승용,현대자동차,더 뉴 아이오닉5 AWD 롱레인지 19인치,558,279,837,100,30
강원,일반승용,현대자동차,더 뉴 아이오닉5 AWD 롱레인지 20인치,532,266,798,100,30
강원,일반승용,현대자동차,더 뉴 아이오닉5 AWD 롱레인지 N라인 20인치,510,255,765,100,30
강원,일반승용,현대자동차,더 뉴 아이오닉6 2WD 롱레인지 18인치,570,285,855,100,30
강원,일반승용,현대자동차,더 뉴 아이오닉6 2WD 롱레인지 20인치,570,285,855,100,30
강원,일반승용,현대자동차,더 뉴 아이오닉6 2WD 롱레인지 N라인 20인치,570,285,855,100,30
강원,일반승용,현대자동차,더 뉴 아이오닉6 2WD 스탠다드 18인치,560,280,840,100,30
강원,일반승용,현대자동차,더 뉴 아이오닉6 AWD 롱레인지 18인치,570,285,855,100,30
강원,일반승용,현대자동차,더 뉴 아이오닉6 AWD 롱레인지 20인치,553,276,829,100,30
강원,일반승용,현대자동차,더 뉴 아이오닉6 AWD 롱레인지 N라인 20인치,537,268,805,100,30
강원,일반승용,현대자동차,스타리아 라운지 일렉트릭 7인승,229,114,343,46,14
강원,일반승용,현대자동차,스타리아 리무진 일렉트릭 6인승,229,114,343,46,14
강원,일반승용,현대자동차,아이오닉6 N,250,125,375,50,15
강원,일반승용,현대자동차,아이오닉9 성능형 AWD,272,136,408,54,16
강원,일반승용,현대자동차,아이오닉9 항속형 2WD,274,137,411,55,17
강원,일반승용,현대자동차,아이오닉9 항속형 AWD,271,135,406,54,16
강원,경·소형,현대자동차,캐스퍼 일렉트릭 기본형 15인치,490,245,735,98,29
강원,경·소형,현대자동차,캐스퍼 일렉트릭 크로스 17인치,487,243,730,97,29
강원,경·소형,현대자동차,캐스퍼 일렉트릭 항속형 15인치,490,245,735,98,29
강원,경·소형,현대자동차,캐스퍼 일렉트릭 항속형 17인치(라운지포함),490,245,735,98,29
강원,일반승용,현대자동차,코나 일렉트릭 2WD 롱레인지 17인치,514,257,771,100,30
강원,일반승용,현대자동차,코나 일렉트릭 2WD 롱레인지 17인치 빌트인 캠 미적용,514,257,771,100,30
강원,일반승용,현대자동차,코나 일렉트릭 2WD 롱레인지 19인치,459,229,688,92,28
강원,일반승용,현대자동차,코나 일렉트릭 2WD 스탠다드 17인치,437,218,655,87,26
강원,일반승용,BMW,MINI Aceman E,400,200,600,80,24
강원,일반승용,BMW,MINI Aceman SE,400,200,600,80,24
강원,일반승용,BMW,MINI Cooper SE,396,198,594,79,24
강원,일반승용,BMW,MINI Countryman E,217,108,325,43,13
강원,일반승용,BMW,MINI Countryman SE ALL4,203,101,304,41,12
강원,일반승용,BMW,MINI JCW Aceman E,197,98,295,39,12
강원,일반승용,BMW,MINI JCW E,191,95,286,38,11
강원,일반승용,BMW,i4 M60 LCI (71HD),233,116,349,47,14
강원,일반승용,BMW,i4 eDrive 40 LCI(21HD),244,122,366,49,15
강원,일반승용,BMW,i4 eDrive 40 LCI(61HD),256,128,384,51,15
강원,일반승용,BMW,i5 eDrive 40,262,131,393,52,16
강원,일반승용,BMW,iX1 eDrive20,212,106,318,42,13
강원,일반승용,BMW,iX1 xDrive30,192,96,288,38,11
강원,일반승용,BMW,iX2 eDrive20,214,107,321,43,13
강원,일반승용,BMW,iX3 50 xDrive,275,0,275,55,17
강원,일반승용,기아,EV3 GT,248,124,372,50,15
강원,일반승용,기아,EV3 롱레인지 2WD 17인치,555,277,832,100,30
강원,일반승용,기아,EV3 롱레인지 2WD 19인치,555,277,832,100,30
강원,일반승용,기아,EV3 롱레인지 4WD 19인치,539,269,808,100,30
강원,일반승용,기아,EV3 스탠다드 2WD,469,234,703,94,28
강원,일반승용,기아,EV4 GT,255,127,382,51,15
강원,일반승용,기아,EV4 롱레인지 2WD 17인치,555,277,832,100,30
강원,일반승용,기아,EV4 롱레인지 2WD 19인치,555,277,832,100,30
강원,일반승용,기아,EV4 롱레인지 4WD 19인치,554,277,831,100,30
강원,일반승용,기아,EV4 롱레인지 GTL 2WD 19인치,555,277,832,100,30
강원,일반승용,기아,EV4 스탠다드 2WD 17인치,512,256,768,100,30
강원,일반승용,기아,EV4 스탠다드 2WD 19인치,481,240,721,96,29
강원,일반승용,기아,EV5 GT,232,116,348,46,14
강원,일반승용,기아,EV5 롱레인지 2WD,552,276,828,100,30
강원,일반승용,기아,EV5 롱레인지 4WD 18인치,499,249,748,100,30
강원,일반승용,기아,EV5 롱레인지 4WD 19인치,493,246,739,99,30
강원,일반승용,기아,EV9 GT,245,122,367,49,15
강원,일반승용,기아,EV9 롱레인지 2WD 19인치,270,135,405,54,16
강원,일반승용,기아,EV9 롱레인지 2WD 20인치,268,134,402,54,16
강원,일반승용,기아,EV9 롱레인지 4WD 19인치,254,127,381,51,15
강원,일반승용,기아,EV9 롱레인지 4WD 21인치,260,130,390,52,16
강원,일반승용,기아,EV9 롱레인지 GTL 4WD 21인치,252,126,378,50,15
강원,일반승용,기아,EV9 스탠다드,237,118,355,47,14
강원,일반승용,기아,PV5 패신저 5인승 롱레인지,458,229,687,92,28
강원,일반승용,기아,Pv5 WAV(비용 미지원),648,324,972,100,30
강원,일반승용,기아,Pv5 WAV(비용 지원),448,224,672,90,27
강원,일반승용,기아,(단종)The all-new Kia Niro EV,489,244,733,98,29
강원,일반승용,기아,더뉴EV6 롱레인지 2WD 19인치,570,285,855,100,30
강원,일반승용,기아,더뉴EV6 롱레인지 2WD 20인치,559,279,838,100,30
강원,일반승용,기아,더뉴EV6 롱레인지 4WD 19인치,561,280,841,100,30
강원,일반승용,기아,더뉴EV6 롱레인지 4WD 20인치,532,266,798,100,30
강원,일반승용,기아,더뉴EV6 스탠다드,501,250,751,100,30
강원,경·소형,기아,레이 EV 2WD 14인치 1인승 밴,457,228,685,91,27
강원,경·소형,기아,레이 EV 2WD 14인치 2인승 밴,457,228,685,91,27
강원,경·소형,기아,레이 EV 2WD 14인치 4인승 승용,457,228,685,91,27
강원,일반승용,메르세데스벤츠코리아,EQA 250(Facelift),190,95,285,38,11
강원,일반승용,메르세데스벤츠코리아,EQB 300 4MATIC(Facelift),154,77,231,31,9
강원,일반승용,메르세데스벤츠코리아,EQB 300 4MATIC(Facelift)(CY25/2),162,81,243,32,10
강원,일반승용,볼보자동차코리아,볼보 EX30 Single Motor ER,247,123,370,49,15
강원,일반승용,볼보자동차코리아,볼보 EX30CC Twin Motor Perf,222,111,333,44,13
강원,일반승용,비와이디코리아,(단종)BYD ATTO 3,126,63,189,25,8
강원,일반승용,비와이디코리아,(단종)BYD DOLPHIN,109,54,163,22,7
강원,일반승용,비와이디코리아,(단종)BYD DOLPHIN Active,132,66,198,26,8
강원,일반승용,비와이디코리아,(단종)BYD SEAL,169,84,253,34,10
강원,일반승용,비와이디코리아,(단종)BYD SEAL Dynamic AWD,151,75,226,30,9
강원,일반승용,비와이디코리아,(단종)BYD SEALION 7,152,76,228,30,9
강원,일반승용,케이지모빌리티,토레스 EVX 18인치,354,177,531,71,21
강원,일반승용,케이지모빌리티,토레스 EVX 18인치(2026),361,180,541,72,22
강원,일반승용,케이지모빌리티,토레스 EVX 20인치,344,172,516,69,21
강원,일반승용,케이지모빌리티,토레스 EVX 20인치(2026),354,177,531,71,21
강원,일반승용,케이지모빌리티,(단종)토레스 EVX 2WD 18인치,327,163,490,65,20
강원,일반승용,케이지모빌리티,(단종)토레스 EVX 2WD 20인치,312,156,468,62,19
강원,일반승용,테슬라코리아,Model 3 Performance,200,100,300,40,12
강원,일반승용,테슬라코리아,Model 3 Premium Long Range RWD,420,210,630,84,25
강원,일반승용,테슬라코리아,Model 3 Premium Long Range RWD(5999만원),210,105,315,42,13
강원,일반승용,테슬라코리아,Model 3 RWD,168,84,252,34,10
강원,일반승용,테슬라코리아,Model 3 RWD(2025),168,84,252,34,10
강원,일반승용,테슬라코리아,Model Y L AWD,215,107,322,43,13
강원,일반승용,테슬라코리아,Model Y Long Range(2025),210,105,315,42,13
강원,일반승용,테슬라코리아,Model Y Premium Long Range,210,105,315,42,13
강원,일반승용,테슬라코리아,Model Y Premium RWD,170,85,255,34,10
강원,일반승용,테슬라코리아,Model Y RWD(2025),170,85,255,34,10
강원,일반승용,폭스바겐그룹코리아,ID.4 Pro,432,216,648,86,26
강원,일반승용,폭스바겐그룹코리아,Q4 45 e-tron,206,103,309,41,12
강원,일반승용,폭스바겐그룹코리아,Q4 Sportback 45 e-tron,206,103,309,41,12
강원,일반승용,폭스바겐그룹코리아,(단종)Q6 e-tron performance,220,110,330,44,13
강원,일반승용,폭스바겐그룹코리아,iD.5 Pro,473,236,709,95,29
강원,일반승용,현대자동차,ELECTRIFIED G80,270,135,405,54,16
강원,일반승용,현대자동차,ELECTRIFIED GV70 AWD 19인치,261,130,391,52,16
강원,일반승용,현대자동차,ELECTRIFIED GV70 AWD 20인치,245,122,367,49,15
강원,일반승용,현대자동차,GV60 스탠다드 2WD 19인치,285,142,427,57,17
강원,일반승용,현대자동차,GV60 스탠다드 AWD 19인치,272,136,408,54,16
강원,일반승용,현대자동차,GV60 스탠다드 AWD 20인치,261,130,391,52,16
강원,일반승용,현대자동차,더 뉴 아이오닉5 2WD 롱레인지 19인치,564,282,846,100,30
강원,일반승용,현대자동차,더 뉴 아이오닉5 2WD 롱레인지 19인치 빌트인 캠 미적용,567,283,850,100,30
강원,일반승용,현대자동차,더 뉴 아이오닉5 2WD 롱레인지 20인치,559,279,838,100,30
강원,일반승용,현대자동차,더 뉴 아이오닉5 2WD 롱레인지 N라인 20인치,541,270,811,100,30
강원,일반승용,현대자동차,더 뉴 아이오닉5 2WD 스탠다드 19인치,483,241,724,97,29
강원,일반승용,현대자동차,더 뉴 아이오닉5 AWD 롱레인지 19인치,558,279,837,100,30
강원,일반승용,현대자동차,더 뉴 아이오닉5 AWD 롱레인지 20인치,532,266,798,100,30
강원,일반승용,현대자동차,더 뉴 아이오닉5 AWD 롱레인지 N라인 20인치,510,255,765,100,30
강원,일반승용,현대자동차,더 뉴 아이오닉6 2WD 롱레인지 18인치,570,285,855,100,30
강원,일반승용,현대자동차,더 뉴 아이오닉6 2WD 롱레인지 20인치,570,285,855,100,30
강원,일반승용,현대자동차,더 뉴 아이오닉6 2WD 롱레인지 N라인 20인치,570,285,855,100,30
강원,일반승용,현대자동차,더 뉴 아이오닉6 2WD 스탠다드 18인치,560,280,840,100,30
강원,일반승용,현대자동차,더 뉴 아이오닉6 AWD 롱레인지 18인치,570,285,855,100,30
강원,일반승용,현대자동차,더 뉴 아이오닉6 AWD 롱레인지 20인치,553,276,829,100,30
강원,일반승용,현대자동차,더 뉴 아이오닉6 AWD 롱레인지 N라인 20인치,537,268,805,100,30
강원,일반승용,현대자동차,스타리아 라운지 일렉트릭 7인승,229,0,229,46,14
강원,일반승용,현대자동차,스타리아 리무진 일렉트릭 6인승,229,114,343,46,14
강원,일반승용,현대자동차,아이오닉6 N,250,125,375,50,15
강원,일반승용,현대자동차,아이오닉9 성능형 AWD,272,136,408,54,16
강원,일반승용,현대자동차,아이오닉9 항속형 2WD,274,137,411,55,17
강원,일반승용,현대자동차,아이오닉9 항속형 AWD,271,135,406,54,16
강원,경·소형,현대자동차,캐스퍼 일렉트릭 기본형 15인치,490,245,735,98,29
강원,경·소형,현대자동차,캐스퍼 일렉트릭 크로스 17인치,487,243,730,97,29
강원,경·소형,현대자동차,캐스퍼 일렉트릭 항속형 15인치,490,245,735,98,29
강원,경·소형,현대자동차,캐스퍼 일렉트릭 항속형 17인치(라운지포함),490,245,735,98,29
강원,일반승용,현대자동차,코나 일렉트릭 2WD 롱레인지 17인치,514,257,771,100,30
강원,일반승용,현대자동차,코나 일렉트릭 2WD 롱레인지 17인치 빌트인 캠 미적용,514,257,771,100,30
강원,일반승용,현대자동차,코나 일렉트릭 2WD 롱레인지 19인치,459,229,688,92,28
강원,일반승용,현대자동차,코나 일렉트릭 2WD 스탠다드 17인치,437,218,655,87,26
강원,일반승용,BMW,MINI Aceman E,400,200,600,80,24
강원,일반승용,BMW,MINI Aceman SE,400,200,600,80,24
강원,일반승용,BMW,MINI Cooper SE,396,198,594,79,24
강원,일반승용,BMW,MINI Countryman E,217,108,325,43,13
강원,일반승용,BMW,MINI Countryman SE ALL4,203,101,304,41,12
강원,일반승용,BMW,MINI JCW Aceman E,197,98,295,39,12
강원,일반승용,BMW,MINI JCW E,191,95,286,38,11
강원,일반승용,BMW,i4 M60 LCI (71HD),233,116,349,47,14
강원,일반승용,BMW,i4 eDrive 40 LCI(21HD),244,122,366,49,15
강원,일반승용,BMW,i4 eDrive 40 LCI(61HD),256,128,384,51,15
강원,일반승용,BMW,i5 eDrive 40,262,131,393,52,16
강원,일반승용,BMW,iX1 eDrive20,212,106,318,42,13
강원,일반승용,BMW,iX1 xDrive30,192,96,288,38,11
강원,일반승용,BMW,iX2 eDrive20,214,107,321,43,13
강원,일반승용,기아,EV3 GT,248,124,372,50,15
강원,일반승용,기아,EV3 롱레인지 2WD 17인치,555,277,832,100,30
강원,일반승용,기아,EV3 롱레인지 2WD 19인치,555,277,832,100,30
강원,일반승용,기아,EV3 롱레인지 4WD 19인치,539,269,808,100,30
강원,일반승용,기아,EV3 스탠다드 2WD,469,234,703,94,28
강원,일반승용,기아,EV4 GT,255,127,382,51,15
강원,일반승용,기아,EV4 롱레인지 2WD 17인치,555,277,832,100,30
강원,일반승용,기아,EV4 롱레인지 2WD 19인치,555,277,832,100,30
강원,일반승용,기아,EV4 롱레인지 4WD 19인치,554,277,831,100,30
강원,일반승용,기아,EV4 롱레인지 GTL 2WD 19인치,555,277,832,100,30
강원,일반승용,기아,EV4 스탠다드 2WD 17인치,512,256,768,100,30
강원,일반승용,기아,EV4 스탠다드 2WD 19인치,481,240,721,96,29
강원,일반승용,기아,EV5 GT,232,116,348,46,14
강원,일반승용,기아,EV5 롱레인지 2WD,552,276,828,100,30
강원,일반승용,기아,EV5 롱레인지 4WD 18인치,499,249,748,100,30
강원,일반승용,기아,EV5 롱레인지 4WD 19인치,493,246,739,99,30
강원,일반승용,기아,EV9 GT,245,122,367,49,15
강원,일반승용,기아,EV9 롱레인지 2WD 19인치,270,135,405,54,16
강원,일반승용,기아,EV9 롱레인지 2WD 20인치,268,134,402,54,16
강원,일반승용,기아,EV9 롱레인지 4WD 19인치,254,127,381,51,15
강원,일반승용,기아,EV9 롱레인지 4WD 21인치,260,130,390,52,16
강원,일반승용,기아,EV9 롱레인지 GTL 4WD 21인치,252,126,378,50,15
강원,일반승용,기아,EV9 스탠다드,237,118,355,47,14
강원,일반승용,기아,PV5 패신저 5인승 롱레인지,458,229,687,92,28
강원,일반승용,기아,Pv5 WAV(비용 미지원),648,324,972,100,30
강원,일반승용,기아,Pv5 WAV(비용 지원),448,224,672,90,27
강원,일반승용,기아,(단종)The all-new Kia Niro EV,489,244,733,98,29
강원,일반승용,기아,더뉴EV6 롱레인지 2WD 19인치,570,285,855,100,30
강원,일반승용,기아,더뉴EV6 롱레인지 2WD 20인치,559,279,838,100,30
강원,일반승용,기아,더뉴EV6 롱레인지 4WD 19인치,561,280,841,100,30
강원,일반승용,기아,더뉴EV6 롱레인지 4WD 20인치,532,266,798,100,30
강원,일반승용,기아,더뉴EV6 스탠다드,501,250,751,100,30
강원,경·소형,기아,레이 EV 2WD 14인치 1인승 밴,457,228,685,91,27
강원,경·소형,기아,레이 EV 2WD 14인치 2인승 밴,457,228,685,91,27
강원,경·소형,기아,레이 EV 2WD 14인치 4인승 승용,457,228,685,91,27
강원,일반승용,메르세데스벤츠코리아,EQA 250(Facelift),190,95,285,38,11
강원,일반승용,메르세데스벤츠코리아,EQB 300 4MATIC(Facelift),154,77,231,31,9
강원,일반승용,메르세데스벤츠코리아,EQB 300 4MATIC(Facelift)(CY25/2),162,81,243,32,10
강원,일반승용,볼보자동차코리아,볼보 EX30 Single Motor ER,247,123,370,49,15
강원,일반승용,볼보자동차코리아,볼보 EX30CC Twin Motor Perf,222,111,333,44,13
강원,일반승용,비와이디코리아,(단종)BYD ATTO 3,126,63,189,25,8
강원,일반승용,비와이디코리아,(단종)BYD DOLPHIN,109,54,163,22,7
강원,일반승용,비와이디코리아,(단종)BYD DOLPHIN Active,132,66,198,26,8
강원,일반승용,비와이디코리아,(단종)BYD SEAL,169,84,253,34,10
강원,일반승용,비와이디코리아,(단종)BYD SEAL Dynamic AWD,151,75,226,30,9
강원,일반승용,비와이디코리아,(단종)BYD SEALION 7,152,76,228,30,9
강원,일반승용,케이지모빌리티,토레스 EVX 18인치,354,177,531,71,21
강원,일반승용,케이지모빌리티,토레스 EVX 18인치(2026),361,180,541,72,22
강원,일반승용,케이지모빌리티,토레스 EVX 20인치,344,172,516,69,21
강원,일반승용,케이지모빌리티,토레스 EVX 20인치(2026),354,177,531,71,21
강원,일반승용,케이지모빌리티,(단종)토레스 EVX 2WD 18인치,327,163,490,65,20
강원,일반승용,케이지모빌리티,(단종)토레스 EVX 2WD 20인치,312,156,468,62,19
강원,일반승용,테슬라코리아,Model 3 Performance,200,100,300,40,12
강원,일반승용,테슬라코리아,Model 3 Premium Long Range RWD,420,210,630,84,25
강원,일반승용,테슬라코리아,Model 3 RWD,168,84,252,34,10
강원,일반승용,테슬라코리아,Model 3 RWD(2025),168,84,252,34,10
강원,일반승용,테슬라코리아,Model Y L AWD,215,105,320,43,13
강원,일반승용,테슬라코리아,Model Y Long Range(2025),210,105,315,42,13
강원,일반승용,테슬라코리아,Model Y Premium Long Range,210,105,315,42,13
강원,일반승용,테슬라코리아,Model Y Premium RWD,170,85,255,34,10
강원,일반승용,테슬라코리아,Model Y RWD(2025),170,85,255,34,10
강원,일반승용,폭스바겐그룹코리아,ID.4 Pro,432,216,648,86,26
강원,일반승용,폭스바겐그룹코리아,Q4 45 e-tron,206,103,309,41,12
강원,일반승용,폭스바겐그룹코리아,Q4 Sportback 45 e-tron,206,103,309,41,12
강원,일반승용,폭스바겐그룹코리아,(단종)Q6 e-tron performance,220,110,330,44,13
강원,일반승용,현대자동차,ELECTRIFIED G80,270,135,405,54,16
강원,일반승용,현대자동차,ELECTRIFIED GV70 AWD 19인치,261,130,391,52,16
강원,일반승용,현대자동차,ELECTRIFIED GV70 AWD 20인치,245,122,367,49,15
강원,일반승용,현대자동차,GV60 스탠다드 2WD 19인치,285,142,427,57,17
강원,일반승용,현대자동차,GV60 스탠다드 AWD 19인치,272,136,408,54,16
강원,일반승용,현대자동차,GV60 스탠다드 AWD 20인치,261,130,391,52,16
강원,일반승용,현대자동차,더 뉴 아이오닉5 2WD 롱레인지 19인치,564,282,846,100,30
강원,일반승용,현대자동차,더 뉴 아이오닉5 2WD 롱레인지 19인치 빌트인 캠 미적용,567,283,850,100,30
강원,일반승용,현대자동차,더 뉴 아이오닉5 2WD 롱레인지 20인치,559,279,838,100,30
강원,일반승용,현대자동차,더 뉴 아이오닉5 2WD 롱레인지 N라인 20인치,541,270,811,100,30
강원,일반승용,현대자동차,더 뉴 아이오닉5 2WD 스탠다드 19인치,483,241,724,97,29
강원,일반승용,현대자동차,더 뉴 아이오닉5 AWD 롱레인지 19인치,558,279,837,100,30
강원,일반승용,현대자동차,더 뉴 아이오닉5 AWD 롱레인지 20인치,532,266,798,100,30
강원,일반승용,현대자동차,더 뉴 아이오닉5 AWD 롱레인지 N라인 20인치,510,255,765,100,30
강원,일반승용,현대자동차,더 뉴 아이오닉6 2WD 롱레인지 18인치,570,285,855,100,30
강원,일반승용,현대자동차,더 뉴 아이오닉6 2WD 롱레인지 20인치,570,285,855,100,30
강원,일반승용,현대자동차,더 뉴 아이오닉6 2WD 롱레인지 N라인 20인치,570,285,855,100,30
강원,일반승용,현대자동차,더 뉴 아이오닉6 2WD 스탠다드 18인치,560,280,840,100,30
강원,일반승용,현대자동차,더 뉴 아이오닉6 AWD 롱레인지 18인치,570,285,855,100,30
강원,일반승용,현대자동차,더 뉴 아이오닉6 AWD 롱레인지 20인치,553,276,829,100,30
강원,일반승용,현대자동차,더 뉴 아이오닉6 AWD 롱레인지 N라인 20인치,537,268,805,100,30
강원,일반승용,현대자동차,스타리아 리무진 일렉트릭 6인승,229,114,343,46,14
강원,일반승용,현대자동차,아이오닉6 N,250,125,375,50,15
강원,일반승용,현대자동차,아이오닉9 성능형 AWD,272,136,408,54,16
강원,일반승용,현대자동차,아이오닉9 항속형 2WD,274,137,411,55,17
강원,일반승용,현대자동차,아이오닉9 항속형 AWD,271,135,406,54,16
강원,경·소형,현대자동차,캐스퍼 일렉트릭 기본형 15인치,490,245,735,98,29
강원,경·소형,현대자동차,캐스퍼 일렉트릭 크로스 17인치,487,243,730,97,29
강원,경·소형,현대자동차,캐스퍼 일렉트릭 항속형 15인치,490,245,735,98,29
강원,경·소형,현대자동차,캐스퍼 일렉트릭 항속형 17인치(라운지포함),490,245,735,98,29
강원,일반승용,현대자동차,코나 일렉트릭 2WD 롱레인지 17인치,514,257,771,100,30
강원,일반승용,현대자동차,코나 일렉트릭 2WD 롱레인지 17인치 빌트인 캠 미적용,514,257,771,100,30
강원,일반승용,현대자동차,코나 일렉트릭 2WD 롱레인지 19인치,459,229,688,92,28
강원,일반승용,현대자동차,코나 일렉트릭 2WD 스탠다드 17인치,437,218,655,87,26
강원,일반승용,BMW,MINI Aceman E,400,200,600,80,24
강원,일반승용,BMW,MINI Aceman SE,400,200,600,80,24
강원,일반승용,BMW,MINI Cooper SE,396,198,594,79,24
강원,일반승용,BMW,MINI Countryman E,217,108,325,43,13
강원,일반승용,BMW,MINI Countryman SE ALL4,203,101,304,41,12
강원,일반승용,BMW,MINI JCW Aceman E,197,98,295,39,12
강원,일반승용,BMW,MINI JCW E,191,95,286,38,11
강원,일반승용,BMW,i4 M60 LCI (71HD),233,116,349,47,14
강원,일반승용,BMW,i4 eDrive 40 LCI(21HD),244,122,366,49,15
강원,일반승용,BMW,i4 eDrive 40 LCI(61HD),256,128,384,51,15
강원,일반승용,BMW,i5 eDrive 40,262,131,393,52,16
강원,일반승용,BMW,iX1 eDrive20,212,106,318,42,13
강원,일반승용,BMW,iX1 xDrive30,192,96,288,38,11
강원,일반승용,BMW,iX2 eDrive20,214,107,321,43,13
강원,일반승용,BMW,iX3 50 xDrive,275,0,275,55,17
강원,일반승용,기아,EV3 GT,248,124,372,50,15
강원,일반승용,기아,EV3 롱레인지 2WD 17인치,555,277,832,100,30
강원,일반승용,기아,EV3 롱레인지 2WD 19인치,555,277,832,100,30
강원,일반승용,기아,EV3 롱레인지 4WD 19인치,539,269,808,100,30
강원,일반승용,기아,EV3 스탠다드 2WD,469,234,703,94,28
강원,일반승용,기아,EV4 GT,255,127,382,51,15
강원,일반승용,기아,EV4 롱레인지 2WD 17인치,555,277,832,100,30
강원,일반승용,기아,EV4 롱레인지 2WD 19인치,555,277,832,100,30
강원,일반승용,기아,EV4 롱레인지 4WD 19인치,554,277,831,100,30
강원,일반승용,기아,EV4 롱레인지 GTL 2WD 19인치,555,277,832,100,30
강원,일반승용,기아,EV4 스탠다드 2WD 17인치,512,256,768,100,30
강원,일반승용,기아,EV4 스탠다드 2WD 19인치,481,240,721,96,29
강원,일반승용,기아,EV5 GT,232,0,232,46,14
강원,일반승용,기아,EV5 롱레인지 2WD,552,276,828,100,30
강원,일반승용,기아,EV5 롱레인지 4WD 18인치,499,249,748,100,30
강원,일반승용,기아,EV5 롱레인지 4WD 19인치,493,246,739,99,30
강원,일반승용,기아,EV9 GT,245,122,367,49,15
강원,일반승용,기아,EV9 롱레인지 2WD 19인치,270,135,405,54,16
강원,일반승용,기아,EV9 롱레인지 2WD 20인치,268,134,402,54,16
강원,일반승용,기아,EV9 롱레인지 4WD 19인치,254,127,381,51,15
강원,일반승용,기아,EV9 롱레인지 4WD 21인치,260,130,390,52,16
강원,일반승용,기아,EV9 롱레인지 GTL 4WD 21인치,252,126,378,50,15
강원,일반승용,기아,EV9 스탠다드,237,118,355,47,14
강원,일반승용,기아,PV5 패신저 5인승 롱레인지,458,229,687,92,28
강원,일반승용,기아,Pv5 WAV(비용 미지원),648,324,972,100,30
강원,일반승용,기아,Pv5 WAV(비용 지원),448,224,672,90,27
강원,일반승용,기아,(단종)The all-new Kia Niro EV,489,244,733,98,29
강원,일반승용,기아,더뉴EV6 롱레인지 2WD 19인치,570,285,855,100,30
강원,일반승용,기아,더뉴EV6 롱레인지 2WD 20인치,559,279,838,100,30
강원,일반승용,기아,더뉴EV6 롱레인지 4WD 19인치,561,280,841,100,30
강원,일반승용,기아,더뉴EV6 롱레인지 4WD 20인치,532,266,798,100,30
강원,일반승용,기아,더뉴EV6 스탠다드,501,250,751,100,30
강원,경·소형,기아,레이 EV 2WD 14인치 1인승 밴,457,228,685,91,27
강원,경·소형,기아,레이 EV 2WD 14인치 2인승 밴,457,228,685,91,27
강원,경·소형,기아,레이 EV 2WD 14인치 4인승 승용,457,228,685,91,27
강원,일반승용,메르세데스벤츠코리아,EQA 250(Facelift),190,95,285,38,11
강원,일반승용,메르세데스벤츠코리아,EQB 300 4MATIC(Facelift),154,77,231,31,9
강원,일반승용,메르세데스벤츠코리아,EQB 300 4MATIC(Facelift)(CY25/2),162,81,243,32,10
강원,일반승용,볼보자동차코리아,볼보 EX30 Single Motor ER,247,123,370,49,15
강원,일반승용,볼보자동차코리아,볼보 EX30CC Twin Motor Perf,222,111,333,44,13
강원,일반승용,비와이디코리아,(단종)BYD ATTO 3,126,63,189,25,8
강원,일반승용,비와이디코리아,(단종)BYD DOLPHIN,109,54,163,22,7
강원,일반승용,비와이디코리아,(단종)BYD DOLPHIN Active,132,66,198,26,8
강원,일반승용,비와이디코리아,(단종)BYD SEAL,169,84,253,34,10
강원,일반승용,비와이디코리아,(단종)BYD SEAL Dynamic AWD,151,75,226,30,9
강원,일반승용,비와이디코리아,(단종)BYD SEALION 7,152,76,228,30,9
강원,일반승용,케이지모빌리티,토레스 EVX 18인치,354,177,531,71,21
강원,일반승용,케이지모빌리티,토레스 EVX 18인치(2026),361,180,541,72,22
강원,일반승용,케이지모빌리티,토레스 EVX 20인치,344,172,516,69,21
강원,일반승용,케이지모빌리티,토레스 EVX 20인치(2026),354,177,531,71,21
강원,일반승용,케이지모빌리티,(단종)토레스 EVX 2WD 18인치,327,163,490,65,20
강원,일반승용,케이지모빌리티,(단종)토레스 EVX 2WD 20인치,312,156,468,62,19
강원,일반승용,테슬라코리아,Model 3 Performance,200,100,300,40,12
강원,일반승용,테슬라코리아,Model 3 Premium Long Range RWD,420,210,630,84,25
강원,일반승용,테슬라코리아,Model 3 RWD,168,84,252,34,10
강원,일반승용,테슬라코리아,Model 3 RWD(2025),168,84,252,34,10
강원,일반승용,테슬라코리아,Model Y L AWD,215,105,320,43,13
강원,일반승용,테슬라코리아,Model Y Long Range(2025),210,105,315,42,13
강원,일반승용,테슬라코리아,Model Y Premium Long Range,210,105,315,42,13
강원,일반승용,테슬라코리아,Model Y Premium RWD,170,85,255,34,10
강원,일반승용,테슬라코리아,Model Y RWD(2025),170,85,255,34,10
강원,일반승용,폭스바겐그룹코리아,ID.4 Pro,432,216,648,86,26
강원,일반승용,폭스바겐그룹코리아,Q4 45 e-tron,206,103,309,41,12
강원,일반승용,폭스바겐그룹코리아,Q4 Sportback 45 e-tron,206,103,309,41,12
강원,일반승용,폭스바겐그룹코리아,(단종)Q6 e-tron performance,220,110,330,44,13
강원,일반승용,폭스바겐그룹코리아,iD.5 Pro,473,0,473,95,29
강원,일반승용,현대자동차,ELECTRIFIED G80,270,135,405,54,16
강원,일반승용,현대자동차,ELECTRIFIED GV70 AWD 19인치,261,130,391,52,16
강원,일반승용,현대자동차,ELECTRIFIED GV70 AWD 20인치,245,122,367,49,15
강원,일반승용,현대자동차,GV60 스탠다드 2WD 19인치,285,142,427,57,17
강원,일반승용,현대자동차,GV60 스탠다드 AWD 19인치,272,136,408,54,16
강원,일반승용,현대자동차,GV60 스탠다드 AWD 20인치,261,130,391,52,16
강원,일반승용,현대자동차,더 뉴 아이오닉5 2WD 롱레인지 19인치,564,282,846,100,30
강원,일반승용,현대자동차,더 뉴 아이오닉5 2WD 롱레인지 19인치 빌트인 캠 미적용,567,283,850,100,30
강원,일반승용,현대자동차,더 뉴 아이오닉5 2WD 롱레인지 20인치,559,279,838,100,30
강원,일반승용,현대자동차,더 뉴 아이오닉5 2WD 롱레인지 N라인 20인치,541,270,811,100,30
강원,일반승용,현대자동차,더 뉴 아이오닉5 2WD 스탠다드 19인치,483,241,724,97,29
강원,일반승용,현대자동차,더 뉴 아이오닉5 AWD 롱레인지 19인치,558,279,837,100,30
강원,일반승용,현대자동차,더 뉴 아이오닉5 AWD 롱레인지 20인치,532,266,798,100,30
강원,일반승용,현대자동차,더 뉴 아이오닉5 AWD 롱레인지 N라인 20인치,510,255,765,100,30
강원,일반승용,현대자동차,더 뉴 아이오닉6 2WD 롱레인지 18인치,570,285,855,100,30
강원,일반승용,현대자동차,더 뉴 아이오닉6 2WD 롱레인지 20인치,570,285,855,100,30
강원,일반승용,현대자동차,더 뉴 아이오닉6 2WD 롱레인지 N라인 20인치,570,285,855,100,30
강원,일반승용,현대자동차,더 뉴 아이오닉6 2WD 스탠다드 18인치,560,280,840,100,30
강원,일반승용,현대자동차,더 뉴 아이오닉6 AWD 롱레인지 18인치,570,285,855,100,30
강원,일반승용,현대자동차,더 뉴 아이오닉6 AWD 롱레인지 20인치,553,276,829,100,30
강원,일반승용,현대자동차,더 뉴 아이오닉6 AWD 롱레인지 N라인 20인치,537,268,805,100,30
강원,일반승용,현대자동차,스타리아 라운지 일렉트릭 7인승,229,0,229,46,14
강원,일반승용,현대자동차,스타리아 리무진 일렉트릭 6인승,229,114,343,46,14
강원,일반승용,현대자동차,아이오닉6 N,250,125,375,50,15
강원,일반승용,현대자동차,아이오닉9 성능형 AWD,272,136,408,54,16
강원,일반승용,현대자동차,아이오닉9 항속형 2WD,274,137,411,55,17
강원,일반승용,현대자동차,아이오닉9 항속형 AWD,271,135,406,54,16
강원,경·소형,현대자동차,캐스퍼 일렉트릭 기본형 15인치,490,245,735,98,29
강원,경·소형,현대자동차,캐스퍼 일렉트릭 크로스 17인치,487,243,730,97,29
강원,경·소형,현대자동차,캐스퍼 일렉트릭 항속형 15인치,490,245,735,98,29
강원,경·소형,현대자동차,캐스퍼 일렉트릭 항속형 17인치(라운지포함),490,245,735,98,29
강원,일반승용,현대자동차,코나 일렉트릭 2WD 롱레인지 17인치,514,257,771,100,30
강원,일반승용,현대자동차,코나 일렉트릭 2WD 롱레인지 17인치 빌트인 캠 미적용,514,257,771,100,30
강원,일반승용,현대자동차,코나 일렉트릭 2WD 롱레인지 19인치,459,229,688,92,28
강원,일반승용,현대자동차,코나 일렉트릭 2WD 스탠다드 17인치,437,218,655,87,26
충북,일반승용,BMW,MINI Aceman E,400,400,800,80,24
충북,일반승용,BMW,MINI Aceman SE,400,400,800,80,24
충북,일반승용,BMW,MINI Cooper SE,396,396,792,79,24
충북,일반승용,BMW,MINI Countryman E,217,217,434,43,13
충북,일반승용,BMW,MINI Countryman SE ALL4,203,203,406,41,12
충북,일반승용,BMW,MINI JCW Aceman E,197,197,394,39,12
충북,일반승용,BMW,MINI JCW E,191,191,382,38,11
충북,일반승용,BMW,i4 M60 LCI (71HD),233,233,466,47,14
충북,일반승용,BMW,i4 eDrive 40 LCI(21HD),244,244,488,49,15
충북,일반승용,BMW,i4 eDrive 40 LCI(61HD),256,256,512,51,15
충북,일반승용,BMW,i5 eDrive 40,262,262,524,52,16
충북,일반승용,BMW,iX1 eDrive20,212,212,424,42,13
충북,일반승용,BMW,iX1 eDrive20(11HM),235,235,470,47,14
충북,일반승용,BMW,iX1 xDrive30,192,192,384,38,11
충북,일반승용,BMW,iX2 eDrive20,214,214,428,43,13
충북,일반승용,BMW,iX2 eDrive20(71GN),239,239,478,48,14
충북,일반승용,BMW,iX3 50 xDrive,275,275,550,55,17
충북,일반승용,기아,EV3 GT,248,248,496,50,15
충북,일반승용,기아,EV3 롱레인지 2WD 17인치,555,555,"1,110",100,30
충북,일반승용,기아,EV3 롱레인지 2WD 19인치,555,555,"1,110",100,30
충북,일반승용,기아,EV3 롱레인지 4WD 19인치,539,539,"1,078",100,30
충북,일반승용,기아,EV3 스탠다드 2WD,469,469,938,94,28
충북,일반승용,기아,EV4 GT,255,256,511,51,15
충북,일반승용,기아,EV4 롱레인지 2WD 17인치,555,555,"1,110",100,30
충북,일반승용,기아,EV4 롱레인지 2WD 19인치,555,555,"1,110",100,30
충북,일반승용,기아,EV4 롱레인지 4WD 19인치,554,554,"1,108",100,30
충북,일반승용,기아,EV4 롱레인지 GTL 2WD 19인치,555,555,"1,110",100,30
충북,일반승용,기아,EV4 스탠다드 2WD 17인치,512,512,"1,024",100,30
충북,일반승용,기아,EV4 스탠다드 2WD 19인치,481,481,962,96,29
충북,일반승용,기아,EV5 GT,232,232,464,46,14
충북,일반승용,기아,EV5 롱레인지 2WD,552,552,"1,104",100,30
충북,일반승용,기아,EV5 롱레인지 4WD 18인치,499,499,998,100,30
충북,일반승용,기아,EV5 롱레인지 4WD 19인치,493,493,986,99,30
충북,일반승용,기아,EV9 GT,245,245,490,49,15
충북,일반승용,기아,EV9 롱레인지 2WD 19인치,270,270,540,54,16
충북,일반승용,기아,EV9 롱레인지 2WD 20인치,268,268,536,54,16
충북,일반승용,기아,EV9 롱레인지 4WD 19인치,254,254,508,51,15
충북,일반승용,기아,EV9 롱레인지 4WD 21인치,260,260,520,52,16
충북,일반승용,기아,EV9 롱레인지 GTL 4WD 21인치,252,252,504,50,15
충북,일반승용,기아,EV9 스탠다드,237,237,474,47,14
충북,일반승용,기아,PV5 패신저 5인승 롱레인지,458,458,916,92,28
충북,일반승용,기아,Pv5 WAV(비용 미지원),648,648,"1,296",100,30
충북,일반승용,기아,Pv5 WAV(비용 지원),448,448,896,90,27
충북,일반승용,기아,(단종)The all-new Kia Niro EV,489,489,978,98,29
충북,일반승용,기아,더뉴EV6 롱레인지 2WD 19인치,570,570,"1,140",100,30
충북,일반승용,기아,더뉴EV6 롱레인지 2WD 20인치,559,559,"1,118",100,30
충북,일반승용,기아,더뉴EV6 롱레인지 4WD 19인치,561,561,"1,122",100,30
충북,일반승용,기아,더뉴EV6 롱레인지 4WD 20인치,532,532,"1,064",100,30
충북,일반승용,기아,더뉴EV6 스탠다드,501,501,"1,002",100,30
충북,경·소형,기아,레이 EV 2WD 14인치 1인승 밴,457,457,914,91,27
충북,경·소형,기아,레이 EV 2WD 14인치 2인승 밴,457,457,914,91,27
충북,경·소형,기아,레이 EV 2WD 14인치 4인승 승용,457,457,914,91,27
충북,일반승용,메르세데스벤츠코리아,EQA 250(Facelift),190,190,380,38,11
충북,일반승용,메르세데스벤츠코리아,EQB 300 4MATIC(Facelift),154,154,308,31,9
충북,일반승용,메르세데스벤츠코리아,EQB 300 4MATIC(Facelift)(CY25/2),162,162,324,32,10
충북,일반승용,볼보자동차코리아,볼보 EX30 Single Motor ER,247,247,494,49,15
충북,일반승용,볼보자동차코리아,볼보 EX30CC Twin Motor Perf,222,222,444,44,13
충북,일반승용,비와이디코리아,(단종)BYD ATTO 3,126,126,252,25,8
충북,일반승용,비와이디코리아,(단종)BYD DOLPHIN,109,109,218,22,7
충북,일반승용,비와이디코리아,(단종)BYD DOLPHIN Active,132,132,264,26,8
충북,일반승용,비와이디코리아,(단종)BYD SEAL,169,169,338,34,10
충북,일반승용,비와이디코리아,(단종)BYD SEAL Dynamic AWD,151,151,302,30,9
충북,일반승용,비와이디코리아,(단종)BYD SEALION 7,152,152,304,30,9
충북,일반승용,케이지모빌리티,토레스 EVX 18인치,354,354,708,71,21
충북,일반승용,케이지모빌리티,토레스 EVX 18인치(2026),361,361,722,72,22
충북,일반승용,케이지모빌리티,토레스 EVX 20인치,344,344,688,69,21
충북,일반승용,케이지모빌리티,토레스 EVX 20인치(2026),354,354,708,71,21
충북,일반승용,케이지모빌리티,(단종)토레스 EVX 2WD 18인치,327,327,654,65,20
충북,일반승용,케이지모빌리티,(단종)토레스 EVX 2WD 20인치,312,312,624,62,19
충북,일반승용,테슬라코리아,Model 3 Performance,200,200,400,40,12
충북,일반승용,테슬라코리아,Model 3 Premium Long Range RWD,420,420,840,84,25
충북,일반승용,테슬라코리아,Model 3 Premium Long Range RWD(5999만원),210,210,420,42,13
충북,일반승용,테슬라코리아,Model 3 RWD,168,168,336,34,10
충북,일반승용,테슬라코리아,Model 3 RWD(2025),168,168,336,34,10
충북,일반승용,테슬라코리아,Model Y L AWD,215,210,425,43,13
충북,일반승용,테슬라코리아,Model Y Long Range(2025),210,210,420,42,13
충북,일반승용,테슬라코리아,Model Y Premium Long Range,210,210,420,42,13
충북,일반승용,테슬라코리아,Model Y Premium RWD,170,170,340,34,10
충북,일반승용,테슬라코리아,Model Y RWD(2025),170,170,340,34,10
충북,일반승용,폭스바겐그룹코리아,ID.4 Pro,432,432,864,86,26
충북,일반승용,폭스바겐그룹코리아,Q4 45 e-tron,206,206,412,41,12
충북,일반승용,폭스바겐그룹코리아,Q4 Sportback 45 e-tron,206,206,412,41,12
충북,일반승용,폭스바겐그룹코리아,(단종)Q6 e-tron performance,220,220,440,44,13
충북,일반승용,폭스바겐그룹코리아,iD.5 Pro,473,473,946,95,29
충북,일반승용,폴스타오토모티브코리아,Polestar 4 Coupe Dual Motor,168,168,336,34,10
충북,일반승용,폴스타오토모티브코리아,Polestar 4 Coupe Rear Motor,181,181,362,36,11
충북,일반승용,현대자동차,ELECTRIFIED G80,270,270,540,54,16
충북,일반승용,현대자동차,ELECTRIFIED GV70 AWD 19인치,261,261,522,52,16
충북,일반승용,현대자동차,ELECTRIFIED GV70 AWD 20인치,245,245,490,49,15
충북,일반승용,현대자동차,GV60 스탠다드 2WD 19인치,285,285,570,57,17
충북,일반승용,현대자동차,GV60 스탠다드 AWD 19인치,272,272,544,54,16
충북,일반승용,현대자동차,GV60 스탠다드 AWD 20인치,261,261,522,52,16
충북,일반승용,현대자동차,더 뉴 아이오닉5 2WD 롱레인지 19인치,564,564,"1,128",100,30
충북,일반승용,현대자동차,더 뉴 아이오닉5 2WD 롱레인지 19인치 빌트인 캠 미적용,567,567,"1,134",100,30
충북,일반승용,현대자동차,더 뉴 아이오닉5 2WD 롱레인지 20인치,559,559,"1,118",100,30
충북,일반승용,현대자동차,더 뉴 아이오닉5 2WD 롱레인지 N라인 20인치,541,541,"1,082",100,30
충북,일반승용,현대자동차,더 뉴 아이오닉5 2WD 스탠다드 19인치,483,483,966,97,29
충북,일반승용,현대자동차,더 뉴 아이오닉5 AWD 롱레인지 19인치,558,558,"1,116",100,30
충북,일반승용,현대자동차,더 뉴 아이오닉5 AWD 롱레인지 20인치,532,532,"1,064",100,30
충북,일반승용,현대자동차,더 뉴 아이오닉5 AWD 롱레인지 N라인 20인치,510,510,"1,020",100,30
충북,일반승용,현대자동차,더 뉴 아이오닉6 2WD 롱레인지 18인치,570,570,"1,140",100,30
충북,일반승용,현대자동차,더 뉴 아이오닉6 2WD 롱레인지 20인치,570,570,"1,140",100,30
충북,일반승용,현대자동차,더 뉴 아이오닉6 2WD 롱레인지 N라인 20인치,570,570,"1,140",100,30
충북,일반승용,현대자동차,더 뉴 아이오닉6 2WD 스탠다드 18인치,560,560,"1,120",100,30
충북,일반승용,현대자동차,더 뉴 아이오닉6 AWD 롱레인지 18인치,570,570,"1,140",100,30
충북,일반승용,현대자동차,더 뉴 아이오닉6 AWD 롱레인지 20인치,553,553,"1,106",100,30
충북,일반승용,현대자동차,더 뉴 아이오닉6 AWD 롱레인지 N라인 20인치,537,537,"1,074",100,30
충북,일반승용,현대자동차,스타리아 라운지 일렉트릭 7인승,229,229,458,46,14
충북,일반승용,현대자동차,스타리아 리무진 일렉트릭 6인승,229,229,458,46,14
충북,일반승용,현대자동차,아이오닉6 N,250,250,500,50,15
충북,일반승용,현대자동차,아이오닉9 성능형 AWD,272,272,544,54,16
충북,일반승용,현대자동차,아이오닉9 항속형 2WD,274,274,548,55,17
충북,일반승용,현대자동차,아이오닉9 항속형 AWD,271,271,542,54,16
충북,경·소형,현대자동차,캐스퍼 일렉트릭 기본형 15인치,490,490,980,98,29
충북,경·소형,현대자동차,캐스퍼 일렉트릭 크로스 17인치,487,487,974,97,29
충북,경·소형,현대자동차,캐스퍼 일렉트릭 항속형 15인치,490,490,980,98,29
충북,경·소형,현대자동차,캐스퍼 일렉트릭 항속형 17인치(라운지포함),490,490,980,98,29
충북,일반승용,현대자동차,코나 일렉트릭 2WD 롱레인지 17인치,514,514,"1,028",100,30
충북,일반승용,현대자동차,코나 일렉트릭 2WD 롱레인지 17인치 빌트인 캠 미적용,514,514,"1,028",100,30
충북,일반승용,현대자동차,코나 일렉트릭 2WD 롱레인지 19인치,459,459,918,92,28
충북,일반승용,현대자동차,코나 일렉트릭 2WD 스탠다드 17인치,437,437,874,87,26
충북,일반승용,BMW,MINI Aceman E,400,400,800,80,24
충북,일반승용,BMW,MINI Aceman SE,400,400,800,80,24
충북,일반승용,BMW,MINI Cooper SE,396,396,792,79,24
충북,일반승용,BMW,MINI Countryman E,217,217,434,43,13
충북,일반승용,BMW,MINI Countryman SE ALL4,203,203,406,41,12
충북,일반승용,BMW,MINI JCW Aceman E,197,197,394,39,12
충북,일반승용,BMW,MINI JCW E,191,191,382,38,11
충북,일반승용,BMW,i4 M60 LCI (71HD),233,233,466,47,14
충북,일반승용,BMW,i4 eDrive 40 LCI(21HD),244,244,488,49,15
충북,일반승용,BMW,i4 eDrive 40 LCI(61HD),256,256,512,51,15
충북,일반승용,BMW,i5 eDrive 40,262,262,524,52,16
충북,일반승용,BMW,iX1 eDrive20,212,212,424,42,13
충북,일반승용,BMW,iX1 eDrive20(11HM),235,235,470,47,14
충북,일반승용,BMW,iX1 xDrive30,192,192,384,38,11
충북,일반승용,BMW,iX2 eDrive20,214,214,428,43,13
충북,일반승용,BMW,iX2 eDrive20(71GN),239,239,478,48,14
충북,일반승용,BMW,iX3 50 xDrive,275,275,550,55,17
충북,일반승용,기아,EV3 GT,248,248,496,50,15
충북,일반승용,기아,EV3 롱레인지 2WD 17인치,555,555,"1,110",100,30
충북,일반승용,기아,EV3 롱레인지 2WD 19인치,555,555,"1,110",100,30
충북,일반승용,기아,EV3 롱레인지 4WD 19인치,539,539,"1,078",100,30
충북,일반승용,기아,EV3 스탠다드 2WD,469,469,938,94,28
충북,일반승용,기아,EV4 GT,255,255,510,51,15
충북,일반승용,기아,EV4 롱레인지 2WD 17인치,555,555,"1,110",100,30
충북,일반승용,기아,EV4 롱레인지 2WD 19인치,555,555,"1,110",100,30
충북,일반승용,기아,EV4 롱레인지 4WD 19인치,554,554,"1,108",100,30
충북,일반승용,기아,EV4 롱레인지 GTL 2WD 19인치,555,555,"1,110",100,30
충북,일반승용,기아,EV4 스탠다드 2WD 17인치,512,512,"1,024",100,30
충북,일반승용,기아,EV4 스탠다드 2WD 19인치,481,481,962,96,29
충북,일반승용,기아,EV5 GT,232,232,464,46,14
충북,일반승용,기아,EV5 롱레인지 2WD,552,552,"1,104",100,30
충북,일반승용,기아,EV5 롱레인지 4WD 18인치,499,499,998,100,30
충북,일반승용,기아,EV5 롱레인지 4WD 19인치,493,493,986,99,30
충북,일반승용,기아,EV9 GT,245,245,490,49,15
충북,일반승용,기아,EV9 롱레인지 2WD 19인치,270,270,540,54,16
충북,일반승용,기아,EV9 롱레인지 2WD 20인치,268,268,536,54,16
충북,일반승용,기아,EV9 롱레인지 4WD 19인치,254,254,508,51,15
충북,일반승용,기아,EV9 롱레인지 4WD 21인치,260,260,520,52,16
충북,일반승용,기아,EV9 롱레인지 GTL 4WD 21인치,252,252,504,50,15
충북,일반승용,기아,EV9 스탠다드,237,237,474,47,14
충북,일반승용,기아,PV5 패신저 5인승 롱레인지,458,458,916,92,28
충북,일반승용,기아,Pv5 WAV(비용 미지원),648,648,"1,296",100,30
충북,일반승용,기아,Pv5 WAV(비용 지원),448,448,896,90,27
충북,일반승용,기아,(단종)The all-new Kia Niro EV,489,489,978,98,29
충북,일반승용,기아,더뉴EV6 롱레인지 2WD 19인치,570,570,"1,140",100,30
충북,일반승용,기아,더뉴EV6 롱레인지 2WD 20인치,559,559,"1,118",100,30
충북,일반승용,기아,더뉴EV6 롱레인지 4WD 19인치,561,561,"1,122",100,30
충북,일반승용,기아,더뉴EV6 롱레인지 4WD 20인치,532,532,"1,064",100,30
충북,일반승용,기아,더뉴EV6 스탠다드,501,501,"1,002",100,30
충북,경·소형,기아,레이 EV 2WD 14인치 1인승 밴,457,457,914,91,27
충북,경·소형,기아,레이 EV 2WD 14인치 2인승 밴,457,457,914,91,27
충북,경·소형,기아,레이 EV 2WD 14인치 4인승 승용,457,457,914,91,27
충북,일반승용,메르세데스벤츠코리아,EQA 250(Facelift),190,190,380,38,11
충북,일반승용,메르세데스벤츠코리아,EQB 300 4MATIC(Facelift),154,154,308,31,9
충북,일반승용,메르세데스벤츠코리아,EQB 300 4MATIC(Facelift)(CY25/2),162,162,324,32,10
충북,일반승용,볼보자동차코리아,볼보 EX30 Single Motor ER,247,247,494,49,15
충북,일반승용,볼보자동차코리아,볼보 EX30CC Twin Motor Perf,222,222,444,44,13
충북,일반승용,비와이디코리아,(단종)BYD ATTO 3,126,126,252,25,8
충북,일반승용,비와이디코리아,(단종)BYD DOLPHIN,109,109,218,22,7
충북,일반승용,비와이디코리아,(단종)BYD DOLPHIN Active,132,132,264,26,8
충북,일반승용,비와이디코리아,(단종)BYD SEAL,169,169,338,34,10
충북,일반승용,비와이디코리아,(단종)BYD SEAL Dynamic AWD,151,151,302,30,9
충북,일반승용,비와이디코리아,(단종)BYD SEALION 7,152,152,304,30,9
충북,일반승용,케이지모빌리티,토레스 EVX 18인치,354,354,708,71,21
충북,일반승용,케이지모빌리티,토레스 EVX 18인치(2026),361,361,722,72,22
충북,일반승용,케이지모빌리티,토레스 EVX 20인치,344,344,688,69,21
충북,일반승용,케이지모빌리티,토레스 EVX 20인치(2026),354,354,708,71,21
충북,일반승용,케이지모빌리티,(단종)토레스 EVX 2WD 18인치,327,327,654,65,20
충북,일반승용,케이지모빌리티,(단종)토레스 EVX 2WD 20인치,312,312,624,62,19
충북,일반승용,테슬라코리아,Model 3 Performance,200,200,400,40,12
충북,일반승용,테슬라코리아,Model 3 Premium Long Range RWD,420,420,840,84,25
충북,일반승용,테슬라코리아,Model 3 Premium Long Range RWD(5999만원),210,210,420,42,13
충북,일반승용,테슬라코리아,Model 3 RWD,168,168,336,34,10
충북,일반승용,테슬라코리아,Model 3 RWD(2025),168,168,336,34,10
충북,일반승용,테슬라코리아,Model Y L AWD,215,215,430,43,13
충북,일반승용,테슬라코리아,Model Y Long Range(2025),210,210,420,42,13
충북,일반승용,테슬라코리아,Model Y Premium Long Range,210,210,420,42,13
충북,일반승용,테슬라코리아,Model Y Premium RWD,170,170,340,34,10
충북,일반승용,테슬라코리아,Model Y RWD(2025),170,170,340,34,10
충북,일반승용,폭스바겐그룹코리아,ID.4 Pro,432,432,864,86,26
충북,일반승용,폭스바겐그룹코리아,Q4 45 e-tron,206,206,412,41,12
충북,일반승용,폭스바겐그룹코리아,Q4 Sportback 45 e-tron,206,206,412,41,12
충북,일반승용,폭스바겐그룹코리아,(단종)Q6 e-tron performance,220,220,440,44,13
충북,일반승용,폭스바겐그룹코리아,iD.5 Pro,473,473,946,95,29
충북,일반승용,폴스타오토모티브코리아,Polestar 4 Coupe Dual Motor,168,168,336,34,10
충북,일반승용,폴스타오토모티브코리아,Polestar 4 Coupe Rear Motor,181,181,362,36,11
충북,일반승용,현대자동차,ELECTRIFIED G80,270,270,540,54,16
충북,일반승용,현대자동차,ELECTRIFIED GV70 AWD 19인치,261,261,522,52,16
충북,일반승용,현대자동차,ELECTRIFIED GV70 AWD 20인치,245,245,490,49,15
충북,일반승용,현대자동차,GV60 스탠다드 2WD 19인치,285,285,570,57,17
충북,일반승용,현대자동차,GV60 스탠다드 AWD 19인치,272,272,544,54,16
충북,일반승용,현대자동차,GV60 스탠다드 AWD 20인치,261,261,522,52,16
충북,일반승용,현대자동차,더 뉴 아이오닉5 2WD 롱레인지 19인치,564,564,"1,128",100,30
충북,일반승용,현대자동차,더 뉴 아이오닉5 2WD 롱레인지 19인치 빌트인 캠 미적용,567,567,"1,134",100,30
충북,일반승용,현대자동차,더 뉴 아이오닉5 2WD 롱레인지 20인치,559,559,"1,118",100,30
충북,일반승용,현대자동차,더 뉴 아이오닉5 2WD 롱레인지 N라인 20인치,541,541,"1,082",100,30
충북,일반승용,현대자동차,더 뉴 아이오닉5 2WD 스탠다드 19인치,483,483,966,97,29
충북,일반승용,현대자동차,더 뉴 아이오닉5 AWD 롱레인지 19인치,558,558,"1,116",100,30
충북,일반승용,현대자동차,더 뉴 아이오닉5 AWD 롱레인지 20인치,532,532,"1,064",100,30
충북,일반승용,현대자동차,더 뉴 아이오닉5 AWD 롱레인지 N라인 20인치,510,510,"1,020",100,30
충북,일반승용,현대자동차,더 뉴 아이오닉6 2WD 롱레인지 18인치,570,570,"1,140",100,30
충북,일반승용,현대자동차,더 뉴 아이오닉6 2WD 롱레인지 20인치,570,570,"1,140",100,30
충북,일반승용,현대자동차,더 뉴 아이오닉6 2WD 롱레인지 N라인 20인치,570,570,"1,140",100,30
충북,일반승용,현대자동차,더 뉴 아이오닉6 2WD 스탠다드 18인치,560,560,"1,120",100,30
충북,일반승용,현대자동차,더 뉴 아이오닉6 AWD 롱레인지 18인치,570,570,"1,140",100,30
충북,일반승용,현대자동차,더 뉴 아이오닉6 AWD 롱레인지 20인치,553,553,"1,106",100,30
충북,일반승용,현대자동차,더 뉴 아이오닉6 AWD 롱레인지 N라인 20인치,537,537,"1,074",100,30
충북,일반승용,현대자동차,스타리아 라운지 일렉트릭 7인승,229,229,458,46,14
충북,일반승용,현대자동차,스타리아 리무진 일렉트릭 6인승,229,229,458,46,14
충북,일반승용,현대자동차,아이오닉6 N,250,250,500,50,15
충북,일반승용,현대자동차,아이오닉9 성능형 AWD,272,272,544,54,16
충북,일반승용,현대자동차,아이오닉9 항속형 2WD,274,274,548,55,17
충북,일반승용,현대자동차,아이오닉9 항속형 AWD,271,271,542,54,16
충북,경·소형,현대자동차,캐스퍼 일렉트릭 기본형 15인치,490,490,980,98,29
충북,경·소형,현대자동차,캐스퍼 일렉트릭 크로스 17인치,487,487,974,97,29
충북,경·소형,현대자동차,캐스퍼 일렉트릭 항속형 15인치,490,490,980,98,29
충북,경·소형,현대자동차,캐스퍼 일렉트릭 항속형 17인치(라운지포함),490,490,980,98,29
충북,일반승용,현대자동차,코나 일렉트릭 2WD 롱레인지 17인치,514,514,"1,028",100,30
충북,일반승용,현대자동차,코나 일렉트릭 2WD 롱레인지 17인치 빌트인 캠 미적용,514,514,"1,028",100,30
충북,일반승용,현대자동차,코나 일렉트릭 2WD 롱레인지 19인치,459,459,918,92,28
충북,일반승용,현대자동차,코나 일렉트릭 2WD 스탠다드 17인치,437,437,874,87,26
충북,일반승용,BMW,MINI Aceman E,400,400,800,80,24
충북,일반승용,BMW,MINI Aceman SE,400,400,800,80,24
충북,일반승용,BMW,MINI Cooper SE,396,396,792,79,24
충북,일반승용,BMW,MINI Countryman E,217,217,434,43,13
충북,일반승용,BMW,MINI Countryman SE ALL4,203,203,406,41,12
충북,일반승용,BMW,MINI JCW Aceman E,197,197,394,39,12
충북,일반승용,BMW,MINI JCW E,191,191,382,38,11
충북,일반승용,BMW,i4 M60 LCI (71HD),233,233,466,47,14
충북,일반승용,BMW,i4 eDrive 40 LCI(21HD),244,244,488,49,15
충북,일반승용,BMW,i4 eDrive 40 LCI(61HD),256,256,512,51,15
충북,일반승용,BMW,i5 eDrive 40,262,262,524,52,16
충북,일반승용,BMW,iX1 eDrive20,212,212,424,42,13
충북,일반승용,BMW,iX1 xDrive30,192,192,384,38,11
충북,일반승용,BMW,iX2 eDrive20,214,214,428,43,13
충북,일반승용,기아,EV3 GT,248,248,496,50,15
충북,일반승용,기아,EV3 롱레인지 2WD 17인치,555,555,"1,110",100,30
충북,일반승용,기아,EV3 롱레인지 2WD 19인치,555,555,"1,110",100,30
충북,일반승용,기아,EV3 롱레인지 4WD 19인치,539,539,"1,078",100,30
충북,일반승용,기아,EV3 스탠다드 2WD,469,469,938,94,28
충북,일반승용,기아,EV4 GT,255,255,510,51,15
충북,일반승용,기아,EV4 롱레인지 2WD 17인치,555,555,"1,110",100,30
충북,일반승용,기아,EV4 롱레인지 2WD 19인치,555,555,"1,110",100,30
충북,일반승용,기아,EV4 롱레인지 4WD 19인치,554,554,"1,108",100,30
충북,일반승용,기아,EV4 롱레인지 GTL 2WD 19인치,555,555,"1,110",100,30
충북,일반승용,기아,EV4 스탠다드 2WD 17인치,512,512,"1,024",100,30
충북,일반승용,기아,EV4 스탠다드 2WD 19인치,481,481,962,96,29
충북,일반승용,기아,EV5 GT,232,232,464,46,14
충북,일반승용,기아,EV5 롱레인지 2WD,552,552,"1,104",100,30
충북,일반승용,기아,EV5 롱레인지 4WD 18인치,499,499,998,100,30
충북,일반승용,기아,EV5 롱레인지 4WD 19인치,493,493,986,99,30
충북,일반승용,기아,EV9 GT,245,245,490,49,15
충북,일반승용,기아,EV9 롱레인지 2WD 19인치,270,270,540,54,16
충북,일반승용,기아,EV9 롱레인지 2WD 20인치,268,268,536,54,16
충북,일반승용,기아,EV9 롱레인지 4WD 19인치,254,254,508,51,15
충북,일반승용,기아,EV9 롱레인지 4WD 21인치,260,260,520,52,16
충북,일반승용,기아,EV9 롱레인지 GTL 4WD 21인치,252,252,504,50,15
충북,일반승용,기아,EV9 스탠다드,237,237,474,47,14
충북,일반승용,기아,PV5 패신저 5인승 롱레인지,458,458,916,92,28
충북,일반승용,기아,Pv5 WAV(비용 미지원),648,648,"1,296",100,30
충북,일반승용,기아,Pv5 WAV(비용 지원),448,448,896,90,27
충북,일반승용,기아,(단종)The all-new Kia Niro EV,489,489,978,98,29
충북,일반승용,기아,더뉴EV6 롱레인지 2WD 19인치,570,570,"1,140",100,30
충북,일반승용,기아,더뉴EV6 롱레인지 2WD 20인치,559,559,"1,118",100,30
충북,일반승용,기아,더뉴EV6 롱레인지 4WD 19인치,561,561,"1,122",100,30
충북,일반승용,기아,더뉴EV6 롱레인지 4WD 20인치,532,532,"1,064",100,30
충북,일반승용,기아,더뉴EV6 스탠다드,501,501,"1,002",100,30
충북,경·소형,기아,레이 EV 2WD 14인치 1인승 밴,457,457,914,91,27
충북,경·소형,기아,레이 EV 2WD 14인치 2인승 밴,457,457,914,91,27
충북,경·소형,기아,레이 EV 2WD 14인치 4인승 승용,457,457,914,91,27
충북,일반승용,메르세데스벤츠코리아,EQA 250(Facelift),190,190,380,38,11
충북,일반승용,메르세데스벤츠코리아,EQB 300 4MATIC(Facelift),154,154,308,31,9
충북,일반승용,메르세데스벤츠코리아,EQB 300 4MATIC(Facelift)(CY25/2),162,162,324,32,10
충북,일반승용,볼보자동차코리아,볼보 EX30 Single Motor ER,247,247,494,49,15
충북,일반승용,볼보자동차코리아,볼보 EX30CC Twin Motor Perf,222,222,444,44,13
충북,일반승용,비와이디코리아,(단종)BYD ATTO 3,126,126,252,25,8
충북,일반승용,비와이디코리아,(단종)BYD DOLPHIN,109,109,218,22,7
충북,일반승용,비와이디코리아,(단종)BYD DOLPHIN Active,132,132,264,26,8
충북,일반승용,비와이디코리아,(단종)BYD SEAL,169,169,338,34,10
충북,일반승용,비와이디코리아,(단종)BYD SEAL Dynamic AWD,151,151,302,30,9
충북,일반승용,비와이디코리아,(단종)BYD SEALION 7,152,152,304,30,9
충북,일반승용,케이지모빌리티,토레스 EVX 18인치,354,354,708,71,21
충북,일반승용,케이지모빌리티,토레스 EVX 18인치(2026),361,361,722,72,22
충북,일반승용,케이지모빌리티,토레스 EVX 20인치,344,344,688,69,21
충북,일반승용,케이지모빌리티,토레스 EVX 20인치(2026),354,354,708,71,21
충북,일반승용,케이지모빌리티,(단종)토레스 EVX 2WD 18인치,327,327,654,65,20
충북,일반승용,케이지모빌리티,(단종)토레스 EVX 2WD 20인치,312,312,624,62,19
충북,일반승용,테슬라코리아,Model 3 Performance,200,200,400,40,12
충북,일반승용,테슬라코리아,Model 3 Premium Long Range RWD,420,420,840,84,25
충북,일반승용,테슬라코리아,Model 3 RWD,168,168,336,34,10
충북,일반승용,테슬라코리아,Model 3 RWD(2025),168,168,336,34,10
충북,일반승용,테슬라코리아,Model Y L AWD,215,210,425,43,13
충북,일반승용,테슬라코리아,Model Y Long Range(2025),210,210,420,42,13
충북,일반승용,테슬라코리아,Model Y Premium Long Range,210,210,420,42,13
충북,일반승용,테슬라코리아,Model Y Premium RWD,170,170,340,34,10
충북,일반승용,테슬라코리아,Model Y RWD(2025),170,170,340,34,10
충북,일반승용,폭스바겐그룹코리아,ID.4 Pro,432,432,864,86,26
충북,일반승용,폭스바겐그룹코리아,Q4 45 e-tron,206,206,412,41,12
충북,일반승용,폭스바겐그룹코리아,Q4 Sportback 45 e-tron,206,206,412,41,12
충북,일반승용,폭스바겐그룹코리아,(단종)Q6 e-tron performance,220,220,440,44,13
충북,일반승용,현대자동차,ELECTRIFIED G80,270,270,540,54,16
충북,일반승용,현대자동차,ELECTRIFIED GV70 AWD 19인치,261,261,522,52,16
충북,일반승용,현대자동차,ELECTRIFIED GV70 AWD 20인치,245,245,490,49,15
충북,일반승용,현대자동차,GV60 스탠다드 2WD 19인치,285,285,570,57,17
충북,일반승용,현대자동차,GV60 스탠다드 AWD 19인치,272,272,544,54,16
충북,일반승용,현대자동차,GV60 스탠다드 AWD 20인치,261,261,522,52,16
충북,일반승용,현대자동차,더 뉴 아이오닉5 2WD 롱레인지 19인치,564,564,"1,128",100,30
충북,일반승용,현대자동차,더 뉴 아이오닉5 2WD 롱레인지 19인치 빌트인 캠 미적용,567,567,"1,134",100,30
충북,일반승용,현대자동차,더 뉴 아이오닉5 2WD 롱레인지 20인치,559,559,"1,118",100,30
충북,일반승용,현대자동차,더 뉴 아이오닉5 2WD 롱레인지 N라인 20인치,541,541,"1,082",100,30
충북,일반승용,현대자동차,더 뉴 아이오닉5 2WD 스탠다드 19인치,483,483,966,97,29
충북,일반승용,현대자동차,더 뉴 아이오닉5 AWD 롱레인지 19인치,558,558,"1,116",100,30
충북,일반승용,현대자동차,더 뉴 아이오닉5 AWD 롱레인지 20인치,532,532,"1,064",100,30
충북,일반승용,현대자동차,더 뉴 아이오닉5 AWD 롱레인지 N라인 20인치,510,510,"1,020",100,30
충북,일반승용,현대자동차,더 뉴 아이오닉6 2WD 롱레인지 18인치,570,570,"1,140",100,30
충북,일반승용,현대자동차,더 뉴 아이오닉6 2WD 롱레인지 20인치,570,570,"1,140",100,30
충북,일반승용,현대자동차,더 뉴 아이오닉6 2WD 롱레인지 N라인 20인치,570,570,"1,140",100,30
충북,일반승용,현대자동차,더 뉴 아이오닉6 2WD 스탠다드 18인치,560,560,"1,120",100,30
충북,일반승용,현대자동차,더 뉴 아이오닉6 AWD 롱레인지 18인치,570,570,"1,140",100,30
충북,일반승용,현대자동차,더 뉴 아이오닉6 AWD 롱레인지 20인치,553,553,"1,106",100,30
충북,일반승용,현대자동차,더 뉴 아이오닉6 AWD 롱레인지 N라인 20인치,537,537,"1,074",100,30
충북,일반승용,현대자동차,스타리아 리무진 일렉트릭 6인승,229,229,458,46,14
충북,일반승용,현대자동차,아이오닉6 N,250,250,500,50,15
충북,일반승용,현대자동차,아이오닉9 성능형 AWD,272,272,544,54,16
충북,일반승용,현대자동차,아이오닉9 항속형 2WD,274,274,548,55,17
충북,일반승용,현대자동차,아이오닉9 항속형 AWD,271,271,542,54,16
충북,경·소형,현대자동차,캐스퍼 일렉트릭 기본형 15인치,490,490,980,98,29
충북,경·소형,현대자동차,캐스퍼 일렉트릭 크로스 17인치,487,487,974,97,29
충북,경·소형,현대자동차,캐스퍼 일렉트릭 항속형 15인치,490,490,980,98,29
충북,경·소형,현대자동차,캐스퍼 일렉트릭 항속형 17인치(라운지포함),490,490,980,98,29
충북,일반승용,현대자동차,코나 일렉트릭 2WD 롱레인지 17인치,514,514,"1,028",100,30
충북,일반승용,현대자동차,코나 일렉트릭 2WD 롱레인지 17인치 빌트인 캠 미적용,514,514,"1,028",100,30
충북,일반승용,현대자동차,코나 일렉트릭 2WD 롱레인지 19인치,459,459,918,92,28
충북,일반승용,현대자동차,코나 일렉트릭 2WD 스탠다드 17인치,437,437,874,87,26
충북,일반승용,BMW,MINI Aceman E,400,400,800,80,24
충북,일반승용,BMW,MINI Aceman SE,400,400,800,80,24
충북,일반승용,BMW,MINI Cooper SE,396,396,792,79,24
충북,일반승용,BMW,MINI Countryman E,217,217,434,43,13
충북,일반승용,BMW,MINI Countryman SE ALL4,203,203,406,41,12
충북,일반승용,BMW,MINI JCW Aceman E,197,197,394,39,12
충북,일반승용,BMW,MINI JCW E,191,191,382,38,11
충북,일반승용,BMW,i4 M60 LCI (71HD),233,233,466,47,14
충북,일반승용,BMW,i4 eDrive 40 LCI(21HD),244,244,488,49,15
충북,일반승용,BMW,i4 eDrive 40 LCI(61HD),256,256,512,51,15
충북,일반승용,BMW,i5 eDrive 40,262,262,524,52,16
충북,일반승용,BMW,iX1 eDrive20,212,212,424,42,13
충북,일반승용,BMW,iX1 xDrive30,192,192,384,38,11
충북,일반승용,BMW,iX2 eDrive20,214,214,428,43,13
충북,일반승용,BMW,iX3 50 xDrive,275,275,550,55,17
충북,일반승용,기아,EV3 GT,248,248,496,50,15
충북,일반승용,기아,EV3 롱레인지 2WD 17인치,555,555,"1,110",100,30
충북,일반승용,기아,EV3 롱레인지 2WD 19인치,555,555,"1,110",100,30
충북,일반승용,기아,EV3 롱레인지 4WD 19인치,539,539,"1,078",100,30
충북,일반승용,기아,EV3 스탠다드 2WD,469,469,938,94,28
충북,일반승용,기아,EV4 GT,255,256,511,51,15
충북,일반승용,기아,EV4 롱레인지 2WD 17인치,555,555,"1,110",100,30
충북,일반승용,기아,EV4 롱레인지 2WD 19인치,555,555,"1,110",100,30
충북,일반승용,기아,EV4 롱레인지 4WD 19인치,554,554,"1,108",100,30
충북,일반승용,기아,EV4 롱레인지 GTL 2WD 19인치,555,555,"1,110",100,30
충북,일반승용,기아,EV4 스탠다드 2WD 17인치,512,512,"1,024",100,30
충북,일반승용,기아,EV4 스탠다드 2WD 19인치,481,481,962,96,29
충북,일반승용,기아,EV5 GT,232,232,464,46,14
충북,일반승용,기아,EV5 롱레인지 2WD,552,552,"1,104",100,30
충북,일반승용,기아,EV5 롱레인지 4WD 18인치,499,499,998,100,30
충북,일반승용,기아,EV5 롱레인지 4WD 19인치,493,493,986,99,30
충북,일반승용,기아,EV9 GT,245,245,490,49,15
충북,일반승용,기아,EV9 롱레인지 2WD 19인치,270,270,540,54,16
충북,일반승용,기아,EV9 롱레인지 2WD 20인치,268,268,536,54,16
충북,일반승용,기아,EV9 롱레인지 4WD 19인치,254,254,508,51,15
충북,일반승용,기아,EV9 롱레인지 4WD 21인치,260,260,520,52,16
충북,일반승용,기아,EV9 롱레인지 GTL 4WD 21인치,252,252,504,50,15
충북,일반승용,기아,EV9 스탠다드,237,237,474,47,14
충북,일반승용,기아,PV5 패신저 5인승 롱레인지,458,458,916,92,28
충북,일반승용,기아,Pv5 WAV(비용 미지원),648,648,"1,296",100,30
충북,일반승용,기아,Pv5 WAV(비용 지원),448,448,896,90,27
충북,일반승용,기아,(단종)The all-new Kia Niro EV,489,489,978,98,29
충북,일반승용,기아,더뉴EV6 롱레인지 2WD 19인치,570,570,"1,140",100,30
충북,일반승용,기아,더뉴EV6 롱레인지 2WD 20인치,559,559,"1,118",100,30
충북,일반승용,기아,더뉴EV6 롱레인지 4WD 19인치,561,561,"1,122",100,30
충북,일반승용,기아,더뉴EV6 롱레인지 4WD 20인치,532,532,"1,064",100,30
충북,일반승용,기아,더뉴EV6 스탠다드,501,501,"1,002",100,30
충북,경·소형,기아,레이 EV 2WD 14인치 1인승 밴,457,457,914,91,27
충북,경·소형,기아,레이 EV 2WD 14인치 2인승 밴,457,457,914,91,27
충북,경·소형,기아,레이 EV 2WD 14인치 4인승 승용,457,457,914,91,27
충북,일반승용,메르세데스벤츠코리아,EQA 250(Facelift),190,190,380,38,11
충북,일반승용,메르세데스벤츠코리아,EQB 300 4MATIC(Facelift),154,154,308,31,9
충북,일반승용,메르세데스벤츠코리아,EQB 300 4MATIC(Facelift)(CY25/2),162,162,324,32,10
충북,일반승용,볼보자동차코리아,볼보 EX30 Single Motor ER,247,247,494,49,15
충북,일반승용,볼보자동차코리아,볼보 EX30CC Twin Motor Perf,222,222,444,44,13
충북,일반승용,비와이디코리아,(단종)BYD ATTO 3,126,126,252,25,8
충북,일반승용,비와이디코리아,(단종)BYD DOLPHIN,109,109,218,22,7
충북,일반승용,비와이디코리아,(단종)BYD DOLPHIN Active,132,132,264,26,8
충북,일반승용,비와이디코리아,(단종)BYD SEAL,169,169,338,34,10
충북,일반승용,비와이디코리아,(단종)BYD SEAL Dynamic AWD,151,151,302,30,9
충북,일반승용,비와이디코리아,(단종)BYD SEALION 7,152,152,304,30,9
충북,일반승용,케이지모빌리티,토레스 EVX 18인치,354,354,708,71,21
충북,일반승용,케이지모빌리티,토레스 EVX 18인치(2026),361,361,722,72,22
충북,일반승용,케이지모빌리티,토레스 EVX 20인치,344,344,688,69,21
충북,일반승용,케이지모빌리티,토레스 EVX 20인치(2026),354,354,708,71,21
충북,일반승용,케이지모빌리티,(단종)토레스 EVX 2WD 18인치,327,327,654,65,20
충북,일반승용,케이지모빌리티,(단종)토레스 EVX 2WD 20인치,312,312,624,62,19
충북,일반승용,테슬라코리아,Model 3 Performance,200,200,400,40,12
충북,일반승용,테슬라코리아,Model 3 Premium Long Range RWD,420,420,840,84,25
충북,일반승용,테슬라코리아,Model 3 RWD,168,168,336,34,10
충북,일반승용,테슬라코리아,Model 3 RWD(2025),168,0,168,34,10
충북,일반승용,테슬라코리아,Model Y L AWD,215,210,425,43,13
충북,일반승용,테슬라코리아,Model Y Long Range(2025),210,210,420,42,13
충북,일반승용,테슬라코리아,Model Y Premium Long Range,210,210,420,42,13
충북,일반승용,테슬라코리아,Model Y Premium RWD,170,170,340,34,10
충북,일반승용,테슬라코리아,Model Y RWD(2025),170,170,340,34,10
충북,일반승용,폭스바겐그룹코리아,ID.4 Pro,432,432,864,86,26
충북,일반승용,폭스바겐그룹코리아,Q4 45 e-tron,206,206,412,41,12
충북,일반승용,폭스바겐그룹코리아,Q4 Sportback 45 e-tron,206,206,412,41,12
충북,일반승용,폭스바겐그룹코리아,(단종)Q6 e-tron performance,220,220,440,44,13
충북,일반승용,폭스바겐그룹코리아,iD.5 Pro,473,473,946,95,29
충북,일반승용,현대자동차,ELECTRIFIED G80,270,270,540,54,16
충북,일반승용,현대자동차,ELECTRIFIED GV70 AWD 19인치,261,261,522,52,16
충북,일반승용,현대자동차,ELECTRIFIED GV70 AWD 20인치,245,245,490,49,15
충북,일반승용,현대자동차,GV60 스탠다드 2WD 19인치,285,285,570,57,17
충북,일반승용,현대자동차,GV60 스탠다드 AWD 19인치,272,272,544,54,16
충북,일반승용,현대자동차,GV60 스탠다드 AWD 20인치,261,261,522,52,16
충북,일반승용,현대자동차,더 뉴 아이오닉5 2WD 롱레인지 19인치,564,564,"1,128",100,30
충북,일반승용,현대자동차,더 뉴 아이오닉5 2WD 롱레인지 19인치 빌트인 캠 미적용,567,567,"1,134",100,30
충북,일반승용,현대자동차,더 뉴 아이오닉5 2WD 롱레인지 20인치,559,559,"1,118",100,30
충북,일반승용,현대자동차,더 뉴 아이오닉5 2WD 롱레인지 N라인 20인치,541,541,"1,082",100,30
충북,일반승용,현대자동차,더 뉴 아이오닉5 2WD 스탠다드 19인치,483,483,966,97,29
충북,일반승용,현대자동차,더 뉴 아이오닉5 AWD 롱레인지 19인치,558,558,"1,116",100,30
충북,일반승용,현대자동차,더 뉴 아이오닉5 AWD 롱레인지 20인치,532,532,"1,064",100,30
충북,일반승용,현대자동차,더 뉴 아이오닉5 AWD 롱레인지 N라인 20인치,510,510,"1,020",100,30
충북,일반승용,현대자동차,더 뉴 아이오닉6 2WD 롱레인지 18인치,570,570,"1,140",100,30
충북,일반승용,현대자동차,더 뉴 아이오닉6 2WD 롱레인지 20인치,570,570,"1,140",100,30
충북,일반승용,현대자동차,더 뉴 아이오닉6 2WD 롱레인지 N라인 20인치,570,570,"1,140",100,30
충북,일반승용,현대자동차,더 뉴 아이오닉6 2WD 스탠다드 18인치,560,560,"1,120",100,30
충북,일반승용,현대자동차,더 뉴 아이오닉6 AWD 롱레인지 18인치,570,570,"1,140",100,30
충북,일반승용,현대자동차,더 뉴 아이오닉6 AWD 롱레인지 20인치,553,553,"1,106",100,30
충북,일반승용,현대자동차,더 뉴 아이오닉6 AWD 롱레인지 N라인 20인치,537,537,"1,074",100,30
충북,일반승용,현대자동차,스타리아 라운지 일렉트릭 7인승,229,229,458,46,14
충북,일반승용,현대자동차,스타리아 리무진 일렉트릭 6인승,229,229,458,46,14
충북,일반승용,현대자동차,아이오닉6 N,250,250,500,50,15
충북,일반승용,현대자동차,아이오닉9 성능형 AWD,272,272,544,54,16
충북,일반승용,현대자동차,아이오닉9 항속형 2WD,274,274,548,55,17
충북,일반승용,현대자동차,아이오닉9 항속형 AWD,271,271,542,54,16
충북,경·소형,현대자동차,캐스퍼 일렉트릭 기본형 15인치,490,490,980,98,29
충북,경·소형,현대자동차,캐스퍼 일렉트릭 크로스 17인치,487,487,974,97,29
충북,경·소형,현대자동차,캐스퍼 일렉트릭 항속형 15인치,490,490,980,98,29
충북,경·소형,현대자동차,캐스퍼 일렉트릭 항속형 17인치(라운지포함),490,490,980,98,29
충북,일반승용,현대자동차,코나 일렉트릭 2WD 롱레인지 17인치,514,514,"1,028",100,30
충북,일반승용,현대자동차,코나 일렉트릭 2WD 롱레인지 17인치 빌트인 캠 미적용,514,514,"1,028",100,30
충북,일반승용,현대자동차,코나 일렉트릭 2WD 롱레인지 19인치,459,459,918,92,28
충북,일반승용,현대자동차,코나 일렉트릭 2WD 스탠다드 17인치,437,437,874,87,26
충북,일반승용,BMW,MINI Aceman E,400,400,800,80,24
충북,일반승용,BMW,MINI Aceman SE,400,400,800,80,24
충북,일반승용,BMW,MINI Cooper SE,396,396,792,79,24
충북,일반승용,BMW,MINI Countryman E,217,217,434,43,13
충북,일반승용,BMW,MINI Countryman SE ALL4,203,203,406,41,12
충북,일반승용,BMW,MINI JCW Aceman E,197,197,394,39,12
충북,일반승용,BMW,MINI JCW E,191,191,382,38,11
충북,일반승용,BMW,i4 M60 LCI (71HD),233,233,466,47,14
충북,일반승용,BMW,i4 eDrive 40 LCI(21HD),244,244,488,49,15
충북,일반승용,BMW,i4 eDrive 40 LCI(61HD),256,256,512,51,15
충북,일반승용,BMW,i5 eDrive 40,262,262,524,52,16
충북,일반승용,BMW,iX1 eDrive20,212,212,424,42,13
충북,일반승용,BMW,iX1 eDrive20(11HM),235,235,470,47,14
충북,일반승용,BMW,iX1 xDrive30,192,192,384,38,11
충북,일반승용,BMW,iX2 eDrive20,214,214,428,43,13
충북,일반승용,BMW,iX2 eDrive20(71GN),239,239,478,48,14
충북,일반승용,BMW,iX3 50 xDrive,275,275,550,55,17
충북,일반승용,기아,EV3 GT,248,248,496,50,15
충북,일반승용,기아,EV3 롱레인지 2WD 17인치,555,555,"1,110",100,30
충북,일반승용,기아,EV3 롱레인지 2WD 19인치,555,555,"1,110",100,30
충북,일반승용,기아,EV3 롱레인지 4WD 19인치,539,539,"1,078",100,30
충북,일반승용,기아,EV3 스탠다드 2WD,469,469,938,94,28
충북,일반승용,기아,EV4 GT,255,255,510,51,15
충북,일반승용,기아,EV4 롱레인지 2WD 17인치,555,555,"1,110",100,30
충북,일반승용,기아,EV4 롱레인지 2WD 19인치,555,555,"1,110",100,30
충북,일반승용,기아,EV4 롱레인지 4WD 19인치,554,554,"1,108",100,30
충북,일반승용,기아,EV4 롱레인지 GTL 2WD 19인치,555,555,"1,110",100,30
충북,일반승용,기아,EV4 스탠다드 2WD 17인치,512,512,"1,024",100,30
충북,일반승용,기아,EV4 스탠다드 2WD 19인치,481,481,962,96,29
충북,일반승용,기아,EV5 GT,232,232,464,46,14
충북,일반승용,기아,EV5 롱레인지 2WD,552,552,"1,104",100,30
충북,일반승용,기아,EV5 롱레인지 4WD 18인치,499,499,998,100,30
충북,일반승용,기아,EV5 롱레인지 4WD 19인치,493,493,986,99,30
충북,일반승용,기아,EV9 GT,245,245,490,49,15
충북,일반승용,기아,EV9 롱레인지 2WD 19인치,270,270,540,54,16
충북,일반승용,기아,EV9 롱레인지 2WD 20인치,268,268,536,54,16
충북,일반승용,기아,EV9 롱레인지 4WD 19인치,254,254,508,51,15
충북,일반승용,기아,EV9 롱레인지 4WD 21인치,260,260,520,52,16
충북,일반승용,기아,EV9 롱레인지 GTL 4WD 21인치,252,252,504,50,15
충북,일반승용,기아,EV9 스탠다드,237,237,474,47,14
충북,일반승용,기아,PV5 패신저 5인승 롱레인지,458,458,916,92,28
충북,일반승용,기아,Pv5 WAV(비용 미지원),648,648,"1,296",100,30
충북,일반승용,기아,Pv5 WAV(비용 지원),448,448,896,90,27
충북,일반승용,기아,(단종)The all-new Kia Niro EV,489,0,489,98,29
충북,일반승용,기아,더뉴EV6 롱레인지 2WD 19인치,570,570,"1,140",100,30
충북,일반승용,기아,더뉴EV6 롱레인지 2WD 20인치,559,559,"1,118",100,30
충북,일반승용,기아,더뉴EV6 롱레인지 4WD 19인치,561,561,"1,122",100,30
충북,일반승용,기아,더뉴EV6 롱레인지 4WD 20인치,532,532,"1,064",100,30
충북,일반승용,기아,더뉴EV6 스탠다드,501,501,"1,002",100,30
충북,경·소형,기아,레이 EV 2WD 14인치 1인승 밴,457,457,914,91,27
충북,경·소형,기아,레이 EV 2WD 14인치 2인승 밴,457,457,914,91,27
충북,경·소형,기아,레이 EV 2WD 14인치 4인승 승용,457,457,914,91,27
충북,일반승용,메르세데스벤츠코리아,EQA 250(Facelift),190,190,380,38,11
충북,일반승용,메르세데스벤츠코리아,EQB 300 4MATIC(Facelift),154,154,308,31,9
충북,일반승용,메르세데스벤츠코리아,EQB 300 4MATIC(Facelift)(CY25/2),162,162,324,32,10
충북,일반승용,볼보자동차코리아,볼보 EX30 Single Motor ER,247,247,494,49,15
충북,일반승용,볼보자동차코리아,볼보 EX30CC Twin Motor Perf,222,222,444,44,13
충북,일반승용,비와이디코리아,(단종)BYD ATTO 3,126,126,252,25,8
충북,일반승용,비와이디코리아,(단종)BYD DOLPHIN,109,109,218,22,7
충북,일반승용,비와이디코리아,(단종)BYD DOLPHIN Active,132,132,264,26,8
충북,일반승용,비와이디코리아,(단종)BYD SEAL,169,169,338,34,10
충북,일반승용,비와이디코리아,(단종)BYD SEAL Dynamic AWD,151,151,302,30,9
충북,일반승용,비와이디코리아,(단종)BYD SEALION 7,152,152,304,30,9
충북,일반승용,케이지모빌리티,토레스 EVX 18인치,354,354,708,71,21
충북,일반승용,케이지모빌리티,토레스 EVX 18인치(2026),361,361,722,72,22
충북,일반승용,케이지모빌리티,토레스 EVX 20인치,344,344,688,69,21
충북,일반승용,케이지모빌리티,토레스 EVX 20인치(2026),354,354,708,71,21
충북,일반승용,케이지모빌리티,(단종)토레스 EVX 2WD 18인치,327,0,327,65,20
충북,일반승용,케이지모빌리티,(단종)토레스 EVX 2WD 20인치,312,0,312,62,19
충북,일반승용,테슬라코리아,Model 3 Performance,200,200,400,40,12
충북,일반승용,테슬라코리아,Model 3 Premium Long Range RWD,420,420,840,84,25
충북,일반승용,테슬라코리아,Model 3 Premium Long Range RWD(5999만원),210,210,420,42,13
충북,일반승용,테슬라코리아,Model 3 RWD,168,168,336,34,10
충북,일반승용,테슬라코리아,Model 3 RWD(2025),168,168,336,34,10
충북,일반승용,테슬라코리아,Model Y L AWD,215,215,430,43,13
충북,일반승용,테슬라코리아,Model Y Long Range(2025),210,210,420,42,13
충북,일반승용,테슬라코리아,Model Y Premium Long Range,210,210,420,42,13
충북,일반승용,테슬라코리아,Model Y Premium RWD,170,170,340,34,10
충북,일반승용,테슬라코리아,Model Y RWD(2025),170,170,340,34,10
충북,일반승용,폭스바겐그룹코리아,ID.4 Pro,432,432,864,86,26
충북,일반승용,폭스바겐그룹코리아,Q4 45 e-tron,206,206,412,41,12
충북,일반승용,폭스바겐그룹코리아,Q4 Sportback 45 e-tron,206,206,412,41,12
충북,일반승용,폭스바겐그룹코리아,(단종)Q6 e-tron performance,220,220,440,44,13
충북,일반승용,폭스바겐그룹코리아,iD.5 Pro,473,473,946,95,29
충북,일반승용,폴스타오토모티브코리아,Polestar 4 Coupe Dual Motor,168,168,336,34,10
충북,일반승용,폴스타오토모티브코리아,Polestar 4 Coupe Rear Motor,181,181,362,36,11
충북,일반승용,현대자동차,ELECTRIFIED G80,270,270,540,54,16
충북,일반승용,현대자동차,ELECTRIFIED GV70 AWD 19인치,261,261,522,52,16
충북,일반승용,현대자동차,ELECTRIFIED GV70 AWD 20인치,245,245,490,49,15
충북,일반승용,현대자동차,GV60 스탠다드 2WD 19인치,285,285,570,57,17
충북,일반승용,현대자동차,GV60 스탠다드 AWD 19인치,272,272,544,54,16
충북,일반승용,현대자동차,GV60 스탠다드 AWD 20인치,261,261,522,52,16
충북,일반승용,현대자동차,더 뉴 아이오닉5 2WD 롱레인지 19인치,564,564,"1,128",100,30
충북,일반승용,현대자동차,더 뉴 아이오닉5 2WD 롱레인지 19인치 빌트인 캠 미적용,567,567,"1,134",100,30
충북,일반승용,현대자동차,더 뉴 아이오닉5 2WD 롱레인지 20인치,559,559,"1,118",100,30
충북,일반승용,현대자동차,더 뉴 아이오닉5 2WD 롱레인지 N라인 20인치,541,541,"1,082",100,30
충북,일반승용,현대자동차,더 뉴 아이오닉5 2WD 스탠다드 19인치,483,483,966,97,29
충북,일반승용,현대자동차,더 뉴 아이오닉5 AWD 롱레인지 19인치,558,558,"1,116",100,30
충북,일반승용,현대자동차,더 뉴 아이오닉5 AWD 롱레인지 20인치,532,532,"1,064",100,30
충북,일반승용,현대자동차,더 뉴 아이오닉5 AWD 롱레인지 N라인 20인치,510,510,"1,020",100,30
충북,일반승용,현대자동차,더 뉴 아이오닉6 2WD 롱레인지 18인치,570,570,"1,140",100,30
충북,일반승용,현대자동차,더 뉴 아이오닉6 2WD 롱레인지 20인치,570,570,"1,140",100,30
충북,일반승용,현대자동차,더 뉴 아이오닉6 2WD 롱레인지 N라인 20인치,570,570,"1,140",100,30
충북,일반승용,현대자동차,더 뉴 아이오닉6 2WD 스탠다드 18인치,560,560,"1,120",100,30
충북,일반승용,현대자동차,더 뉴 아이오닉6 AWD 롱레인지 18인치,570,570,"1,140",100,30
충북,일반승용,현대자동차,더 뉴 아이오닉6 AWD 롱레인지 20인치,553,553,"1,106",100,30
충북,일반승용,현대자동차,더 뉴 아이오닉6 AWD 롱레인지 N라인 20인치,537,537,"1,074",100,30
충북,일반승용,현대자동차,스타리아 라운지 일렉트릭 7인승,229,229,458,46,14
충북,일반승용,현대자동차,스타리아 리무진 일렉트릭 6인승,229,229,458,46,14
충북,일반승용,현대자동차,아이오닉6 N,250,250,500,50,15
충북,일반승용,현대자동차,아이오닉9 성능형 AWD,272,272,544,54,16
충북,일반승용,현대자동차,아이오닉9 항속형 2WD,274,274,548,55,17
충북,일반승용,현대자동차,아이오닉9 항속형 AWD,271,271,542,54,16
충북,경·소형,현대자동차,캐스퍼 일렉트릭 기본형 15인치,490,490,980,98,29
충북,경·소형,현대자동차,캐스퍼 일렉트릭 크로스 17인치,487,487,974,97,29
충북,경·소형,현대자동차,캐스퍼 일렉트릭 항속형 15인치,490,490,980,98,29
충북,경·소형,현대자동차,캐스퍼 일렉트릭 항속형 17인치(라운지포함),490,490,980,98,29
충북,일반승용,현대자동차,코나 일렉트릭 2WD 롱레인지 17인치,514,514,"1,028",100,30
충북,일반승용,현대자동차,코나 일렉트릭 2WD 롱레인지 17인치 빌트인 캠 미적용,514,514,"1,028",100,30
충북,일반승용,현대자동차,코나 일렉트릭 2WD 롱레인지 19인치,459,459,918,92,28
충북,일반승용,현대자동차,코나 일렉트릭 2WD 스탠다드 17인치,437,437,874,87,26
충북,일반승용,BMW,MINI Aceman E,400,400,800,80,24
충북,일반승용,BMW,MINI Aceman SE,400,400,800,80,24
충북,일반승용,BMW,MINI Cooper SE,396,396,792,79,24
충북,일반승용,BMW,MINI Countryman E,217,217,434,43,13
충북,일반승용,BMW,MINI Countryman SE ALL4,203,203,406,41,12
충북,일반승용,BMW,MINI JCW Aceman E,197,197,394,39,12
충북,일반승용,BMW,MINI JCW E,191,191,382,38,11
충북,일반승용,BMW,i4 M60 LCI (71HD),233,233,466,47,14
충북,일반승용,BMW,i4 eDrive 40 LCI(21HD),244,244,488,49,15
충북,일반승용,BMW,i4 eDrive 40 LCI(61HD),256,256,512,51,15
충북,일반승용,BMW,i5 eDrive 40,262,262,524,52,16
충북,일반승용,BMW,iX1 eDrive20,212,212,424,42,13
충북,일반승용,BMW,iX1 eDrive20(11HM),235,235,470,47,14
충북,일반승용,BMW,iX1 xDrive30,192,192,384,38,11
충북,일반승용,BMW,iX2 eDrive20,214,214,428,43,13
충북,일반승용,BMW,iX2 eDrive20(71GN),239,239,478,48,14
충북,일반승용,BMW,iX3 50 xDrive,275,275,550,55,17
충북,일반승용,기아,EV3 GT,248,248,496,50,15
충북,일반승용,기아,EV3 롱레인지 2WD 17인치,555,555,"1,110",100,30
충북,일반승용,기아,EV3 롱레인지 2WD 19인치,555,555,"1,110",100,30
충북,일반승용,기아,EV3 롱레인지 4WD 19인치,539,539,"1,078",100,30
충북,일반승용,기아,EV3 스탠다드 2WD,469,469,938,94,28
충북,일반승용,기아,EV4 GT,255,256,511,51,15
충북,일반승용,기아,EV4 롱레인지 2WD 17인치,555,555,"1,110",100,30
충북,일반승용,기아,EV4 롱레인지 2WD 19인치,555,555,"1,110",100,30
충북,일반승용,기아,EV4 롱레인지 4WD 19인치,554,554,"1,108",100,30
충북,일반승용,기아,EV4 롱레인지 GTL 2WD 19인치,555,555,"1,110",100,30
충북,일반승용,기아,EV4 스탠다드 2WD 17인치,512,512,"1,024",100,30
충북,일반승용,기아,EV4 스탠다드 2WD 19인치,481,481,962,96,29
충북,일반승용,기아,EV5 GT,232,232,464,46,14
충북,일반승용,기아,EV5 롱레인지 2WD,552,552,"1,104",100,30
충북,일반승용,기아,EV5 롱레인지 4WD 18인치,499,499,998,100,30
충북,일반승용,기아,EV5 롱레인지 4WD 19인치,493,493,986,99,30
충북,일반승용,기아,EV9 GT,245,245,490,49,15
충북,일반승용,기아,EV9 롱레인지 2WD 19인치,270,270,540,54,16
충북,일반승용,기아,EV9 롱레인지 2WD 20인치,268,268,536,54,16
충북,일반승용,기아,EV9 롱레인지 4WD 19인치,254,254,508,51,15
충북,일반승용,기아,EV9 롱레인지 4WD 21인치,260,260,520,52,16
충북,일반승용,기아,EV9 롱레인지 GTL 4WD 21인치,252,252,504,50,15
충북,일반승용,기아,EV9 스탠다드,237,237,474,47,14
충북,일반승용,기아,PV5 패신저 5인승 롱레인지,458,458,916,92,28
충북,일반승용,기아,Pv5 WAV(비용 미지원),648,648,"1,296",100,30
충북,일반승용,기아,Pv5 WAV(비용 지원),448,448,896,90,27
충북,일반승용,기아,(단종)The all-new Kia Niro EV,489,489,978,98,29
충북,일반승용,기아,더뉴EV6 롱레인지 2WD 19인치,570,570,"1,140",100,30
충북,일반승용,기아,더뉴EV6 롱레인지 2WD 20인치,559,559,"1,118",100,30
충북,일반승용,기아,더뉴EV6 롱레인지 4WD 19인치,561,561,"1,122",100,30
충북,일반승용,기아,더뉴EV6 롱레인지 4WD 20인치,532,532,"1,064",100,30
충북,일반승용,기아,더뉴EV6 스탠다드,501,501,"1,002",100,30
충북,경·소형,기아,레이 EV 2WD 14인치 1인승 밴,457,457,914,91,27
충북,경·소형,기아,레이 EV 2WD 14인치 2인승 밴,457,457,914,91,27
충북,경·소형,기아,레이 EV 2WD 14인치 4인승 승용,457,457,914,91,27
충북,일반승용,메르세데스벤츠코리아,EQA 250(Facelift),190,190,380,38,11
충북,일반승용,메르세데스벤츠코리아,EQB 300 4MATIC(Facelift),154,154,308,31,9
충북,일반승용,메르세데스벤츠코리아,EQB 300 4MATIC(Facelift)(CY25/2),162,162,324,32,10
충북,일반승용,볼보자동차코리아,볼보 EX30 Single Motor ER,247,247,494,49,15
충북,일반승용,볼보자동차코리아,볼보 EX30CC Twin Motor Perf,222,222,444,44,13
충북,일반승용,비와이디코리아,(단종)BYD ATTO 3,126,126,252,25,8
충북,일반승용,비와이디코리아,(단종)BYD DOLPHIN,109,109,218,22,7
충북,일반승용,비와이디코리아,(단종)BYD DOLPHIN Active,132,132,264,26,8
충북,일반승용,비와이디코리아,(단종)BYD SEAL,169,169,338,34,10
충북,일반승용,비와이디코리아,(단종)BYD SEAL Dynamic AWD,151,151,302,30,9
충북,일반승용,비와이디코리아,(단종)BYD SEALION 7,152,152,304,30,9
충북,일반승용,케이지모빌리티,토레스 EVX 18인치,354,354,708,71,21
충북,일반승용,케이지모빌리티,토레스 EVX 18인치(2026),361,361,722,72,22
충북,일반승용,케이지모빌리티,토레스 EVX 20인치,344,344,688,69,21
충북,일반승용,케이지모빌리티,토레스 EVX 20인치(2026),354,354,708,71,21
충북,일반승용,케이지모빌리티,(단종)토레스 EVX 2WD 18인치,327,327,654,65,20
충북,일반승용,케이지모빌리티,(단종)토레스 EVX 2WD 20인치,312,312,624,62,19
충북,일반승용,테슬라코리아,Model 3 Performance,200,200,400,40,12
충북,일반승용,테슬라코리아,Model 3 Premium Long Range RWD,420,420,840,84,25
충북,일반승용,테슬라코리아,Model 3 Premium Long Range RWD(5999만원),210,210,420,42,13
충북,일반승용,테슬라코리아,Model 3 RWD,168,168,336,34,10
충북,일반승용,테슬라코리아,Model 3 RWD(2025),168,168,336,34,10
충북,일반승용,테슬라코리아,Model Y L AWD,215,210,425,43,13
충북,일반승용,테슬라코리아,Model Y Long Range(2025),210,210,420,42,13
충북,일반승용,테슬라코리아,Model Y Premium Long Range,210,210,420,42,13
충북,일반승용,테슬라코리아,Model Y Premium RWD,170,170,340,34,10
충북,일반승용,테슬라코리아,Model Y RWD(2025),170,170,340,34,10
충북,일반승용,폭스바겐그룹코리아,ID.4 Pro,432,432,864,86,26
충북,일반승용,폭스바겐그룹코리아,Q4 45 e-tron,206,206,412,41,12
충북,일반승용,폭스바겐그룹코리아,Q4 Sportback 45 e-tron,206,206,412,41,12
충북,일반승용,폭스바겐그룹코리아,(단종)Q6 e-tron performance,220,220,440,44,13
충북,일반승용,폭스바겐그룹코리아,iD.5 Pro,473,473,946,95,29
충북,일반승용,폴스타오토모티브코리아,Polestar 4 Coupe Dual Motor,168,168,336,34,10
충북,일반승용,폴스타오토모티브코리아,Polestar 4 Coupe Rear Motor,181,181,362,36,11
충북,일반승용,현대자동차,ELECTRIFIED G80,270,270,540,54,16
충북,일반승용,현대자동차,ELECTRIFIED GV70 AWD 19인치,261,261,522,52,16
충북,일반승용,현대자동차,ELECTRIFIED GV70 AWD 20인치,245,245,490,49,15
충북,일반승용,현대자동차,GV60 스탠다드 2WD 19인치,285,285,570,57,17
충북,일반승용,현대자동차,GV60 스탠다드 AWD 19인치,272,272,544,54,16
충북,일반승용,현대자동차,GV60 스탠다드 AWD 20인치,261,261,522,52,16
충북,일반승용,현대자동차,더 뉴 아이오닉5 2WD 롱레인지 19인치,564,564,"1,128",100,30
충북,일반승용,현대자동차,더 뉴 아이오닉5 2WD 롱레인지 19인치 빌트인 캠 미적용,567,567,"1,134",100,30
충북,일반승용,현대자동차,더 뉴 아이오닉5 2WD 롱레인지 20인치,559,559,"1,118",100,30
충북,일반승용,현대자동차,더 뉴 아이오닉5 2WD 롱레인지 N라인 20인치,541,541,"1,082",100,30
충북,일반승용,현대자동차,더 뉴 아이오닉5 2WD 스탠다드 19인치,483,483,966,97,29
충북,일반승용,현대자동차,더 뉴 아이오닉5 AWD 롱레인지 19인치,558,558,"1,116",100,30
충북,일반승용,현대자동차,더 뉴 아이오닉5 AWD 롱레인지 20인치,532,532,"1,064",100,30
충북,일반승용,현대자동차,더 뉴 아이오닉5 AWD 롱레인지 N라인 20인치,510,510,"1,020",100,30
충북,일반승용,현대자동차,더 뉴 아이오닉6 2WD 롱레인지 18인치,570,570,"1,140",100,30
충북,일반승용,현대자동차,더 뉴 아이오닉6 2WD 롱레인지 20인치,570,570,"1,140",100,30
충북,일반승용,현대자동차,더 뉴 아이오닉6 2WD 롱레인지 N라인 20인치,570,570,"1,140",100,30
충북,일반승용,현대자동차,더 뉴 아이오닉6 2WD 스탠다드 18인치,560,560,"1,120",100,30
충북,일반승용,현대자동차,더 뉴 아이오닉6 AWD 롱레인지 18인치,570,570,"1,140",100,30
충북,일반승용,현대자동차,더 뉴 아이오닉6 AWD 롱레인지 20인치,553,553,"1,106",100,30
충북,일반승용,현대자동차,더 뉴 아이오닉6 AWD 롱레인지 N라인 20인치,537,537,"1,074",100,30
충북,일반승용,현대자동차,스타리아 라운지 일렉트릭 7인승,229,229,458,46,14
충북,일반승용,현대자동차,스타리아 리무진 일렉트릭 6인승,229,229,458,46,14
충북,일반승용,현대자동차,아이오닉6 N,250,250,500,50,15
충북,일반승용,현대자동차,아이오닉9 성능형 AWD,272,272,544,54,16
충북,일반승용,현대자동차,아이오닉9 항속형 2WD,274,274,548,55,17
충북,일반승용,현대자동차,아이오닉9 항속형 AWD,271,271,542,54,16
충북,경·소형,현대자동차,캐스퍼 일렉트릭 기본형 15인치,490,490,980,98,29
충북,경·소형,현대자동차,캐스퍼 일렉트릭 크로스 17인치,487,487,974,97,29
충북,경·소형,현대자동차,캐스퍼 일렉트릭 항속형 15인치,490,490,980,98,29
충북,경·소형,현대자동차,캐스퍼 일렉트릭 항속형 17인치(라운지포함),490,490,980,98,29
충북,일반승용,현대자동차,코나 일렉트릭 2WD 롱레인지 17인치,514,514,"1,028",100,30
충북,일반승용,현대자동차,코나 일렉트릭 2WD 롱레인지 17인치 빌트인 캠 미적용,514,514,"1,028",100,30
충북,일반승용,현대자동차,코나 일렉트릭 2WD 롱레인지 19인치,459,459,918,92,28
충북,일반승용,현대자동차,코나 일렉트릭 2WD 스탠다드 17인치,437,437,874,87,26
충북,일반승용,BMW,MINI Aceman E,400,400,800,80,24
충북,일반승용,BMW,MINI Aceman SE,400,400,800,80,24
충북,일반승용,BMW,MINI Cooper SE,396,396,792,79,24
충북,일반승용,BMW,MINI Countryman E,217,217,434,43,13
충북,일반승용,BMW,MINI Countryman SE ALL4,203,203,406,41,12
충북,일반승용,BMW,MINI JCW Aceman E,197,197,394,39,12
충북,일반승용,BMW,MINI JCW E,191,191,382,38,11
충북,일반승용,BMW,i4 M60 LCI (71HD),233,233,466,47,14
충북,일반승용,BMW,i4 eDrive 40 LCI(21HD),244,244,488,49,15
충북,일반승용,BMW,i4 eDrive 40 LCI(61HD),256,256,512,51,15
충북,일반승용,BMW,i5 eDrive 40,262,262,524,52,16
충북,일반승용,BMW,iX1 eDrive20,212,212,424,42,13
충북,일반승용,BMW,iX1 xDrive30,192,192,384,38,11
충북,일반승용,BMW,iX2 eDrive20,214,214,428,43,13
충북,일반승용,기아,EV3 GT,248,248,496,50,15
충북,일반승용,기아,EV3 롱레인지 2WD 17인치,555,555,"1,110",100,30
충북,일반승용,기아,EV3 롱레인지 2WD 19인치,555,555,"1,110",100,30
충북,일반승용,기아,EV3 롱레인지 4WD 19인치,539,539,"1,078",100,30
충북,일반승용,기아,EV3 스탠다드 2WD,469,469,938,94,28
충북,일반승용,기아,EV4 GT,255,255,510,51,15
충북,일반승용,기아,EV4 롱레인지 2WD 17인치,555,555,"1,110",100,30
충북,일반승용,기아,EV4 롱레인지 2WD 19인치,555,555,"1,110",100,30
충북,일반승용,기아,EV4 롱레인지 4WD 19인치,554,554,"1,108",100,30
충북,일반승용,기아,EV4 롱레인지 GTL 2WD 19인치,555,555,"1,110",100,30
충북,일반승용,기아,EV4 스탠다드 2WD 17인치,512,512,"1,024",100,30
충북,일반승용,기아,EV4 스탠다드 2WD 19인치,481,481,962,96,29
충북,일반승용,기아,EV5 GT,232,232,464,46,14
충북,일반승용,기아,EV5 롱레인지 2WD,552,552,"1,104",100,30
충북,일반승용,기아,EV5 롱레인지 4WD 18인치,499,499,998,100,30
충북,일반승용,기아,EV5 롱레인지 4WD 19인치,493,493,986,99,30
충북,일반승용,기아,EV9 GT,245,245,490,49,15
충북,일반승용,기아,EV9 롱레인지 2WD 19인치,270,270,540,54,16
충북,일반승용,기아,EV9 롱레인지 2WD 20인치,268,268,536,54,16
충북,일반승용,기아,EV9 롱레인지 4WD 19인치,254,254,508,51,15
충북,일반승용,기아,EV9 롱레인지 4WD 21인치,260,260,520,52,16
충북,일반승용,기아,EV9 롱레인지 GTL 4WD 21인치,252,252,504,50,15
충북,일반승용,기아,EV9 스탠다드,237,237,474,47,14
충북,일반승용,기아,PV5 패신저 5인승 롱레인지,458,458,916,92,28
충북,일반승용,기아,Pv5 WAV(비용 미지원),648,648,"1,296",100,30
충북,일반승용,기아,Pv5 WAV(비용 지원),448,448,896,90,27
충북,일반승용,기아,(단종)The all-new Kia Niro EV,489,489,978,98,29
충북,일반승용,기아,더뉴EV6 롱레인지 2WD 19인치,570,570,"1,140",100,30
충북,일반승용,기아,더뉴EV6 롱레인지 2WD 20인치,559,559,"1,118",100,30
충북,일반승용,기아,더뉴EV6 롱레인지 4WD 19인치,561,561,"1,122",100,30
충북,일반승용,기아,더뉴EV6 롱레인지 4WD 20인치,532,532,"1,064",100,30
충북,일반승용,기아,더뉴EV6 스탠다드,501,501,"1,002",100,30
충북,경·소형,기아,레이 EV 2WD 14인치 1인승 밴,457,457,914,91,27
충북,경·소형,기아,레이 EV 2WD 14인치 2인승 밴,457,457,914,91,27
충북,경·소형,기아,레이 EV 2WD 14인치 4인승 승용,457,457,914,91,27
충북,일반승용,메르세데스벤츠코리아,EQA 250(Facelift),190,190,380,38,11
충북,일반승용,메르세데스벤츠코리아,EQB 300 4MATIC(Facelift),154,154,308,31,9
충북,일반승용,메르세데스벤츠코리아,EQB 300 4MATIC(Facelift)(CY25/2),162,162,324,32,10
충북,일반승용,볼보자동차코리아,볼보 EX30 Single Motor ER,247,247,494,49,15
충북,일반승용,볼보자동차코리아,볼보 EX30CC Twin Motor Perf,222,222,444,44,13
충북,일반승용,비와이디코리아,(단종)BYD ATTO 3,126,126,252,25,8
충북,일반승용,비와이디코리아,(단종)BYD DOLPHIN,109,109,218,22,7
충북,일반승용,비와이디코리아,(단종)BYD DOLPHIN Active,132,132,264,26,8
충북,일반승용,비와이디코리아,(단종)BYD SEAL,169,169,338,34,10
충북,일반승용,비와이디코리아,(단종)BYD SEAL Dynamic AWD,151,151,302,30,9
충북,일반승용,비와이디코리아,(단종)BYD SEALION 7,152,152,304,30,9
충북,일반승용,케이지모빌리티,토레스 EVX 18인치,354,354,708,71,21
충북,일반승용,케이지모빌리티,토레스 EVX 18인치(2026),361,361,722,72,22
충북,일반승용,케이지모빌리티,토레스 EVX 20인치,344,344,688,69,21
충북,일반승용,케이지모빌리티,토레스 EVX 20인치(2026),354,354,708,71,21
충북,일반승용,케이지모빌리티,(단종)토레스 EVX 2WD 18인치,327,327,654,65,20
충북,일반승용,케이지모빌리티,(단종)토레스 EVX 2WD 20인치,312,312,624,62,19
충북,일반승용,테슬라코리아,Model 3 Performance,200,200,400,40,12
충북,일반승용,테슬라코리아,Model 3 Premium Long Range RWD,420,420,840,84,25
충북,일반승용,테슬라코리아,Model 3 RWD,168,168,336,34,10
충북,일반승용,테슬라코리아,Model 3 RWD(2025),168,168,336,34,10
충북,일반승용,테슬라코리아,Model Y L AWD,215,210,425,43,13
충북,일반승용,테슬라코리아,Model Y Long Range(2025),210,210,420,42,13
충북,일반승용,테슬라코리아,Model Y Premium Long Range,210,210,420,42,13
충북,일반승용,테슬라코리아,Model Y Premium RWD,170,170,340,34,10
충북,일반승용,테슬라코리아,Model Y RWD(2025),170,170,340,34,10
충북,일반승용,폭스바겐그룹코리아,ID.4 Pro,432,432,864,86,26
충북,일반승용,폭스바겐그룹코리아,Q4 45 e-tron,206,206,412,41,12
충북,일반승용,폭스바겐그룹코리아,Q4 Sportback 45 e-tron,206,206,412,41,12
충북,일반승용,폭스바겐그룹코리아,(단종)Q6 e-tron performance,220,220,440,44,13
충북,일반승용,현대자동차,ELECTRIFIED G80,270,270,540,54,16
충북,일반승용,현대자동차,ELECTRIFIED GV70 AWD 19인치,261,261,522,52,16
충북,일반승용,현대자동차,ELECTRIFIED GV70 AWD 20인치,245,245,490,49,15
충북,일반승용,현대자동차,GV60 스탠다드 2WD 19인치,285,285,570,57,17
충북,일반승용,현대자동차,GV60 스탠다드 AWD 19인치,272,272,544,54,16
충북,일반승용,현대자동차,GV60 스탠다드 AWD 20인치,261,261,522,52,16
충북,일반승용,현대자동차,더 뉴 아이오닉5 2WD 롱레인지 19인치,564,564,"1,128",100,30
충북,일반승용,현대자동차,더 뉴 아이오닉5 2WD 롱레인지 19인치 빌트인 캠 미적용,567,567,"1,134",100,30
충북,일반승용,현대자동차,더 뉴 아이오닉5 2WD 롱레인지 20인치,559,559,"1,118",100,30
충북,일반승용,현대자동차,더 뉴 아이오닉5 2WD 롱레인지 N라인 20인치,541,541,"1,082",100,30
충북,일반승용,현대자동차,더 뉴 아이오닉5 2WD 스탠다드 19인치,483,483,966,97,29
충북,일반승용,현대자동차,더 뉴 아이오닉5 AWD 롱레인지 19인치,558,558,"1,116",100,30
충북,일반승용,현대자동차,더 뉴 아이오닉5 AWD 롱레인지 20인치,532,532,"1,064",100,30
충북,일반승용,현대자동차,더 뉴 아이오닉5 AWD 롱레인지 N라인 20인치,510,510,"1,020",100,30
충북,일반승용,현대자동차,더 뉴 아이오닉6 2WD 롱레인지 18인치,570,570,"1,140",100,30
충북,일반승용,현대자동차,더 뉴 아이오닉6 2WD 롱레인지 20인치,570,570,"1,140",100,30
충북,일반승용,현대자동차,더 뉴 아이오닉6 2WD 롱레인지 N라인 20인치,570,570,"1,140",100,30
충북,일반승용,현대자동차,더 뉴 아이오닉6 2WD 스탠다드 18인치,560,560,"1,120",100,30
충북,일반승용,현대자동차,더 뉴 아이오닉6 AWD 롱레인지 18인치,570,570,"1,140",100,30
충북,일반승용,현대자동차,더 뉴 아이오닉6 AWD 롱레인지 20인치,553,553,"1,106",100,30
충북,일반승용,현대자동차,더 뉴 아이오닉6 AWD 롱레인지 N라인 20인치,537,537,"1,074",100,30
충북,일반승용,현대자동차,스타리아 리무진 일렉트릭 6인승,229,229,458,46,14
충북,일반승용,현대자동차,아이오닉6 N,250,250,500,50,15
충북,일반승용,현대자동차,아이오닉9 성능형 AWD,272,272,544,54,16
충북,일반승용,현대자동차,아이오닉9 항속형 2WD,274,274,548,55,17
충북,일반승용,현대자동차,아이오닉9 항속형 AWD,271,271,542,54,16
충북,경·소형,현대자동차,캐스퍼 일렉트릭 기본형 15인치,490,490,980,98,29
충북,경·소형,현대자동차,캐스퍼 일렉트릭 크로스 17인치,487,487,974,97,29
충북,경·소형,현대자동차,캐스퍼 일렉트릭 항속형 15인치,490,490,980,98,29
충북,경·소형,현대자동차,캐스퍼 일렉트릭 항속형 17인치(라운지포함),490,490,980,98,29
충북,일반승용,현대자동차,코나 일렉트릭 2WD 롱레인지 17인치,514,514,"1,028",100,30
충북,일반승용,현대자동차,코나 일렉트릭 2WD 롱레인지 17인치 빌트인 캠 미적용,514,514,"1,028",100,30
충북,일반승용,현대자동차,코나 일렉트릭 2WD 롱레인지 19인치,459,459,918,92,28
충북,일반승용,현대자동차,코나 일렉트릭 2WD 스탠다드 17인치,437,437,874,87,26
충북,일반승용,BMW,MINI Aceman E,400,400,800,80,24
충북,일반승용,BMW,MINI Aceman SE,400,400,800,80,24
충북,일반승용,BMW,MINI Cooper SE,396,396,792,79,24
충북,일반승용,BMW,MINI Countryman E,217,217,434,43,13
충북,일반승용,BMW,MINI Countryman SE ALL4,203,203,406,41,12
충북,일반승용,BMW,MINI JCW Aceman E,197,197,394,39,12
충북,일반승용,BMW,MINI JCW E,191,191,382,38,11
충북,일반승용,BMW,i4 M60 LCI (71HD),233,233,466,47,14
충북,일반승용,BMW,i4 eDrive 40 LCI(21HD),244,244,488,49,15
충북,일반승용,BMW,i4 eDrive 40 LCI(61HD),256,256,512,51,15
충북,일반승용,BMW,i5 eDrive 40,262,262,524,52,16
충북,일반승용,BMW,iX1 eDrive20,212,212,424,42,13
충북,일반승용,BMW,iX1 eDrive20(11HM),235,235,470,47,14
충북,일반승용,BMW,iX1 xDrive30,192,192,384,38,11
충북,일반승용,BMW,iX2 eDrive20,214,214,428,43,13
충북,일반승용,BMW,iX2 eDrive20(71GN),239,239,478,48,14
충북,일반승용,BMW,iX3 50 xDrive,275,275,550,55,17
충북,일반승용,기아,EV3 GT,248,248,496,50,15
충북,일반승용,기아,EV3 롱레인지 2WD 17인치,555,555,"1,110",100,30
충북,일반승용,기아,EV3 롱레인지 2WD 19인치,555,555,"1,110",100,30
충북,일반승용,기아,EV3 롱레인지 4WD 19인치,539,539,"1,078",100,30
충북,일반승용,기아,EV3 스탠다드 2WD,469,469,938,94,28
충북,일반승용,기아,EV4 GT,255,255,510,51,15
충북,일반승용,기아,EV4 롱레인지 2WD 17인치,555,555,"1,110",100,30
충북,일반승용,기아,EV4 롱레인지 2WD 19인치,555,555,"1,110",100,30
충북,일반승용,기아,EV4 롱레인지 4WD 19인치,554,554,"1,108",100,30
충북,일반승용,기아,EV4 롱레인지 GTL 2WD 19인치,555,555,"1,110",100,30
충북,일반승용,기아,EV4 스탠다드 2WD 17인치,512,512,"1,024",100,30
충북,일반승용,기아,EV4 스탠다드 2WD 19인치,481,481,962,96,29
충북,일반승용,기아,EV5 GT,232,232,464,46,14
충북,일반승용,기아,EV5 롱레인지 2WD,552,552,"1,104",100,30
충북,일반승용,기아,EV5 롱레인지 4WD 18인치,499,499,998,100,30
충북,일반승용,기아,EV5 롱레인지 4WD 19인치,493,493,986,99,30
충북,일반승용,기아,EV9 GT,245,245,490,49,15
충북,일반승용,기아,EV9 롱레인지 2WD 19인치,270,270,540,54,16
충북,일반승용,기아,EV9 롱레인지 2WD 20인치,268,268,536,54,16
충북,일반승용,기아,EV9 롱레인지 4WD 19인치,254,254,508,51,15
충북,일반승용,기아,EV9 롱레인지 4WD 21인치,260,260,520,52,16
충북,일반승용,기아,EV9 롱레인지 GTL 4WD 21인치,252,252,504,50,15
충북,일반승용,기아,EV9 스탠다드,237,237,474,47,14
충북,일반승용,기아,PV5 패신저 5인승 롱레인지,458,458,916,92,28
충북,일반승용,기아,Pv5 WAV(비용 미지원),648,648,"1,296",100,30
충북,일반승용,기아,Pv5 WAV(비용 지원),448,448,896,90,27
충북,일반승용,기아,(단종)The all-new Kia Niro EV,489,489,978,98,29
충북,일반승용,기아,더뉴EV6 롱레인지 2WD 19인치,570,570,"1,140",100,30
충북,일반승용,기아,더뉴EV6 롱레인지 2WD 20인치,559,559,"1,118",100,30
충북,일반승용,기아,더뉴EV6 롱레인지 4WD 19인치,561,561,"1,122",100,30
충북,일반승용,기아,더뉴EV6 롱레인지 4WD 20인치,532,532,"1,064",100,30
충북,일반승용,기아,더뉴EV6 스탠다드,501,501,"1,002",100,30
충북,경·소형,기아,레이 EV 2WD 14인치 1인승 밴,457,457,914,91,27
충북,경·소형,기아,레이 EV 2WD 14인치 2인승 밴,457,457,914,91,27
충북,경·소형,기아,레이 EV 2WD 14인치 4인승 승용,457,457,914,91,27
충북,일반승용,메르세데스벤츠코리아,EQA 250(Facelift),190,190,380,38,11
충북,일반승용,메르세데스벤츠코리아,EQB 300 4MATIC(Facelift),154,154,308,31,9
충북,일반승용,메르세데스벤츠코리아,EQB 300 4MATIC(Facelift)(CY25/2),162,162,324,32,10
충북,일반승용,볼보자동차코리아,볼보 EX30 Single Motor ER,247,247,494,49,15
충북,일반승용,볼보자동차코리아,볼보 EX30CC Twin Motor Perf,222,222,444,44,13
충북,일반승용,비와이디코리아,(단종)BYD ATTO 3,126,126,252,25,8
충북,일반승용,비와이디코리아,(단종)BYD DOLPHIN,109,109,218,22,7
충북,일반승용,비와이디코리아,(단종)BYD DOLPHIN Active,132,132,264,26,8
충북,일반승용,비와이디코리아,(단종)BYD SEAL,169,169,338,34,10
충북,일반승용,비와이디코리아,(단종)BYD SEAL Dynamic AWD,151,151,302,30,9
충북,일반승용,비와이디코리아,(단종)BYD SEALION 7,152,152,304,30,9
충북,일반승용,케이지모빌리티,토레스 EVX 18인치,354,354,708,71,21
충북,일반승용,케이지모빌리티,토레스 EVX 18인치(2026),361,361,722,72,22
충북,일반승용,케이지모빌리티,토레스 EVX 20인치,344,344,688,69,21
충북,일반승용,케이지모빌리티,토레스 EVX 20인치(2026),354,354,708,71,21
충북,일반승용,케이지모빌리티,(단종)토레스 EVX 2WD 18인치,327,327,654,65,20
충북,일반승용,케이지모빌리티,(단종)토레스 EVX 2WD 20인치,312,312,624,62,19
충북,일반승용,테슬라코리아,Model 3 Performance,200,200,400,40,12
충북,일반승용,테슬라코리아,Model 3 Premium Long Range RWD,420,420,840,84,25
충북,일반승용,테슬라코리아,Model 3 Premium Long Range RWD(5999만원),210,210,420,42,13
충북,일반승용,테슬라코리아,Model 3 RWD,168,168,336,34,10
충북,일반승용,테슬라코리아,Model 3 RWD(2025),168,168,336,34,10
충북,일반승용,테슬라코리아,Model Y L AWD,215,215,430,43,13
충북,일반승용,테슬라코리아,Model Y Long Range(2025),210,210,420,42,13
충북,일반승용,테슬라코리아,Model Y Premium Long Range,210,210,420,42,13
충북,일반승용,테슬라코리아,Model Y Premium RWD,170,170,340,34,10
충북,일반승용,테슬라코리아,Model Y RWD(2025),170,170,340,34,10
충북,일반승용,폭스바겐그룹코리아,ID.4 Pro,432,432,864,86,26
충북,일반승용,폭스바겐그룹코리아,Q4 45 e-tron,206,206,412,41,12
충북,일반승용,폭스바겐그룹코리아,Q4 Sportback 45 e-tron,206,206,412,41,12
충북,일반승용,폭스바겐그룹코리아,(단종)Q6 e-tron performance,220,220,440,44,13
충북,일반승용,폭스바겐그룹코리아,iD.5 Pro,473,473,946,95,29
충북,일반승용,폴스타오토모티브코리아,Polestar 4 Coupe Dual Motor,168,168,336,34,10
충북,일반승용,폴스타오토모티브코리아,Polestar 4 Coupe Rear Motor,181,181,362,36,11
충북,일반승용,현대자동차,ELECTRIFIED G80,270,270,540,54,16
충북,일반승용,현대자동차,ELECTRIFIED GV70 AWD 19인치,261,261,522,52,16
충북,일반승용,현대자동차,ELECTRIFIED GV70 AWD 20인치,245,245,490,49,15
충북,일반승용,현대자동차,GV60 스탠다드 2WD 19인치,285,285,570,57,17
충북,일반승용,현대자동차,GV60 스탠다드 AWD 19인치,272,272,544,54,16
충북,일반승용,현대자동차,GV60 스탠다드 AWD 20인치,261,261,522,52,16
충북,일반승용,현대자동차,더 뉴 아이오닉5 2WD 롱레인지 19인치,564,564,"1,128",100,30
충북,일반승용,현대자동차,더 뉴 아이오닉5 2WD 롱레인지 19인치 빌트인 캠 미적용,567,567,"1,134",100,30
충북,일반승용,현대자동차,더 뉴 아이오닉5 2WD 롱레인지 20인치,559,559,"1,118",100,30
충북,일반승용,현대자동차,더 뉴 아이오닉5 2WD 롱레인지 N라인 20인치,541,541,"1,082",100,30
충북,일반승용,현대자동차,더 뉴 아이오닉5 2WD 스탠다드 19인치,483,483,966,97,29
충북,일반승용,현대자동차,더 뉴 아이오닉5 AWD 롱레인지 19인치,558,558,"1,116",100,30
충북,일반승용,현대자동차,더 뉴 아이오닉5 AWD 롱레인지 20인치,532,532,"1,064",100,30
충북,일반승용,현대자동차,더 뉴 아이오닉5 AWD 롱레인지 N라인 20인치,510,510,"1,020",100,30
충북,일반승용,현대자동차,더 뉴 아이오닉6 2WD 롱레인지 18인치,570,570,"1,140",100,30
충북,일반승용,현대자동차,더 뉴 아이오닉6 2WD 롱레인지 20인치,570,570,"1,140",100,30
충북,일반승용,현대자동차,더 뉴 아이오닉6 2WD 롱레인지 N라인 20인치,570,570,"1,140",100,30
충북,일반승용,현대자동차,더 뉴 아이오닉6 2WD 스탠다드 18인치,560,560,"1,120",100,30
충북,일반승용,현대자동차,더 뉴 아이오닉6 AWD 롱레인지 18인치,570,570,"1,140",100,30
충북,일반승용,현대자동차,더 뉴 아이오닉6 AWD 롱레인지 20인치,553,553,"1,106",100,30
충북,일반승용,현대자동차,더 뉴 아이오닉6 AWD 롱레인지 N라인 20인치,537,537,"1,074",100,30
충북,일반승용,현대자동차,스타리아 라운지 일렉트릭 7인승,229,229,458,46,14
충북,일반승용,현대자동차,스타리아 리무진 일렉트릭 6인승,229,229,458,46,14
충북,일반승용,현대자동차,아이오닉6 N,250,250,500,50,15
충북,일반승용,현대자동차,아이오닉9 성능형 AWD,272,272,544,54,16
충북,일반승용,현대자동차,아이오닉9 항속형 2WD,274,274,548,55,17
충북,일반승용,현대자동차,아이오닉9 항속형 AWD,271,271,542,54,16
충북,경·소형,현대자동차,캐스퍼 일렉트릭 기본형 15인치,490,490,980,98,29
충북,경·소형,현대자동차,캐스퍼 일렉트릭 크로스 17인치,487,487,974,97,29
충북,경·소형,현대자동차,캐스퍼 일렉트릭 항속형 15인치,490,490,980,98,29
충북,경·소형,현대자동차,캐스퍼 일렉트릭 항속형 17인치(라운지포함),490,490,980,98,29
충북,일반승용,현대자동차,코나 일렉트릭 2WD 롱레인지 17인치,514,514,"1,028",100,30
충북,일반승용,현대자동차,코나 일렉트릭 2WD 롱레인지 17인치 빌트인 캠 미적용,514,514,"1,028",100,30
충북,일반승용,현대자동차,코나 일렉트릭 2WD 롱레인지 19인치,459,459,918,92,28
충북,일반승용,현대자동차,코나 일렉트릭 2WD 스탠다드 17인치,437,437,874,87,26
충북,일반승용,BMW,MINI Aceman E,400,400,800,80,24
충북,일반승용,BMW,MINI Aceman SE,400,400,800,80,24
충북,일반승용,BMW,MINI Cooper SE,396,396,792,79,24
충북,일반승용,BMW,MINI Countryman E,217,217,434,43,13
충북,일반승용,BMW,MINI Countryman SE ALL4,203,203,406,41,12
충북,일반승용,BMW,MINI JCW Aceman E,197,197,394,39,12
충북,일반승용,BMW,MINI JCW E,191,191,382,38,11
충북,일반승용,BMW,i4 M60 LCI (71HD),233,233,466,47,14
충북,일반승용,BMW,i4 eDrive 40 LCI(21HD),244,244,488,49,15
충북,일반승용,BMW,i4 eDrive 40 LCI(61HD),256,256,512,51,15
충북,일반승용,BMW,i5 eDrive 40,262,262,524,52,16
충북,일반승용,BMW,iX1 eDrive20,212,212,424,42,13
충북,일반승용,BMW,iX1 xDrive30,192,192,384,38,11
충북,일반승용,BMW,iX2 eDrive20,214,214,428,43,13
충북,일반승용,BMW,iX3 50 xDrive,275,0,275,55,17
충북,일반승용,기아,EV3 GT,248,248,496,50,15
충북,일반승용,기아,EV3 롱레인지 2WD 17인치,555,555,"1,110",100,30
충북,일반승용,기아,EV3 롱레인지 2WD 19인치,555,555,"1,110",100,30
충북,일반승용,기아,EV3 롱레인지 4WD 19인치,539,539,"1,078",100,30
충북,일반승용,기아,EV3 스탠다드 2WD,469,469,938,94,28
충북,일반승용,기아,EV4 GT,255,256,511,51,15
충북,일반승용,기아,EV4 롱레인지 2WD 17인치,555,555,"1,110",100,30
충북,일반승용,기아,EV4 롱레인지 2WD 19인치,555,555,"1,110",100,30
충북,일반승용,기아,EV4 롱레인지 4WD 19인치,554,554,"1,108",100,30
충북,일반승용,기아,EV4 롱레인지 GTL 2WD 19인치,555,555,"1,110",100,30
충북,일반승용,기아,EV4 스탠다드 2WD 17인치,512,512,"1,024",100,30
충북,일반승용,기아,EV4 스탠다드 2WD 19인치,481,481,962,96,29
충북,일반승용,기아,EV5 GT,232,232,464,46,14
충북,일반승용,기아,EV5 롱레인지 2WD,552,552,"1,104",100,30
충북,일반승용,기아,EV5 롱레인지 4WD 18인치,499,499,998,100,30
충북,일반승용,기아,EV5 롱레인지 4WD 19인치,493,493,986,99,30
충북,일반승용,기아,EV9 GT,245,245,490,49,15
충북,일반승용,기아,EV9 롱레인지 2WD 19인치,270,270,540,54,16
충북,일반승용,기아,EV9 롱레인지 2WD 20인치,268,268,536,54,16
충북,일반승용,기아,EV9 롱레인지 4WD 19인치,254,254,508,51,15
충북,일반승용,기아,EV9 롱레인지 4WD 21인치,260,260,520,52,16
충북,일반승용,기아,EV9 롱레인지 GTL 4WD 21인치,252,252,504,50,15
충북,일반승용,기아,EV9 스탠다드,237,237,474,47,14
충북,일반승용,기아,PV5 패신저 5인승 롱레인지,458,458,916,92,28
충북,일반승용,기아,Pv5 WAV(비용 미지원),648,648,"1,296",100,30
충북,일반승용,기아,Pv5 WAV(비용 지원),448,448,896,90,27
충북,일반승용,기아,(단종)The all-new Kia Niro EV,489,489,978,98,29
충북,일반승용,기아,더뉴EV6 롱레인지 2WD 19인치,570,570,"1,140",100,30
충북,일반승용,기아,더뉴EV6 롱레인지 2WD 20인치,559,559,"1,118",100,30
충북,일반승용,기아,더뉴EV6 롱레인지 4WD 19인치,561,561,"1,122",100,30
충북,일반승용,기아,더뉴EV6 롱레인지 4WD 20인치,532,532,"1,064",100,30
충북,일반승용,기아,더뉴EV6 스탠다드,501,501,"1,002",100,30
충북,경·소형,기아,레이 EV 2WD 14인치 1인승 밴,457,457,914,91,27
충북,경·소형,기아,레이 EV 2WD 14인치 2인승 밴,457,457,914,91,27
충북,경·소형,기아,레이 EV 2WD 14인치 4인승 승용,457,457,914,91,27
충북,일반승용,메르세데스벤츠코리아,EQA 250(Facelift),190,190,380,38,11
충북,일반승용,메르세데스벤츠코리아,EQB 300 4MATIC(Facelift),154,154,308,31,9
충북,일반승용,메르세데스벤츠코리아,EQB 300 4MATIC(Facelift)(CY25/2),162,162,324,32,10
충북,일반승용,볼보자동차코리아,볼보 EX30 Single Motor ER,247,247,494,49,15
충북,일반승용,볼보자동차코리아,볼보 EX30CC Twin Motor Perf,222,222,444,44,13
충북,일반승용,비와이디코리아,(단종)BYD ATTO 3,126,0,126,25,8
충북,일반승용,비와이디코리아,(단종)BYD DOLPHIN,109,0,109,22,7
충북,일반승용,비와이디코리아,(단종)BYD DOLPHIN Active,132,0,132,26,8
충북,일반승용,비와이디코리아,(단종)BYD SEAL,169,0,169,34,10
충북,일반승용,비와이디코리아,(단종)BYD SEAL Dynamic AWD,151,0,151,30,9
충북,일반승용,비와이디코리아,(단종)BYD SEALION 7,152,0,152,30,9
충북,일반승용,케이지모빌리티,토레스 EVX 18인치,354,354,708,71,21
충북,일반승용,케이지모빌리티,토레스 EVX 18인치(2026),361,361,722,72,22
충북,일반승용,케이지모빌리티,토레스 EVX 20인치,344,344,688,69,21
충북,일반승용,케이지모빌리티,토레스 EVX 20인치(2026),354,354,708,71,21
충북,일반승용,케이지모빌리티,(단종)토레스 EVX 2WD 18인치,327,0,327,65,20
충북,일반승용,케이지모빌리티,(단종)토레스 EVX 2WD 20인치,312,0,312,62,19
충북,일반승용,테슬라코리아,Model 3 Performance,200,200,400,40,12
충북,일반승용,테슬라코리아,Model 3 Premium Long Range RWD,420,420,840,84,25
충북,일반승용,테슬라코리아,Model 3 Premium Long Range RWD(5999만원),210,0,210,42,13
충북,일반승용,테슬라코리아,Model 3 RWD,168,168,336,34,10
충북,일반승용,테슬라코리아,Model 3 RWD(2025),168,168,336,34,10
충북,일반승용,테슬라코리아,Model Y L AWD,215,210,425,43,13
충북,일반승용,테슬라코리아,Model Y Long Range(2025),210,210,420,42,13
충북,일반승용,테슬라코리아,Model Y Premium Long Range,210,210,420,42,13
충북,일반승용,테슬라코리아,Model Y Premium RWD,170,170,340,34,10
충북,일반승용,테슬라코리아,Model Y RWD(2025),170,170,340,34,10
충북,일반승용,폭스바겐그룹코리아,ID.4 Pro,432,432,864,86,26
충북,일반승용,폭스바겐그룹코리아,Q4 45 e-tron,206,206,412,41,12
충북,일반승용,폭스바겐그룹코리아,Q4 Sportback 45 e-tron,206,206,412,41,12
충북,일반승용,폭스바겐그룹코리아,(단종)Q6 e-tron performance,220,220,440,44,13
충북,일반승용,폭스바겐그룹코리아,iD.5 Pro,473,473,946,95,29
충북,일반승용,현대자동차,ELECTRIFIED G80,270,270,540,54,16
충북,일반승용,현대자동차,ELECTRIFIED GV70 AWD 19인치,261,261,522,52,16
충북,일반승용,현대자동차,ELECTRIFIED GV70 AWD 20인치,245,245,490,49,15
충북,일반승용,현대자동차,GV60 스탠다드 2WD 19인치,285,285,570,57,17
충북,일반승용,현대자동차,GV60 스탠다드 AWD 19인치,272,272,544,54,16
충북,일반승용,현대자동차,GV60 스탠다드 AWD 20인치,261,261,522,52,16
충북,일반승용,현대자동차,더 뉴 아이오닉5 2WD 롱레인지 19인치,564,564,"1,128",100,30
충북,일반승용,현대자동차,더 뉴 아이오닉5 2WD 롱레인지 19인치 빌트인 캠 미적용,567,567,"1,134",100,30
충북,일반승용,현대자동차,더 뉴 아이오닉5 2WD 롱레인지 20인치,559,559,"1,118",100,30
충북,일반승용,현대자동차,더 뉴 아이오닉5 2WD 롱레인지 N라인 20인치,541,541,"1,082",100,30
충북,일반승용,현대자동차,더 뉴 아이오닉5 2WD 스탠다드 19인치,483,483,966,97,29
충북,일반승용,현대자동차,더 뉴 아이오닉5 AWD 롱레인지 19인치,558,558,"1,116",100,30
충북,일반승용,현대자동차,더 뉴 아이오닉5 AWD 롱레인지 20인치,532,532,"1,064",100,30
충북,일반승용,현대자동차,더 뉴 아이오닉5 AWD 롱레인지 N라인 20인치,510,510,"1,020",100,30
충북,일반승용,현대자동차,더 뉴 아이오닉6 2WD 롱레인지 18인치,570,570,"1,140",100,30
충북,일반승용,현대자동차,더 뉴 아이오닉6 2WD 롱레인지 20인치,570,570,"1,140",100,30
충북,일반승용,현대자동차,더 뉴 아이오닉6 2WD 롱레인지 N라인 20인치,570,570,"1,140",100,30
충북,일반승용,현대자동차,더 뉴 아이오닉6 2WD 스탠다드 18인치,560,560,"1,120",100,30
충북,일반승용,현대자동차,더 뉴 아이오닉6 AWD 롱레인지 18인치,570,570,"1,140",100,30
충북,일반승용,현대자동차,더 뉴 아이오닉6 AWD 롱레인지 20인치,553,553,"1,106",100,30
충북,일반승용,현대자동차,더 뉴 아이오닉6 AWD 롱레인지 N라인 20인치,537,537,"1,074",100,30
충북,일반승용,현대자동차,스타리아 라운지 일렉트릭 7인승,229,0,229,46,14
충북,일반승용,현대자동차,스타리아 리무진 일렉트릭 6인승,229,229,458,46,14
충북,일반승용,현대자동차,아이오닉6 N,250,250,500,50,15
충북,일반승용,현대자동차,아이오닉9 성능형 AWD,272,272,544,54,16
충북,일반승용,현대자동차,아이오닉9 항속형 2WD,274,274,548,55,17
충북,일반승용,현대자동차,아이오닉9 항속형 AWD,271,271,542,54,16
충북,경·소형,현대자동차,캐스퍼 일렉트릭 기본형 15인치,490,490,980,98,29
충북,경·소형,현대자동차,캐스퍼 일렉트릭 크로스 17인치,487,487,974,97,29
충북,경·소형,현대자동차,캐스퍼 일렉트릭 항속형 15인치,490,490,980,98,29
충북,경·소형,현대자동차,캐스퍼 일렉트릭 항속형 17인치(라운지포함),490,490,980,98,29
충북,일반승용,현대자동차,코나 일렉트릭 2WD 롱레인지 17인치,514,514,"1,028",100,30
충북,일반승용,현대자동차,코나 일렉트릭 2WD 롱레인지 17인치 빌트인 캠 미적용,514,514,"1,028",100,30
충북,일반승용,현대자동차,코나 일렉트릭 2WD 롱레인지 19인치,459,459,918,92,28
충북,일반승용,현대자동차,코나 일렉트릭 2WD 스탠다드 17인치,437,437,874,87,26
충북,일반승용,BMW,MINI Aceman E,400,400,800,80,24
충북,일반승용,BMW,MINI Aceman SE,400,400,800,80,24
충북,일반승용,BMW,MINI Cooper SE,396,396,792,79,24
충북,일반승용,BMW,MINI Countryman E,217,217,434,43,13
충북,일반승용,BMW,MINI Countryman SE ALL4,203,203,406,41,12
충북,일반승용,BMW,MINI JCW Aceman E,197,197,394,39,12
충북,일반승용,BMW,MINI JCW E,191,191,382,38,11
충북,일반승용,BMW,i4 M60 LCI (71HD),233,233,466,47,14
충북,일반승용,BMW,i4 eDrive 40 LCI(21HD),244,244,488,49,15
충북,일반승용,BMW,i4 eDrive 40 LCI(61HD),256,256,512,51,15
충북,일반승용,BMW,i5 eDrive 40,262,262,524,52,16
충북,일반승용,BMW,iX1 eDrive20,212,212,424,42,13
충북,일반승용,BMW,iX1 eDrive20(11HM),235,235,470,47,14
충북,일반승용,BMW,iX1 xDrive30,192,192,384,38,11
충북,일반승용,BMW,iX2 eDrive20,214,214,428,43,13
충북,일반승용,BMW,iX2 eDrive20(71GN),239,239,478,48,14
충북,일반승용,BMW,iX3 50 xDrive,275,275,550,55,17
충북,일반승용,기아,EV3 GT,248,248,496,50,15
충북,일반승용,기아,EV3 롱레인지 2WD 17인치,555,555,"1,110",100,30
충북,일반승용,기아,EV3 롱레인지 2WD 19인치,555,555,"1,110",100,30
충북,일반승용,기아,EV3 롱레인지 4WD 19인치,539,539,"1,078",100,30
충북,일반승용,기아,EV3 스탠다드 2WD,469,469,938,94,28
충북,일반승용,기아,EV4 GT,255,255,510,51,15
충북,일반승용,기아,EV4 롱레인지 2WD 17인치,555,555,"1,110",100,30
충북,일반승용,기아,EV4 롱레인지 2WD 19인치,555,555,"1,110",100,30
충북,일반승용,기아,EV4 롱레인지 4WD 19인치,554,554,"1,108",100,30
충북,일반승용,기아,EV4 롱레인지 GTL 2WD 19인치,555,555,"1,110",100,30
충북,일반승용,기아,EV4 스탠다드 2WD 17인치,512,512,"1,024",100,30
충북,일반승용,기아,EV4 스탠다드 2WD 19인치,481,481,962,96,29
충북,일반승용,기아,EV5 GT,232,232,464,46,14
충북,일반승용,기아,EV5 롱레인지 2WD,552,552,"1,104",100,30
충북,일반승용,기아,EV5 롱레인지 4WD 18인치,499,499,998,100,30
충북,일반승용,기아,EV5 롱레인지 4WD 19인치,493,493,986,99,30
충북,일반승용,기아,EV9 GT,245,245,490,49,15
충북,일반승용,기아,EV9 롱레인지 2WD 19인치,270,270,540,54,16
충북,일반승용,기아,EV9 롱레인지 2WD 20인치,268,268,536,54,16
충북,일반승용,기아,EV9 롱레인지 4WD 19인치,254,254,508,51,15
충북,일반승용,기아,EV9 롱레인지 4WD 21인치,260,260,520,52,16
충북,일반승용,기아,EV9 롱레인지 GTL 4WD 21인치,252,252,504,50,15
충북,일반승용,기아,EV9 스탠다드,237,237,474,47,14
충북,일반승용,기아,PV5 패신저 5인승 롱레인지,458,458,916,92,28
충북,일반승용,기아,Pv5 WAV(비용 미지원),648,648,"1,296",100,30
충북,일반승용,기아,Pv5 WAV(비용 지원),448,448,896,90,27
충북,일반승용,기아,(단종)The all-new Kia Niro EV,489,489,978,98,29
충북,일반승용,기아,더뉴EV6 롱레인지 2WD 19인치,570,570,"1,140",100,30
충북,일반승용,기아,더뉴EV6 롱레인지 2WD 20인치,559,559,"1,118",100,30
충북,일반승용,기아,더뉴EV6 롱레인지 4WD 19인치,561,561,"1,122",100,30
충북,일반승용,기아,더뉴EV6 롱레인지 4WD 20인치,532,532,"1,064",100,30
충북,일반승용,기아,더뉴EV6 스탠다드,501,501,"1,002",100,30
충북,경·소형,기아,레이 EV 2WD 14인치 1인승 밴,457,457,914,91,27
충북,경·소형,기아,레이 EV 2WD 14인치 2인승 밴,457,457,914,91,27
충북,경·소형,기아,레이 EV 2WD 14인치 4인승 승용,457,457,914,91,27
충북,일반승용,메르세데스벤츠코리아,EQA 250(Facelift),190,190,380,38,11
충북,일반승용,메르세데스벤츠코리아,EQB 300 4MATIC(Facelift),154,154,308,31,9
충북,일반승용,메르세데스벤츠코리아,EQB 300 4MATIC(Facelift)(CY25/2),162,162,324,32,10
충북,일반승용,볼보자동차코리아,볼보 EX30 Single Motor ER,247,247,494,49,15
충북,일반승용,볼보자동차코리아,볼보 EX30CC Twin Motor Perf,222,222,444,44,13
충북,일반승용,비와이디코리아,(단종)BYD ATTO 3,126,126,252,25,8
충북,일반승용,비와이디코리아,(단종)BYD DOLPHIN,109,109,218,22,7
충북,일반승용,비와이디코리아,(단종)BYD DOLPHIN Active,132,132,264,26,8
충북,일반승용,비와이디코리아,(단종)BYD SEAL,169,169,338,34,10
충북,일반승용,비와이디코리아,(단종)BYD SEAL Dynamic AWD,151,151,302,30,9
충북,일반승용,비와이디코리아,(단종)BYD SEALION 7,152,152,304,30,9
충북,일반승용,케이지모빌리티,토레스 EVX 18인치,354,354,708,71,21
충북,일반승용,케이지모빌리티,토레스 EVX 18인치(2026),361,361,722,72,22
충북,일반승용,케이지모빌리티,토레스 EVX 20인치,344,344,688,69,21
충북,일반승용,케이지모빌리티,토레스 EVX 20인치(2026),354,354,708,71,21
충북,일반승용,케이지모빌리티,(단종)토레스 EVX 2WD 18인치,327,327,654,65,20
충북,일반승용,케이지모빌리티,(단종)토레스 EVX 2WD 20인치,312,312,624,62,19
충북,일반승용,테슬라코리아,Model 3 Performance,200,200,400,40,12
충북,일반승용,테슬라코리아,Model 3 Premium Long Range RWD,420,420,840,84,25
충북,일반승용,테슬라코리아,Model 3 Premium Long Range RWD(5999만원),210,210,420,42,13
충북,일반승용,테슬라코리아,Model 3 RWD,168,168,336,34,10
충북,일반승용,테슬라코리아,Model 3 RWD(2025),168,168,336,34,10
충북,일반승용,테슬라코리아,Model Y L AWD,215,210,425,43,13
충북,일반승용,테슬라코리아,Model Y Long Range(2025),210,210,420,42,13
충북,일반승용,테슬라코리아,Model Y Premium Long Range,210,210,420,42,13
충북,일반승용,테슬라코리아,Model Y Premium RWD,170,170,340,34,10
충북,일반승용,테슬라코리아,Model Y RWD(2025),170,170,340,34,10
충북,일반승용,폭스바겐그룹코리아,ID.4 Pro,432,432,864,86,26
충북,일반승용,폭스바겐그룹코리아,Q4 45 e-tron,206,206,412,41,12
충북,일반승용,폭스바겐그룹코리아,Q4 Sportback 45 e-tron,206,206,412,41,12
충북,일반승용,폭스바겐그룹코리아,(단종)Q6 e-tron performance,220,220,440,44,13
충북,일반승용,폭스바겐그룹코리아,iD.5 Pro,473,473,946,95,29
충북,일반승용,폴스타오토모티브코리아,Polestar 4 Coupe Dual Motor,168,168,336,34,10
충북,일반승용,폴스타오토모티브코리아,Polestar 4 Coupe Rear Motor,181,181,362,36,11
충북,일반승용,현대자동차,ELECTRIFIED G80,270,270,540,54,16
충북,일반승용,현대자동차,ELECTRIFIED GV70 AWD 19인치,261,261,522,52,16
충북,일반승용,현대자동차,ELECTRIFIED GV70 AWD 20인치,245,245,490,49,15
충북,일반승용,현대자동차,GV60 스탠다드 2WD 19인치,285,285,570,57,17
충북,일반승용,현대자동차,GV60 스탠다드 AWD 19인치,272,272,544,54,16
충북,일반승용,현대자동차,GV60 스탠다드 AWD 20인치,261,261,522,52,16
충북,일반승용,현대자동차,더 뉴 아이오닉5 2WD 롱레인지 19인치,564,564,"1,128",100,30
충북,일반승용,현대자동차,더 뉴 아이오닉5 2WD 롱레인지 19인치 빌트인 캠 미적용,567,567,"1,134",100,30
충북,일반승용,현대자동차,더 뉴 아이오닉5 2WD 롱레인지 20인치,559,559,"1,118",100,30
충북,일반승용,현대자동차,더 뉴 아이오닉5 2WD 롱레인지 N라인 20인치,541,541,"1,082",100,30
충북,일반승용,현대자동차,더 뉴 아이오닉5 2WD 스탠다드 19인치,483,483,966,97,29
충북,일반승용,현대자동차,더 뉴 아이오닉5 AWD 롱레인지 19인치,558,558,"1,116",100,30
충북,일반승용,현대자동차,더 뉴 아이오닉5 AWD 롱레인지 20인치,532,532,"1,064",100,30
충북,일반승용,현대자동차,더 뉴 아이오닉5 AWD 롱레인지 N라인 20인치,510,510,"1,020",100,30
충북,일반승용,현대자동차,더 뉴 아이오닉6 2WD 롱레인지 18인치,570,570,"1,140",100,30
충북,일반승용,현대자동차,더 뉴 아이오닉6 2WD 롱레인지 20인치,570,570,"1,140",100,30
충북,일반승용,현대자동차,더 뉴 아이오닉6 2WD 롱레인지 N라인 20인치,570,570,"1,140",100,30
충북,일반승용,현대자동차,더 뉴 아이오닉6 2WD 스탠다드 18인치,560,560,"1,120",100,30
충북,일반승용,현대자동차,더 뉴 아이오닉6 AWD 롱레인지 18인치,570,570,"1,140",100,30
충북,일반승용,현대자동차,더 뉴 아이오닉6 AWD 롱레인지 20인치,553,553,"1,106",100,30
충북,일반승용,현대자동차,더 뉴 아이오닉6 AWD 롱레인지 N라인 20인치,537,537,"1,074",100,30
충북,일반승용,현대자동차,스타리아 라운지 일렉트릭 7인승,229,229,458,46,14
충북,일반승용,현대자동차,스타리아 리무진 일렉트릭 6인승,229,229,458,46,14
충북,일반승용,현대자동차,아이오닉6 N,250,250,500,50,15
충북,일반승용,현대자동차,아이오닉9 성능형 AWD,272,272,544,54,16
충북,일반승용,현대자동차,아이오닉9 항속형 2WD,274,274,548,55,17
충북,일반승용,현대자동차,아이오닉9 항속형 AWD,271,271,542,54,16
충북,경·소형,현대자동차,캐스퍼 일렉트릭 기본형 15인치,490,490,980,98,29
충북,경·소형,현대자동차,캐스퍼 일렉트릭 크로스 17인치,487,487,974,97,29
충북,경·소형,현대자동차,캐스퍼 일렉트릭 항속형 15인치,490,490,980,98,29
충북,경·소형,현대자동차,캐스퍼 일렉트릭 항속형 17인치(라운지포함),490,490,980,98,29
충북,일반승용,현대자동차,코나 일렉트릭 2WD 롱레인지 17인치,514,514,"1,028",100,30
충북,일반승용,현대자동차,코나 일렉트릭 2WD 롱레인지 17인치 빌트인 캠 미적용,514,514,"1,028",100,30
충북,일반승용,현대자동차,코나 일렉트릭 2WD 롱레인지 19인치,459,459,918,92,28
충북,일반승용,현대자동차,코나 일렉트릭 2WD 스탠다드 17인치,437,437,874,87,26
충북,일반승용,BMW,MINI Aceman E,400,400,800,80,24
충북,일반승용,BMW,MINI Aceman SE,400,400,800,80,24
충북,일반승용,BMW,MINI Cooper SE,396,396,792,79,24
충북,일반승용,BMW,MINI Countryman E,217,217,434,43,13
충북,일반승용,BMW,MINI Countryman SE ALL4,203,203,406,41,12
충북,일반승용,BMW,MINI JCW Aceman E,197,197,394,39,12
충북,일반승용,BMW,MINI JCW E,191,191,382,38,11
충북,일반승용,BMW,i4 M60 LCI (71HD),233,233,466,47,14
충북,일반승용,BMW,i4 eDrive 40 LCI(21HD),244,244,488,49,15
충북,일반승용,BMW,i4 eDrive 40 LCI(61HD),256,256,512,51,15
충북,일반승용,BMW,i5 eDrive 40,262,262,524,52,16
충북,일반승용,BMW,iX1 eDrive20,212,212,424,42,13
충북,일반승용,BMW,iX1 eDrive20(11HM),235,235,470,47,14
충북,일반승용,BMW,iX1 xDrive30,192,192,384,38,11
충북,일반승용,BMW,iX2 eDrive20,214,214,428,43,13
충북,일반승용,BMW,iX2 eDrive20(71GN),239,239,478,48,14
충북,일반승용,BMW,iX3 50 xDrive,275,275,550,55,17
충북,일반승용,기아,EV3 GT,248,248,496,50,15
충북,일반승용,기아,EV3 롱레인지 2WD 17인치,555,555,"1,110",100,30
충북,일반승용,기아,EV3 롱레인지 2WD 19인치,555,555,"1,110",100,30
충북,일반승용,기아,EV3 롱레인지 4WD 19인치,539,539,"1,078",100,30
충북,일반승용,기아,EV3 스탠다드 2WD,469,469,938,94,28
충북,일반승용,기아,EV4 GT,255,256,511,51,15
충북,일반승용,기아,EV4 롱레인지 2WD 17인치,555,555,"1,110",100,30
충북,일반승용,기아,EV4 롱레인지 2WD 19인치,555,555,"1,110",100,30
충북,일반승용,기아,EV4 롱레인지 4WD 19인치,554,554,"1,108",100,30
충북,일반승용,기아,EV4 롱레인지 GTL 2WD 19인치,555,555,"1,110",100,30
충북,일반승용,기아,EV4 스탠다드 2WD 17인치,512,512,"1,024",100,30
충북,일반승용,기아,EV4 스탠다드 2WD 19인치,481,481,962,96,29
충북,일반승용,기아,EV5 GT,232,232,464,46,14
충북,일반승용,기아,EV5 롱레인지 2WD,552,552,"1,104",100,30
충북,일반승용,기아,EV5 롱레인지 4WD 18인치,499,499,998,100,30
충북,일반승용,기아,EV5 롱레인지 4WD 19인치,493,493,986,99,30
충북,일반승용,기아,EV9 GT,245,246,491,49,15
충북,일반승용,기아,EV9 롱레인지 2WD 19인치,270,270,540,54,16
충북,일반승용,기아,EV9 롱레인지 2WD 20인치,268,268,536,54,16
충북,일반승용,기아,EV9 롱레인지 4WD 19인치,254,254,508,51,15
충북,일반승용,기아,EV9 롱레인지 4WD 21인치,260,260,520,52,16
충북,일반승용,기아,EV9 롱레인지 GTL 4WD 21인치,252,252,504,50,15
충북,일반승용,기아,EV9 스탠다드,237,237,474,47,14
충북,일반승용,기아,PV5 패신저 5인승 롱레인지,458,458,916,92,28
충북,일반승용,기아,Pv5 WAV(비용 미지원),648,648,"1,296",100,30
충북,일반승용,기아,Pv5 WAV(비용 지원),448,448,896,90,27
충북,일반승용,기아,(단종)The all-new Kia Niro EV,489,489,978,98,29
충북,일반승용,기아,더뉴EV6 롱레인지 2WD 19인치,570,570,"1,140",100,30
충북,일반승용,기아,더뉴EV6 롱레인지 2WD 20인치,559,559,"1,118",100,30
충북,일반승용,기아,더뉴EV6 롱레인지 4WD 19인치,561,561,"1,122",100,30
충북,일반승용,기아,더뉴EV6 롱레인지 4WD 20인치,532,532,"1,064",100,30
충북,일반승용,기아,더뉴EV6 스탠다드,501,501,"1,002",100,30
충북,경·소형,기아,레이 EV 2WD 14인치 1인승 밴,457,457,914,91,27
충북,경·소형,기아,레이 EV 2WD 14인치 2인승 밴,457,457,914,91,27
충북,경·소형,기아,레이 EV 2WD 14인치 4인승 승용,457,457,914,91,27
충북,일반승용,메르세데스벤츠코리아,EQA 250(Facelift),190,190,380,38,11
충북,일반승용,메르세데스벤츠코리아,EQB 300 4MATIC(Facelift),154,154,308,31,9
충북,일반승용,메르세데스벤츠코리아,EQB 300 4MATIC(Facelift)(CY25/2),162,162,324,32,10
충북,일반승용,볼보자동차코리아,볼보 EX30 Single Motor ER,247,247,494,49,15
충북,일반승용,볼보자동차코리아,볼보 EX30CC Twin Motor Perf,222,222,444,44,13
충북,일반승용,비와이디코리아,(단종)BYD ATTO 3,126,126,252,25,8
충북,일반승용,비와이디코리아,(단종)BYD DOLPHIN,109,109,218,22,7
충북,일반승용,비와이디코리아,(단종)BYD DOLPHIN Active,132,132,264,26,8
충북,일반승용,비와이디코리아,(단종)BYD SEAL,169,169,338,34,10
충북,일반승용,비와이디코리아,(단종)BYD SEAL Dynamic AWD,151,151,302,30,9
충북,일반승용,비와이디코리아,(단종)BYD SEALION 7,152,152,304,30,9
충북,일반승용,케이지모빌리티,토레스 EVX 18인치,354,354,708,71,21
충북,일반승용,케이지모빌리티,토레스 EVX 18인치(2026),361,361,722,72,22
충북,일반승용,케이지모빌리티,토레스 EVX 20인치,344,344,688,69,21
충북,일반승용,케이지모빌리티,토레스 EVX 20인치(2026),354,354,708,71,21
충북,일반승용,케이지모빌리티,(단종)토레스 EVX 2WD 18인치,327,327,654,65,20
충북,일반승용,케이지모빌리티,(단종)토레스 EVX 2WD 20인치,312,312,624,62,19
충북,일반승용,테슬라코리아,Model 3 Performance,200,200,400,40,12
충북,일반승용,테슬라코리아,Model 3 Premium Long Range RWD,420,420,840,84,25
충북,일반승용,테슬라코리아,Model 3 Premium Long Range RWD(5999만원),210,210,420,42,13
충북,일반승용,테슬라코리아,Model 3 RWD,168,168,336,34,10
충북,일반승용,테슬라코리아,Model 3 RWD(2025),168,168,336,34,10
충북,일반승용,테슬라코리아,Model Y L AWD,215,210,425,43,13
충북,일반승용,테슬라코리아,Model Y Long Range(2025),210,210,420,42,13
충북,일반승용,테슬라코리아,Model Y Premium Long Range,210,210,420,42,13
충북,일반승용,테슬라코리아,Model Y Premium RWD,170,170,340,34,10
충북,일반승용,테슬라코리아,Model Y RWD(2025),170,170,340,34,10
충북,일반승용,폭스바겐그룹코리아,ID.4 Pro,432,432,864,86,26
충북,일반승용,폭스바겐그룹코리아,Q4 45 e-tron,206,206,412,41,12
충북,일반승용,폭스바겐그룹코리아,Q4 Sportback 45 e-tron,206,206,412,41,12
충북,일반승용,폭스바겐그룹코리아,(단종)Q6 e-tron performance,220,220,440,44,13
충북,일반승용,폭스바겐그룹코리아,iD.5 Pro,473,473,946,95,29
충북,일반승용,폴스타오토모티브코리아,Polestar 4 Coupe Dual Motor,168,168,336,34,10
충북,일반승용,폴스타오토모티브코리아,Polestar 4 Coupe Rear Motor,181,181,362,36,11
충북,일반승용,현대자동차,ELECTRIFIED G80,270,270,540,54,16
충북,일반승용,현대자동차,ELECTRIFIED GV70 AWD 19인치,261,261,522,52,16
충북,일반승용,현대자동차,ELECTRIFIED GV70 AWD 20인치,245,245,490,49,15
충북,일반승용,현대자동차,GV60 스탠다드 2WD 19인치,285,285,570,57,17
충북,일반승용,현대자동차,GV60 스탠다드 AWD 19인치,272,272,544,54,16
충북,일반승용,현대자동차,GV60 스탠다드 AWD 20인치,261,261,522,52,16
충북,일반승용,현대자동차,더 뉴 아이오닉5 2WD 롱레인지 19인치,564,564,"1,128",100,30
충북,일반승용,현대자동차,더 뉴 아이오닉5 2WD 롱레인지 19인치 빌트인 캠 미적용,567,567,"1,134",100,30
충북,일반승용,현대자동차,더 뉴 아이오닉5 2WD 롱레인지 20인치,559,559,"1,118",100,30
충북,일반승용,현대자동차,더 뉴 아이오닉5 2WD 롱레인지 N라인 20인치,541,541,"1,082",100,30
충북,일반승용,현대자동차,더 뉴 아이오닉5 2WD 스탠다드 19인치,483,483,966,97,29
충북,일반승용,현대자동차,더 뉴 아이오닉5 AWD 롱레인지 19인치,558,558,"1,116",100,30
충북,일반승용,현대자동차,더 뉴 아이오닉5 AWD 롱레인지 20인치,532,532,"1,064",100,30
충북,일반승용,현대자동차,더 뉴 아이오닉5 AWD 롱레인지 N라인 20인치,510,510,"1,020",100,30
충북,일반승용,현대자동차,더 뉴 아이오닉6 2WD 롱레인지 18인치,570,570,"1,140",100,30
충북,일반승용,현대자동차,더 뉴 아이오닉6 2WD 롱레인지 20인치,570,570,"1,140",100,30
충북,일반승용,현대자동차,더 뉴 아이오닉6 2WD 롱레인지 N라인 20인치,570,570,"1,140",100,30
충북,일반승용,현대자동차,더 뉴 아이오닉6 2WD 스탠다드 18인치,560,560,"1,120",100,30
충북,일반승용,현대자동차,더 뉴 아이오닉6 AWD 롱레인지 18인치,570,570,"1,140",100,30
충북,일반승용,현대자동차,더 뉴 아이오닉6 AWD 롱레인지 20인치,553,553,"1,106",100,30
충북,일반승용,현대자동차,더 뉴 아이오닉6 AWD 롱레인지 N라인 20인치,537,537,"1,074",100,30
충북,일반승용,현대자동차,스타리아 라운지 일렉트릭 7인승,229,229,458,46,14
충북,일반승용,현대자동차,스타리아 리무진 일렉트릭 6인승,229,229,458,46,14
충북,일반승용,현대자동차,아이오닉6 N,250,250,500,50,15
충북,일반승용,현대자동차,아이오닉9 성능형 AWD,272,272,544,54,16
충북,일반승용,현대자동차,아이오닉9 항속형 2WD,274,274,548,55,17
충북,일반승용,현대자동차,아이오닉9 항속형 AWD,271,271,542,54,16
충북,경·소형,현대자동차,캐스퍼 일렉트릭 기본형 15인치,490,490,980,98,29
충북,경·소형,현대자동차,캐스퍼 일렉트릭 크로스 17인치,487,487,974,97,29
충북,경·소형,현대자동차,캐스퍼 일렉트릭 항속형 15인치,490,490,980,98,29
충북,경·소형,현대자동차,캐스퍼 일렉트릭 항속형 17인치(라운지포함),490,490,980,98,29
충북,일반승용,현대자동차,코나 일렉트릭 2WD 롱레인지 17인치,514,514,"1,028",100,30
충북,일반승용,현대자동차,코나 일렉트릭 2WD 롱레인지 17인치 빌트인 캠 미적용,514,514,"1,028",100,30
충북,일반승용,현대자동차,코나 일렉트릭 2WD 롱레인지 19인치,459,459,918,92,28
충북,일반승용,현대자동차,코나 일렉트릭 2WD 스탠다드 17인치,437,437,874,87,26
충남,일반승용,BMW,MINI Aceman E,400,414,814,80,24
충남,일반승용,BMW,MINI Aceman SE,400,414,814,80,24
충남,일반승용,BMW,MINI Cooper SE,396,410,806,79,24
충남,일반승용,BMW,MINI Countryman E,217,225,442,43,13
충남,일반승용,BMW,MINI Countryman SE ALL4,203,210,413,41,12
충남,일반승용,BMW,MINI JCW Aceman E,197,204,401,39,12
충남,일반승용,BMW,MINI JCW E,191,198,389,38,11
충남,일반승용,BMW,i4 M60 LCI (71HD),233,241,474,47,14
충남,일반승용,BMW,i4 eDrive 40 LCI(21HD),244,252,496,49,15
충남,일반승용,BMW,i4 eDrive 40 LCI(61HD),256,265,521,51,15
충남,일반승용,BMW,i5 eDrive 40,262,271,533,52,16
충남,일반승용,BMW,iX1 eDrive20,212,219,431,42,13
충남,일반승용,BMW,iX1 xDrive30,192,198,390,38,11
충남,일반승용,BMW,iX2 eDrive20,214,222,436,43,13
충남,일반승용,BMW,iX3 50 xDrive,275,285,560,55,17
충남,일반승용,기아,EV3 GT,248,257,505,50,15
충남,일반승용,기아,EV3 롱레인지 2WD 17인치,555,574,"1,129",100,30
충남,일반승용,기아,EV3 롱레인지 2WD 19인치,555,574,"1,129",100,30
충남,일반승용,기아,EV3 롱레인지 4WD 19인치,539,558,"1,097",100,30
충남,일반승용,기아,EV3 스탠다드 2WD,469,485,954,94,28
충남,일반승용,기아,EV4 GT,255,264,519,51,15
충남,일반승용,기아,EV4 롱레인지 2WD 17인치,555,574,"1,129",100,30
충남,일반승용,기아,EV4 롱레인지 2WD 19인치,555,574,"1,129",100,30
충남,일반승용,기아,EV4 롱레인지 4WD 19인치,554,573,"1,127",100,30
충남,일반승용,기아,EV4 롱레인지 GTL 2WD 19인치,555,574,"1,129",100,30
충남,일반승용,기아,EV4 스탠다드 2WD 17인치,512,530,"1,042",100,30
충남,일반승용,기아,EV4 스탠다드 2WD 19인치,481,498,979,96,29
충남,일반승용,기아,EV5 GT,232,240,472,46,14
충남,일반승용,기아,EV5 롱레인지 2WD,552,571,"1,123",100,30
충남,일반승용,기아,EV5 롱레인지 4WD 18인치,499,516,"1,015",100,30
충남,일반승용,기아,EV5 롱레인지 4WD 19인치,493,510,"1,003",99,30
충남,일반승용,기아,EV9 GT,245,253,498,49,15
충남,일반승용,기아,EV9 롱레인지 2WD 19인치,270,279,549,54,16
충남,일반승용,기아,EV9 롱레인지 2WD 20인치,268,277,545,54,16
충남,일반승용,기아,EV9 롱레인지 4WD 19인치,254,263,517,51,15
충남,일반승용,기아,EV9 롱레인지 4WD 21인치,260,269,529,52,16
충남,일반승용,기아,EV9 롱레인지 GTL 4WD 21인치,252,261,513,50,15
충남,일반승용,기아,EV9 스탠다드,237,245,482,47,14
충남,일반승용,기아,PV5 패신저 5인승 롱레인지,458,474,932,92,28
충남,일반승용,기아,Pv5 WAV(비용 미지원),648,600,"1,248",100,30
충남,일반승용,기아,Pv5 WAV(비용 지원),448,463,911,90,27
충남,일반승용,기아,(단종)The all-new Kia Niro EV,489,506,995,98,29
충남,일반승용,기아,더뉴EV6 롱레인지 2WD 19인치,570,590,"1,160",100,30
충남,일반승용,기아,더뉴EV6 롱레인지 2WD 20인치,559,579,"1,138",100,30
충남,일반승용,기아,더뉴EV6 롱레인지 4WD 19인치,561,580,"1,141",100,30
충남,일반승용,기아,더뉴EV6 롱레인지 4WD 20인치,532,550,"1,082",100,30
충남,일반승용,기아,더뉴EV6 스탠다드,501,519,"1,020",100,30
충남,경·소형,기아,레이 EV 2WD 14인치 1인승 밴,457,431,888,91,27
충남,경·소형,기아,레이 EV 2WD 14인치 2인승 밴,457,431,888,91,27
충남,경·소형,기아,레이 EV 2WD 14인치 4인승 승용,457,431,888,91,27
충남,일반승용,메르세데스벤츠코리아,EQA 250(Facelift),190,197,387,38,11
충남,일반승용,메르세데스벤츠코리아,EQB 300 4MATIC(Facelift),154,159,313,31,9
충남,일반승용,메르세데스벤츠코리아,EQB 300 4MATIC(Facelift)(CY25/2),162,168,330,32,10
충남,일반승용,볼보자동차코리아,볼보 EX30 Single Motor ER,247,255,502,49,15
충남,일반승용,볼보자동차코리아,볼보 EX30CC Twin Motor Perf,222,230,452,44,13
충남,일반승용,비와이디코리아,(단종)BYD ATTO 3,126,130,256,25,8
충남,일반승용,비와이디코리아,(단종)BYD DOLPHIN,109,113,222,22,7
충남,일반승용,비와이디코리아,(단종)BYD DOLPHIN Active,132,137,269,26,8
충남,일반승용,비와이디코리아,(단종)BYD SEAL,169,175,344,34,10
충남,일반승용,비와이디코리아,(단종)BYD SEAL Dynamic AWD,151,156,307,30,9
충남,일반승용,비와이디코리아,(단종)BYD SEALION 7,152,157,309,30,9
충남,일반승용,케이지모빌리티,토레스 EVX 18인치,354,366,720,71,21
충남,일반승용,케이지모빌리티,토레스 EVX 18인치(2026),361,373,734,72,22
충남,일반승용,케이지모빌리티,토레스 EVX 20인치,344,356,700,69,21
충남,일반승용,케이지모빌리티,토레스 EVX 20인치(2026),354,366,720,71,21
충남,일반승용,케이지모빌리티,(단종)토레스 EVX 2WD 18인치,327,339,666,65,20
충남,일반승용,케이지모빌리티,(단종)토레스 EVX 2WD 20인치,312,323,635,62,19
충남,일반승용,테슬라코리아,Model 3 Performance,200,207,407,40,12
충남,일반승용,테슬라코리아,Model 3 Premium Long Range RWD,420,435,855,84,25
충남,일반승용,테슬라코리아,Model 3 Premium Long Range RWD(5999만원),210,217,427,42,13
충남,일반승용,테슬라코리아,Model 3 RWD,168,174,342,34,10
충남,일반승용,테슬라코리아,Model 3 RWD(2025),168,0,168,34,10
충남,일반승용,테슬라코리아,Model Y L AWD,215,222,437,43,13
충남,일반승용,테슬라코리아,Model Y Long Range(2025),210,217,427,42,13
충남,일반승용,테슬라코리아,Model Y Premium Long Range,210,217,427,42,13
충남,일반승용,테슬라코리아,Model Y Premium RWD,170,176,346,34,10
충남,일반승용,테슬라코리아,Model Y RWD(2025),170,176,346,34,10
충남,일반승용,폭스바겐그룹코리아,ID.4 Pro,432,447,879,86,26
충남,일반승용,폭스바겐그룹코리아,Q4 45 e-tron,206,213,419,41,12
충남,일반승용,폭스바겐그룹코리아,Q4 Sportback 45 e-tron,206,213,419,41,12
충남,일반승용,폭스바겐그룹코리아,(단종)Q6 e-tron performance,220,228,448,44,13
충남,일반승용,폭스바겐그룹코리아,iD.5 Pro,473,489,962,95,29
충남,일반승용,현대자동차,ELECTRIFIED G80,270,279,549,54,16
충남,일반승용,현대자동차,ELECTRIFIED GV70 AWD 19인치,261,270,531,52,16
충남,일반승용,현대자동차,ELECTRIFIED GV70 AWD 20인치,245,253,498,49,15
충남,일반승용,현대자동차,GV60 스탠다드 2WD 19인치,285,295,580,57,17
충남,일반승용,현대자동차,GV60 스탠다드 AWD 19인치,272,282,554,54,16
충남,일반승용,현대자동차,GV60 스탠다드 AWD 20인치,261,270,531,52,16
충남,일반승용,현대자동차,더 뉴 아이오닉5 2WD 롱레인지 19인치,564,583,"1,147",100,30
충남,일반승용,현대자동차,더 뉴 아이오닉5 2WD 롱레인지 19인치 빌트인 캠 미적용,567,587,"1,154",100,30
충남,일반승용,현대자동차,더 뉴 아이오닉5 2WD 롱레인지 20인치,559,579,"1,138",100,30
충남,일반승용,현대자동차,더 뉴 아이오닉5 2WD 롱레인지 N라인 20인치,541,560,"1,101",100,30
충남,일반승용,현대자동차,더 뉴 아이오닉5 2WD 스탠다드 19인치,483,500,983,97,29
충남,일반승용,현대자동차,더 뉴 아이오닉5 AWD 롱레인지 19인치,558,577,"1,135",100,30
충남,일반승용,현대자동차,더 뉴 아이오닉5 AWD 롱레인지 20인치,532,550,"1,082",100,30
충남,일반승용,현대자동차,더 뉴 아이오닉5 AWD 롱레인지 N라인 20인치,510,528,"1,038",100,30
충남,일반승용,현대자동차,더 뉴 아이오닉6 2WD 롱레인지 18인치,570,590,"1,160",100,30
충남,일반승용,현대자동차,더 뉴 아이오닉6 2WD 롱레인지 20인치,570,590,"1,160",100,30
충남,일반승용,현대자동차,더 뉴 아이오닉6 2WD 롱레인지 N라인 20인치,570,590,"1,160",100,30
충남,일반승용,현대자동차,더 뉴 아이오닉6 2WD 스탠다드 18인치,560,579,"1,139",100,30
충남,일반승용,현대자동차,더 뉴 아이오닉6 AWD 롱레인지 18인치,570,590,"1,160",100,30
충남,일반승용,현대자동차,더 뉴 아이오닉6 AWD 롱레인지 20인치,553,572,"1,125",100,30
충남,일반승용,현대자동차,더 뉴 아이오닉6 AWD 롱레인지 N라인 20인치,537,555,"1,092",100,30
충남,일반승용,현대자동차,스타리아 라운지 일렉트릭 7인승,229,237,466,46,14
충남,일반승용,현대자동차,스타리아 리무진 일렉트릭 6인승,229,237,466,46,14
충남,일반승용,현대자동차,아이오닉6 N,250,258,508,50,15
충남,일반승용,현대자동차,아이오닉9 성능형 AWD,272,282,554,54,16
충남,일반승용,현대자동차,아이오닉9 항속형 2WD,274,283,557,55,17
충남,일반승용,현대자동차,아이오닉9 항속형 AWD,271,280,551,54,16
충남,경·소형,현대자동차,캐스퍼 일렉트릭 기본형 15인치,490,463,953,98,29
충남,경·소형,현대자동차,캐스퍼 일렉트릭 크로스 17인치,487,460,947,97,29
충남,경·소형,현대자동차,캐스퍼 일렉트릭 항속형 15인치,490,463,953,98,29
충남,경·소형,현대자동차,캐스퍼 일렉트릭 항속형 17인치(라운지포함),490,463,953,98,29
충남,일반승용,현대자동차,코나 일렉트릭 2WD 롱레인지 17인치,514,531,"1,045",100,30
충남,일반승용,현대자동차,코나 일렉트릭 2WD 롱레인지 17인치 빌트인 캠 미적용,514,531,"1,045",100,30
충남,일반승용,현대자동차,코나 일렉트릭 2WD 롱레인지 19인치,459,475,934,92,28
충남,일반승용,현대자동차,코나 일렉트릭 2WD 스탠다드 17인치,437,452,889,87,26
충남,일반승용,BMW,MINI Aceman E,400,414,814,80,24
충남,일반승용,BMW,MINI Aceman SE,400,414,814,80,24
충남,일반승용,BMW,MINI Cooper SE,396,410,806,79,24
충남,일반승용,BMW,MINI Countryman E,217,225,442,43,13
충남,일반승용,BMW,MINI Countryman SE ALL4,203,210,413,41,12
충남,일반승용,BMW,MINI JCW Aceman E,197,204,401,39,12
충남,일반승용,BMW,MINI JCW E,191,198,389,38,11
충남,일반승용,BMW,i4 M60 LCI (71HD),233,241,474,47,14
충남,일반승용,BMW,i4 eDrive 40 LCI(21HD),244,252,496,49,15
충남,일반승용,BMW,i4 eDrive 40 LCI(61HD),256,265,521,51,15
충남,일반승용,BMW,i5 eDrive 40,262,271,533,52,16
충남,일반승용,BMW,iX1 eDrive20,212,219,431,42,13
충남,일반승용,BMW,iX1 xDrive30,192,198,390,38,11
충남,일반승용,BMW,iX2 eDrive20,214,222,436,43,13
충남,일반승용,기아,EV3 GT,248,257,505,50,15
충남,일반승용,기아,EV3 롱레인지 2WD 17인치,555,574,"1,129",100,30
충남,일반승용,기아,EV3 롱레인지 2WD 19인치,555,574,"1,129",100,30
충남,일반승용,기아,EV3 롱레인지 4WD 19인치,539,558,"1,097",100,30
충남,일반승용,기아,EV3 스탠다드 2WD,469,485,954,94,28
충남,일반승용,기아,EV4 GT,255,264,519,51,15
충남,일반승용,기아,EV4 롱레인지 2WD 17인치,555,574,"1,129",100,30
충남,일반승용,기아,EV4 롱레인지 2WD 19인치,555,574,"1,129",100,30
충남,일반승용,기아,EV4 롱레인지 4WD 19인치,554,573,"1,127",100,30
충남,일반승용,기아,EV4 롱레인지 GTL 2WD 19인치,555,574,"1,129",100,30
충남,일반승용,기아,EV4 스탠다드 2WD 17인치,512,530,"1,042",100,30
충남,일반승용,기아,EV4 스탠다드 2WD 19인치,481,498,979,96,29
충남,일반승용,기아,EV5 GT,232,240,472,46,14
충남,일반승용,기아,EV5 롱레인지 2WD,552,571,"1,123",100,30
충남,일반승용,기아,EV5 롱레인지 4WD 18인치,499,510,"1,009",100,30
충남,일반승용,기아,EV5 롱레인지 4WD 19인치,493,516,"1,009",99,30
충남,일반승용,기아,EV9 GT,245,253,498,49,15
충남,일반승용,기아,EV9 롱레인지 2WD 19인치,270,279,549,54,16
충남,일반승용,기아,EV9 롱레인지 2WD 20인치,268,277,545,54,16
충남,일반승용,기아,EV9 롱레인지 4WD 19인치,254,263,517,51,15
충남,일반승용,기아,EV9 롱레인지 4WD 21인치,260,269,529,52,16
충남,일반승용,기아,EV9 롱레인지 GTL 4WD 21인치,252,261,513,50,15
충남,일반승용,기아,EV9 스탠다드,237,245,482,47,14
충남,일반승용,기아,PV5 패신저 5인승 롱레인지,458,474,932,92,28
충남,일반승용,기아,Pv5 WAV(비용 미지원),648,600,"1,248",100,30
충남,일반승용,기아,Pv5 WAV(비용 지원),448,463,911,90,27
충남,일반승용,기아,(단종)The all-new Kia Niro EV,489,506,995,98,29
충남,일반승용,기아,더뉴EV6 롱레인지 2WD 19인치,570,590,"1,160",100,30
충남,일반승용,기아,더뉴EV6 롱레인지 2WD 20인치,559,579,"1,138",100,30
충남,일반승용,기아,더뉴EV6 롱레인지 4WD 19인치,561,580,"1,141",100,30
충남,일반승용,기아,더뉴EV6 롱레인지 4WD 20인치,532,550,"1,082",100,30
충남,일반승용,기아,더뉴EV6 스탠다드,501,519,"1,020",100,30
충남,경·소형,기아,레이 EV 2WD 14인치 1인승 밴,457,431,888,91,27
충남,경·소형,기아,레이 EV 2WD 14인치 2인승 밴,457,431,888,91,27
충남,경·소형,기아,레이 EV 2WD 14인치 4인승 승용,457,431,888,91,27
충남,일반승용,메르세데스벤츠코리아,EQA 250(Facelift),190,197,387,38,11
충남,일반승용,메르세데스벤츠코리아,EQB 300 4MATIC(Facelift),154,159,313,31,9
충남,일반승용,메르세데스벤츠코리아,EQB 300 4MATIC(Facelift)(CY25/2),162,168,330,32,10
충남,일반승용,볼보자동차코리아,볼보 EX30 Single Motor ER,247,255,502,49,15
충남,일반승용,볼보자동차코리아,볼보 EX30CC Twin Motor Perf,222,230,452,44,13
충남,일반승용,비와이디코리아,(단종)BYD ATTO 3,126,130,256,25,8
충남,일반승용,비와이디코리아,(단종)BYD DOLPHIN,109,113,222,22,7
충남,일반승용,비와이디코리아,(단종)BYD DOLPHIN Active,132,137,269,26,8
충남,일반승용,비와이디코리아,(단종)BYD SEAL,169,175,344,34,10
충남,일반승용,비와이디코리아,(단종)BYD SEAL Dynamic AWD,151,156,307,30,9
충남,일반승용,비와이디코리아,(단종)BYD SEALION 7,152,157,309,30,9
충남,일반승용,케이지모빌리티,토레스 EVX 18인치,354,366,720,71,21
충남,일반승용,케이지모빌리티,토레스 EVX 18인치(2026),361,373,734,72,22
충남,일반승용,케이지모빌리티,토레스 EVX 20인치,344,356,700,69,21
충남,일반승용,케이지모빌리티,토레스 EVX 20인치(2026),354,366,720,71,21
충남,일반승용,케이지모빌리티,(단종)토레스 EVX 2WD 18인치,327,339,666,65,20
충남,일반승용,케이지모빌리티,(단종)토레스 EVX 2WD 20인치,312,323,635,62,19
충남,일반승용,테슬라코리아,Model 3 Performance,200,207,407,40,12
충남,일반승용,테슬라코리아,Model 3 Premium Long Range RWD,420,435,855,84,25
충남,일반승용,테슬라코리아,Model 3 RWD,168,174,342,34,10
충남,일반승용,테슬라코리아,Model 3 RWD(2025),168,174,342,34,10
충남,일반승용,테슬라코리아,Model Y L AWD,215,217,432,43,13
충남,일반승용,테슬라코리아,Model Y Long Range(2025),210,217,427,42,13
충남,일반승용,테슬라코리아,Model Y Premium Long Range,210,217,427,42,13
충남,일반승용,테슬라코리아,Model Y Premium RWD,170,176,346,34,10
충남,일반승용,테슬라코리아,Model Y RWD(2025),170,176,346,34,10
충남,일반승용,폭스바겐그룹코리아,ID.4 Pro,432,447,879,86,26
충남,일반승용,폭스바겐그룹코리아,Q4 45 e-tron,206,213,419,41,12
충남,일반승용,폭스바겐그룹코리아,Q4 Sportback 45 e-tron,206,213,419,41,12
충남,일반승용,폭스바겐그룹코리아,(단종)Q6 e-tron performance,220,228,448,44,13
충남,일반승용,현대자동차,ELECTRIFIED G80,270,279,549,54,16
충남,일반승용,현대자동차,ELECTRIFIED GV70 AWD 19인치,261,270,531,52,16
충남,일반승용,현대자동차,ELECTRIFIED GV70 AWD 20인치,245,253,498,49,15
충남,일반승용,현대자동차,GV60 스탠다드 2WD 19인치,285,295,580,57,17
충남,일반승용,현대자동차,GV60 스탠다드 AWD 19인치,272,282,554,54,16
충남,일반승용,현대자동차,GV60 스탠다드 AWD 20인치,261,270,531,52,16
충남,일반승용,현대자동차,더 뉴 아이오닉5 2WD 롱레인지 19인치,564,583,"1,147",100,30
충남,일반승용,현대자동차,더 뉴 아이오닉5 2WD 롱레인지 19인치 빌트인 캠 미적용,567,587,"1,154",100,30
충남,일반승용,현대자동차,더 뉴 아이오닉5 2WD 롱레인지 20인치,559,579,"1,138",100,30
충남,일반승용,현대자동차,더 뉴 아이오닉5 2WD 롱레인지 N라인 20인치,541,560,"1,101",100,30
충남,일반승용,현대자동차,더 뉴 아이오닉5 2WD 스탠다드 19인치,483,500,983,97,29
충남,일반승용,현대자동차,더 뉴 아이오닉5 AWD 롱레인지 19인치,558,577,"1,135",100,30
충남,일반승용,현대자동차,더 뉴 아이오닉5 AWD 롱레인지 20인치,532,550,"1,082",100,30
충남,일반승용,현대자동차,더 뉴 아이오닉5 AWD 롱레인지 N라인 20인치,510,528,"1,038",100,30
충남,일반승용,현대자동차,더 뉴 아이오닉6 2WD 롱레인지 18인치,570,590,"1,160",100,30
충남,일반승용,현대자동차,더 뉴 아이오닉6 2WD 롱레인지 20인치,570,590,"1,160",100,30
충남,일반승용,현대자동차,더 뉴 아이오닉6 2WD 롱레인지 N라인 20인치,570,590,"1,160",100,30
충남,일반승용,현대자동차,더 뉴 아이오닉6 2WD 스탠다드 18인치,560,579,"1,139",100,30
충남,일반승용,현대자동차,더 뉴 아이오닉6 AWD 롱레인지 18인치,570,590,"1,160",100,30
충남,일반승용,현대자동차,더 뉴 아이오닉6 AWD 롱레인지 20인치,553,572,"1,125",100,30
충남,일반승용,현대자동차,더 뉴 아이오닉6 AWD 롱레인지 N라인 20인치,537,555,"1,092",100,30
충남,일반승용,현대자동차,스타리아 리무진 일렉트릭 6인승,229,237,466,46,14
충남,일반승용,현대자동차,아이오닉6 N,250,258,508,50,15
충남,일반승용,현대자동차,아이오닉9 성능형 AWD,272,282,554,54,16
충남,일반승용,현대자동차,아이오닉9 항속형 2WD,274,283,557,55,17
충남,일반승용,현대자동차,아이오닉9 항속형 AWD,271,280,551,54,16
충남,경·소형,현대자동차,캐스퍼 일렉트릭 기본형 15인치,490,463,953,98,29
충남,경·소형,현대자동차,캐스퍼 일렉트릭 크로스 17인치,487,460,947,97,29
충남,경·소형,현대자동차,캐스퍼 일렉트릭 항속형 15인치,490,463,953,98,29
충남,경·소형,현대자동차,캐스퍼 일렉트릭 항속형 17인치(라운지포함),490,463,953,98,29
충남,일반승용,현대자동차,코나 일렉트릭 2WD 롱레인지 17인치,514,531,"1,045",100,30
충남,일반승용,현대자동차,코나 일렉트릭 2WD 롱레인지 17인치 빌트인 캠 미적용,514,531,"1,045",100,30
충남,일반승용,현대자동차,코나 일렉트릭 2WD 롱레인지 19인치,459,475,934,92,28
충남,일반승용,현대자동차,코나 일렉트릭 2WD 스탠다드 17인치,437,452,889,87,26
충남,일반승용,BMW,MINI Aceman E,400,414,814,80,24
충남,일반승용,BMW,MINI Aceman SE,400,414,814,80,24
충남,일반승용,BMW,MINI Cooper SE,396,410,806,79,24
충남,일반승용,BMW,MINI Countryman E,217,225,442,43,13
충남,일반승용,BMW,MINI Countryman SE ALL4,203,210,413,41,12
충남,일반승용,BMW,MINI JCW Aceman E,197,204,401,39,12
충남,일반승용,BMW,MINI JCW E,191,198,389,38,11
충남,일반승용,BMW,i4 M60 LCI (71HD),233,241,474,47,14
충남,일반승용,BMW,i4 eDrive 40 LCI(21HD),244,252,496,49,15
충남,일반승용,BMW,i4 eDrive 40 LCI(61HD),256,265,521,51,15
충남,일반승용,BMW,i5 eDrive 40,262,271,533,52,16
충남,일반승용,BMW,iX1 eDrive20,212,219,431,42,13
충남,일반승용,BMW,iX1 eDrive20(11HM),235,243,478,47,14
충남,일반승용,BMW,iX1 xDrive30,192,198,390,38,11
충남,일반승용,BMW,iX2 eDrive20,214,222,436,43,13
충남,일반승용,BMW,iX2 eDrive20(71GN),239,247,486,48,14
충남,일반승용,BMW,iX3 50 xDrive,275,285,560,55,17
충남,일반승용,기아,EV3 GT,248,257,505,50,15
충남,일반승용,기아,EV3 롱레인지 2WD 17인치,555,574,"1,129",100,30
충남,일반승용,기아,EV3 롱레인지 2WD 19인치,555,574,"1,129",100,30
충남,일반승용,기아,EV3 롱레인지 4WD 19인치,539,558,"1,097",100,30
충남,일반승용,기아,EV3 스탠다드 2WD,469,485,954,94,28
충남,일반승용,기아,EV4 GT,255,264,519,51,15
충남,일반승용,기아,EV4 롱레인지 2WD 17인치,555,574,"1,129",100,30
충남,일반승용,기아,EV4 롱레인지 2WD 19인치,555,574,"1,129",100,30
충남,일반승용,기아,EV4 롱레인지 4WD 19인치,554,573,"1,127",100,30
충남,일반승용,기아,EV4 롱레인지 GTL 2WD 19인치,555,574,"1,129",100,30
충남,일반승용,기아,EV4 스탠다드 2WD 17인치,512,530,"1,042",100,30
충남,일반승용,기아,EV4 스탠다드 2WD 19인치,481,498,979,96,29
충남,일반승용,기아,EV5 GT,232,240,472,46,14
충남,일반승용,기아,EV5 롱레인지 2WD,552,571,"1,123",100,30
충남,일반승용,기아,EV5 롱레인지 4WD 18인치,499,516,"1,015",100,30
충남,일반승용,기아,EV5 롱레인지 4WD 19인치,493,510,"1,003",99,30
충남,일반승용,기아,EV9 GT,245,253,498,49,15
충남,일반승용,기아,EV9 롱레인지 2WD 19인치,270,279,549,54,16
충남,일반승용,기아,EV9 롱레인지 2WD 20인치,268,277,545,54,16
충남,일반승용,기아,EV9 롱레인지 4WD 19인치,254,263,517,51,15
충남,일반승용,기아,EV9 롱레인지 4WD 21인치,260,269,529,52,16
충남,일반승용,기아,EV9 롱레인지 GTL 4WD 21인치,252,261,513,50,15
충남,일반승용,기아,EV9 스탠다드,237,245,482,47,14
충남,일반승용,기아,PV5 패신저 5인승 롱레인지,458,474,932,92,28
충남,일반승용,기아,Pv5 WAV(비용 미지원),648,600,"1,248",100,30
충남,일반승용,기아,Pv5 WAV(비용 지원),448,463,911,90,27
충남,일반승용,기아,(단종)The all-new Kia Niro EV,489,0,489,98,29
충남,일반승용,기아,더뉴EV6 롱레인지 2WD 19인치,570,590,"1,160",100,30
충남,일반승용,기아,더뉴EV6 롱레인지 2WD 20인치,559,579,"1,138",100,30
충남,일반승용,기아,더뉴EV6 롱레인지 4WD 19인치,561,580,"1,141",100,30
충남,일반승용,기아,더뉴EV6 롱레인지 4WD 20인치,532,550,"1,082",100,30
충남,일반승용,기아,더뉴EV6 스탠다드,501,519,"1,020",100,30
충남,경·소형,기아,레이 EV 2WD 14인치 1인승 밴,457,431,888,91,27
충남,경·소형,기아,레이 EV 2WD 14인치 2인승 밴,457,431,888,91,27
충남,경·소형,기아,레이 EV 2WD 14인치 4인승 승용,457,431,888,91,27
충남,일반승용,메르세데스벤츠코리아,EQA 250(Facelift),190,197,387,38,11
충남,일반승용,메르세데스벤츠코리아,EQB 300 4MATIC(Facelift),154,159,313,31,9
충남,일반승용,메르세데스벤츠코리아,EQB 300 4MATIC(Facelift)(CY25/2),162,168,330,32,10
충남,일반승용,볼보자동차코리아,볼보 EX30 Single Motor ER,247,255,502,49,15
충남,일반승용,볼보자동차코리아,볼보 EX30CC Twin Motor Perf,222,230,452,44,13
충남,일반승용,비와이디코리아,(단종)BYD ATTO 3,126,0,126,25,8
충남,일반승용,비와이디코리아,(단종)BYD DOLPHIN,109,0,109,22,7
충남,일반승용,비와이디코리아,(단종)BYD DOLPHIN Active,132,0,132,26,8
충남,일반승용,비와이디코리아,(단종)BYD SEAL,169,0,169,34,10
충남,일반승용,비와이디코리아,(단종)BYD SEAL Dynamic AWD,151,0,151,30,9
충남,일반승용,비와이디코리아,(단종)BYD SEALION 7,152,0,152,30,9
충남,일반승용,케이지모빌리티,토레스 EVX 18인치,354,366,720,71,21
충남,일반승용,케이지모빌리티,토레스 EVX 18인치(2026),361,373,734,72,22
충남,일반승용,케이지모빌리티,토레스 EVX 20인치,344,356,700,69,21
충남,일반승용,케이지모빌리티,토레스 EVX 20인치(2026),354,366,720,71,21
충남,일반승용,케이지모빌리티,(단종)토레스 EVX 2WD 18인치,327,339,666,65,20
충남,일반승용,케이지모빌리티,(단종)토레스 EVX 2WD 20인치,312,323,635,62,19
충남,일반승용,테슬라코리아,Model 3 Performance,200,207,407,40,12
충남,일반승용,테슬라코리아,Model 3 Premium Long Range RWD,420,217,637,84,25
충남,일반승용,테슬라코리아,Model 3 Premium Long Range RWD(5999만원),210,0,210,42,13
충남,일반승용,테슬라코리아,Model 3 RWD,168,174,342,34,10
충남,일반승용,테슬라코리아,Model 3 RWD(2025),168,174,342,34,10
충남,일반승용,테슬라코리아,Model Y L AWD,215,222,437,43,13
충남,일반승용,테슬라코리아,Model Y Long Range(2025),210,217,427,42,13
충남,일반승용,테슬라코리아,Model Y Premium Long Range,210,217,427,42,13
충남,일반승용,테슬라코리아,Model Y Premium RWD,170,176,346,34,10
충남,일반승용,테슬라코리아,Model Y RWD(2025),170,176,346,34,10
충남,일반승용,폭스바겐그룹코리아,ID.4 Pro,432,447,879,86,26
충남,일반승용,폭스바겐그룹코리아,Q4 45 e-tron,206,213,419,41,12
충남,일반승용,폭스바겐그룹코리아,Q4 Sportback 45 e-tron,206,213,419,41,12
충남,일반승용,폭스바겐그룹코리아,(단종)Q6 e-tron performance,220,0,220,44,13
충남,일반승용,폭스바겐그룹코리아,iD.5 Pro,473,489,962,95,29
충남,일반승용,폴스타오토모티브코리아,Polestar 4 Coupe Dual Motor,168,174,342,34,10
충남,일반승용,폴스타오토모티브코리아,Polestar 4 Coupe Rear Motor,181,187,368,36,11
충남,일반승용,현대자동차,ELECTRIFIED G80,270,279,549,54,16
충남,일반승용,현대자동차,ELECTRIFIED GV70 AWD 19인치,261,270,531,52,16
충남,일반승용,현대자동차,ELECTRIFIED GV70 AWD 20인치,245,253,498,49,15
충남,일반승용,현대자동차,GV60 스탠다드 2WD 19인치,285,295,580,57,17
충남,일반승용,현대자동차,GV60 스탠다드 AWD 19인치,272,282,554,54,16
충남,일반승용,현대자동차,GV60 스탠다드 AWD 20인치,261,270,531,52,16
충남,일반승용,현대자동차,더 뉴 아이오닉5 2WD 롱레인지 19인치,564,583,"1,147",100,30
충남,일반승용,현대자동차,더 뉴 아이오닉5 2WD 롱레인지 19인치 빌트인 캠 미적용,567,587,"1,154",100,30
충남,일반승용,현대자동차,더 뉴 아이오닉5 2WD 롱레인지 20인치,559,579,"1,138",100,30
충남,일반승용,현대자동차,더 뉴 아이오닉5 2WD 롱레인지 N라인 20인치,541,560,"1,101",100,30
충남,일반승용,현대자동차,더 뉴 아이오닉5 2WD 스탠다드 19인치,483,500,983,97,29
충남,일반승용,현대자동차,더 뉴 아이오닉5 AWD 롱레인지 19인치,558,577,"1,135",100,30
충남,일반승용,현대자동차,더 뉴 아이오닉5 AWD 롱레인지 20인치,532,550,"1,082",100,30
충남,일반승용,현대자동차,더 뉴 아이오닉5 AWD 롱레인지 N라인 20인치,510,528,"1,038",100,30
충남,일반승용,현대자동차,더 뉴 아이오닉6 2WD 롱레인지 18인치,570,590,"1,160",100,30
충남,일반승용,현대자동차,더 뉴 아이오닉6 2WD 롱레인지 20인치,570,590,"1,160",100,30
충남,일반승용,현대자동차,더 뉴 아이오닉6 2WD 롱레인지 N라인 20인치,570,590,"1,160",100,30
충남,일반승용,현대자동차,더 뉴 아이오닉6 2WD 스탠다드 18인치,560,579,"1,139",100,30
충남,일반승용,현대자동차,더 뉴 아이오닉6 AWD 롱레인지 18인치,570,590,"1,160",100,30
충남,일반승용,현대자동차,더 뉴 아이오닉6 AWD 롱레인지 20인치,553,572,"1,125",100,30
충남,일반승용,현대자동차,더 뉴 아이오닉6 AWD 롱레인지 N라인 20인치,537,555,"1,092",100,30
충남,일반승용,현대자동차,스타리아 라운지 일렉트릭 7인승,229,237,466,46,14
충남,일반승용,현대자동차,스타리아 리무진 일렉트릭 6인승,229,237,466,46,14
충남,일반승용,현대자동차,아이오닉6 N,250,258,508,50,15
충남,일반승용,현대자동차,아이오닉9 성능형 AWD,272,282,554,54,16
충남,일반승용,현대자동차,아이오닉9 항속형 2WD,274,283,557,55,17
충남,일반승용,현대자동차,아이오닉9 항속형 AWD,271,280,551,54,16
충남,경·소형,현대자동차,캐스퍼 일렉트릭 기본형 15인치,490,463,953,98,29
충남,경·소형,현대자동차,캐스퍼 일렉트릭 크로스 17인치,487,460,947,97,29
충남,경·소형,현대자동차,캐스퍼 일렉트릭 항속형 15인치,490,463,953,98,29
충남,경·소형,현대자동차,캐스퍼 일렉트릭 항속형 17인치(라운지포함),490,463,953,98,29
충남,일반승용,현대자동차,코나 일렉트릭 2WD 롱레인지 17인치,514,531,"1,045",100,30
충남,일반승용,현대자동차,코나 일렉트릭 2WD 롱레인지 17인치 빌트인 캠 미적용,514,531,"1,045",100,30
충남,일반승용,현대자동차,코나 일렉트릭 2WD 롱레인지 19인치,459,475,934,92,28
충남,일반승용,현대자동차,코나 일렉트릭 2WD 스탠다드 17인치,437,452,889,87,26
충남,일반승용,BMW,MINI Aceman E,400,414,814,80,24
충남,일반승용,BMW,MINI Aceman SE,400,414,814,80,24
충남,일반승용,BMW,MINI Cooper SE,396,410,806,79,24
충남,일반승용,BMW,MINI Countryman E,217,225,442,43,13
충남,일반승용,BMW,MINI Countryman SE ALL4,203,210,413,41,12
충남,일반승용,BMW,MINI JCW Aceman E,197,204,401,39,12
충남,일반승용,BMW,MINI JCW E,191,198,389,38,11
충남,일반승용,BMW,i4 M60 LCI (71HD),233,241,474,47,14
충남,일반승용,BMW,i4 eDrive 40 LCI(21HD),244,252,496,49,15
충남,일반승용,BMW,i4 eDrive 40 LCI(61HD),256,265,521,51,15
충남,일반승용,BMW,i5 eDrive 40,262,271,533,52,16
충남,일반승용,BMW,iX1 eDrive20,212,219,431,42,13
충남,일반승용,BMW,iX1 eDrive20(11HM),235,243,478,47,14
충남,일반승용,BMW,iX1 xDrive30,192,198,390,38,11
충남,일반승용,BMW,iX2 eDrive20,214,222,436,43,13
충남,일반승용,BMW,iX2 eDrive20(71GN),239,247,486,48,14
충남,일반승용,BMW,iX3 50 xDrive,275,285,560,55,17
충남,일반승용,기아,EV3 GT,248,257,505,50,15
충남,일반승용,기아,EV3 롱레인지 2WD 17인치,555,574,"1,129",100,30
충남,일반승용,기아,EV3 롱레인지 2WD 19인치,555,574,"1,129",100,30
충남,일반승용,기아,EV3 롱레인지 4WD 19인치,539,558,"1,097",100,30
충남,일반승용,기아,EV3 스탠다드 2WD,469,485,954,94,28
충남,일반승용,기아,EV4 GT,255,264,519,51,15
충남,일반승용,기아,EV4 롱레인지 2WD 17인치,555,574,"1,129",100,30
충남,일반승용,기아,EV4 롱레인지 2WD 19인치,555,574,"1,129",100,30
충남,일반승용,기아,EV4 롱레인지 4WD 19인치,554,573,"1,127",100,30
충남,일반승용,기아,EV4 롱레인지 GTL 2WD 19인치,555,574,"1,129",100,30
충남,일반승용,기아,EV4 스탠다드 2WD 17인치,512,530,"1,042",100,30
충남,일반승용,기아,EV4 스탠다드 2WD 19인치,481,498,979,96,29
충남,일반승용,기아,EV5 GT,232,240,472,46,14
충남,일반승용,기아,EV5 롱레인지 2WD,552,571,"1,123",100,30
충남,일반승용,기아,EV5 롱레인지 4WD 18인치,499,516,"1,015",100,30
충남,일반승용,기아,EV5 롱레인지 4WD 19인치,493,510,"1,003",99,30
충남,일반승용,기아,EV9 GT,245,253,498,49,15
충남,일반승용,기아,EV9 롱레인지 2WD 19인치,270,279,549,54,16
충남,일반승용,기아,EV9 롱레인지 2WD 20인치,268,277,545,54,16
충남,일반승용,기아,EV9 롱레인지 4WD 19인치,254,263,517,51,15
충남,일반승용,기아,EV9 롱레인지 4WD 21인치,260,269,529,52,16
충남,일반승용,기아,EV9 롱레인지 GTL 4WD 21인치,252,261,513,50,15
충남,일반승용,기아,EV9 스탠다드,237,245,482,47,14
충남,일반승용,기아,PV5 패신저 5인승 롱레인지,458,474,932,92,28
충남,일반승용,기아,Pv5 WAV(비용 미지원),648,600,"1,248",100,30
충남,일반승용,기아,Pv5 WAV(비용 지원),448,463,911,90,27
충남,일반승용,기아,(단종)The all-new Kia Niro EV,489,506,995,98,29
충남,일반승용,기아,더뉴EV6 롱레인지 2WD 19인치,570,590,"1,160",100,30
충남,일반승용,기아,더뉴EV6 롱레인지 2WD 20인치,559,579,"1,138",100,30
충남,일반승용,기아,더뉴EV6 롱레인지 4WD 19인치,561,580,"1,141",100,30
충남,일반승용,기아,더뉴EV6 롱레인지 4WD 20인치,532,550,"1,082",100,30
충남,일반승용,기아,더뉴EV6 스탠다드,501,519,"1,020",100,30
충남,경·소형,기아,레이 EV 2WD 14인치 1인승 밴,457,431,888,91,27
충남,경·소형,기아,레이 EV 2WD 14인치 2인승 밴,457,431,888,91,27
충남,경·소형,기아,레이 EV 2WD 14인치 4인승 승용,457,431,888,91,27
충남,일반승용,메르세데스벤츠코리아,EQA 250(Facelift),190,197,387,38,11
충남,일반승용,메르세데스벤츠코리아,EQB 300 4MATIC(Facelift),154,159,313,31,9
충남,일반승용,메르세데스벤츠코리아,EQB 300 4MATIC(Facelift)(CY25/2),162,168,330,32,10
충남,일반승용,볼보자동차코리아,볼보 EX30 Single Motor ER,247,255,502,49,15
충남,일반승용,볼보자동차코리아,볼보 EX30CC Twin Motor Perf,222,230,452,44,13
충남,일반승용,비와이디코리아,(단종)BYD ATTO 3,126,130,256,25,8
충남,일반승용,비와이디코리아,(단종)BYD DOLPHIN,109,113,222,22,7
충남,일반승용,비와이디코리아,(단종)BYD DOLPHIN Active,132,137,269,26,8
충남,일반승용,비와이디코리아,(단종)BYD SEAL,169,175,344,34,10
충남,일반승용,비와이디코리아,(단종)BYD SEAL Dynamic AWD,151,156,307,30,9
충남,일반승용,비와이디코리아,(단종)BYD SEALION 7,152,157,309,30,9
충남,일반승용,케이지모빌리티,토레스 EVX 18인치,354,366,720,71,21
충남,일반승용,케이지모빌리티,토레스 EVX 18인치(2026),361,373,734,72,22
충남,일반승용,케이지모빌리티,토레스 EVX 20인치,344,356,700,69,21
충남,일반승용,케이지모빌리티,토레스 EVX 20인치(2026),354,366,720,71,21
충남,일반승용,케이지모빌리티,(단종)토레스 EVX 2WD 18인치,327,339,666,65,20
충남,일반승용,케이지모빌리티,(단종)토레스 EVX 2WD 20인치,312,323,635,62,19
충남,일반승용,테슬라코리아,Model 3 Performance,200,207,407,40,12
충남,일반승용,테슬라코리아,Model 3 Premium Long Range RWD,420,435,855,84,25
충남,일반승용,테슬라코리아,Model 3 Premium Long Range RWD(5999만원),210,217,427,42,13
충남,일반승용,테슬라코리아,Model 3 RWD,168,174,342,34,10
충남,일반승용,테슬라코리아,Model 3 RWD(2025),168,174,342,34,10
충남,일반승용,테슬라코리아,Model Y L AWD,215,222,437,43,13
충남,일반승용,테슬라코리아,Model Y Long Range(2025),210,217,427,42,13
충남,일반승용,테슬라코리아,Model Y Premium Long Range,210,217,427,42,13
충남,일반승용,테슬라코리아,Model Y Premium RWD,170,176,346,34,10
충남,일반승용,테슬라코리아,Model Y RWD(2025),170,176,346,34,10
충남,일반승용,폭스바겐그룹코리아,ID.4 Pro,432,447,879,86,26
충남,일반승용,폭스바겐그룹코리아,Q4 45 e-tron,206,213,419,41,12
충남,일반승용,폭스바겐그룹코리아,Q4 Sportback 45 e-tron,206,213,419,41,12
충남,일반승용,폭스바겐그룹코리아,(단종)Q6 e-tron performance,220,228,448,44,13
충남,일반승용,폭스바겐그룹코리아,iD.5 Pro,473,489,962,95,29
충남,일반승용,폴스타오토모티브코리아,Polestar 4 Coupe Dual Motor,168,174,342,34,10
충남,일반승용,폴스타오토모티브코리아,Polestar 4 Coupe Rear Motor,181,187,368,36,11
충남,일반승용,현대자동차,ELECTRIFIED G80,270,279,549,54,16
충남,일반승용,현대자동차,ELECTRIFIED GV70 AWD 19인치,261,270,531,52,16
충남,일반승용,현대자동차,ELECTRIFIED GV70 AWD 20인치,245,253,498,49,15
충남,일반승용,현대자동차,GV60 스탠다드 2WD 19인치,285,295,580,57,17
충남,일반승용,현대자동차,GV60 스탠다드 AWD 19인치,272,282,554,54,16
충남,일반승용,현대자동차,GV60 스탠다드 AWD 20인치,261,270,531,52,16
충남,일반승용,현대자동차,더 뉴 아이오닉5 2WD 롱레인지 19인치,564,583,"1,147",100,30
충남,일반승용,현대자동차,더 뉴 아이오닉5 2WD 롱레인지 19인치 빌트인 캠 미적용,567,587,"1,154",100,30
충남,일반승용,현대자동차,더 뉴 아이오닉5 2WD 롱레인지 20인치,559,579,"1,138",100,30
충남,일반승용,현대자동차,더 뉴 아이오닉5 2WD 롱레인지 N라인 20인치,541,560,"1,101",100,30
충남,일반승용,현대자동차,더 뉴 아이오닉5 2WD 스탠다드 19인치,483,500,983,97,29
충남,일반승용,현대자동차,더 뉴 아이오닉5 AWD 롱레인지 19인치,558,577,"1,135",100,30
충남,일반승용,현대자동차,더 뉴 아이오닉5 AWD 롱레인지 20인치,532,550,"1,082",100,30
충남,일반승용,현대자동차,더 뉴 아이오닉5 AWD 롱레인지 N라인 20인치,510,528,"1,038",100,30
충남,일반승용,현대자동차,더 뉴 아이오닉6 2WD 롱레인지 18인치,570,590,"1,160",100,30
충남,일반승용,현대자동차,더 뉴 아이오닉6 2WD 롱레인지 20인치,570,590,"1,160",100,30
충남,일반승용,현대자동차,더 뉴 아이오닉6 2WD 롱레인지 N라인 20인치,570,590,"1,160",100,30
충남,일반승용,현대자동차,더 뉴 아이오닉6 2WD 스탠다드 18인치,560,579,"1,139",100,30
충남,일반승용,현대자동차,더 뉴 아이오닉6 AWD 롱레인지 18인치,570,590,"1,160",100,30
충남,일반승용,현대자동차,더 뉴 아이오닉6 AWD 롱레인지 20인치,553,572,"1,125",100,30
충남,일반승용,현대자동차,더 뉴 아이오닉6 AWD 롱레인지 N라인 20인치,537,555,"1,092",100,30
충남,일반승용,현대자동차,스타리아 라운지 일렉트릭 7인승,229,237,466,46,14
충남,일반승용,현대자동차,스타리아 리무진 일렉트릭 6인승,229,237,466,46,14
충남,일반승용,현대자동차,아이오닉6 N,250,258,508,50,15
충남,일반승용,현대자동차,아이오닉9 성능형 AWD,272,282,554,54,16
충남,일반승용,현대자동차,아이오닉9 항속형 2WD,274,283,557,55,17
충남,일반승용,현대자동차,아이오닉9 항속형 AWD,271,280,551,54,16
충남,경·소형,현대자동차,캐스퍼 일렉트릭 기본형 15인치,490,463,953,98,29
충남,경·소형,현대자동차,캐스퍼 일렉트릭 크로스 17인치,487,460,947,97,29
충남,경·소형,현대자동차,캐스퍼 일렉트릭 항속형 15인치,490,463,953,98,29
충남,경·소형,현대자동차,캐스퍼 일렉트릭 항속형 17인치(라운지포함),490,463,953,98,29
충남,일반승용,현대자동차,코나 일렉트릭 2WD 롱레인지 17인치,514,531,"1,045",100,30
충남,일반승용,현대자동차,코나 일렉트릭 2WD 롱레인지 17인치 빌트인 캠 미적용,514,531,"1,045",100,30
충남,일반승용,현대자동차,코나 일렉트릭 2WD 롱레인지 19인치,459,475,934,92,28
충남,일반승용,현대자동차,코나 일렉트릭 2WD 스탠다드 17인치,437,452,889,87,26
충남,일반승용,BMW,MINI Aceman E,400,414,814,80,24
충남,일반승용,BMW,MINI Aceman SE,400,414,814,80,24
충남,일반승용,BMW,MINI Cooper SE,396,410,806,79,24
충남,일반승용,BMW,MINI Countryman E,217,225,442,43,13
충남,일반승용,BMW,MINI Countryman SE ALL4,203,210,413,41,12
충남,일반승용,BMW,MINI JCW Aceman E,197,204,401,39,12
충남,일반승용,BMW,MINI JCW E,191,198,389,38,11
충남,일반승용,BMW,i4 M60 LCI (71HD),233,241,474,47,14
충남,일반승용,BMW,i4 eDrive 40 LCI(21HD),244,252,496,49,15
충남,일반승용,BMW,i4 eDrive 40 LCI(61HD),256,265,521,51,15
충남,일반승용,BMW,i5 eDrive 40,262,271,533,52,16
충남,일반승용,BMW,iX1 eDrive20,212,219,431,42,13
충남,일반승용,BMW,iX1 eDrive20(11HM),235,243,478,47,14
충남,일반승용,BMW,iX1 xDrive30,192,198,390,38,11
충남,일반승용,BMW,iX2 eDrive20,214,222,436,43,13
충남,일반승용,BMW,iX2 eDrive20(71GN),239,247,486,48,14
충남,일반승용,BMW,iX3 50 xDrive,275,285,560,55,17
충남,일반승용,기아,EV3 GT,248,257,505,50,15
충남,일반승용,기아,EV3 롱레인지 2WD 17인치,555,574,"1,129",100,30
충남,일반승용,기아,EV3 롱레인지 2WD 19인치,555,574,"1,129",100,30
충남,일반승용,기아,EV3 롱레인지 4WD 19인치,539,558,"1,097",100,30
충남,일반승용,기아,EV3 스탠다드 2WD,469,485,954,94,28
충남,일반승용,기아,EV4 GT,255,264,519,51,15
충남,일반승용,기아,EV4 롱레인지 2WD 17인치,555,574,"1,129",100,30
충남,일반승용,기아,EV4 롱레인지 2WD 19인치,555,574,"1,129",100,30
충남,일반승용,기아,EV4 롱레인지 4WD 19인치,554,573,"1,127",100,30
충남,일반승용,기아,EV4 롱레인지 GTL 2WD 19인치,555,574,"1,129",100,30
충남,일반승용,기아,EV4 스탠다드 2WD 17인치,512,530,"1,042",100,30
충남,일반승용,기아,EV4 스탠다드 2WD 19인치,481,498,979,96,29
충남,일반승용,기아,EV5 GT,232,240,472,46,14
충남,일반승용,기아,EV5 롱레인지 2WD,552,571,"1,123",100,30
충남,일반승용,기아,EV5 롱레인지 4WD 18인치,499,516,"1,015",100,30
충남,일반승용,기아,EV5 롱레인지 4WD 19인치,493,510,"1,003",99,30
충남,일반승용,기아,EV9 GT,245,253,498,49,15
충남,일반승용,기아,EV9 롱레인지 2WD 19인치,270,279,549,54,16
충남,일반승용,기아,EV9 롱레인지 2WD 20인치,268,277,545,54,16
충남,일반승용,기아,EV9 롱레인지 4WD 19인치,254,263,517,51,15
충남,일반승용,기아,EV9 롱레인지 4WD 21인치,260,269,529,52,16
충남,일반승용,기아,EV9 롱레인지 GTL 4WD 21인치,252,261,513,50,15
충남,일반승용,기아,EV9 스탠다드,237,245,482,47,14
충남,일반승용,기아,PV5 패신저 5인승 롱레인지,458,474,932,92,28
충남,일반승용,기아,Pv5 WAV(비용 미지원),648,600,"1,248",100,30
충남,일반승용,기아,Pv5 WAV(비용 지원),448,463,911,90,27
충남,일반승용,기아,(단종)The all-new Kia Niro EV,489,506,995,98,29
충남,일반승용,기아,더뉴EV6 롱레인지 2WD 19인치,570,590,"1,160",100,30
충남,일반승용,기아,더뉴EV6 롱레인지 2WD 20인치,559,579,"1,138",100,30
충남,일반승용,기아,더뉴EV6 롱레인지 4WD 19인치,561,580,"1,141",100,30
충남,일반승용,기아,더뉴EV6 롱레인지 4WD 20인치,532,550,"1,082",100,30
충남,일반승용,기아,더뉴EV6 스탠다드,501,519,"1,020",100,30
충남,경·소형,기아,레이 EV 2WD 14인치 1인승 밴,457,431,888,91,27
충남,경·소형,기아,레이 EV 2WD 14인치 2인승 밴,457,431,888,91,27
충남,경·소형,기아,레이 EV 2WD 14인치 4인승 승용,457,431,888,91,27
충남,일반승용,메르세데스벤츠코리아,EQA 250(Facelift),190,197,387,38,11
충남,일반승용,메르세데스벤츠코리아,EQB 300 4MATIC(Facelift),154,159,313,31,9
충남,일반승용,메르세데스벤츠코리아,EQB 300 4MATIC(Facelift)(CY25/2),162,168,330,32,10
충남,일반승용,볼보자동차코리아,볼보 EX30 Single Motor ER,247,255,502,49,15
충남,일반승용,볼보자동차코리아,볼보 EX30CC Twin Motor Perf,222,230,452,44,13
충남,일반승용,비와이디코리아,(단종)BYD ATTO 3,126,130,256,25,8
충남,일반승용,비와이디코리아,(단종)BYD DOLPHIN,109,113,222,22,7
충남,일반승용,비와이디코리아,(단종)BYD DOLPHIN Active,132,137,269,26,8
충남,일반승용,비와이디코리아,(단종)BYD SEAL,169,175,344,34,10
충남,일반승용,비와이디코리아,(단종)BYD SEAL Dynamic AWD,151,156,307,30,9
충남,일반승용,비와이디코리아,(단종)BYD SEALION 7,152,157,309,30,9
충남,일반승용,케이지모빌리티,토레스 EVX 18인치,354,366,720,71,21
충남,일반승용,케이지모빌리티,토레스 EVX 18인치(2026),361,373,734,72,22
충남,일반승용,케이지모빌리티,토레스 EVX 20인치,344,356,700,69,21
충남,일반승용,케이지모빌리티,토레스 EVX 20인치(2026),354,366,720,71,21
충남,일반승용,케이지모빌리티,(단종)토레스 EVX 2WD 18인치,327,339,666,65,20
충남,일반승용,케이지모빌리티,(단종)토레스 EVX 2WD 20인치,312,323,635,62,19
충남,일반승용,테슬라코리아,Model 3 Performance,200,207,407,40,12
충남,일반승용,테슬라코리아,Model 3 Premium Long Range RWD,420,435,855,84,25
충남,일반승용,테슬라코리아,Model 3 Premium Long Range RWD(5999만원),210,0,210,42,13
충남,일반승용,테슬라코리아,Model 3 RWD,168,174,342,34,10
충남,일반승용,테슬라코리아,Model 3 RWD(2025),168,174,342,34,10
충남,일반승용,테슬라코리아,Model Y L AWD,215,217,432,43,13
충남,일반승용,테슬라코리아,Model Y Long Range(2025),210,217,427,42,13
충남,일반승용,테슬라코리아,Model Y Premium Long Range,210,217,427,42,13
충남,일반승용,테슬라코리아,Model Y Premium RWD,170,176,346,34,10
충남,일반승용,테슬라코리아,Model Y RWD(2025),170,176,346,34,10
충남,일반승용,폭스바겐그룹코리아,ID.4 Pro,432,447,879,86,26
충남,일반승용,폭스바겐그룹코리아,Q4 45 e-tron,206,213,419,41,12
충남,일반승용,폭스바겐그룹코리아,Q4 Sportback 45 e-tron,206,213,419,41,12
충남,일반승용,폭스바겐그룹코리아,(단종)Q6 e-tron performance,220,228,448,44,13
충남,일반승용,폭스바겐그룹코리아,iD.5 Pro,473,489,962,95,29
충남,일반승용,폴스타오토모티브코리아,Polestar 4 Coupe Dual Motor,168,174,342,34,10
충남,일반승용,폴스타오토모티브코리아,Polestar 4 Coupe Rear Motor,181,187,368,36,11
충남,일반승용,현대자동차,ELECTRIFIED G80,270,279,549,54,16
충남,일반승용,현대자동차,ELECTRIFIED GV70 AWD 19인치,261,270,531,52,16
충남,일반승용,현대자동차,ELECTRIFIED GV70 AWD 20인치,245,253,498,49,15
충남,일반승용,현대자동차,GV60 스탠다드 2WD 19인치,285,295,580,57,17
충남,일반승용,현대자동차,GV60 스탠다드 AWD 19인치,272,282,554,54,16
충남,일반승용,현대자동차,GV60 스탠다드 AWD 20인치,261,270,531,52,16
충남,일반승용,현대자동차,더 뉴 아이오닉5 2WD 롱레인지 19인치,564,583,"1,147",100,30
충남,일반승용,현대자동차,더 뉴 아이오닉5 2WD 롱레인지 19인치 빌트인 캠 미적용,567,587,"1,154",100,30
충남,일반승용,현대자동차,더 뉴 아이오닉5 2WD 롱레인지 20인치,559,579,"1,138",100,30
충남,일반승용,현대자동차,더 뉴 아이오닉5 2WD 롱레인지 N라인 20인치,541,560,"1,101",100,30
충남,일반승용,현대자동차,더 뉴 아이오닉5 2WD 스탠다드 19인치,483,500,983,97,29
충남,일반승용,현대자동차,더 뉴 아이오닉5 AWD 롱레인지 19인치,558,577,"1,135",100,30
충남,일반승용,현대자동차,더 뉴 아이오닉5 AWD 롱레인지 20인치,532,550,"1,082",100,30
충남,일반승용,현대자동차,더 뉴 아이오닉5 AWD 롱레인지 N라인 20인치,510,528,"1,038",100,30
충남,일반승용,현대자동차,더 뉴 아이오닉6 2WD 롱레인지 18인치,570,590,"1,160",100,30
충남,일반승용,현대자동차,더 뉴 아이오닉6 2WD 롱레인지 20인치,570,590,"1,160",100,30
충남,일반승용,현대자동차,더 뉴 아이오닉6 2WD 롱레인지 N라인 20인치,570,590,"1,160",100,30
충남,일반승용,현대자동차,더 뉴 아이오닉6 2WD 스탠다드 18인치,560,579,"1,139",100,30
충남,일반승용,현대자동차,더 뉴 아이오닉6 AWD 롱레인지 18인치,570,590,"1,160",100,30
충남,일반승용,현대자동차,더 뉴 아이오닉6 AWD 롱레인지 20인치,553,572,"1,125",100,30
충남,일반승용,현대자동차,더 뉴 아이오닉6 AWD 롱레인지 N라인 20인치,537,555,"1,092",100,30
충남,일반승용,현대자동차,스타리아 라운지 일렉트릭 7인승,229,237,466,46,14
충남,일반승용,현대자동차,스타리아 리무진 일렉트릭 6인승,229,237,466,46,14
충남,일반승용,현대자동차,아이오닉6 N,250,258,508,50,15
충남,일반승용,현대자동차,아이오닉9 성능형 AWD,272,282,554,54,16
충남,일반승용,현대자동차,아이오닉9 항속형 2WD,274,283,557,55,17
충남,일반승용,현대자동차,아이오닉9 항속형 AWD,271,280,551,54,16
충남,경·소형,현대자동차,캐스퍼 일렉트릭 기본형 15인치,490,463,953,98,29
충남,경·소형,현대자동차,캐스퍼 일렉트릭 크로스 17인치,487,460,947,97,29
충남,경·소형,현대자동차,캐스퍼 일렉트릭 항속형 15인치,490,463,953,98,29
충남,경·소형,현대자동차,캐스퍼 일렉트릭 항속형 17인치(라운지포함),490,463,953,98,29
충남,일반승용,현대자동차,코나 일렉트릭 2WD 롱레인지 17인치,514,531,"1,045",100,30
충남,일반승용,현대자동차,코나 일렉트릭 2WD 롱레인지 17인치 빌트인 캠 미적용,514,531,"1,045",100,30
충남,일반승용,현대자동차,코나 일렉트릭 2WD 롱레인지 19인치,459,475,934,92,28
충남,일반승용,현대자동차,코나 일렉트릭 2WD 스탠다드 17인치,437,452,889,87,26
충남,일반승용,BMW,MINI Aceman E,400,414,814,80,24
충남,일반승용,BMW,MINI Aceman SE,400,414,814,80,24
충남,일반승용,BMW,MINI Cooper SE,396,410,806,79,24
충남,일반승용,BMW,MINI Countryman E,217,225,442,43,13
충남,일반승용,BMW,MINI Countryman SE ALL4,203,210,413,41,12
충남,일반승용,BMW,MINI JCW Aceman E,197,204,401,39,12
충남,일반승용,BMW,MINI JCW E,191,198,389,38,11
충남,일반승용,BMW,i4 M60 LCI (71HD),233,241,474,47,14
충남,일반승용,BMW,i4 eDrive 40 LCI(21HD),244,252,496,49,15
충남,일반승용,BMW,i4 eDrive 40 LCI(61HD),256,265,521,51,15
충남,일반승용,BMW,i5 eDrive 40,262,271,533,52,16
충남,일반승용,BMW,iX1 eDrive20,212,219,431,42,13
충남,일반승용,BMW,iX1 xDrive30,192,198,390,38,11
충남,일반승용,BMW,iX2 eDrive20,214,222,436,43,13
충남,일반승용,기아,EV3 GT,248,257,505,50,15
충남,일반승용,기아,EV3 롱레인지 2WD 17인치,555,574,"1,129",100,30
충남,일반승용,기아,EV3 롱레인지 2WD 19인치,555,574,"1,129",100,30
충남,일반승용,기아,EV3 롱레인지 4WD 19인치,539,558,"1,097",100,30
충남,일반승용,기아,EV3 스탠다드 2WD,469,485,954,94,28
충남,일반승용,기아,EV4 GT,255,264,519,51,15
충남,일반승용,기아,EV4 롱레인지 2WD 17인치,555,574,"1,129",100,30
충남,일반승용,기아,EV4 롱레인지 2WD 19인치,555,574,"1,129",100,30
충남,일반승용,기아,EV4 롱레인지 4WD 19인치,554,573,"1,127",100,30
충남,일반승용,기아,EV4 롱레인지 GTL 2WD 19인치,555,574,"1,129",100,30
충남,일반승용,기아,EV4 스탠다드 2WD 17인치,512,530,"1,042",100,30
충남,일반승용,기아,EV4 스탠다드 2WD 19인치,481,498,979,96,29
충남,일반승용,기아,EV5 GT,232,240,472,46,14
충남,일반승용,기아,EV5 롱레인지 2WD,552,571,"1,123",100,30
충남,일반승용,기아,EV5 롱레인지 4WD 18인치,499,516,"1,015",100,30
충남,일반승용,기아,EV5 롱레인지 4WD 19인치,493,510,"1,003",99,30
충남,일반승용,기아,EV9 GT,245,253,498,49,15
충남,일반승용,기아,EV9 롱레인지 2WD 19인치,270,279,549,54,16
충남,일반승용,기아,EV9 롱레인지 2WD 20인치,268,277,545,54,16
충남,일반승용,기아,EV9 롱레인지 4WD 19인치,254,263,517,51,15
충남,일반승용,기아,EV9 롱레인지 4WD 21인치,260,269,529,52,16
충남,일반승용,기아,EV9 롱레인지 GTL 4WD 21인치,252,261,513,50,15
충남,일반승용,기아,EV9 스탠다드,237,245,482,47,14
충남,일반승용,기아,PV5 패신저 5인승 롱레인지,458,474,932,92,28
충남,일반승용,기아,Pv5 WAV(비용 미지원),648,600,"1,248",100,30
충남,일반승용,기아,Pv5 WAV(비용 지원),448,463,911,90,27
충남,일반승용,기아,(단종)The all-new Kia Niro EV,489,506,995,98,29
충남,일반승용,기아,더뉴EV6 롱레인지 2WD 19인치,570,590,"1,160",100,30
충남,일반승용,기아,더뉴EV6 롱레인지 2WD 20인치,559,579,"1,138",100,30
충남,일반승용,기아,더뉴EV6 롱레인지 4WD 19인치,561,580,"1,141",100,30
충남,일반승용,기아,더뉴EV6 롱레인지 4WD 20인치,532,550,"1,082",100,30
충남,일반승용,기아,더뉴EV6 스탠다드,501,519,"1,020",100,30
충남,경·소형,기아,레이 EV 2WD 14인치 1인승 밴,457,431,888,91,27
충남,경·소형,기아,레이 EV 2WD 14인치 2인승 밴,457,431,888,91,27
충남,경·소형,기아,레이 EV 2WD 14인치 4인승 승용,457,431,888,91,27
충남,일반승용,메르세데스벤츠코리아,EQA 250(Facelift),190,197,387,38,11
충남,일반승용,메르세데스벤츠코리아,EQB 300 4MATIC(Facelift),154,159,313,31,9
충남,일반승용,메르세데스벤츠코리아,EQB 300 4MATIC(Facelift)(CY25/2),162,168,330,32,10
충남,일반승용,볼보자동차코리아,볼보 EX30 Single Motor ER,247,255,502,49,15
충남,일반승용,볼보자동차코리아,볼보 EX30CC Twin Motor Perf,222,230,452,44,13
충남,일반승용,비와이디코리아,(단종)BYD ATTO 3,126,130,256,25,8
충남,일반승용,비와이디코리아,(단종)BYD DOLPHIN,109,113,222,22,7
충남,일반승용,비와이디코리아,(단종)BYD DOLPHIN Active,132,137,269,26,8
충남,일반승용,비와이디코리아,(단종)BYD SEAL,169,175,344,34,10
충남,일반승용,비와이디코리아,(단종)BYD SEAL Dynamic AWD,151,156,307,30,9
충남,일반승용,비와이디코리아,(단종)BYD SEALION 7,152,157,309,30,9
충남,일반승용,케이지모빌리티,토레스 EVX 18인치,354,366,720,71,21
충남,일반승용,케이지모빌리티,토레스 EVX 18인치(2026),361,373,734,72,22
충남,일반승용,케이지모빌리티,토레스 EVX 20인치,344,356,700,69,21
충남,일반승용,케이지모빌리티,토레스 EVX 20인치(2026),354,366,720,71,21
충남,일반승용,케이지모빌리티,(단종)토레스 EVX 2WD 18인치,327,339,666,65,20
충남,일반승용,케이지모빌리티,(단종)토레스 EVX 2WD 20인치,312,323,635,62,19
충남,일반승용,테슬라코리아,Model 3 Performance,200,207,407,40,12
충남,일반승용,테슬라코리아,Model 3 Premium Long Range RWD,420,435,855,84,25
충남,일반승용,테슬라코리아,Model 3 RWD,168,174,342,34,10
충남,일반승용,테슬라코리아,Model 3 RWD(2025),168,174,342,34,10
충남,일반승용,테슬라코리아,Model Y L AWD,215,217,432,43,13
충남,일반승용,테슬라코리아,Model Y Long Range(2025),210,217,427,42,13
충남,일반승용,테슬라코리아,Model Y Premium Long Range,210,217,427,42,13
충남,일반승용,테슬라코리아,Model Y Premium RWD,170,176,346,34,10
충남,일반승용,테슬라코리아,Model Y RWD(2025),170,176,346,34,10
충남,일반승용,폭스바겐그룹코리아,ID.4 Pro,432,447,879,86,26
충남,일반승용,폭스바겐그룹코리아,Q4 45 e-tron,206,213,419,41,12
충남,일반승용,폭스바겐그룹코리아,Q4 Sportback 45 e-tron,206,213,419,41,12
충남,일반승용,폭스바겐그룹코리아,(단종)Q6 e-tron performance,220,228,448,44,13
충남,일반승용,현대자동차,ELECTRIFIED G80,270,279,549,54,16
충남,일반승용,현대자동차,ELECTRIFIED GV70 AWD 19인치,261,270,531,52,16
충남,일반승용,현대자동차,ELECTRIFIED GV70 AWD 20인치,245,253,498,49,15
충남,일반승용,현대자동차,GV60 스탠다드 2WD 19인치,285,295,580,57,17
충남,일반승용,현대자동차,GV60 스탠다드 AWD 19인치,272,282,554,54,16
충남,일반승용,현대자동차,GV60 스탠다드 AWD 20인치,261,270,531,52,16
충남,일반승용,현대자동차,더 뉴 아이오닉5 2WD 롱레인지 19인치,564,583,"1,147",100,30
충남,일반승용,현대자동차,더 뉴 아이오닉5 2WD 롱레인지 19인치 빌트인 캠 미적용,567,587,"1,154",100,30
충남,일반승용,현대자동차,더 뉴 아이오닉5 2WD 롱레인지 20인치,559,579,"1,138",100,30
충남,일반승용,현대자동차,더 뉴 아이오닉5 2WD 롱레인지 N라인 20인치,541,560,"1,101",100,30
충남,일반승용,현대자동차,더 뉴 아이오닉5 2WD 스탠다드 19인치,483,500,983,97,29
충남,일반승용,현대자동차,더 뉴 아이오닉5 AWD 롱레인지 19인치,558,577,"1,135",100,30
충남,일반승용,현대자동차,더 뉴 아이오닉5 AWD 롱레인지 20인치,532,550,"1,082",100,30
충남,일반승용,현대자동차,더 뉴 아이오닉5 AWD 롱레인지 N라인 20인치,510,528,"1,038",100,30
충남,일반승용,현대자동차,더 뉴 아이오닉6 2WD 롱레인지 18인치,570,590,"1,160",100,30
충남,일반승용,현대자동차,더 뉴 아이오닉6 2WD 롱레인지 20인치,570,590,"1,160",100,30
충남,일반승용,현대자동차,더 뉴 아이오닉6 2WD 롱레인지 N라인 20인치,570,590,"1,160",100,30
충남,일반승용,현대자동차,더 뉴 아이오닉6 2WD 스탠다드 18인치,560,579,"1,139",100,30
충남,일반승용,현대자동차,더 뉴 아이오닉6 AWD 롱레인지 18인치,570,590,"1,160",100,30
충남,일반승용,현대자동차,더 뉴 아이오닉6 AWD 롱레인지 20인치,553,572,"1,125",100,30
충남,일반승용,현대자동차,더 뉴 아이오닉6 AWD 롱레인지 N라인 20인치,537,555,"1,092",100,30
충남,일반승용,현대자동차,스타리아 리무진 일렉트릭 6인승,229,237,466,46,14
충남,일반승용,현대자동차,아이오닉6 N,250,258,508,50,15
충남,일반승용,현대자동차,아이오닉9 성능형 AWD,272,282,554,54,16
충남,일반승용,현대자동차,아이오닉9 항속형 2WD,274,283,557,55,17
충남,일반승용,현대자동차,아이오닉9 항속형 AWD,271,280,551,54,16
충남,경·소형,현대자동차,캐스퍼 일렉트릭 기본형 15인치,490,463,953,98,29
충남,경·소형,현대자동차,캐스퍼 일렉트릭 크로스 17인치,487,460,947,97,29
충남,경·소형,현대자동차,캐스퍼 일렉트릭 항속형 15인치,490,463,953,98,29
충남,경·소형,현대자동차,캐스퍼 일렉트릭 항속형 17인치(라운지포함),490,463,953,98,29
충남,일반승용,현대자동차,코나 일렉트릭 2WD 롱레인지 17인치,514,531,"1,045",100,30
충남,일반승용,현대자동차,코나 일렉트릭 2WD 롱레인지 17인치 빌트인 캠 미적용,514,531,"1,045",100,30
충남,일반승용,현대자동차,코나 일렉트릭 2WD 롱레인지 19인치,459,475,934,92,28
충남,일반승용,현대자동차,코나 일렉트릭 2WD 스탠다드 17인치,437,452,889,87,26
충남,일반승용,BMW,MINI Aceman E,400,414,814,80,24
충남,일반승용,BMW,MINI Aceman SE,400,414,814,80,24
충남,일반승용,BMW,MINI Cooper SE,396,410,806,79,24
충남,일반승용,BMW,MINI Countryman E,217,225,442,43,13
충남,일반승용,BMW,MINI Countryman SE ALL4,203,210,413,41,12
충남,일반승용,BMW,MINI JCW Aceman E,197,204,401,39,12
충남,일반승용,BMW,MINI JCW E,191,198,389,38,11
충남,일반승용,BMW,i4 M60 LCI (71HD),233,241,474,47,14
충남,일반승용,BMW,i4 eDrive 40 LCI(21HD),244,252,496,49,15
충남,일반승용,BMW,i4 eDrive 40 LCI(61HD),256,265,521,51,15
충남,일반승용,BMW,i5 eDrive 40,262,271,533,52,16
충남,일반승용,BMW,iX1 eDrive20,212,219,431,42,13
충남,일반승용,BMW,iX1 eDrive20(11HM),235,0,235,47,14
충남,일반승용,BMW,iX1 xDrive30,192,198,390,38,11
충남,일반승용,BMW,iX2 eDrive20,214,222,436,43,13
충남,일반승용,BMW,iX2 eDrive20(71GN),239,0,239,48,14
충남,일반승용,BMW,iX3 50 xDrive,275,285,560,55,17
충남,일반승용,기아,EV3 GT,248,257,505,50,15
충남,일반승용,기아,EV3 롱레인지 2WD 17인치,555,574,"1,129",100,30
충남,일반승용,기아,EV3 롱레인지 2WD 19인치,555,574,"1,129",100,30
충남,일반승용,기아,EV3 롱레인지 4WD 19인치,539,558,"1,097",100,30
충남,일반승용,기아,EV3 스탠다드 2WD,469,485,954,94,28
충남,일반승용,기아,EV4 GT,255,264,519,51,15
충남,일반승용,기아,EV4 롱레인지 2WD 17인치,555,574,"1,129",100,30
충남,일반승용,기아,EV4 롱레인지 2WD 19인치,555,574,"1,129",100,30
충남,일반승용,기아,EV4 롱레인지 4WD 19인치,554,573,"1,127",100,30
충남,일반승용,기아,EV4 롱레인지 GTL 2WD 19인치,555,574,"1,129",100,30
충남,일반승용,기아,EV4 스탠다드 2WD 17인치,512,530,"1,042",100,30
충남,일반승용,기아,EV4 스탠다드 2WD 19인치,481,498,979,96,29
충남,일반승용,기아,EV5 GT,232,240,472,46,14
충남,일반승용,기아,EV5 롱레인지 2WD,552,571,"1,123",100,30
충남,일반승용,기아,EV5 롱레인지 4WD 18인치,499,516,"1,015",100,30
충남,일반승용,기아,EV5 롱레인지 4WD 19인치,493,510,"1,003",99,30
충남,일반승용,기아,EV9 GT,245,253,498,49,15
충남,일반승용,기아,EV9 롱레인지 2WD 19인치,270,279,549,54,16
충남,일반승용,기아,EV9 롱레인지 2WD 20인치,268,277,545,54,16
충남,일반승용,기아,EV9 롱레인지 4WD 19인치,254,263,517,51,15
충남,일반승용,기아,EV9 롱레인지 4WD 21인치,260,269,529,52,16
충남,일반승용,기아,EV9 롱레인지 GTL 4WD 21인치,252,261,513,50,15
충남,일반승용,기아,EV9 스탠다드,237,245,482,47,14
충남,일반승용,기아,PV5 패신저 5인승 롱레인지,458,474,932,92,28
충남,일반승용,기아,Pv5 WAV(비용 미지원),648,600,"1,248",100,30
충남,일반승용,기아,Pv5 WAV(비용 지원),448,463,911,90,27
충남,일반승용,기아,(단종)The all-new Kia Niro EV,489,0,489,98,29
충남,일반승용,기아,더뉴EV6 롱레인지 2WD 19인치,570,590,"1,160",100,30
충남,일반승용,기아,더뉴EV6 롱레인지 2WD 20인치,559,579,"1,138",100,30
충남,일반승용,기아,더뉴EV6 롱레인지 4WD 19인치,561,580,"1,141",100,30
충남,일반승용,기아,더뉴EV6 롱레인지 4WD 20인치,532,550,"1,082",100,30
충남,일반승용,기아,더뉴EV6 스탠다드,501,519,"1,020",100,30
충남,경·소형,기아,레이 EV 2WD 14인치 1인승 밴,457,431,888,91,27
충남,경·소형,기아,레이 EV 2WD 14인치 2인승 밴,457,431,888,91,27
충남,경·소형,기아,레이 EV 2WD 14인치 4인승 승용,457,431,888,91,27
충남,일반승용,메르세데스벤츠코리아,EQA 250(Facelift),190,197,387,38,11
충남,일반승용,메르세데스벤츠코리아,EQB 300 4MATIC(Facelift),154,159,313,31,9
충남,일반승용,메르세데스벤츠코리아,EQB 300 4MATIC(Facelift)(CY25/2),162,168,330,32,10
충남,일반승용,볼보자동차코리아,볼보 EX30 Single Motor ER,247,255,502,49,15
충남,일반승용,볼보자동차코리아,볼보 EX30CC Twin Motor Perf,222,230,452,44,13
충남,일반승용,비와이디코리아,(단종)BYD ATTO 3,126,0,126,25,8
충남,일반승용,비와이디코리아,(단종)BYD DOLPHIN,109,0,109,22,7
충남,일반승용,비와이디코리아,(단종)BYD DOLPHIN Active,132,0,132,26,8
충남,일반승용,비와이디코리아,(단종)BYD SEAL,169,0,169,34,10
충남,일반승용,비와이디코리아,(단종)BYD SEAL Dynamic AWD,151,0,151,30,9
충남,일반승용,비와이디코리아,(단종)BYD SEALION 7,152,0,152,30,9
충남,일반승용,케이지모빌리티,토레스 EVX 18인치,354,366,720,71,21
충남,일반승용,케이지모빌리티,토레스 EVX 18인치(2026),361,373,734,72,22
충남,일반승용,케이지모빌리티,토레스 EVX 20인치,344,356,700,69,21
충남,일반승용,케이지모빌리티,토레스 EVX 20인치(2026),354,366,720,71,21
충남,일반승용,케이지모빌리티,(단종)토레스 EVX 2WD 18인치,327,0,327,65,20
충남,일반승용,케이지모빌리티,(단종)토레스 EVX 2WD 20인치,312,0,312,62,19
충남,일반승용,테슬라코리아,Model 3 Performance,200,207,407,40,12
충남,일반승용,테슬라코리아,Model 3 Premium Long Range RWD,420,435,855,84,25
충남,일반승용,테슬라코리아,Model 3 Premium Long Range RWD(5999만원),210,217,427,42,13
충남,일반승용,테슬라코리아,Model 3 RWD,168,174,342,34,10
충남,일반승용,테슬라코리아,Model 3 RWD(2025),168,174,342,34,10
충남,일반승용,테슬라코리아,Model Y L AWD,215,222,437,43,13
충남,일반승용,테슬라코리아,Model Y Long Range(2025),210,217,427,42,13
충남,일반승용,테슬라코리아,Model Y Premium Long Range,210,217,427,42,13
충남,일반승용,테슬라코리아,Model Y Premium RWD,170,176,346,34,10
충남,일반승용,테슬라코리아,Model Y RWD(2025),170,176,346,34,10
충남,일반승용,폭스바겐그룹코리아,ID.4 Pro,432,447,879,86,26
충남,일반승용,폭스바겐그룹코리아,Q4 45 e-tron,206,213,419,41,12
충남,일반승용,폭스바겐그룹코리아,Q4 Sportback 45 e-tron,206,213,419,41,12
충남,일반승용,폭스바겐그룹코리아,(단종)Q6 e-tron performance,220,0,220,44,13
충남,일반승용,폭스바겐그룹코리아,iD.5 Pro,473,489,962,95,29
충남,일반승용,폴스타오토모티브코리아,Polestar 4 Coupe Dual Motor,168,0,168,34,10
충남,일반승용,폴스타오토모티브코리아,Polestar 4 Coupe Rear Motor,181,0,181,36,11
충남,일반승용,현대자동차,ELECTRIFIED G80,270,279,549,54,16
충남,일반승용,현대자동차,ELECTRIFIED GV70 AWD 19인치,261,270,531,52,16
충남,일반승용,현대자동차,ELECTRIFIED GV70 AWD 20인치,245,253,498,49,15
충남,일반승용,현대자동차,GV60 스탠다드 2WD 19인치,285,295,580,57,17
충남,일반승용,현대자동차,GV60 스탠다드 AWD 19인치,272,282,554,54,16
충남,일반승용,현대자동차,GV60 스탠다드 AWD 20인치,261,270,531,52,16
충남,일반승용,현대자동차,더 뉴 아이오닉5 2WD 롱레인지 19인치,564,583,"1,147",100,30
충남,일반승용,현대자동차,더 뉴 아이오닉5 2WD 롱레인지 19인치 빌트인 캠 미적용,567,587,"1,154",100,30
충남,일반승용,현대자동차,더 뉴 아이오닉5 2WD 롱레인지 20인치,559,579,"1,138",100,30
충남,일반승용,현대자동차,더 뉴 아이오닉5 2WD 롱레인지 N라인 20인치,541,560,"1,101",100,30
충남,일반승용,현대자동차,더 뉴 아이오닉5 2WD 스탠다드 19인치,483,500,983,97,29
충남,일반승용,현대자동차,더 뉴 아이오닉5 AWD 롱레인지 19인치,558,577,"1,135",100,30
충남,일반승용,현대자동차,더 뉴 아이오닉5 AWD 롱레인지 20인치,532,550,"1,082",100,30
충남,일반승용,현대자동차,더 뉴 아이오닉5 AWD 롱레인지 N라인 20인치,510,528,"1,038",100,30
충남,일반승용,현대자동차,더 뉴 아이오닉6 2WD 롱레인지 18인치,570,590,"1,160",100,30
충남,일반승용,현대자동차,더 뉴 아이오닉6 2WD 롱레인지 20인치,570,590,"1,160",100,30
충남,일반승용,현대자동차,더 뉴 아이오닉6 2WD 롱레인지 N라인 20인치,570,590,"1,160",100,30
충남,일반승용,현대자동차,더 뉴 아이오닉6 2WD 스탠다드 18인치,560,579,"1,139",100,30
충남,일반승용,현대자동차,더 뉴 아이오닉6 AWD 롱레인지 18인치,570,590,"1,160",100,30
충남,일반승용,현대자동차,더 뉴 아이오닉6 AWD 롱레인지 20인치,553,572,"1,125",100,30
충남,일반승용,현대자동차,더 뉴 아이오닉6 AWD 롱레인지 N라인 20인치,537,555,"1,092",100,30
충남,일반승용,현대자동차,스타리아 라운지 일렉트릭 7인승,229,237,466,46,14
충남,일반승용,현대자동차,스타리아 리무진 일렉트릭 6인승,229,237,466,46,14
충남,일반승용,현대자동차,아이오닉6 N,250,258,508,50,15
충남,일반승용,현대자동차,아이오닉9 성능형 AWD,272,282,554,54,16
충남,일반승용,현대자동차,아이오닉9 항속형 2WD,274,283,557,55,17
충남,일반승용,현대자동차,아이오닉9 항속형 AWD,271,280,551,54,16
충남,경·소형,현대자동차,캐스퍼 일렉트릭 기본형 15인치,490,463,953,98,29
충남,경·소형,현대자동차,캐스퍼 일렉트릭 크로스 17인치,487,460,947,97,29
충남,경·소형,현대자동차,캐스퍼 일렉트릭 항속형 15인치,490,463,953,98,29
충남,경·소형,현대자동차,캐스퍼 일렉트릭 항속형 17인치(라운지포함),490,463,953,98,29
충남,일반승용,현대자동차,코나 일렉트릭 2WD 롱레인지 17인치,514,531,"1,045",100,30
충남,일반승용,현대자동차,코나 일렉트릭 2WD 롱레인지 17인치 빌트인 캠 미적용,514,531,"1,045",100,30
충남,일반승용,현대자동차,코나 일렉트릭 2WD 롱레인지 19인치,459,475,934,92,28
충남,일반승용,현대자동차,코나 일렉트릭 2WD 스탠다드 17인치,437,452,889,87,26
충남,일반승용,BMW,MINI Aceman E,400,414,814,80,24
충남,일반승용,BMW,MINI Aceman SE,400,414,814,80,24
충남,일반승용,BMW,MINI Cooper SE,396,410,806,79,24
충남,일반승용,BMW,MINI Countryman E,217,225,442,43,13
충남,일반승용,BMW,MINI Countryman SE ALL4,203,210,413,41,12
충남,일반승용,BMW,MINI JCW Aceman E,197,204,401,39,12
충남,일반승용,BMW,MINI JCW E,191,198,389,38,11
충남,일반승용,BMW,i4 M60 LCI (71HD),233,241,474,47,14
충남,일반승용,BMW,i4 eDrive 40 LCI(21HD),244,252,496,49,15
충남,일반승용,BMW,i4 eDrive 40 LCI(61HD),256,265,521,51,15
충남,일반승용,BMW,i5 eDrive 40,262,271,533,52,16
충남,일반승용,BMW,iX1 eDrive20,212,219,431,42,13
충남,일반승용,BMW,iX1 eDrive20(11HM),235,243,478,47,14
충남,일반승용,BMW,iX1 xDrive30,192,198,390,38,11
충남,일반승용,BMW,iX2 eDrive20,214,222,436,43,13
충남,일반승용,BMW,iX2 eDrive20(71GN),239,247,486,48,14
충남,일반승용,BMW,iX3 50 xDrive,275,285,560,55,17
충남,일반승용,기아,EV3 GT,248,257,505,50,15
충남,일반승용,기아,EV3 롱레인지 2WD 17인치,555,574,"1,129",100,30
충남,일반승용,기아,EV3 롱레인지 2WD 19인치,555,574,"1,129",100,30
충남,일반승용,기아,EV3 롱레인지 4WD 19인치,539,558,"1,097",100,30
충남,일반승용,기아,EV3 스탠다드 2WD,469,485,954,94,28
충남,일반승용,기아,EV4 GT,255,264,519,51,15
충남,일반승용,기아,EV4 롱레인지 2WD 17인치,555,574,"1,129",100,30
충남,일반승용,기아,EV4 롱레인지 2WD 19인치,555,574,"1,129",100,30
충남,일반승용,기아,EV4 롱레인지 4WD 19인치,554,573,"1,127",100,30
충남,일반승용,기아,EV4 롱레인지 GTL 2WD 19인치,555,574,"1,129",100,30
충남,일반승용,기아,EV4 스탠다드 2WD 17인치,512,530,"1,042",100,30
충남,일반승용,기아,EV4 스탠다드 2WD 19인치,481,498,979,96,29
충남,일반승용,기아,EV5 GT,232,240,472,46,14
충남,일반승용,기아,EV5 롱레인지 2WD,552,571,"1,123",100,30
충남,일반승용,기아,EV5 롱레인지 4WD 18인치,499,516,"1,015",100,30
충남,일반승용,기아,EV5 롱레인지 4WD 19인치,493,510,"1,003",99,30
충남,일반승용,기아,EV9 GT,245,253,498,49,15
충남,일반승용,기아,EV9 롱레인지 2WD 19인치,270,279,549,54,16
충남,일반승용,기아,EV9 롱레인지 2WD 20인치,268,277,545,54,16
충남,일반승용,기아,EV9 롱레인지 4WD 19인치,254,263,517,51,15
충남,일반승용,기아,EV9 롱레인지 4WD 21인치,260,269,529,52,16
충남,일반승용,기아,EV9 롱레인지 GTL 4WD 21인치,252,261,513,50,15
충남,일반승용,기아,EV9 스탠다드,237,245,482,47,14
충남,일반승용,기아,PV5 패신저 5인승 롱레인지,458,474,932,92,28
충남,일반승용,기아,Pv5 WAV(비용 미지원),648,600,"1,248",100,30
충남,일반승용,기아,Pv5 WAV(비용 지원),448,463,911,90,27
충남,일반승용,기아,(단종)The all-new Kia Niro EV,489,506,995,98,29
충남,일반승용,기아,더뉴EV6 롱레인지 2WD 19인치,570,590,"1,160",100,30
충남,일반승용,기아,더뉴EV6 롱레인지 2WD 20인치,559,579,"1,138",100,30
충남,일반승용,기아,더뉴EV6 롱레인지 4WD 19인치,561,580,"1,141",100,30
충남,일반승용,기아,더뉴EV6 롱레인지 4WD 20인치,532,550,"1,082",100,30
충남,일반승용,기아,더뉴EV6 스탠다드,501,519,"1,020",100,30
충남,경·소형,기아,레이 EV 2WD 14인치 1인승 밴,457,431,888,91,27
충남,경·소형,기아,레이 EV 2WD 14인치 2인승 밴,457,431,888,91,27
충남,경·소형,기아,레이 EV 2WD 14인치 4인승 승용,457,431,888,91,27
충남,일반승용,메르세데스벤츠코리아,EQA 250(Facelift),190,197,387,38,11
충남,일반승용,메르세데스벤츠코리아,EQB 300 4MATIC(Facelift),154,159,313,31,9
충남,일반승용,메르세데스벤츠코리아,EQB 300 4MATIC(Facelift)(CY25/2),162,168,330,32,10
충남,일반승용,볼보자동차코리아,볼보 EX30 Single Motor ER,247,255,502,49,15
충남,일반승용,볼보자동차코리아,볼보 EX30CC Twin Motor Perf,222,230,452,44,13
충남,일반승용,비와이디코리아,(단종)BYD ATTO 3,126,130,256,25,8
충남,일반승용,비와이디코리아,(단종)BYD DOLPHIN,109,113,222,22,7
충남,일반승용,비와이디코리아,(단종)BYD DOLPHIN Active,132,137,269,26,8
충남,일반승용,비와이디코리아,(단종)BYD SEAL,169,175,344,34,10
충남,일반승용,비와이디코리아,(단종)BYD SEAL Dynamic AWD,151,156,307,30,9
충남,일반승용,비와이디코리아,(단종)BYD SEALION 7,152,157,309,30,9
충남,일반승용,케이지모빌리티,토레스 EVX 18인치,354,366,720,71,21
충남,일반승용,케이지모빌리티,토레스 EVX 18인치(2026),361,373,734,72,22
충남,일반승용,케이지모빌리티,토레스 EVX 20인치,344,356,700,69,21
충남,일반승용,케이지모빌리티,토레스 EVX 20인치(2026),354,366,720,71,21
충남,일반승용,케이지모빌리티,(단종)토레스 EVX 2WD 18인치,327,339,666,65,20
충남,일반승용,케이지모빌리티,(단종)토레스 EVX 2WD 20인치,312,323,635,62,19
충남,일반승용,테슬라코리아,Model 3 Performance,200,207,407,40,12
충남,일반승용,테슬라코리아,Model 3 Premium Long Range RWD,420,435,855,84,25
충남,일반승용,테슬라코리아,Model 3 Premium Long Range RWD(5999만원),210,217,427,42,13
충남,일반승용,테슬라코리아,Model 3 RWD,168,174,342,34,10
충남,일반승용,테슬라코리아,Model 3 RWD(2025),168,174,342,34,10
충남,일반승용,테슬라코리아,Model Y L AWD,215,222,437,43,13
충남,일반승용,테슬라코리아,Model Y Long Range(2025),210,217,427,42,13
충남,일반승용,테슬라코리아,Model Y Premium Long Range,210,217,427,42,13
충남,일반승용,테슬라코리아,Model Y Premium RWD,170,176,346,34,10
충남,일반승용,테슬라코리아,Model Y RWD(2025),170,176,346,34,10
충남,일반승용,폭스바겐그룹코리아,ID.4 Pro,432,447,879,86,26
충남,일반승용,폭스바겐그룹코리아,Q4 45 e-tron,206,213,419,41,12
충남,일반승용,폭스바겐그룹코리아,Q4 Sportback 45 e-tron,206,213,419,41,12
충남,일반승용,폭스바겐그룹코리아,(단종)Q6 e-tron performance,220,228,448,44,13
충남,일반승용,폭스바겐그룹코리아,iD.5 Pro,473,489,962,95,29
충남,일반승용,폴스타오토모티브코리아,Polestar 4 Coupe Dual Motor,168,174,342,34,10
충남,일반승용,폴스타오토모티브코리아,Polestar 4 Coupe Rear Motor,181,190,371,36,11
충남,일반승용,현대자동차,ELECTRIFIED G80,270,279,549,54,16
충남,일반승용,현대자동차,ELECTRIFIED GV70 AWD 19인치,261,270,531,52,16
충남,일반승용,현대자동차,ELECTRIFIED GV70 AWD 20인치,245,253,498,49,15
충남,일반승용,현대자동차,GV60 스탠다드 2WD 19인치,285,295,580,57,17
충남,일반승용,현대자동차,GV60 스탠다드 AWD 19인치,272,282,554,54,16
충남,일반승용,현대자동차,GV60 스탠다드 AWD 20인치,261,270,531,52,16
충남,일반승용,현대자동차,더 뉴 아이오닉5 2WD 롱레인지 19인치,564,583,"1,147",100,30
충남,일반승용,현대자동차,더 뉴 아이오닉5 2WD 롱레인지 19인치 빌트인 캠 미적용,567,587,"1,154",100,30
충남,일반승용,현대자동차,더 뉴 아이오닉5 2WD 롱레인지 20인치,559,579,"1,138",100,30
충남,일반승용,현대자동차,더 뉴 아이오닉5 2WD 롱레인지 N라인 20인치,541,560,"1,101",100,30
충남,일반승용,현대자동차,더 뉴 아이오닉5 2WD 스탠다드 19인치,483,500,983,97,29
충남,일반승용,현대자동차,더 뉴 아이오닉5 AWD 롱레인지 19인치,558,577,"1,135",100,30
충남,일반승용,현대자동차,더 뉴 아이오닉5 AWD 롱레인지 20인치,532,550,"1,082",100,30
충남,일반승용,현대자동차,더 뉴 아이오닉5 AWD 롱레인지 N라인 20인치,510,528,"1,038",100,30
충남,일반승용,현대자동차,더 뉴 아이오닉6 2WD 롱레인지 18인치,570,590,"1,160",100,30
충남,일반승용,현대자동차,더 뉴 아이오닉6 2WD 롱레인지 20인치,570,590,"1,160",100,30
충남,일반승용,현대자동차,더 뉴 아이오닉6 2WD 롱레인지 N라인 20인치,570,590,"1,160",100,30
충남,일반승용,현대자동차,더 뉴 아이오닉6 2WD 스탠다드 18인치,560,579,"1,139",100,30
충남,일반승용,현대자동차,더 뉴 아이오닉6 AWD 롱레인지 18인치,570,590,"1,160",100,30
충남,일반승용,현대자동차,더 뉴 아이오닉6 AWD 롱레인지 20인치,553,572,"1,125",100,30
충남,일반승용,현대자동차,더 뉴 아이오닉6 AWD 롱레인지 N라인 20인치,537,555,"1,092",100,30
충남,일반승용,현대자동차,스타리아 라운지 일렉트릭 7인승,229,237,466,46,14
충남,일반승용,현대자동차,스타리아 리무진 일렉트릭 6인승,229,237,466,46,14
충남,일반승용,현대자동차,아이오닉6 N,250,258,508,50,15
충남,일반승용,현대자동차,아이오닉9 성능형 AWD,272,282,554,54,16
충남,일반승용,현대자동차,아이오닉9 항속형 2WD,274,283,557,55,17
충남,일반승용,현대자동차,아이오닉9 항속형 AWD,271,280,551,54,16
충남,경·소형,현대자동차,캐스퍼 일렉트릭 기본형 15인치,490,463,953,98,29
충남,경·소형,현대자동차,캐스퍼 일렉트릭 크로스 17인치,487,460,947,97,29
충남,경·소형,현대자동차,캐스퍼 일렉트릭 항속형 15인치,490,463,953,98,29
충남,경·소형,현대자동차,캐스퍼 일렉트릭 항속형 17인치(라운지포함),490,463,953,98,29
충남,일반승용,현대자동차,코나 일렉트릭 2WD 롱레인지 17인치,514,531,"1,045",100,30
충남,일반승용,현대자동차,코나 일렉트릭 2WD 롱레인지 17인치 빌트인 캠 미적용,514,531,"1,045",100,30
충남,일반승용,현대자동차,코나 일렉트릭 2WD 롱레인지 19인치,459,475,934,92,28
충남,일반승용,현대자동차,코나 일렉트릭 2WD 스탠다드 17인치,437,452,889,87,26
충남,일반승용,BMW,MINI Aceman E,400,414,814,80,24
충남,일반승용,BMW,MINI Aceman SE,400,414,814,80,24
충남,일반승용,BMW,MINI Cooper SE,396,410,806,79,24
충남,일반승용,BMW,MINI Countryman E,217,225,442,43,13
충남,일반승용,BMW,MINI Countryman SE ALL4,203,210,413,41,12
충남,일반승용,BMW,MINI JCW Aceman E,197,204,401,39,12
충남,일반승용,BMW,MINI JCW E,191,198,389,38,11
충남,일반승용,BMW,i4 M60 LCI (71HD),233,241,474,47,14
충남,일반승용,BMW,i4 eDrive 40 LCI(21HD),244,252,496,49,15
충남,일반승용,BMW,i4 eDrive 40 LCI(61HD),256,265,521,51,15
충남,일반승용,BMW,i5 eDrive 40,262,271,533,52,16
충남,일반승용,BMW,iX1 eDrive20,212,219,431,42,13
충남,일반승용,BMW,iX1 eDrive20(11HM),235,0,235,47,14
충남,일반승용,BMW,iX1 xDrive30,192,198,390,38,11
충남,일반승용,BMW,iX2 eDrive20,214,222,436,43,13
충남,일반승용,BMW,iX2 eDrive20(71GN),239,0,239,48,14
충남,일반승용,BMW,iX3 50 xDrive,275,0,275,55,17
충남,일반승용,기아,EV3 GT,248,257,505,50,15
충남,일반승용,기아,EV3 롱레인지 2WD 17인치,555,574,"1,129",100,30
충남,일반승용,기아,EV3 롱레인지 2WD 19인치,555,574,"1,129",100,30
충남,일반승용,기아,EV3 롱레인지 4WD 19인치,539,558,"1,097",100,30
충남,일반승용,기아,EV3 스탠다드 2WD,469,485,954,94,28
충남,일반승용,기아,EV4 GT,255,264,519,51,15
충남,일반승용,기아,EV4 롱레인지 2WD 17인치,555,574,"1,129",100,30
충남,일반승용,기아,EV4 롱레인지 2WD 19인치,555,574,"1,129",100,30
충남,일반승용,기아,EV4 롱레인지 4WD 19인치,554,573,"1,127",100,30
충남,일반승용,기아,EV4 롱레인지 GTL 2WD 19인치,555,574,"1,129",100,30
충남,일반승용,기아,EV4 스탠다드 2WD 17인치,512,530,"1,042",100,30
충남,일반승용,기아,EV4 스탠다드 2WD 19인치,481,498,979,96,29
충남,일반승용,기아,EV5 GT,232,240,472,46,14
충남,일반승용,기아,EV5 롱레인지 2WD,552,571,"1,123",100,30
충남,일반승용,기아,EV5 롱레인지 4WD 18인치,499,516,"1,015",100,30
충남,일반승용,기아,EV5 롱레인지 4WD 19인치,493,510,"1,003",99,30
충남,일반승용,기아,EV9 GT,245,253,498,49,15
충남,일반승용,기아,EV9 롱레인지 2WD 19인치,270,279,549,54,16
충남,일반승용,기아,EV9 롱레인지 2WD 20인치,268,277,545,54,16
충남,일반승용,기아,EV9 롱레인지 4WD 19인치,254,263,517,51,15
충남,일반승용,기아,EV9 롱레인지 4WD 21인치,260,269,529,52,16
충남,일반승용,기아,EV9 롱레인지 GTL 4WD 21인치,252,261,513,50,15
충남,일반승용,기아,EV9 스탠다드,237,245,482,47,14
충남,일반승용,기아,PV5 패신저 5인승 롱레인지,458,474,932,92,28
충남,일반승용,기아,Pv5 WAV(비용 미지원),648,600,"1,248",100,30
충남,일반승용,기아,Pv5 WAV(비용 지원),448,463,911,90,27
충남,일반승용,기아,(단종)The all-new Kia Niro EV,489,506,995,98,29
충남,일반승용,기아,더뉴EV6 롱레인지 2WD 19인치,570,590,"1,160",100,30
충남,일반승용,기아,더뉴EV6 롱레인지 2WD 20인치,559,579,"1,138",100,30
충남,일반승용,기아,더뉴EV6 롱레인지 4WD 19인치,561,580,"1,141",100,30
충남,일반승용,기아,더뉴EV6 롱레인지 4WD 20인치,532,550,"1,082",100,30
충남,일반승용,기아,더뉴EV6 스탠다드,501,519,"1,020",100,30
충남,경·소형,기아,레이 EV 2WD 14인치 1인승 밴,457,431,888,91,27
충남,경·소형,기아,레이 EV 2WD 14인치 2인승 밴,457,431,888,91,27
충남,경·소형,기아,레이 EV 2WD 14인치 4인승 승용,457,431,888,91,27
충남,일반승용,메르세데스벤츠코리아,EQA 250(Facelift),190,197,387,38,11
충남,일반승용,메르세데스벤츠코리아,EQB 300 4MATIC(Facelift),154,159,313,31,9
충남,일반승용,메르세데스벤츠코리아,EQB 300 4MATIC(Facelift)(CY25/2),162,168,330,32,10
충남,일반승용,볼보자동차코리아,볼보 EX30 Single Motor ER,247,0,247,49,15
충남,일반승용,볼보자동차코리아,볼보 EX30CC Twin Motor Perf,222,0,222,44,13
충남,일반승용,비와이디코리아,(단종)BYD ATTO 3,126,130,256,25,8
충남,일반승용,비와이디코리아,(단종)BYD DOLPHIN,109,113,222,22,7
충남,일반승용,비와이디코리아,(단종)BYD DOLPHIN Active,132,137,269,26,8
충남,일반승용,비와이디코리아,(단종)BYD SEAL,169,175,344,34,10
충남,일반승용,비와이디코리아,(단종)BYD SEAL Dynamic AWD,151,156,307,30,9
충남,일반승용,비와이디코리아,(단종)BYD SEALION 7,152,157,309,30,9
충남,일반승용,케이지모빌리티,토레스 EVX 18인치,354,366,720,71,21
충남,일반승용,케이지모빌리티,토레스 EVX 18인치(2026),361,373,734,72,22
충남,일반승용,케이지모빌리티,토레스 EVX 20인치,344,356,700,69,21
충남,일반승용,케이지모빌리티,토레스 EVX 20인치(2026),354,366,720,71,21
충남,일반승용,케이지모빌리티,(단종)토레스 EVX 2WD 18인치,327,339,666,65,20
충남,일반승용,케이지모빌리티,(단종)토레스 EVX 2WD 20인치,312,323,635,62,19
충남,일반승용,테슬라코리아,Model 3 Performance,200,207,407,40,12
충남,일반승용,테슬라코리아,Model 3 Premium Long Range RWD,420,435,855,84,25
충남,일반승용,테슬라코리아,Model 3 Premium Long Range RWD(5999만원),210,0,210,42,13
충남,일반승용,테슬라코리아,Model 3 RWD,168,174,342,34,10
충남,일반승용,테슬라코리아,Model 3 RWD(2025),168,176,344,34,10
충남,일반승용,테슬라코리아,Model Y L AWD,215,217,432,43,13
충남,일반승용,테슬라코리아,Model Y Long Range(2025),210,217,427,42,13
충남,일반승용,테슬라코리아,Model Y Premium Long Range,210,217,427,42,13
충남,일반승용,테슬라코리아,Model Y Premium RWD,170,176,346,34,10
충남,일반승용,테슬라코리아,Model Y RWD(2025),170,176,346,34,10
충남,일반승용,폭스바겐그룹코리아,ID.4 Pro,432,447,879,86,26
충남,일반승용,폭스바겐그룹코리아,Q4 45 e-tron,206,213,419,41,12
충남,일반승용,폭스바겐그룹코리아,Q4 Sportback 45 e-tron,206,213,419,41,12
충남,일반승용,폭스바겐그룹코리아,(단종)Q6 e-tron performance,220,228,448,44,13
충남,일반승용,폭스바겐그룹코리아,iD.5 Pro,473,0,473,95,29
충남,일반승용,폴스타오토모티브코리아,Polestar 4 Coupe Dual Motor,168,0,168,34,10
충남,일반승용,폴스타오토모티브코리아,Polestar 4 Coupe Rear Motor,181,0,181,36,11
충남,일반승용,현대자동차,ELECTRIFIED G80,270,279,549,54,16
충남,일반승용,현대자동차,ELECTRIFIED GV70 AWD 19인치,261,270,531,52,16
충남,일반승용,현대자동차,ELECTRIFIED GV70 AWD 20인치,245,253,498,49,15
충남,일반승용,현대자동차,GV60 스탠다드 2WD 19인치,285,295,580,57,17
충남,일반승용,현대자동차,GV60 스탠다드 AWD 19인치,272,282,554,54,16
충남,일반승용,현대자동차,GV60 스탠다드 AWD 20인치,261,270,531,52,16
충남,일반승용,현대자동차,더 뉴 아이오닉5 2WD 롱레인지 19인치,564,583,"1,147",100,30
충남,일반승용,현대자동차,더 뉴 아이오닉5 2WD 롱레인지 19인치 빌트인 캠 미적용,567,587,"1,154",100,30
충남,일반승용,현대자동차,더 뉴 아이오닉5 2WD 롱레인지 20인치,559,579,"1,138",100,30
충남,일반승용,현대자동차,더 뉴 아이오닉5 2WD 롱레인지 N라인 20인치,541,560,"1,101",100,30
충남,일반승용,현대자동차,더 뉴 아이오닉5 2WD 스탠다드 19인치,483,500,983,97,29
충남,일반승용,현대자동차,더 뉴 아이오닉5 AWD 롱레인지 19인치,558,577,"1,135",100,30
충남,일반승용,현대자동차,더 뉴 아이오닉5 AWD 롱레인지 20인치,532,550,"1,082",100,30
충남,일반승용,현대자동차,더 뉴 아이오닉5 AWD 롱레인지 N라인 20인치,510,528,"1,038",100,30
충남,일반승용,현대자동차,더 뉴 아이오닉6 2WD 롱레인지 18인치,570,590,"1,160",100,30
충남,일반승용,현대자동차,더 뉴 아이오닉6 2WD 롱레인지 20인치,570,590,"1,160",100,30
충남,일반승용,현대자동차,더 뉴 아이오닉6 2WD 롱레인지 N라인 20인치,570,590,"1,160",100,30
충남,일반승용,현대자동차,더 뉴 아이오닉6 2WD 스탠다드 18인치,560,579,"1,139",100,30
충남,일반승용,현대자동차,더 뉴 아이오닉6 AWD 롱레인지 18인치,570,590,"1,160",100,30
충남,일반승용,현대자동차,더 뉴 아이오닉6 AWD 롱레인지 20인치,553,572,"1,125",100,30
충남,일반승용,현대자동차,더 뉴 아이오닉6 AWD 롱레인지 N라인 20인치,537,555,"1,092",100,30
충남,일반승용,현대자동차,스타리아 라운지 일렉트릭 7인승,229,237,466,46,14
충남,일반승용,현대자동차,스타리아 리무진 일렉트릭 6인승,229,237,466,46,14
충남,일반승용,현대자동차,아이오닉6 N,250,258,508,50,15
충남,일반승용,현대자동차,아이오닉9 성능형 AWD,272,282,554,54,16
충남,일반승용,현대자동차,아이오닉9 항속형 2WD,274,283,557,55,17
충남,일반승용,현대자동차,아이오닉9 항속형 AWD,271,280,551,54,16
충남,경·소형,현대자동차,캐스퍼 일렉트릭 기본형 15인치,490,463,953,98,29
충남,경·소형,현대자동차,캐스퍼 일렉트릭 크로스 17인치,487,460,947,97,29
충남,경·소형,현대자동차,캐스퍼 일렉트릭 항속형 15인치,490,463,953,98,29
충남,경·소형,현대자동차,캐스퍼 일렉트릭 항속형 17인치(라운지포함),490,463,953,98,29
충남,일반승용,현대자동차,코나 일렉트릭 2WD 롱레인지 17인치,514,531,"1,045",100,30
충남,일반승용,현대자동차,코나 일렉트릭 2WD 롱레인지 17인치 빌트인 캠 미적용,514,531,"1,045",100,30
충남,일반승용,현대자동차,코나 일렉트릭 2WD 롱레인지 19인치,459,475,934,92,28
충남,일반승용,현대자동차,코나 일렉트릭 2WD 스탠다드 17인치,437,452,889,87,26
충남,일반승용,BMW,MINI Aceman E,400,414,814,80,24
충남,일반승용,BMW,MINI Aceman SE,400,414,814,80,24
충남,일반승용,BMW,MINI Cooper SE,396,410,806,79,24
충남,일반승용,BMW,MINI Countryman E,217,225,442,43,13
충남,일반승용,BMW,MINI Countryman SE ALL4,203,210,413,41,12
충남,일반승용,BMW,MINI JCW Aceman E,197,204,401,39,12
충남,일반승용,BMW,MINI JCW E,191,198,389,38,11
충남,일반승용,BMW,i4 M60 LCI (71HD),233,241,474,47,14
충남,일반승용,BMW,i4 eDrive 40 LCI(21HD),244,252,496,49,15
충남,일반승용,BMW,i4 eDrive 40 LCI(61HD),256,265,521,51,15
충남,일반승용,BMW,i5 eDrive 40,262,271,533,52,16
충남,일반승용,BMW,iX1 eDrive20,212,219,431,42,13
충남,일반승용,BMW,iX1 eDrive20(11HM),235,243,478,47,14
충남,일반승용,BMW,iX1 xDrive30,192,198,390,38,11
충남,일반승용,BMW,iX2 eDrive20,214,222,436,43,13
충남,일반승용,BMW,iX2 eDrive20(71GN),239,247,486,48,14
충남,일반승용,BMW,iX3 50 xDrive,275,285,560,55,17
충남,일반승용,기아,EV3 GT,248,257,505,50,15
충남,일반승용,기아,EV3 롱레인지 2WD 17인치,555,574,"1,129",100,30
충남,일반승용,기아,EV3 롱레인지 2WD 19인치,555,574,"1,129",100,30
충남,일반승용,기아,EV3 롱레인지 4WD 19인치,539,558,"1,097",100,30
충남,일반승용,기아,EV3 스탠다드 2WD,469,485,954,94,28
충남,일반승용,기아,EV4 GT,255,264,519,51,15
충남,일반승용,기아,EV4 롱레인지 2WD 17인치,555,574,"1,129",100,30
충남,일반승용,기아,EV4 롱레인지 2WD 19인치,555,574,"1,129",100,30
충남,일반승용,기아,EV4 롱레인지 4WD 19인치,554,573,"1,127",100,30
충남,일반승용,기아,EV4 롱레인지 GTL 2WD 19인치,555,574,"1,129",100,30
충남,일반승용,기아,EV4 스탠다드 2WD 17인치,512,530,"1,042",100,30
충남,일반승용,기아,EV4 스탠다드 2WD 19인치,481,498,979,96,29
충남,일반승용,기아,EV5 GT,232,240,472,46,14
충남,일반승용,기아,EV5 롱레인지 2WD,552,571,"1,123",100,30
충남,일반승용,기아,EV5 롱레인지 4WD 18인치,499,516,"1,015",100,30
충남,일반승용,기아,EV5 롱레인지 4WD 19인치,493,510,"1,003",99,30
충남,일반승용,기아,EV9 GT,245,253,498,49,15
충남,일반승용,기아,EV9 롱레인지 2WD 19인치,270,279,549,54,16
충남,일반승용,기아,EV9 롱레인지 2WD 20인치,268,277,545,54,16
충남,일반승용,기아,EV9 롱레인지 4WD 19인치,254,263,517,51,15
충남,일반승용,기아,EV9 롱레인지 4WD 21인치,260,269,529,52,16
충남,일반승용,기아,EV9 롱레인지 GTL 4WD 21인치,252,261,513,50,15
충남,일반승용,기아,EV9 스탠다드,237,245,482,47,14
충남,일반승용,기아,PV5 패신저 5인승 롱레인지,458,474,932,92,28
충남,일반승용,기아,Pv5 WAV(비용 미지원),648,600,"1,248",100,30
충남,일반승용,기아,Pv5 WAV(비용 지원),448,463,911,90,27
충남,일반승용,기아,(단종)The all-new Kia Niro EV,489,506,995,98,29
충남,일반승용,기아,더뉴EV6 롱레인지 2WD 19인치,570,590,"1,160",100,30
충남,일반승용,기아,더뉴EV6 롱레인지 2WD 20인치,559,579,"1,138",100,30
충남,일반승용,기아,더뉴EV6 롱레인지 4WD 19인치,561,580,"1,141",100,30
충남,일반승용,기아,더뉴EV6 롱레인지 4WD 20인치,532,550,"1,082",100,30
충남,일반승용,기아,더뉴EV6 스탠다드,501,519,"1,020",100,30
충남,경·소형,기아,레이 EV 2WD 14인치 1인승 밴,457,431,888,91,27
충남,경·소형,기아,레이 EV 2WD 14인치 2인승 밴,457,431,888,91,27
충남,경·소형,기아,레이 EV 2WD 14인치 4인승 승용,457,431,888,91,27
충남,일반승용,메르세데스벤츠코리아,EQA 250(Facelift),190,197,387,38,11
충남,일반승용,메르세데스벤츠코리아,EQB 300 4MATIC(Facelift),154,159,313,31,9
충남,일반승용,메르세데스벤츠코리아,EQB 300 4MATIC(Facelift)(CY25/2),162,168,330,32,10
충남,일반승용,볼보자동차코리아,볼보 EX30 Single Motor ER,247,255,502,49,15
충남,일반승용,볼보자동차코리아,볼보 EX30CC Twin Motor Perf,222,230,452,44,13
충남,일반승용,비와이디코리아,(단종)BYD ATTO 3,126,130,256,25,8
충남,일반승용,비와이디코리아,(단종)BYD DOLPHIN,109,113,222,22,7
충남,일반승용,비와이디코리아,(단종)BYD DOLPHIN Active,132,137,269,26,8
충남,일반승용,비와이디코리아,(단종)BYD SEAL,169,175,344,34,10
충남,일반승용,비와이디코리아,(단종)BYD SEAL Dynamic AWD,151,156,307,30,9
충남,일반승용,비와이디코리아,(단종)BYD SEALION 7,152,157,309,30,9
충남,일반승용,케이지모빌리티,토레스 EVX 18인치,354,366,720,71,21
충남,일반승용,케이지모빌리티,토레스 EVX 18인치(2026),361,373,734,72,22
충남,일반승용,케이지모빌리티,토레스 EVX 20인치,344,356,700,69,21
충남,일반승용,케이지모빌리티,토레스 EVX 20인치(2026),354,366,720,71,21
충남,일반승용,케이지모빌리티,(단종)토레스 EVX 2WD 18인치,327,339,666,65,20
충남,일반승용,케이지모빌리티,(단종)토레스 EVX 2WD 20인치,312,323,635,62,19
충남,일반승용,테슬라코리아,Model 3 Performance,200,207,407,40,12
충남,일반승용,테슬라코리아,Model 3 Premium Long Range RWD,420,435,855,84,25
충남,일반승용,테슬라코리아,Model 3 Premium Long Range RWD(5999만원),210,217,427,42,13
충남,일반승용,테슬라코리아,Model 3 RWD,168,174,342,34,10
충남,일반승용,테슬라코리아,Model 3 RWD(2025),168,174,342,34,10
충남,일반승용,테슬라코리아,Model Y L AWD,215,222,437,43,13
충남,일반승용,테슬라코리아,Model Y Long Range(2025),210,217,427,42,13
충남,일반승용,테슬라코리아,Model Y Premium Long Range,210,217,427,42,13
충남,일반승용,테슬라코리아,Model Y Premium RWD,170,176,346,34,10
충남,일반승용,테슬라코리아,Model Y RWD(2025),170,176,346,34,10
충남,일반승용,폭스바겐그룹코리아,ID.4 Pro,432,447,879,86,26
충남,일반승용,폭스바겐그룹코리아,Q4 45 e-tron,206,213,419,41,12
충남,일반승용,폭스바겐그룹코리아,Q4 Sportback 45 e-tron,206,213,419,41,12
충남,일반승용,폭스바겐그룹코리아,(단종)Q6 e-tron performance,220,228,448,44,13
충남,일반승용,폭스바겐그룹코리아,iD.5 Pro,473,489,962,95,29
충남,일반승용,폴스타오토모티브코리아,Polestar 4 Coupe Dual Motor,168,174,342,34,10
충남,일반승용,폴스타오토모티브코리아,Polestar 4 Coupe Rear Motor,181,187,368,36,11
충남,일반승용,현대자동차,ELECTRIFIED G80,270,279,549,54,16
충남,일반승용,현대자동차,ELECTRIFIED GV70 AWD 19인치,261,270,531,52,16
충남,일반승용,현대자동차,ELECTRIFIED GV70 AWD 20인치,245,253,498,49,15
충남,일반승용,현대자동차,GV60 스탠다드 2WD 19인치,285,295,580,57,17
충남,일반승용,현대자동차,GV60 스탠다드 AWD 19인치,272,282,554,54,16
충남,일반승용,현대자동차,GV60 스탠다드 AWD 20인치,261,270,531,52,16
충남,일반승용,현대자동차,더 뉴 아이오닉5 2WD 롱레인지 19인치,564,583,"1,147",100,30
충남,일반승용,현대자동차,더 뉴 아이오닉5 2WD 롱레인지 19인치 빌트인 캠 미적용,567,587,"1,154",100,30
충남,일반승용,현대자동차,더 뉴 아이오닉5 2WD 롱레인지 20인치,559,579,"1,138",100,30
충남,일반승용,현대자동차,더 뉴 아이오닉5 2WD 롱레인지 N라인 20인치,541,560,"1,101",100,30
충남,일반승용,현대자동차,더 뉴 아이오닉5 2WD 스탠다드 19인치,483,500,983,97,29
충남,일반승용,현대자동차,더 뉴 아이오닉5 AWD 롱레인지 19인치,558,577,"1,135",100,30
충남,일반승용,현대자동차,더 뉴 아이오닉5 AWD 롱레인지 20인치,532,550,"1,082",100,30
충남,일반승용,현대자동차,더 뉴 아이오닉5 AWD 롱레인지 N라인 20인치,510,528,"1,038",100,30
충남,일반승용,현대자동차,더 뉴 아이오닉6 2WD 롱레인지 18인치,570,590,"1,160",100,30
충남,일반승용,현대자동차,더 뉴 아이오닉6 2WD 롱레인지 20인치,570,590,"1,160",100,30
충남,일반승용,현대자동차,더 뉴 아이오닉6 2WD 롱레인지 N라인 20인치,570,590,"1,160",100,30
충남,일반승용,현대자동차,더 뉴 아이오닉6 2WD 스탠다드 18인치,560,579,"1,139",100,30
충남,일반승용,현대자동차,더 뉴 아이오닉6 AWD 롱레인지 18인치,570,590,"1,160",100,30
충남,일반승용,현대자동차,더 뉴 아이오닉6 AWD 롱레인지 20인치,553,572,"1,125",100,30
충남,일반승용,현대자동차,더 뉴 아이오닉6 AWD 롱레인지 N라인 20인치,537,555,"1,092",100,30
충남,일반승용,현대자동차,스타리아 라운지 일렉트릭 7인승,229,237,466,46,14
충남,일반승용,현대자동차,스타리아 리무진 일렉트릭 6인승,229,237,466,46,14
충남,일반승용,현대자동차,아이오닉6 N,250,258,508,50,15
충남,일반승용,현대자동차,아이오닉9 성능형 AWD,272,282,554,54,16
충남,일반승용,현대자동차,아이오닉9 항속형 2WD,274,283,557,55,17
충남,일반승용,현대자동차,아이오닉9 항속형 AWD,271,280,551,54,16
충남,경·소형,현대자동차,캐스퍼 일렉트릭 기본형 15인치,490,463,953,98,29
충남,경·소형,현대자동차,캐스퍼 일렉트릭 크로스 17인치,487,460,947,97,29
충남,경·소형,현대자동차,캐스퍼 일렉트릭 항속형 15인치,490,463,953,98,29
충남,경·소형,현대자동차,캐스퍼 일렉트릭 항속형 17인치(라운지포함),490,463,953,98,29
충남,일반승용,현대자동차,코나 일렉트릭 2WD 롱레인지 17인치,514,531,"1,045",100,30
충남,일반승용,현대자동차,코나 일렉트릭 2WD 롱레인지 17인치 빌트인 캠 미적용,514,531,"1,045",100,30
충남,일반승용,현대자동차,코나 일렉트릭 2WD 롱레인지 19인치,459,475,934,92,28
충남,일반승용,현대자동차,코나 일렉트릭 2WD 스탠다드 17인치,437,452,889,87,26
충남,일반승용,BMW,MINI Aceman E,400,414,814,80,24
충남,일반승용,BMW,MINI Aceman SE,400,414,814,80,24
충남,일반승용,BMW,MINI Cooper SE,396,410,806,79,24
충남,일반승용,BMW,MINI Countryman E,217,225,442,43,13
충남,일반승용,BMW,MINI Countryman SE ALL4,203,210,413,41,12
충남,일반승용,BMW,MINI JCW Aceman E,197,204,401,39,12
충남,일반승용,BMW,MINI JCW E,191,198,389,38,11
충남,일반승용,BMW,i4 M60 LCI (71HD),233,241,474,47,14
충남,일반승용,BMW,i4 eDrive 40 LCI(21HD),244,252,496,49,15
충남,일반승용,BMW,i4 eDrive 40 LCI(61HD),256,265,521,51,15
충남,일반승용,BMW,i5 eDrive 40,262,271,533,52,16
충남,일반승용,BMW,iX1 eDrive20,212,219,431,42,13
충남,일반승용,BMW,iX1 xDrive30,192,198,390,38,11
충남,일반승용,BMW,iX2 eDrive20,214,222,436,43,13
충남,일반승용,BMW,iX3 50 xDrive,275,285,560,55,17
충남,일반승용,기아,EV3 GT,248,257,505,50,15
충남,일반승용,기아,EV3 롱레인지 2WD 17인치,555,574,"1,129",100,30
충남,일반승용,기아,EV3 롱레인지 2WD 19인치,555,574,"1,129",100,30
충남,일반승용,기아,EV3 롱레인지 4WD 19인치,539,558,"1,097",100,30
충남,일반승용,기아,EV3 스탠다드 2WD,469,485,954,94,28
충남,일반승용,기아,EV4 GT,255,264,519,51,15
충남,일반승용,기아,EV4 롱레인지 2WD 17인치,555,574,"1,129",100,30
충남,일반승용,기아,EV4 롱레인지 2WD 19인치,555,574,"1,129",100,30
충남,일반승용,기아,EV4 롱레인지 4WD 19인치,554,573,"1,127",100,30
충남,일반승용,기아,EV4 롱레인지 GTL 2WD 19인치,555,574,"1,129",100,30
충남,일반승용,기아,EV4 스탠다드 2WD 17인치,512,530,"1,042",100,30
충남,일반승용,기아,EV4 스탠다드 2WD 19인치,481,498,979,96,29
충남,일반승용,기아,EV5 GT,232,240,472,46,14
충남,일반승용,기아,EV5 롱레인지 2WD,552,571,"1,123",100,30
충남,일반승용,기아,EV5 롱레인지 4WD 18인치,499,516,"1,015",100,30
충남,일반승용,기아,EV5 롱레인지 4WD 19인치,493,510,"1,003",99,30
충남,일반승용,기아,EV9 GT,245,253,498,49,15
충남,일반승용,기아,EV9 롱레인지 2WD 19인치,270,279,549,54,16
충남,일반승용,기아,EV9 롱레인지 2WD 20인치,268,277,545,54,16
충남,일반승용,기아,EV9 롱레인지 4WD 19인치,254,263,517,51,15
충남,일반승용,기아,EV9 롱레인지 4WD 21인치,260,269,529,52,16
충남,일반승용,기아,EV9 롱레인지 GTL 4WD 21인치,252,261,513,50,15
충남,일반승용,기아,EV9 스탠다드,237,245,482,47,14
충남,일반승용,기아,PV5 패신저 5인승 롱레인지,458,474,932,92,28
충남,일반승용,기아,Pv5 WAV(비용 미지원),648,600,"1,248",100,30
충남,일반승용,기아,Pv5 WAV(비용 지원),448,463,911,90,27
충남,일반승용,기아,(단종)The all-new Kia Niro EV,489,506,995,98,29
충남,일반승용,기아,더뉴EV6 롱레인지 2WD 19인치,570,590,"1,160",100,30
충남,일반승용,기아,더뉴EV6 롱레인지 2WD 20인치,559,579,"1,138",100,30
충남,일반승용,기아,더뉴EV6 롱레인지 4WD 19인치,561,580,"1,141",100,30
충남,일반승용,기아,더뉴EV6 롱레인지 4WD 20인치,532,550,"1,082",100,30
충남,일반승용,기아,더뉴EV6 스탠다드,501,519,"1,020",100,30
충남,경·소형,기아,레이 EV 2WD 14인치 1인승 밴,457,431,888,91,27
충남,경·소형,기아,레이 EV 2WD 14인치 2인승 밴,457,431,888,91,27
충남,경·소형,기아,레이 EV 2WD 14인치 4인승 승용,457,431,888,91,27
충남,일반승용,메르세데스벤츠코리아,EQA 250(Facelift),190,197,387,38,11
충남,일반승용,메르세데스벤츠코리아,EQB 300 4MATIC(Facelift),154,159,313,31,9
충남,일반승용,메르세데스벤츠코리아,EQB 300 4MATIC(Facelift)(CY25/2),162,168,330,32,10
충남,일반승용,볼보자동차코리아,볼보 EX30 Single Motor ER,247,255,502,49,15
충남,일반승용,볼보자동차코리아,볼보 EX30CC Twin Motor Perf,222,230,452,44,13
충남,일반승용,비와이디코리아,(단종)BYD ATTO 3,126,130,256,25,8
충남,일반승용,비와이디코리아,(단종)BYD DOLPHIN,109,113,222,22,7
충남,일반승용,비와이디코리아,(단종)BYD DOLPHIN Active,132,137,269,26,8
충남,일반승용,비와이디코리아,(단종)BYD SEAL,169,175,344,34,10
충남,일반승용,비와이디코리아,(단종)BYD SEAL Dynamic AWD,151,156,307,30,9
충남,일반승용,비와이디코리아,(단종)BYD SEALION 7,152,157,309,30,9
충남,일반승용,케이지모빌리티,토레스 EVX 18인치,354,366,720,71,21
충남,일반승용,케이지모빌리티,토레스 EVX 18인치(2026),361,373,734,72,22
충남,일반승용,케이지모빌리티,토레스 EVX 20인치,344,356,700,69,21
충남,일반승용,케이지모빌리티,토레스 EVX 20인치(2026),354,366,720,71,21
충남,일반승용,케이지모빌리티,(단종)토레스 EVX 2WD 18인치,327,339,666,65,20
충남,일반승용,케이지모빌리티,(단종)토레스 EVX 2WD 20인치,312,323,635,62,19
충남,일반승용,테슬라코리아,Model 3 Performance,200,207,407,40,12
충남,일반승용,테슬라코리아,Model 3 Premium Long Range RWD,420,435,855,84,25
충남,일반승용,테슬라코리아,Model 3 RWD,168,174,342,34,10
충남,일반승용,테슬라코리아,Model 3 RWD(2025),168,174,342,34,10
충남,일반승용,테슬라코리아,Model Y L AWD,215,217,432,43,13
충남,일반승용,테슬라코리아,Model Y Long Range(2025),210,217,427,42,13
충남,일반승용,테슬라코리아,Model Y Premium Long Range,210,217,427,42,13
충남,일반승용,테슬라코리아,Model Y Premium RWD,170,176,346,34,10
충남,일반승용,테슬라코리아,Model Y RWD(2025),170,176,346,34,10
충남,일반승용,폭스바겐그룹코리아,ID.4 Pro,432,447,879,86,26
충남,일반승용,폭스바겐그룹코리아,Q4 45 e-tron,206,213,419,41,12
충남,일반승용,폭스바겐그룹코리아,Q4 Sportback 45 e-tron,206,213,419,41,12
충남,일반승용,폭스바겐그룹코리아,(단종)Q6 e-tron performance,220,228,448,44,13
충남,일반승용,폭스바겐그룹코리아,iD.5 Pro,473,489,962,95,29
충남,일반승용,현대자동차,ELECTRIFIED G80,270,279,549,54,16
충남,일반승용,현대자동차,ELECTRIFIED GV70 AWD 19인치,261,270,531,52,16
충남,일반승용,현대자동차,ELECTRIFIED GV70 AWD 20인치,245,253,498,49,15
충남,일반승용,현대자동차,GV60 스탠다드 2WD 19인치,285,295,580,57,17
충남,일반승용,현대자동차,GV60 스탠다드 AWD 19인치,272,282,554,54,16
충남,일반승용,현대자동차,GV60 스탠다드 AWD 20인치,261,270,531,52,16
충남,일반승용,현대자동차,더 뉴 아이오닉5 2WD 롱레인지 19인치,564,583,"1,147",100,30
충남,일반승용,현대자동차,더 뉴 아이오닉5 2WD 롱레인지 19인치 빌트인 캠 미적용,567,587,"1,154",100,30
충남,일반승용,현대자동차,더 뉴 아이오닉5 2WD 롱레인지 20인치,559,579,"1,138",100,30
충남,일반승용,현대자동차,더 뉴 아이오닉5 2WD 롱레인지 N라인 20인치,541,560,"1,101",100,30
충남,일반승용,현대자동차,더 뉴 아이오닉5 2WD 스탠다드 19인치,483,500,983,97,29
충남,일반승용,현대자동차,더 뉴 아이오닉5 AWD 롱레인지 19인치,558,577,"1,135",100,30
충남,일반승용,현대자동차,더 뉴 아이오닉5 AWD 롱레인지 20인치,532,550,"1,082",100,30
충남,일반승용,현대자동차,더 뉴 아이오닉5 AWD 롱레인지 N라인 20인치,510,528,"1,038",100,30
충남,일반승용,현대자동차,더 뉴 아이오닉6 2WD 롱레인지 18인치,570,590,"1,160",100,30
충남,일반승용,현대자동차,더 뉴 아이오닉6 2WD 롱레인지 20인치,570,590,"1,160",100,30
충남,일반승용,현대자동차,더 뉴 아이오닉6 2WD 롱레인지 N라인 20인치,570,590,"1,160",100,30
충남,일반승용,현대자동차,더 뉴 아이오닉6 2WD 스탠다드 18인치,560,579,"1,139",100,30
충남,일반승용,현대자동차,더 뉴 아이오닉6 AWD 롱레인지 18인치,570,590,"1,160",100,30
충남,일반승용,현대자동차,더 뉴 아이오닉6 AWD 롱레인지 20인치,553,572,"1,125",100,30
충남,일반승용,현대자동차,더 뉴 아이오닉6 AWD 롱레인지 N라인 20인치,537,555,"1,092",100,30
충남,일반승용,현대자동차,스타리아 라운지 일렉트릭 7인승,229,237,466,46,14
충남,일반승용,현대자동차,스타리아 리무진 일렉트릭 6인승,229,237,466,46,14
충남,일반승용,현대자동차,아이오닉6 N,250,258,508,50,15
충남,일반승용,현대자동차,아이오닉9 성능형 AWD,272,282,554,54,16
충남,일반승용,현대자동차,아이오닉9 항속형 2WD,274,283,557,55,17
충남,일반승용,현대자동차,아이오닉9 항속형 AWD,271,280,551,54,16
충남,경·소형,현대자동차,캐스퍼 일렉트릭 기본형 15인치,490,463,953,98,29
충남,경·소형,현대자동차,캐스퍼 일렉트릭 크로스 17인치,487,460,947,97,29
충남,경·소형,현대자동차,캐스퍼 일렉트릭 항속형 15인치,490,463,953,98,29
충남,경·소형,현대자동차,캐스퍼 일렉트릭 항속형 17인치(라운지포함),490,463,953,98,29
충남,일반승용,현대자동차,코나 일렉트릭 2WD 롱레인지 17인치,514,531,"1,045",100,30
충남,일반승용,현대자동차,코나 일렉트릭 2WD 롱레인지 17인치 빌트인 캠 미적용,514,531,"1,045",100,30
충남,일반승용,현대자동차,코나 일렉트릭 2WD 롱레인지 19인치,459,475,934,92,28
충남,일반승용,현대자동차,코나 일렉트릭 2WD 스탠다드 17인치,437,452,889,87,26
충남,일반승용,BMW,MINI Aceman E,400,414,814,80,24
충남,일반승용,BMW,MINI Aceman SE,400,414,814,80,24
충남,일반승용,BMW,MINI Cooper SE,396,410,806,79,24
충남,일반승용,BMW,MINI Countryman E,217,225,442,43,13
충남,일반승용,BMW,MINI Countryman SE ALL4,203,210,413,41,12
충남,일반승용,BMW,MINI JCW Aceman E,197,204,401,39,12
충남,일반승용,BMW,MINI JCW E,191,198,389,38,11
충남,일반승용,BMW,i4 M60 LCI (71HD),233,241,474,47,14
충남,일반승용,BMW,i4 eDrive 40 LCI(21HD),244,252,496,49,15
충남,일반승용,BMW,i4 eDrive 40 LCI(61HD),256,265,521,51,15
충남,일반승용,BMW,i5 eDrive 40,262,271,533,52,16
충남,일반승용,BMW,iX1 eDrive20,212,219,431,42,13
충남,일반승용,BMW,iX1 xDrive30,192,198,390,38,11
충남,일반승용,BMW,iX2 eDrive20,214,222,436,43,13
충남,일반승용,기아,EV3 GT,248,257,505,50,15
충남,일반승용,기아,EV3 롱레인지 2WD 17인치,555,574,"1,129",100,30
충남,일반승용,기아,EV3 롱레인지 2WD 19인치,555,574,"1,129",100,30
충남,일반승용,기아,EV3 롱레인지 4WD 19인치,539,558,"1,097",100,30
충남,일반승용,기아,EV3 스탠다드 2WD,469,485,954,94,28
충남,일반승용,기아,EV4 GT,255,264,519,51,15
충남,일반승용,기아,EV4 롱레인지 2WD 17인치,555,574,"1,129",100,30
충남,일반승용,기아,EV4 롱레인지 2WD 19인치,555,574,"1,129",100,30
충남,일반승용,기아,EV4 롱레인지 4WD 19인치,554,573,"1,127",100,30
충남,일반승용,기아,EV4 롱레인지 GTL 2WD 19인치,555,574,"1,129",100,30
충남,일반승용,기아,EV4 스탠다드 2WD 17인치,512,530,"1,042",100,30
충남,일반승용,기아,EV4 스탠다드 2WD 19인치,481,498,979,96,29
충남,일반승용,기아,EV5 GT,232,240,472,46,14
충남,일반승용,기아,EV5 롱레인지 2WD,552,571,"1,123",100,30
충남,일반승용,기아,EV5 롱레인지 4WD 18인치,499,516,"1,015",100,30
충남,일반승용,기아,EV5 롱레인지 4WD 19인치,493,510,"1,003",99,30
충남,일반승용,기아,EV9 GT,245,253,498,49,15
충남,일반승용,기아,EV9 롱레인지 2WD 19인치,270,279,549,54,16
충남,일반승용,기아,EV9 롱레인지 2WD 20인치,268,277,545,54,16
충남,일반승용,기아,EV9 롱레인지 4WD 19인치,254,263,517,51,15
충남,일반승용,기아,EV9 롱레인지 4WD 21인치,260,269,529,52,16
충남,일반승용,기아,EV9 롱레인지 GTL 4WD 21인치,252,261,513,50,15
충남,일반승용,기아,EV9 스탠다드,237,245,482,47,14
충남,일반승용,기아,PV5 패신저 5인승 롱레인지,458,474,932,92,28
충남,일반승용,기아,Pv5 WAV(비용 미지원),648,600,"1,248",100,30
충남,일반승용,기아,Pv5 WAV(비용 지원),448,463,911,90,27
충남,일반승용,기아,(단종)The all-new Kia Niro EV,489,506,995,98,29
충남,일반승용,기아,더뉴EV6 롱레인지 2WD 19인치,570,590,"1,160",100,30
충남,일반승용,기아,더뉴EV6 롱레인지 2WD 20인치,559,579,"1,138",100,30
충남,일반승용,기아,더뉴EV6 롱레인지 4WD 19인치,561,580,"1,141",100,30
충남,일반승용,기아,더뉴EV6 롱레인지 4WD 20인치,532,550,"1,082",100,30
충남,일반승용,기아,더뉴EV6 스탠다드,501,519,"1,020",100,30
충남,경·소형,기아,레이 EV 2WD 14인치 1인승 밴,457,431,888,91,27
충남,경·소형,기아,레이 EV 2WD 14인치 2인승 밴,457,431,888,91,27
충남,경·소형,기아,레이 EV 2WD 14인치 4인승 승용,457,431,888,91,27
충남,일반승용,메르세데스벤츠코리아,EQA 250(Facelift),190,197,387,38,11
충남,일반승용,메르세데스벤츠코리아,EQB 300 4MATIC(Facelift),154,159,313,31,9
충남,일반승용,메르세데스벤츠코리아,EQB 300 4MATIC(Facelift)(CY25/2),162,168,330,32,10
충남,일반승용,비와이디코리아,(단종)BYD ATTO 3,126,130,256,25,8
충남,일반승용,비와이디코리아,(단종)BYD DOLPHIN,109,113,222,22,7
충남,일반승용,비와이디코리아,(단종)BYD DOLPHIN Active,132,137,269,26,8
충남,일반승용,비와이디코리아,(단종)BYD SEAL,169,175,344,34,10
충남,일반승용,비와이디코리아,(단종)BYD SEAL Dynamic AWD,151,156,307,30,9
충남,일반승용,비와이디코리아,(단종)BYD SEALION 7,152,157,309,30,9
충남,일반승용,케이지모빌리티,토레스 EVX 18인치,354,366,720,71,21
충남,일반승용,케이지모빌리티,토레스 EVX 18인치(2026),361,373,734,72,22
충남,일반승용,케이지모빌리티,토레스 EVX 20인치,344,356,700,69,21
충남,일반승용,케이지모빌리티,토레스 EVX 20인치(2026),354,366,720,71,21
충남,일반승용,케이지모빌리티,(단종)토레스 EVX 2WD 18인치,327,339,666,65,20
충남,일반승용,케이지모빌리티,(단종)토레스 EVX 2WD 20인치,312,323,635,62,19
충남,일반승용,테슬라코리아,Model 3 Performance,200,207,407,40,12
충남,일반승용,테슬라코리아,Model 3 Premium Long Range RWD,420,435,855,84,25
충남,일반승용,테슬라코리아,Model 3 RWD,168,174,342,34,10
충남,일반승용,테슬라코리아,Model 3 RWD(2025),168,174,342,34,10
충남,일반승용,테슬라코리아,Model Y L AWD,215,217,432,43,13
충남,일반승용,테슬라코리아,Model Y Long Range(2025),210,217,427,42,13
충남,일반승용,테슬라코리아,Model Y Premium Long Range,210,217,427,42,13
충남,일반승용,테슬라코리아,Model Y Premium RWD,170,176,346,34,10
충남,일반승용,테슬라코리아,Model Y RWD(2025),170,176,346,34,10
충남,일반승용,폭스바겐그룹코리아,ID.4 Pro,432,447,879,86,26
충남,일반승용,폭스바겐그룹코리아,Q4 45 e-tron,206,213,419,41,12
충남,일반승용,폭스바겐그룹코리아,Q4 Sportback 45 e-tron,206,213,419,41,12
충남,일반승용,폭스바겐그룹코리아,(단종)Q6 e-tron performance,220,228,448,44,13
충남,일반승용,현대자동차,ELECTRIFIED G80,270,279,549,54,16
충남,일반승용,현대자동차,ELECTRIFIED GV70 AWD 19인치,261,270,531,52,16
충남,일반승용,현대자동차,ELECTRIFIED GV70 AWD 20인치,245,253,498,49,15
충남,일반승용,현대자동차,GV60 스탠다드 2WD 19인치,285,295,580,57,17
충남,일반승용,현대자동차,GV60 스탠다드 AWD 19인치,272,282,554,54,16
충남,일반승용,현대자동차,GV60 스탠다드 AWD 20인치,261,270,531,52,16
충남,일반승용,현대자동차,더 뉴 아이오닉5 2WD 롱레인지 19인치,564,583,"1,147",100,30
충남,일반승용,현대자동차,더 뉴 아이오닉5 2WD 롱레인지 19인치 빌트인 캠 미적용,567,587,"1,154",100,30
충남,일반승용,현대자동차,더 뉴 아이오닉5 2WD 롱레인지 20인치,559,579,"1,138",100,30
충남,일반승용,현대자동차,더 뉴 아이오닉5 2WD 롱레인지 N라인 20인치,541,560,"1,101",100,30
충남,일반승용,현대자동차,더 뉴 아이오닉5 2WD 스탠다드 19인치,483,500,983,97,29
충남,일반승용,현대자동차,더 뉴 아이오닉5 AWD 롱레인지 19인치,558,577,"1,135",100,30
충남,일반승용,현대자동차,더 뉴 아이오닉5 AWD 롱레인지 20인치,532,550,"1,082",100,30
충남,일반승용,현대자동차,더 뉴 아이오닉5 AWD 롱레인지 N라인 20인치,510,528,"1,038",100,30
충남,일반승용,현대자동차,더 뉴 아이오닉6 2WD 롱레인지 18인치,570,590,"1,160",100,30
충남,일반승용,현대자동차,더 뉴 아이오닉6 2WD 롱레인지 20인치,570,590,"1,160",100,30
충남,일반승용,현대자동차,더 뉴 아이오닉6 2WD 롱레인지 N라인 20인치,570,590,"1,160",100,30
충남,일반승용,현대자동차,더 뉴 아이오닉6 2WD 스탠다드 18인치,560,579,"1,139",100,30
충남,일반승용,현대자동차,더 뉴 아이오닉6 AWD 롱레인지 18인치,570,590,"1,160",100,30
충남,일반승용,현대자동차,더 뉴 아이오닉6 AWD 롱레인지 20인치,553,574,"1,127",100,30
충남,일반승용,현대자동차,더 뉴 아이오닉6 AWD 롱레인지 N라인 20인치,537,555,"1,092",100,30
충남,일반승용,현대자동차,아이오닉6 N,250,198,448,50,15
충남,일반승용,현대자동차,아이오닉9 성능형 AWD,272,282,554,54,16
충남,일반승용,현대자동차,아이오닉9 항속형 2WD,274,283,557,55,17
충남,일반승용,현대자동차,아이오닉9 항속형 AWD,271,280,551,54,16
충남,경·소형,현대자동차,캐스퍼 일렉트릭 기본형 15인치,490,463,953,98,29
충남,경·소형,현대자동차,캐스퍼 일렉트릭 크로스 17인치,487,460,947,97,29
충남,경·소형,현대자동차,캐스퍼 일렉트릭 항속형 15인치,490,463,953,98,29
충남,경·소형,현대자동차,캐스퍼 일렉트릭 항속형 17인치(라운지포함),490,463,953,98,29
충남,일반승용,현대자동차,코나 일렉트릭 2WD 롱레인지 17인치,514,531,"1,045",100,30
충남,일반승용,현대자동차,코나 일렉트릭 2WD 롱레인지 17인치 빌트인 캠 미적용,514,531,"1,045",100,30
충남,일반승용,현대자동차,코나 일렉트릭 2WD 롱레인지 19인치,459,475,934,92,28
충남,일반승용,현대자동차,코나 일렉트릭 2WD 스탠다드 17인치,437,452,889,87,26
충남,일반승용,BMW,MINI Aceman E,400,414,814,80,24
충남,일반승용,BMW,MINI Aceman SE,400,414,814,80,24
충남,일반승용,BMW,MINI Cooper SE,396,410,806,79,24
충남,일반승용,BMW,MINI Countryman E,217,225,442,43,13
충남,일반승용,BMW,MINI Countryman SE ALL4,203,210,413,41,12
충남,일반승용,BMW,MINI JCW Aceman E,197,204,401,39,12
충남,일반승용,BMW,MINI JCW E,191,198,389,38,11
충남,일반승용,BMW,i4 M60 LCI (71HD),233,241,474,47,14
충남,일반승용,BMW,i4 eDrive 40 LCI(21HD),244,252,496,49,15
충남,일반승용,BMW,i4 eDrive 40 LCI(61HD),256,265,521,51,15
충남,일반승용,BMW,i5 eDrive 40,262,271,533,52,16
충남,일반승용,BMW,iX1 eDrive20,212,219,431,42,13
충남,일반승용,BMW,iX1 eDrive20(11HM),235,243,478,47,14
충남,일반승용,BMW,iX1 xDrive30,192,198,390,38,11
충남,일반승용,BMW,iX2 eDrive20,214,222,436,43,13
충남,일반승용,BMW,iX2 eDrive20(71GN),239,247,486,48,14
충남,일반승용,BMW,iX3 50 xDrive,275,285,560,55,17
충남,일반승용,기아,EV3 GT,248,257,505,50,15
충남,일반승용,기아,EV3 롱레인지 2WD 17인치,555,574,"1,129",100,30
충남,일반승용,기아,EV3 롱레인지 2WD 19인치,555,574,"1,129",100,30
충남,일반승용,기아,EV3 롱레인지 4WD 19인치,539,558,"1,097",100,30
충남,일반승용,기아,EV3 스탠다드 2WD,469,485,954,94,28
충남,일반승용,기아,EV4 GT,255,264,519,51,15
충남,일반승용,기아,EV4 롱레인지 2WD 17인치,555,574,"1,129",100,30
충남,일반승용,기아,EV4 롱레인지 2WD 19인치,555,574,"1,129",100,30
충남,일반승용,기아,EV4 롱레인지 4WD 19인치,554,573,"1,127",100,30
충남,일반승용,기아,EV4 롱레인지 GTL 2WD 19인치,555,574,"1,129",100,30
충남,일반승용,기아,EV4 스탠다드 2WD 17인치,512,530,"1,042",100,30
충남,일반승용,기아,EV4 스탠다드 2WD 19인치,481,498,979,96,29
충남,일반승용,기아,EV5 GT,232,240,472,46,14
충남,일반승용,기아,EV5 롱레인지 2WD,552,571,"1,123",100,30
충남,일반승용,기아,EV5 롱레인지 4WD 18인치,499,516,"1,015",100,30
충남,일반승용,기아,EV5 롱레인지 4WD 19인치,493,510,"1,003",99,30
충남,일반승용,기아,EV9 GT,245,253,498,49,15
충남,일반승용,기아,EV9 롱레인지 2WD 19인치,270,279,549,54,16
충남,일반승용,기아,EV9 롱레인지 2WD 20인치,268,277,545,54,16
충남,일반승용,기아,EV9 롱레인지 4WD 19인치,254,263,517,51,15
충남,일반승용,기아,EV9 롱레인지 4WD 21인치,260,269,529,52,16
충남,일반승용,기아,EV9 롱레인지 GTL 4WD 21인치,252,261,513,50,15
충남,일반승용,기아,EV9 스탠다드,237,245,482,47,14
충남,일반승용,기아,PV5 패신저 5인승 롱레인지,458,474,932,92,28
충남,일반승용,기아,Pv5 WAV(비용 미지원),648,600,"1,248",100,30
충남,일반승용,기아,Pv5 WAV(비용 지원),448,463,911,90,27
충남,일반승용,기아,(단종)The all-new Kia Niro EV,489,506,995,98,29
충남,일반승용,기아,더뉴EV6 롱레인지 2WD 19인치,570,590,"1,160",100,30
충남,일반승용,기아,더뉴EV6 롱레인지 2WD 20인치,559,579,"1,138",100,30
충남,일반승용,기아,더뉴EV6 롱레인지 4WD 19인치,561,580,"1,141",100,30
충남,일반승용,기아,더뉴EV6 롱레인지 4WD 20인치,532,550,"1,082",100,30
충남,일반승용,기아,더뉴EV6 스탠다드,501,519,"1,020",100,30
충남,경·소형,기아,레이 EV 2WD 14인치 1인승 밴,457,431,888,91,27
충남,경·소형,기아,레이 EV 2WD 14인치 2인승 밴,457,431,888,91,27
충남,경·소형,기아,레이 EV 2WD 14인치 4인승 승용,457,431,888,91,27
충남,일반승용,메르세데스벤츠코리아,EQA 250(Facelift),190,197,387,38,11
충남,일반승용,메르세데스벤츠코리아,EQB 300 4MATIC(Facelift),154,159,313,31,9
충남,일반승용,메르세데스벤츠코리아,EQB 300 4MATIC(Facelift)(CY25/2),162,168,330,32,10
충남,일반승용,볼보자동차코리아,볼보 EX30 Single Motor ER,247,255,502,49,15
충남,일반승용,볼보자동차코리아,볼보 EX30CC Twin Motor Perf,222,230,452,44,13
충남,일반승용,비와이디코리아,(단종)BYD ATTO 3,126,130,256,25,8
충남,일반승용,비와이디코리아,(단종)BYD DOLPHIN,109,113,222,22,7
충남,일반승용,비와이디코리아,(단종)BYD DOLPHIN Active,132,137,269,26,8
충남,일반승용,비와이디코리아,(단종)BYD SEAL,169,175,344,34,10
충남,일반승용,비와이디코리아,(단종)BYD SEAL Dynamic AWD,151,156,307,30,9
충남,일반승용,비와이디코리아,(단종)BYD SEALION 7,152,157,309,30,9
충남,일반승용,케이지모빌리티,토레스 EVX 18인치,354,366,720,71,21
충남,일반승용,케이지모빌리티,토레스 EVX 18인치(2026),361,373,734,72,22
충남,일반승용,케이지모빌리티,토레스 EVX 20인치,344,356,700,69,21
충남,일반승용,케이지모빌리티,토레스 EVX 20인치(2026),354,366,720,71,21
충남,일반승용,케이지모빌리티,(단종)토레스 EVX 2WD 18인치,327,339,666,65,20
충남,일반승용,케이지모빌리티,(단종)토레스 EVX 2WD 20인치,312,323,635,62,19
충남,일반승용,테슬라코리아,Model 3 Performance,200,207,407,40,12
충남,일반승용,테슬라코리아,Model 3 Premium Long Range RWD,420,435,855,84,25
충남,일반승용,테슬라코리아,Model 3 Premium Long Range RWD(5999만원),210,0,210,42,13
충남,일반승용,테슬라코리아,Model 3 RWD,168,174,342,34,10
충남,일반승용,테슬라코리아,Model 3 RWD(2025),168,174,342,34,10
충남,일반승용,테슬라코리아,Model Y L AWD,215,217,432,43,13
충남,일반승용,테슬라코리아,Model Y Long Range(2025),210,217,427,42,13
충남,일반승용,테슬라코리아,Model Y Premium Long Range,210,217,427,42,13
충남,일반승용,테슬라코리아,Model Y Premium RWD,170,176,346,34,10
충남,일반승용,테슬라코리아,Model Y RWD(2025),170,176,346,34,10
충남,일반승용,폭스바겐그룹코리아,ID.4 Pro,432,447,879,86,26
충남,일반승용,폭스바겐그룹코리아,Q4 45 e-tron,206,213,419,41,12
충남,일반승용,폭스바겐그룹코리아,Q4 Sportback 45 e-tron,206,213,419,41,12
충남,일반승용,폭스바겐그룹코리아,(단종)Q6 e-tron performance,220,228,448,44,13
충남,일반승용,폭스바겐그룹코리아,iD.5 Pro,473,489,962,95,29
충남,일반승용,폴스타오토모티브코리아,Polestar 4 Coupe Dual Motor,168,174,342,34,10
충남,일반승용,폴스타오토모티브코리아,Polestar 4 Coupe Rear Motor,181,187,368,36,11
충남,일반승용,현대자동차,ELECTRIFIED G80,270,279,549,54,16
충남,일반승용,현대자동차,ELECTRIFIED GV70 AWD 19인치,261,270,531,52,16
충남,일반승용,현대자동차,ELECTRIFIED GV70 AWD 20인치,245,253,498,49,15
충남,일반승용,현대자동차,GV60 스탠다드 2WD 19인치,285,295,580,57,17
충남,일반승용,현대자동차,GV60 스탠다드 AWD 19인치,272,282,554,54,16
충남,일반승용,현대자동차,GV60 스탠다드 AWD 20인치,261,270,531,52,16
충남,일반승용,현대자동차,더 뉴 아이오닉5 2WD 롱레인지 19인치,564,583,"1,147",100,30
충남,일반승용,현대자동차,더 뉴 아이오닉5 2WD 롱레인지 19인치 빌트인 캠 미적용,567,587,"1,154",100,30
충남,일반승용,현대자동차,더 뉴 아이오닉5 2WD 롱레인지 20인치,559,579,"1,138",100,30
충남,일반승용,현대자동차,더 뉴 아이오닉5 2WD 롱레인지 N라인 20인치,541,560,"1,101",100,30
충남,일반승용,현대자동차,더 뉴 아이오닉5 2WD 스탠다드 19인치,483,500,983,97,29
충남,일반승용,현대자동차,더 뉴 아이오닉5 AWD 롱레인지 19인치,558,577,"1,135",100,30
충남,일반승용,현대자동차,더 뉴 아이오닉5 AWD 롱레인지 20인치,532,550,"1,082",100,30
충남,일반승용,현대자동차,더 뉴 아이오닉5 AWD 롱레인지 N라인 20인치,510,528,"1,038",100,30
충남,일반승용,현대자동차,더 뉴 아이오닉6 2WD 롱레인지 18인치,570,590,"1,160",100,30
충남,일반승용,현대자동차,더 뉴 아이오닉6 2WD 롱레인지 20인치,570,590,"1,160",100,30
충남,일반승용,현대자동차,더 뉴 아이오닉6 2WD 롱레인지 N라인 20인치,570,590,"1,160",100,30
충남,일반승용,현대자동차,더 뉴 아이오닉6 2WD 스탠다드 18인치,560,579,"1,139",100,30
충남,일반승용,현대자동차,더 뉴 아이오닉6 AWD 롱레인지 18인치,570,590,"1,160",100,30
충남,일반승용,현대자동차,더 뉴 아이오닉6 AWD 롱레인지 20인치,553,572,"1,125",100,30
충남,일반승용,현대자동차,더 뉴 아이오닉6 AWD 롱레인지 N라인 20인치,537,555,"1,092",100,30
충남,일반승용,현대자동차,스타리아 라운지 일렉트릭 7인승,229,237,466,46,14
충남,일반승용,현대자동차,스타리아 리무진 일렉트릭 6인승,229,237,466,46,14
충남,일반승용,현대자동차,아이오닉6 N,250,258,508,50,15
충남,일반승용,현대자동차,아이오닉9 성능형 AWD,272,282,554,54,16
충남,일반승용,현대자동차,아이오닉9 항속형 2WD,274,283,557,55,17
충남,일반승용,현대자동차,아이오닉9 항속형 AWD,271,280,551,54,16
충남,경·소형,현대자동차,캐스퍼 일렉트릭 기본형 15인치,490,463,953,98,29
충남,경·소형,현대자동차,캐스퍼 일렉트릭 크로스 17인치,487,460,947,97,29
충남,경·소형,현대자동차,캐스퍼 일렉트릭 항속형 15인치,490,463,953,98,29
충남,경·소형,현대자동차,캐스퍼 일렉트릭 항속형 17인치(라운지포함),490,463,953,98,29
충남,일반승용,현대자동차,코나 일렉트릭 2WD 롱레인지 17인치,514,531,"1,045",100,30
충남,일반승용,현대자동차,코나 일렉트릭 2WD 롱레인지 17인치 빌트인 캠 미적용,514,531,"1,045",100,30
충남,일반승용,현대자동차,코나 일렉트릭 2WD 롱레인지 19인치,459,475,934,92,28
충남,일반승용,현대자동차,코나 일렉트릭 2WD 스탠다드 17인치,437,452,889,87,26
충남,일반승용,BMW,MINI Aceman E,400,414,814,80,24
충남,일반승용,BMW,MINI Aceman SE,400,414,814,80,24
충남,일반승용,BMW,MINI Cooper SE,396,410,806,79,24
충남,일반승용,BMW,MINI Countryman E,217,225,442,43,13
충남,일반승용,BMW,MINI Countryman SE ALL4,203,210,413,41,12
충남,일반승용,BMW,MINI JCW Aceman E,197,204,401,39,12
충남,일반승용,BMW,MINI JCW E,191,198,389,38,11
충남,일반승용,BMW,i4 M60 LCI (71HD),233,241,474,47,14
충남,일반승용,BMW,i4 eDrive 40 LCI(21HD),244,252,496,49,15
충남,일반승용,BMW,i4 eDrive 40 LCI(61HD),256,265,521,51,15
충남,일반승용,BMW,i5 eDrive 40,262,271,533,52,16
충남,일반승용,BMW,iX1 eDrive20,212,219,431,42,13
충남,일반승용,BMW,iX1 eDrive20(11HM),235,243,478,47,14
충남,일반승용,BMW,iX1 xDrive30,192,198,390,38,11
충남,일반승용,BMW,iX2 eDrive20,214,222,436,43,13
충남,일반승용,BMW,iX2 eDrive20(71GN),239,247,486,48,14
충남,일반승용,BMW,iX3 50 xDrive,275,285,560,55,17
충남,일반승용,기아,EV3 GT,248,257,505,50,15
충남,일반승용,기아,EV3 롱레인지 2WD 17인치,555,574,"1,129",100,30
충남,일반승용,기아,EV3 롱레인지 2WD 19인치,555,574,"1,129",100,30
충남,일반승용,기아,EV3 롱레인지 4WD 19인치,539,558,"1,097",100,30
충남,일반승용,기아,EV3 스탠다드 2WD,469,485,954,94,28
충남,일반승용,기아,EV4 GT,255,264,519,51,15
충남,일반승용,기아,EV4 롱레인지 2WD 17인치,555,574,"1,129",100,30
충남,일반승용,기아,EV4 롱레인지 2WD 19인치,555,574,"1,129",100,30
충남,일반승용,기아,EV4 롱레인지 4WD 19인치,554,573,"1,127",100,30
충남,일반승용,기아,EV4 롱레인지 GTL 2WD 19인치,555,574,"1,129",100,30
충남,일반승용,기아,EV4 스탠다드 2WD 17인치,512,530,"1,042",100,30
충남,일반승용,기아,EV4 스탠다드 2WD 19인치,481,498,979,96,29
충남,일반승용,기아,EV5 GT,232,240,472,46,14
충남,일반승용,기아,EV5 롱레인지 2WD,552,571,"1,123",100,30
충남,일반승용,기아,EV5 롱레인지 4WD 18인치,499,516,"1,015",100,30
충남,일반승용,기아,EV5 롱레인지 4WD 19인치,493,510,"1,003",99,30
충남,일반승용,기아,EV9 GT,245,253,498,49,15
충남,일반승용,기아,EV9 롱레인지 2WD 19인치,270,279,549,54,16
충남,일반승용,기아,EV9 롱레인지 2WD 20인치,268,277,545,54,16
충남,일반승용,기아,EV9 롱레인지 4WD 19인치,254,263,517,51,15
충남,일반승용,기아,EV9 롱레인지 4WD 21인치,260,269,529,52,16
충남,일반승용,기아,EV9 롱레인지 GTL 4WD 21인치,252,261,513,50,15
충남,일반승용,기아,EV9 스탠다드,237,245,482,47,14
충남,일반승용,기아,PV5 패신저 5인승 롱레인지,458,474,932,92,28
충남,일반승용,기아,Pv5 WAV(비용 미지원),648,600,"1,248",100,30
충남,일반승용,기아,Pv5 WAV(비용 지원),448,463,911,90,27
충남,일반승용,기아,(단종)The all-new Kia Niro EV,489,506,995,98,29
충남,일반승용,기아,더뉴EV6 롱레인지 2WD 19인치,570,590,"1,160",100,30
충남,일반승용,기아,더뉴EV6 롱레인지 2WD 20인치,559,579,"1,138",100,30
충남,일반승용,기아,더뉴EV6 롱레인지 4WD 19인치,561,580,"1,141",100,30
충남,일반승용,기아,더뉴EV6 롱레인지 4WD 20인치,532,550,"1,082",100,30
충남,일반승용,기아,더뉴EV6 스탠다드,501,519,"1,020",100,30
충남,경·소형,기아,레이 EV 2WD 14인치 1인승 밴,457,431,888,91,27
충남,경·소형,기아,레이 EV 2WD 14인치 2인승 밴,457,431,888,91,27
충남,경·소형,기아,레이 EV 2WD 14인치 4인승 승용,457,431,888,91,27
충남,일반승용,메르세데스벤츠코리아,EQA 250(Facelift),190,197,387,38,11
충남,일반승용,메르세데스벤츠코리아,EQB 300 4MATIC(Facelift),154,159,313,31,9
충남,일반승용,메르세데스벤츠코리아,EQB 300 4MATIC(Facelift)(CY25/2),162,159,321,32,10
충남,일반승용,볼보자동차코리아,볼보 EX30 Single Motor ER,247,255,502,49,15
충남,일반승용,볼보자동차코리아,볼보 EX30CC Twin Motor Perf,222,230,452,44,13
충남,일반승용,비와이디코리아,(단종)BYD ATTO 3,126,130,256,25,8
충남,일반승용,비와이디코리아,(단종)BYD DOLPHIN,109,113,222,22,7
충남,일반승용,비와이디코리아,(단종)BYD DOLPHIN Active,132,137,269,26,8
충남,일반승용,비와이디코리아,(단종)BYD SEAL,169,175,344,34,10
충남,일반승용,비와이디코리아,(단종)BYD SEAL Dynamic AWD,151,156,307,30,9
충남,일반승용,비와이디코리아,(단종)BYD SEALION 7,152,157,309,30,9
충남,일반승용,케이지모빌리티,토레스 EVX 18인치,354,366,720,71,21
충남,일반승용,케이지모빌리티,토레스 EVX 18인치(2026),361,373,734,72,22
충남,일반승용,케이지모빌리티,토레스 EVX 20인치,344,356,700,69,21
충남,일반승용,케이지모빌리티,토레스 EVX 20인치(2026),354,366,720,71,21
충남,일반승용,케이지모빌리티,(단종)토레스 EVX 2WD 18인치,327,339,666,65,20
충남,일반승용,케이지모빌리티,(단종)토레스 EVX 2WD 20인치,312,323,635,62,19
충남,일반승용,테슬라코리아,Model 3 Performance,200,207,407,40,12
충남,일반승용,테슬라코리아,Model 3 Premium Long Range RWD,420,435,855,84,25
충남,일반승용,테슬라코리아,Model 3 Premium Long Range RWD(5999만원),210,217,427,42,13
충남,일반승용,테슬라코리아,Model 3 RWD,168,174,342,34,10
충남,일반승용,테슬라코리아,Model 3 RWD(2025),168,174,342,34,10
충남,일반승용,테슬라코리아,Model Y L AWD,215,222,437,43,13
충남,일반승용,테슬라코리아,Model Y Long Range(2025),210,217,427,42,13
충남,일반승용,테슬라코리아,Model Y Premium Long Range,210,217,427,42,13
충남,일반승용,테슬라코리아,Model Y Premium RWD,170,176,346,34,10
충남,일반승용,테슬라코리아,Model Y RWD(2025),170,176,346,34,10
충남,일반승용,폭스바겐그룹코리아,ID.4 Pro,432,447,879,86,26
충남,일반승용,폭스바겐그룹코리아,Q4 45 e-tron,206,213,419,41,12
충남,일반승용,폭스바겐그룹코리아,Q4 Sportback 45 e-tron,206,213,419,41,12
충남,일반승용,폭스바겐그룹코리아,(단종)Q6 e-tron performance,220,228,448,44,13
충남,일반승용,폭스바겐그룹코리아,iD.5 Pro,473,489,962,95,29
충남,일반승용,폴스타오토모티브코리아,Polestar 4 Coupe Dual Motor,168,174,342,34,10
충남,일반승용,폴스타오토모티브코리아,Polestar 4 Coupe Rear Motor,181,187,368,36,11
충남,일반승용,현대자동차,ELECTRIFIED G80,270,279,549,54,16
충남,일반승용,현대자동차,ELECTRIFIED GV70 AWD 19인치,261,270,531,52,16
충남,일반승용,현대자동차,ELECTRIFIED GV70 AWD 20인치,245,253,498,49,15
충남,일반승용,현대자동차,GV60 스탠다드 2WD 19인치,285,295,580,57,17
충남,일반승용,현대자동차,GV60 스탠다드 AWD 19인치,272,282,554,54,16
충남,일반승용,현대자동차,GV60 스탠다드 AWD 20인치,261,270,531,52,16
충남,일반승용,현대자동차,더 뉴 아이오닉5 2WD 롱레인지 19인치,564,583,"1,147",100,30
충남,일반승용,현대자동차,더 뉴 아이오닉5 2WD 롱레인지 19인치 빌트인 캠 미적용,567,587,"1,154",100,30
충남,일반승용,현대자동차,더 뉴 아이오닉5 2WD 롱레인지 20인치,559,579,"1,138",100,30
충남,일반승용,현대자동차,더 뉴 아이오닉5 2WD 롱레인지 N라인 20인치,541,560,"1,101",100,30
충남,일반승용,현대자동차,더 뉴 아이오닉5 2WD 스탠다드 19인치,483,500,983,97,29
충남,일반승용,현대자동차,더 뉴 아이오닉5 AWD 롱레인지 19인치,558,577,"1,135",100,30
충남,일반승용,현대자동차,더 뉴 아이오닉5 AWD 롱레인지 20인치,532,550,"1,082",100,30
충남,일반승용,현대자동차,더 뉴 아이오닉5 AWD 롱레인지 N라인 20인치,510,528,"1,038",100,30
충남,일반승용,현대자동차,더 뉴 아이오닉6 2WD 롱레인지 18인치,570,590,"1,160",100,30
충남,일반승용,현대자동차,더 뉴 아이오닉6 2WD 롱레인지 20인치,570,590,"1,160",100,30
충남,일반승용,현대자동차,더 뉴 아이오닉6 2WD 롱레인지 N라인 20인치,570,590,"1,160",100,30
충남,일반승용,현대자동차,더 뉴 아이오닉6 2WD 스탠다드 18인치,560,579,"1,139",100,30
충남,일반승용,현대자동차,더 뉴 아이오닉6 AWD 롱레인지 18인치,570,590,"1,160",100,30
충남,일반승용,현대자동차,더 뉴 아이오닉6 AWD 롱레인지 20인치,553,572,"1,125",100,30
충남,일반승용,현대자동차,더 뉴 아이오닉6 AWD 롱레인지 N라인 20인치,537,555,"1,092",100,30
충남,일반승용,현대자동차,스타리아 라운지 일렉트릭 7인승,229,237,466,46,14
충남,일반승용,현대자동차,스타리아 리무진 일렉트릭 6인승,229,237,466,46,14
충남,일반승용,현대자동차,아이오닉6 N,250,258,508,50,15
충남,일반승용,현대자동차,아이오닉9 성능형 AWD,272,282,554,54,16
충남,일반승용,현대자동차,아이오닉9 항속형 2WD,274,283,557,55,17
충남,일반승용,현대자동차,아이오닉9 항속형 AWD,271,280,551,54,16
충남,경·소형,현대자동차,캐스퍼 일렉트릭 기본형 15인치,490,463,953,98,29
충남,경·소형,현대자동차,캐스퍼 일렉트릭 크로스 17인치,487,460,947,97,29
충남,경·소형,현대자동차,캐스퍼 일렉트릭 항속형 15인치,490,463,953,98,29
충남,경·소형,현대자동차,캐스퍼 일렉트릭 항속형 17인치(라운지포함),490,463,953,98,29
충남,일반승용,현대자동차,코나 일렉트릭 2WD 롱레인지 17인치,514,531,"1,045",100,30
충남,일반승용,현대자동차,코나 일렉트릭 2WD 롱레인지 17인치 빌트인 캠 미적용,514,531,"1,045",100,30
충남,일반승용,현대자동차,코나 일렉트릭 2WD 롱레인지 19인치,459,475,934,92,28
충남,일반승용,현대자동차,코나 일렉트릭 2WD 스탠다드 17인치,437,452,889,87,26
충남,일반승용,BMW,MINI Aceman E,400,414,814,80,24
충남,일반승용,BMW,MINI Aceman SE,400,414,814,80,24
충남,일반승용,BMW,MINI Cooper SE,396,410,806,79,24
충남,일반승용,BMW,MINI Countryman E,217,225,442,43,13
충남,일반승용,BMW,MINI Countryman SE ALL4,203,210,413,41,12
충남,일반승용,BMW,MINI JCW Aceman E,197,204,401,39,12
충남,일반승용,BMW,MINI JCW E,191,198,389,38,11
충남,일반승용,BMW,i4 M60 LCI (71HD),233,241,474,47,14
충남,일반승용,BMW,i4 eDrive 40 LCI(21HD),244,252,496,49,15
충남,일반승용,BMW,i4 eDrive 40 LCI(61HD),256,265,521,51,15
충남,일반승용,BMW,i5 eDrive 40,262,271,533,52,16
충남,일반승용,BMW,iX1 eDrive20,212,219,431,42,13
충남,일반승용,BMW,iX1 xDrive30,192,198,390,38,11
충남,일반승용,BMW,iX2 eDrive20,214,222,436,43,13
충남,일반승용,BMW,iX3 50 xDrive,275,285,560,55,17
충남,일반승용,기아,EV3 GT,248,257,505,50,15
충남,일반승용,기아,EV3 롱레인지 2WD 17인치,555,574,"1,129",100,30
충남,일반승용,기아,EV3 롱레인지 2WD 19인치,555,574,"1,129",100,30
충남,일반승용,기아,EV3 롱레인지 4WD 19인치,539,558,"1,097",100,30
충남,일반승용,기아,EV3 스탠다드 2WD,469,485,954,94,28
충남,일반승용,기아,EV4 GT,255,264,519,51,15
충남,일반승용,기아,EV4 롱레인지 2WD 17인치,555,574,"1,129",100,30
충남,일반승용,기아,EV4 롱레인지 2WD 19인치,555,574,"1,129",100,30
충남,일반승용,기아,EV4 롱레인지 4WD 19인치,554,573,"1,127",100,30
충남,일반승용,기아,EV4 롱레인지 GTL 2WD 19인치,555,574,"1,129",100,30
충남,일반승용,기아,EV4 스탠다드 2WD 17인치,512,530,"1,042",100,30
충남,일반승용,기아,EV4 스탠다드 2WD 19인치,481,498,979,96,29
충남,일반승용,기아,EV5 GT,232,240,472,46,14
충남,일반승용,기아,EV5 롱레인지 2WD,552,571,"1,123",100,30
충남,일반승용,기아,EV5 롱레인지 4WD 18인치,499,516,"1,015",100,30
충남,일반승용,기아,EV5 롱레인지 4WD 19인치,493,510,"1,003",99,30
충남,일반승용,기아,EV9 GT,245,253,498,49,15
충남,일반승용,기아,EV9 롱레인지 2WD 19인치,270,279,549,54,16
충남,일반승용,기아,EV9 롱레인지 2WD 20인치,268,277,545,54,16
충남,일반승용,기아,EV9 롱레인지 4WD 19인치,254,263,517,51,15
충남,일반승용,기아,EV9 롱레인지 4WD 21인치,260,269,529,52,16
충남,일반승용,기아,EV9 롱레인지 GTL 4WD 21인치,252,261,513,50,15
충남,일반승용,기아,EV9 스탠다드,237,245,482,47,14
충남,일반승용,기아,PV5 패신저 5인승 롱레인지,458,474,932,92,28
충남,일반승용,기아,Pv5 WAV(비용 미지원),648,600,"1,248",100,30
충남,일반승용,기아,Pv5 WAV(비용 지원),448,463,911,90,27
충남,일반승용,기아,(단종)The all-new Kia Niro EV,489,506,995,98,29
충남,일반승용,기아,더뉴EV6 롱레인지 2WD 19인치,570,590,"1,160",100,30
충남,일반승용,기아,더뉴EV6 롱레인지 2WD 20인치,559,579,"1,138",100,30
충남,일반승용,기아,더뉴EV6 롱레인지 4WD 19인치,561,580,"1,141",100,30
충남,일반승용,기아,더뉴EV6 롱레인지 4WD 20인치,532,550,"1,082",100,30
충남,일반승용,기아,더뉴EV6 스탠다드,501,519,"1,020",100,30
충남,경·소형,기아,레이 EV 2WD 14인치 1인승 밴,457,431,888,91,27
충남,경·소형,기아,레이 EV 2WD 14인치 2인승 밴,457,431,888,91,27
충남,경·소형,기아,레이 EV 2WD 14인치 4인승 승용,457,431,888,91,27
충남,일반승용,메르세데스벤츠코리아,EQA 250(Facelift),190,197,387,38,11
충남,일반승용,메르세데스벤츠코리아,EQB 300 4MATIC(Facelift),154,159,313,31,9
충남,일반승용,메르세데스벤츠코리아,EQB 300 4MATIC(Facelift)(CY25/2),162,168,330,32,10
충남,일반승용,볼보자동차코리아,볼보 EX30 Single Motor ER,247,255,502,49,15
충남,일반승용,볼보자동차코리아,볼보 EX30CC Twin Motor Perf,222,230,452,44,13
충남,일반승용,비와이디코리아,(단종)BYD ATTO 3,126,130,256,25,8
충남,일반승용,비와이디코리아,(단종)BYD DOLPHIN,109,113,222,22,7
충남,일반승용,비와이디코리아,(단종)BYD DOLPHIN Active,132,137,269,26,8
충남,일반승용,비와이디코리아,(단종)BYD SEAL,169,175,344,34,10
충남,일반승용,비와이디코리아,(단종)BYD SEAL Dynamic AWD,151,156,307,30,9
충남,일반승용,비와이디코리아,(단종)BYD SEALION 7,152,157,309,30,9
충남,일반승용,케이지모빌리티,토레스 EVX 18인치,354,366,720,71,21
충남,일반승용,케이지모빌리티,토레스 EVX 18인치(2026),361,373,734,72,22
충남,일반승용,케이지모빌리티,토레스 EVX 20인치,344,356,700,69,21
충남,일반승용,케이지모빌리티,토레스 EVX 20인치(2026),354,366,720,71,21
충남,일반승용,케이지모빌리티,(단종)토레스 EVX 2WD 18인치,327,339,666,65,20
충남,일반승용,케이지모빌리티,(단종)토레스 EVX 2WD 20인치,312,323,635,62,19
충남,일반승용,테슬라코리아,Model 3 Performance,200,207,407,40,12
충남,일반승용,테슬라코리아,Model 3 Premium Long Range RWD,420,435,855,84,25
충남,일반승용,테슬라코리아,Model 3 RWD,168,174,342,34,10
충남,일반승용,테슬라코리아,Model 3 RWD(2025),168,174,342,34,10
충남,일반승용,테슬라코리아,Model Y L AWD,215,217,432,43,13
충남,일반승용,테슬라코리아,Model Y Long Range(2025),210,217,427,42,13
충남,일반승용,테슬라코리아,Model Y Premium Long Range,210,217,427,42,13
충남,일반승용,테슬라코리아,Model Y Premium RWD,170,176,346,34,10
충남,일반승용,테슬라코리아,Model Y RWD(2025),170,176,346,34,10
충남,일반승용,폭스바겐그룹코리아,ID.4 Pro,432,447,879,86,26
충남,일반승용,폭스바겐그룹코리아,Q4 45 e-tron,206,213,419,41,12
충남,일반승용,폭스바겐그룹코리아,Q4 Sportback 45 e-tron,206,213,419,41,12
충남,일반승용,폭스바겐그룹코리아,(단종)Q6 e-tron performance,220,228,448,44,13
충남,일반승용,폭스바겐그룹코리아,iD.5 Pro,473,489,962,95,29
충남,일반승용,현대자동차,ELECTRIFIED G80,270,279,549,54,16
충남,일반승용,현대자동차,ELECTRIFIED GV70 AWD 19인치,261,270,531,52,16
충남,일반승용,현대자동차,ELECTRIFIED GV70 AWD 20인치,245,253,498,49,15
충남,일반승용,현대자동차,GV60 스탠다드 2WD 19인치,285,295,580,57,17
충남,일반승용,현대자동차,GV60 스탠다드 AWD 19인치,272,282,554,54,16
충남,일반승용,현대자동차,GV60 스탠다드 AWD 20인치,261,270,531,52,16
충남,일반승용,현대자동차,더 뉴 아이오닉5 2WD 롱레인지 19인치,564,583,"1,147",100,30
충남,일반승용,현대자동차,더 뉴 아이오닉5 2WD 롱레인지 19인치 빌트인 캠 미적용,567,587,"1,154",100,30
충남,일반승용,현대자동차,더 뉴 아이오닉5 2WD 롱레인지 20인치,559,579,"1,138",100,30
충남,일반승용,현대자동차,더 뉴 아이오닉5 2WD 롱레인지 N라인 20인치,541,560,"1,101",100,30
충남,일반승용,현대자동차,더 뉴 아이오닉5 2WD 스탠다드 19인치,483,500,983,97,29
충남,일반승용,현대자동차,더 뉴 아이오닉5 AWD 롱레인지 19인치,558,577,"1,135",100,30
충남,일반승용,현대자동차,더 뉴 아이오닉5 AWD 롱레인지 20인치,532,550,"1,082",100,30
충남,일반승용,현대자동차,더 뉴 아이오닉5 AWD 롱레인지 N라인 20인치,510,528,"1,038",100,30
충남,일반승용,현대자동차,더 뉴 아이오닉6 2WD 롱레인지 18인치,570,590,"1,160",100,30
충남,일반승용,현대자동차,더 뉴 아이오닉6 2WD 롱레인지 20인치,570,590,"1,160",100,30
충남,일반승용,현대자동차,더 뉴 아이오닉6 2WD 롱레인지 N라인 20인치,570,590,"1,160",100,30
충남,일반승용,현대자동차,더 뉴 아이오닉6 2WD 스탠다드 18인치,560,579,"1,139",100,30
충남,일반승용,현대자동차,더 뉴 아이오닉6 AWD 롱레인지 18인치,570,590,"1,160",100,30
충남,일반승용,현대자동차,더 뉴 아이오닉6 AWD 롱레인지 20인치,553,572,"1,125",100,30
충남,일반승용,현대자동차,더 뉴 아이오닉6 AWD 롱레인지 N라인 20인치,537,555,"1,092",100,30
충남,일반승용,현대자동차,스타리아 라운지 일렉트릭 7인승,229,237,466,46,14
충남,일반승용,현대자동차,스타리아 리무진 일렉트릭 6인승,229,237,466,46,14
충남,일반승용,현대자동차,아이오닉6 N,250,258,508,50,15
충남,일반승용,현대자동차,아이오닉9 성능형 AWD,272,282,554,54,16
충남,일반승용,현대자동차,아이오닉9 항속형 2WD,274,283,557,55,17
충남,일반승용,현대자동차,아이오닉9 항속형 AWD,271,280,551,54,16
충남,경·소형,현대자동차,캐스퍼 일렉트릭 기본형 15인치,490,463,953,98,29
충남,경·소형,현대자동차,캐스퍼 일렉트릭 크로스 17인치,487,460,947,97,29
충남,경·소형,현대자동차,캐스퍼 일렉트릭 항속형 15인치,490,463,953,98,29
충남,경·소형,현대자동차,캐스퍼 일렉트릭 항속형 17인치(라운지포함),490,463,953,98,29
충남,일반승용,현대자동차,코나 일렉트릭 2WD 롱레인지 17인치,514,531,"1,045",100,30
충남,일반승용,현대자동차,코나 일렉트릭 2WD 롱레인지 17인치 빌트인 캠 미적용,514,531,"1,045",100,30
충남,일반승용,현대자동차,코나 일렉트릭 2WD 롱레인지 19인치,459,475,934,92,28
충남,일반승용,현대자동차,코나 일렉트릭 2WD 스탠다드 17인치,437,452,889,87,26
전북,일반승용,BMW,MINI Aceman E,400,434,834,80,24
전북,일반승용,BMW,MINI Aceman SE,400,434,834,80,24
전북,일반승용,BMW,MINI Cooper SE,396,430,826,79,24
전북,일반승용,BMW,MINI Countryman E,217,235,452,43,13
전북,일반승용,BMW,MINI Countryman SE ALL4,203,220,423,41,12
전북,일반승용,BMW,MINI JCW Aceman E,197,213,410,39,12
전북,일반승용,BMW,MINI JCW E,191,207,398,38,11
전북,일반승용,BMW,i4 M60 LCI (71HD),233,253,486,47,14
전북,일반승용,BMW,i4 eDrive 40 LCI(21HD),244,265,509,49,15
전북,일반승용,BMW,i4 eDrive 40 LCI(61HD),256,278,534,51,15
전북,일반승용,BMW,i5 eDrive 40,262,284,546,52,16
전북,일반승용,BMW,iX1 eDrive20,212,230,442,42,13
전북,일반승용,BMW,iX1 xDrive30,192,208,400,38,11
전북,일반승용,BMW,iX2 eDrive20,214,232,446,43,13
전북,일반승용,BMW,iX3 50 xDrive,275,298,573,55,17
전북,일반승용,기아,EV3 GT,248,269,517,50,15
전북,일반승용,기아,EV3 롱레인지 2WD 17인치,555,602,"1,157",100,30
전북,일반승용,기아,EV3 롱레인지 2WD 19인치,555,602,"1,157",100,30
전북,일반승용,기아,EV3 롱레인지 4WD 19인치,539,585,"1,124",100,30
전북,일반승용,기아,EV3 스탠다드 2WD,469,509,978,94,28
전북,일반승용,기아,EV4 GT,255,276,531,51,15
전북,일반승용,기아,EV4 롱레인지 2WD 17인치,555,602,"1,157",100,30
전북,일반승용,기아,EV4 롱레인지 2WD 19인치,555,602,"1,157",100,30
전북,일반승용,기아,EV4 롱레인지 4WD 19인치,554,601,"1,155",100,30
전북,일반승용,기아,EV4 롱레인지 GTL 2WD 19인치,555,602,"1,157",100,30
전북,일반승용,기아,EV4 스탠다드 2WD 17인치,512,556,"1,068",100,30
전북,일반승용,기아,EV4 스탠다드 2WD 19인치,481,522,"1,003",96,29
전북,일반승용,기아,EV5 GT,232,252,484,46,14
전북,일반승용,기아,EV5 롱레인지 2WD,552,599,"1,151",100,30
전북,일반승용,기아,EV5 롱레인지 4WD 18인치,499,542,"1,041",100,30
전북,일반승용,기아,EV5 롱레인지 4WD 19인치,493,535,"1,028",99,30
전북,일반승용,기아,EV9 GT,245,266,511,49,15
전북,일반승용,기아,EV9 롱레인지 2WD 19인치,270,293,563,54,16
전북,일반승용,기아,EV9 롱레인지 2WD 20인치,268,291,559,54,16
전북,일반승용,기아,EV9 롱레인지 4WD 19인치,254,275,529,51,15
전북,일반승용,기아,EV9 롱레인지 4WD 21인치,260,282,542,52,16
전북,일반승용,기아,EV9 롱레인지 GTL 4WD 21인치,252,273,525,50,15
전북,일반승용,기아,EV9 스탠다드,237,257,494,47,14
전북,일반승용,기아,PV5 패신저 5인승 롱레인지,458,497,955,92,28
전북,일반승용,기아,Pv5 WAV(비용 미지원),648,703,"1,351",100,30
전북,일반승용,기아,Pv5 WAV(비용 지원),448,486,934,90,27
전북,일반승용,기아,(단종)The all-new Kia Niro EV,489,531,"1,020",98,29
전북,일반승용,기아,더뉴EV6 롱레인지 2WD 19인치,570,619,"1,189",100,30
전북,일반승용,기아,더뉴EV6 롱레인지 2WD 20인치,559,607,"1,166",100,30
전북,일반승용,기아,더뉴EV6 롱레인지 4WD 19인치,561,609,"1,170",100,30
전북,일반승용,기아,더뉴EV6 롱레인지 4WD 20인치,532,577,"1,109",100,30
전북,일반승용,기아,더뉴EV6 스탠다드,501,544,"1,045",100,30
전북,경·소형,기아,레이 EV 2WD 14인치 1인승 밴,457,431,888,91,27
전북,경·소형,기아,레이 EV 2WD 14인치 2인승 밴,457,431,888,91,27
전북,경·소형,기아,레이 EV 2WD 14인치 4인승 승용,457,431,888,91,27
전북,일반승용,메르세데스벤츠코리아,EQA 250(Facelift),190,206,396,38,11
전북,일반승용,메르세데스벤츠코리아,EQB 300 4MATIC(Facelift),154,167,321,31,9
전북,일반승용,메르세데스벤츠코리아,EQB 300 4MATIC(Facelift)(CY25/2),162,175,337,32,10
전북,일반승용,볼보자동차코리아,볼보 EX30 Single Motor ER,247,268,515,49,15
전북,일반승용,볼보자동차코리아,볼보 EX30CC Twin Motor Perf,222,241,463,44,13
전북,일반승용,비와이디코리아,(단종)BYD ATTO 3,126,136,262,25,8
전북,일반승용,비와이디코리아,(단종)BYD DOLPHIN,109,118,227,22,7
전북,일반승용,비와이디코리아,(단종)BYD DOLPHIN Active,132,143,275,26,8
전북,일반승용,비와이디코리아,(단종)BYD SEAL,169,183,352,34,10
전북,일반승용,비와이디코리아,(단종)BYD SEAL Dynamic AWD,151,164,315,30,9
전북,일반승용,비와이디코리아,(단종)BYD SEALION 7,152,165,317,30,9
전북,일반승용,케이지모빌리티,토레스 EVX 18인치,354,384,738,71,21
전북,일반승용,케이지모빌리티,토레스 EVX 18인치(2026),361,392,753,72,22
전북,일반승용,케이지모빌리티,토레스 EVX 20인치,344,373,717,69,21
전북,일반승용,케이지모빌리티,토레스 EVX 20인치(2026),354,384,738,71,21
전북,일반승용,케이지모빌리티,(단종)토레스 EVX 2WD 18인치,327,355,682,65,20
전북,일반승용,케이지모빌리티,(단종)토레스 EVX 2WD 20인치,312,338,650,62,19
전북,일반승용,테슬라코리아,Model 3 Performance,200,217,417,40,12
전북,일반승용,테슬라코리아,Model 3 Premium Long Range RWD,420,456,876,84,25
전북,일반승용,테슬라코리아,Model 3 RWD,168,182,350,34,10
전북,일반승용,테슬라코리아,Model 3 RWD(2025),168,182,350,34,10
전북,일반승용,테슬라코리아,Model Y L AWD,215,228,443,43,13
전북,일반승용,테슬라코리아,Model Y Long Range(2025),210,228,438,42,13
전북,일반승용,테슬라코리아,Model Y Premium Long Range,210,228,438,42,13
전북,일반승용,테슬라코리아,Model Y Premium RWD,170,184,354,34,10
전북,일반승용,테슬라코리아,Model Y RWD(2025),170,184,354,34,10
전북,일반승용,폭스바겐그룹코리아,ID.4 Pro,432,469,901,86,26
전북,일반승용,폭스바겐그룹코리아,Q4 45 e-tron,206,223,429,41,12
전북,일반승용,폭스바겐그룹코리아,Q4 Sportback 45 e-tron,206,223,429,41,12
전북,일반승용,폭스바겐그룹코리아,(단종)Q6 e-tron performance,220,238,458,44,13
전북,일반승용,폭스바겐그룹코리아,iD.5 Pro,473,513,986,95,29
전북,일반승용,현대자동차,ELECTRIFIED G80,270,293,563,54,16
전북,일반승용,현대자동차,ELECTRIFIED GV70 AWD 19인치,261,283,544,52,16
전북,일반승용,현대자동차,ELECTRIFIED GV70 AWD 20인치,245,266,511,49,15
전북,일반승용,현대자동차,GV60 스탠다드 2WD 19인치,285,309,594,57,17
전북,일반승용,현대자동차,GV60 스탠다드 AWD 19인치,272,295,567,54,16
전북,일반승용,현대자동차,GV60 스탠다드 AWD 20인치,261,283,544,52,16
전북,일반승용,현대자동차,더 뉴 아이오닉5 2WD 롱레인지 19인치,564,612,"1,176",100,30
전북,일반승용,현대자동차,더 뉴 아이오닉5 2WD 롱레인지 19인치 빌트인 캠 미적용,567,615,"1,182",100,30
전북,일반승용,현대자동차,더 뉴 아이오닉5 2WD 롱레인지 20인치,559,607,"1,166",100,30
전북,일반승용,현대자동차,더 뉴 아이오닉5 2WD 롱레인지 N라인 20인치,541,587,"1,128",100,30
전북,일반승용,현대자동차,더 뉴 아이오닉5 2WD 스탠다드 19인치,483,524,"1,007",97,29
전북,일반승용,현대자동차,더 뉴 아이오닉5 AWD 롱레인지 19인치,558,606,"1,164",100,30
전북,일반승용,현대자동차,더 뉴 아이오닉5 AWD 롱레인지 20인치,532,577,"1,109",100,30
전북,일반승용,현대자동차,더 뉴 아이오닉5 AWD 롱레인지 N라인 20인치,510,553,"1,063",100,30
전북,일반승용,현대자동차,더 뉴 아이오닉6 2WD 롱레인지 18인치,570,619,"1,189",100,30
전북,일반승용,현대자동차,더 뉴 아이오닉6 2WD 롱레인지 20인치,570,619,"1,189",100,30
전북,일반승용,현대자동차,더 뉴 아이오닉6 2WD 롱레인지 N라인 20인치,570,619,"1,189",100,30
전북,일반승용,현대자동차,더 뉴 아이오닉6 2WD 스탠다드 18인치,560,608,"1,168",100,30
전북,일반승용,현대자동차,더 뉴 아이오닉6 AWD 롱레인지 18인치,570,619,"1,189",100,30
전북,일반승용,현대자동차,더 뉴 아이오닉6 AWD 롱레인지 20인치,553,600,"1,153",100,30
전북,일반승용,현대자동차,더 뉴 아이오닉6 AWD 롱레인지 N라인 20인치,537,583,"1,120",100,30
전북,일반승용,현대자동차,스타리아 라운지 일렉트릭 7인승,229,248,477,46,14
전북,일반승용,현대자동차,스타리아 리무진 일렉트릭 6인승,229,248,477,46,14
전북,일반승용,현대자동차,아이오닉6 N,250,271,521,50,15
전북,일반승용,현대자동차,아이오닉9 성능형 AWD,272,295,567,54,16
전북,일반승용,현대자동차,아이오닉9 항속형 2WD,274,297,571,55,17
전북,일반승용,현대자동차,아이오닉9 항속형 AWD,271,294,565,54,16
전북,경·소형,현대자동차,캐스퍼 일렉트릭 기본형 15인치,490,462,952,98,29
전북,경·소형,현대자동차,캐스퍼 일렉트릭 크로스 17인치,487,459,946,97,29
전북,경·소형,현대자동차,캐스퍼 일렉트릭 항속형 15인치,490,462,952,98,29
전북,경·소형,현대자동차,캐스퍼 일렉트릭 항속형 17인치(라운지포함),490,462,952,98,29
전북,일반승용,현대자동차,코나 일렉트릭 2WD 롱레인지 17인치,514,558,"1,072",100,30
전북,일반승용,현대자동차,코나 일렉트릭 2WD 롱레인지 17인치 빌트인 캠 미적용,514,558,"1,072",100,30
전북,일반승용,현대자동차,코나 일렉트릭 2WD 롱레인지 19인치,459,498,957,92,28
전북,일반승용,현대자동차,코나 일렉트릭 2WD 스탠다드 17인치,437,474,911,87,26
전북,일반승용,BMW,MINI Aceman E,400,434,834,80,24
전북,일반승용,BMW,MINI Aceman SE,400,434,834,80,24
전북,일반승용,BMW,MINI Cooper SE,396,430,826,79,24
전북,일반승용,BMW,MINI Countryman E,217,235,452,43,13
전북,일반승용,BMW,MINI Countryman SE ALL4,203,220,423,41,12
전북,일반승용,BMW,MINI JCW Aceman E,197,213,410,39,12
전북,일반승용,BMW,MINI JCW E,191,207,398,38,11
전북,일반승용,BMW,i4 M60 LCI (71HD),233,253,486,47,14
전북,일반승용,BMW,i4 eDrive 40 LCI(21HD),244,265,509,49,15
전북,일반승용,BMW,i4 eDrive 40 LCI(61HD),256,278,534,51,15
전북,일반승용,BMW,i5 eDrive 40,262,284,546,52,16
전북,일반승용,BMW,iX1 eDrive20,212,230,442,42,13
전북,일반승용,BMW,iX1 xDrive30,192,208,400,38,11
전북,일반승용,BMW,iX2 eDrive20,214,232,446,43,13
전북,일반승용,기아,EV3 GT,248,269,517,50,15
전북,일반승용,기아,EV3 롱레인지 2WD 17인치,555,602,"1,157",100,30
전북,일반승용,기아,EV3 롱레인지 2WD 19인치,555,602,"1,157",100,30
전북,일반승용,기아,EV3 롱레인지 4WD 19인치,539,585,"1,124",100,30
전북,일반승용,기아,EV3 스탠다드 2WD,469,509,978,94,28
전북,일반승용,기아,EV4 GT,255,276,531,51,15
전북,일반승용,기아,EV4 롱레인지 2WD 17인치,555,602,"1,157",100,30
전북,일반승용,기아,EV4 롱레인지 2WD 19인치,555,602,"1,157",100,30
전북,일반승용,기아,EV4 롱레인지 4WD 19인치,554,601,"1,155",100,30
전북,일반승용,기아,EV4 롱레인지 GTL 2WD 19인치,555,602,"1,157",100,30
전북,일반승용,기아,EV4 스탠다드 2WD 17인치,512,556,"1,068",100,30
전북,일반승용,기아,EV4 스탠다드 2WD 19인치,481,522,"1,003",96,29
전북,일반승용,기아,EV5 GT,232,252,484,46,14
전북,일반승용,기아,EV5 롱레인지 2WD,552,599,"1,151",100,30
전북,일반승용,기아,EV5 롱레인지 4WD 18인치,499,542,"1,041",100,30
전북,일반승용,기아,EV5 롱레인지 4WD 19인치,493,535,"1,028",99,30
전북,일반승용,기아,EV9 GT,245,266,511,49,15
전북,일반승용,기아,EV9 롱레인지 2WD 19인치,270,293,563,54,16
전북,일반승용,기아,EV9 롱레인지 2WD 20인치,268,291,559,54,16
전북,일반승용,기아,EV9 롱레인지 4WD 19인치,254,275,529,51,15
전북,일반승용,기아,EV9 롱레인지 4WD 21인치,260,282,542,52,16
전북,일반승용,기아,EV9 롱레인지 GTL 4WD 21인치,252,273,525,50,15
전북,일반승용,기아,EV9 스탠다드,237,257,494,47,14
전북,일반승용,기아,PV5 패신저 5인승 롱레인지,458,497,955,92,28
전북,일반승용,기아,Pv5 WAV(비용 미지원),648,703,"1,351",100,30
전북,일반승용,기아,Pv5 WAV(비용 지원),448,486,934,90,27
전북,일반승용,기아,(단종)The all-new Kia Niro EV,489,531,"1,020",98,29
전북,일반승용,기아,더뉴EV6 롱레인지 2WD 19인치,570,619,"1,189",100,30
전북,일반승용,기아,더뉴EV6 롱레인지 2WD 20인치,559,607,"1,166",100,30
전북,일반승용,기아,더뉴EV6 롱레인지 4WD 19인치,561,609,"1,170",100,30
전북,일반승용,기아,더뉴EV6 롱레인지 4WD 20인치,532,577,"1,109",100,30
전북,일반승용,기아,더뉴EV6 스탠다드,501,544,"1,045",100,30
전북,경·소형,기아,레이 EV 2WD 14인치 1인승 밴,457,431,888,91,27
전북,경·소형,기아,레이 EV 2WD 14인치 2인승 밴,457,431,888,91,27
전북,경·소형,기아,레이 EV 2WD 14인치 4인승 승용,457,431,888,91,27
전북,일반승용,메르세데스벤츠코리아,EQA 250(Facelift),190,206,396,38,11
전북,일반승용,메르세데스벤츠코리아,EQB 300 4MATIC(Facelift),154,167,321,31,9
전북,일반승용,메르세데스벤츠코리아,EQB 300 4MATIC(Facelift)(CY25/2),162,175,337,32,10
전북,일반승용,볼보자동차코리아,볼보 EX30 Single Motor ER,247,268,515,49,15
전북,일반승용,볼보자동차코리아,볼보 EX30CC Twin Motor Perf,222,241,463,44,13
전북,일반승용,비와이디코리아,(단종)BYD ATTO 3,126,136,262,25,8
전북,일반승용,비와이디코리아,(단종)BYD DOLPHIN,109,118,227,22,7
전북,일반승용,비와이디코리아,(단종)BYD DOLPHIN Active,132,143,275,26,8
전북,일반승용,비와이디코리아,(단종)BYD SEAL,169,183,352,34,10
전북,일반승용,비와이디코리아,(단종)BYD SEAL Dynamic AWD,151,164,315,30,9
전북,일반승용,비와이디코리아,(단종)BYD SEALION 7,152,165,317,30,9
전북,일반승용,케이지모빌리티,토레스 EVX 18인치,354,384,738,71,21
전북,일반승용,케이지모빌리티,토레스 EVX 18인치(2026),361,392,753,72,22
전북,일반승용,케이지모빌리티,토레스 EVX 20인치,344,373,717,69,21
전북,일반승용,케이지모빌리티,토레스 EVX 20인치(2026),354,384,738,71,21
전북,일반승용,케이지모빌리티,(단종)토레스 EVX 2WD 18인치,327,355,682,65,20
전북,일반승용,케이지모빌리티,(단종)토레스 EVX 2WD 20인치,312,338,650,62,19
전북,일반승용,테슬라코리아,Model 3 Performance,200,217,417,40,12
전북,일반승용,테슬라코리아,Model 3 Premium Long Range RWD,420,456,876,84,25
전북,일반승용,테슬라코리아,Model 3 RWD,168,182,350,34,10
전북,일반승용,테슬라코리아,Model 3 RWD(2025),168,182,350,34,10
전북,일반승용,테슬라코리아,Model Y L AWD,215,228,443,43,13
전북,일반승용,테슬라코리아,Model Y Long Range(2025),210,228,438,42,13
전북,일반승용,테슬라코리아,Model Y Premium Long Range,210,228,438,42,13
전북,일반승용,테슬라코리아,Model Y Premium RWD,170,184,354,34,10
전북,일반승용,테슬라코리아,Model Y RWD(2025),170,184,354,34,10
전북,일반승용,폭스바겐그룹코리아,ID.4 Pro,432,469,901,86,26
전북,일반승용,폭스바겐그룹코리아,Q4 45 e-tron,206,223,429,41,12
전북,일반승용,폭스바겐그룹코리아,Q4 Sportback 45 e-tron,206,223,429,41,12
전북,일반승용,폭스바겐그룹코리아,(단종)Q6 e-tron performance,220,238,458,44,13
전북,일반승용,현대자동차,ELECTRIFIED G80,270,293,563,54,16
전북,일반승용,현대자동차,ELECTRIFIED GV70 AWD 19인치,261,283,544,52,16
전북,일반승용,현대자동차,ELECTRIFIED GV70 AWD 20인치,245,266,511,49,15
전북,일반승용,현대자동차,GV60 스탠다드 2WD 19인치,285,309,594,57,17
전북,일반승용,현대자동차,GV60 스탠다드 AWD 19인치,272,295,567,54,16
전북,일반승용,현대자동차,GV60 스탠다드 AWD 20인치,261,283,544,52,16
전북,일반승용,현대자동차,더 뉴 아이오닉5 2WD 롱레인지 19인치,564,612,"1,176",100,30
전북,일반승용,현대자동차,더 뉴 아이오닉5 2WD 롱레인지 19인치 빌트인 캠 미적용,567,615,"1,182",100,30
전북,일반승용,현대자동차,더 뉴 아이오닉5 2WD 롱레인지 20인치,559,607,"1,166",100,30
전북,일반승용,현대자동차,더 뉴 아이오닉5 2WD 롱레인지 N라인 20인치,541,587,"1,128",100,30
전북,일반승용,현대자동차,더 뉴 아이오닉5 2WD 스탠다드 19인치,483,524,"1,007",97,29
전북,일반승용,현대자동차,더 뉴 아이오닉5 AWD 롱레인지 19인치,558,606,"1,164",100,30
전북,일반승용,현대자동차,더 뉴 아이오닉5 AWD 롱레인지 20인치,532,577,"1,109",100,30
전북,일반승용,현대자동차,더 뉴 아이오닉5 AWD 롱레인지 N라인 20인치,510,553,"1,063",100,30
전북,일반승용,현대자동차,더 뉴 아이오닉6 2WD 롱레인지 18인치,570,619,"1,189",100,30
전북,일반승용,현대자동차,더 뉴 아이오닉6 2WD 롱레인지 20인치,570,619,"1,189",100,30
전북,일반승용,현대자동차,더 뉴 아이오닉6 2WD 롱레인지 N라인 20인치,570,619,"1,189",100,30
전북,일반승용,현대자동차,더 뉴 아이오닉6 2WD 스탠다드 18인치,560,608,"1,168",100,30
전북,일반승용,현대자동차,더 뉴 아이오닉6 AWD 롱레인지 18인치,570,619,"1,189",100,30
전북,일반승용,현대자동차,더 뉴 아이오닉6 AWD 롱레인지 20인치,553,600,"1,153",100,30
전북,일반승용,현대자동차,더 뉴 아이오닉6 AWD 롱레인지 N라인 20인치,537,583,"1,120",100,30
전북,일반승용,현대자동차,스타리아 리무진 일렉트릭 6인승,229,248,477,46,14
전북,일반승용,현대자동차,아이오닉6 N,250,271,521,50,15
전북,일반승용,현대자동차,아이오닉9 성능형 AWD,272,295,567,54,16
전북,일반승용,현대자동차,아이오닉9 항속형 2WD,274,297,571,55,17
전북,일반승용,현대자동차,아이오닉9 항속형 AWD,271,294,565,54,16
전북,경·소형,현대자동차,캐스퍼 일렉트릭 기본형 15인치,490,462,952,98,29
전북,경·소형,현대자동차,캐스퍼 일렉트릭 크로스 17인치,487,459,946,97,29
전북,경·소형,현대자동차,캐스퍼 일렉트릭 항속형 15인치,490,462,952,98,29
전북,경·소형,현대자동차,캐스퍼 일렉트릭 항속형 17인치(라운지포함),490,462,952,98,29
전북,일반승용,현대자동차,코나 일렉트릭 2WD 롱레인지 17인치,514,558,"1,072",100,30
전북,일반승용,현대자동차,코나 일렉트릭 2WD 롱레인지 17인치 빌트인 캠 미적용,514,558,"1,072",100,30
전북,일반승용,현대자동차,코나 일렉트릭 2WD 롱레인지 19인치,459,498,957,92,28
전북,일반승용,현대자동차,코나 일렉트릭 2WD 스탠다드 17인치,437,474,911,87,26
전북,일반승용,BMW,MINI Aceman E,400,434,834,80,24
전북,일반승용,BMW,MINI Aceman SE,400,434,834,80,24
전북,일반승용,BMW,MINI Cooper SE,396,430,826,79,24
전북,일반승용,BMW,MINI Countryman E,217,235,452,43,13
전북,일반승용,BMW,MINI Countryman SE ALL4,203,220,423,41,12
전북,일반승용,BMW,MINI JCW Aceman E,197,213,410,39,12
전북,일반승용,BMW,MINI JCW E,191,207,398,38,11
전북,일반승용,BMW,i4 M60 LCI (71HD),233,253,486,47,14
전북,일반승용,BMW,i4 eDrive 40 LCI(21HD),244,265,509,49,15
전북,일반승용,BMW,i4 eDrive 40 LCI(61HD),256,278,534,51,15
전북,일반승용,BMW,i5 eDrive 40,262,284,546,52,16
전북,일반승용,BMW,iX1 eDrive20,212,230,442,42,13
전북,일반승용,BMW,iX1 xDrive30,192,208,400,38,11
전북,일반승용,BMW,iX2 eDrive20,214,232,446,43,13
전북,일반승용,BMW,iX3 50 xDrive,275,298,573,55,17
전북,일반승용,기아,EV3 GT,248,269,517,50,15
전북,일반승용,기아,EV3 롱레인지 2WD 17인치,555,602,"1,157",100,30
전북,일반승용,기아,EV3 롱레인지 2WD 19인치,555,602,"1,157",100,30
전북,일반승용,기아,EV3 롱레인지 4WD 19인치,539,585,"1,124",100,30
전북,일반승용,기아,EV3 스탠다드 2WD,469,509,978,94,28
전북,일반승용,기아,EV4 GT,255,276,531,51,15
전북,일반승용,기아,EV4 롱레인지 2WD 17인치,555,602,"1,157",100,30
전북,일반승용,기아,EV4 롱레인지 2WD 19인치,555,602,"1,157",100,30
전북,일반승용,기아,EV4 롱레인지 4WD 19인치,554,601,"1,155",100,30
전북,일반승용,기아,EV4 롱레인지 GTL 2WD 19인치,555,602,"1,157",100,30
전북,일반승용,기아,EV4 스탠다드 2WD 17인치,512,556,"1,068",100,30
전북,일반승용,기아,EV4 스탠다드 2WD 19인치,481,522,"1,003",96,29
전북,일반승용,기아,EV5 GT,232,252,484,46,14
전북,일반승용,기아,EV5 롱레인지 2WD,552,599,"1,151",100,30
전북,일반승용,기아,EV5 롱레인지 4WD 18인치,499,542,"1,041",100,30
전북,일반승용,기아,EV5 롱레인지 4WD 19인치,493,535,"1,028",99,30
전북,일반승용,기아,EV9 GT,245,266,511,49,15
전북,일반승용,기아,EV9 롱레인지 2WD 19인치,270,293,563,54,16
전북,일반승용,기아,EV9 롱레인지 2WD 20인치,268,291,559,54,16
전북,일반승용,기아,EV9 롱레인지 4WD 19인치,254,275,529,51,15
전북,일반승용,기아,EV9 롱레인지 4WD 21인치,260,282,542,52,16
전북,일반승용,기아,EV9 롱레인지 GTL 4WD 21인치,252,273,525,50,15
전북,일반승용,기아,EV9 스탠다드,237,257,494,47,14
전북,일반승용,기아,PV5 패신저 5인승 롱레인지,458,497,955,92,28
전북,일반승용,기아,Pv5 WAV(비용 미지원),648,703,"1,351",100,30
전북,일반승용,기아,Pv5 WAV(비용 지원),448,703,"1,151",90,27
전북,일반승용,기아,(단종)The all-new Kia Niro EV,489,531,"1,020",98,29
전북,일반승용,기아,더뉴EV6 롱레인지 2WD 19인치,570,619,"1,189",100,30
전북,일반승용,기아,더뉴EV6 롱레인지 2WD 20인치,559,607,"1,166",100,30
전북,일반승용,기아,더뉴EV6 롱레인지 4WD 19인치,561,609,"1,170",100,30
전북,일반승용,기아,더뉴EV6 롱레인지 4WD 20인치,532,577,"1,109",100,30
전북,일반승용,기아,더뉴EV6 스탠다드,501,544,"1,045",100,30
전북,경·소형,기아,레이 EV 2WD 14인치 1인승 밴,457,431,888,91,27
전북,경·소형,기아,레이 EV 2WD 14인치 2인승 밴,457,431,888,91,27
전북,경·소형,기아,레이 EV 2WD 14인치 4인승 승용,457,431,888,91,27
전북,일반승용,메르세데스벤츠코리아,EQA 250(Facelift),190,206,396,38,11
전북,일반승용,메르세데스벤츠코리아,EQB 300 4MATIC(Facelift),154,167,321,31,9
전북,일반승용,메르세데스벤츠코리아,EQB 300 4MATIC(Facelift)(CY25/2),162,175,337,32,10
전북,일반승용,볼보자동차코리아,볼보 EX30 Single Motor ER,247,268,515,49,15
전북,일반승용,볼보자동차코리아,볼보 EX30CC Twin Motor Perf,222,241,463,44,13
전북,일반승용,비와이디코리아,(단종)BYD ATTO 3,126,136,262,25,8
전북,일반승용,비와이디코리아,(단종)BYD DOLPHIN,109,118,227,22,7
전북,일반승용,비와이디코리아,(단종)BYD DOLPHIN Active,132,143,275,26,8
전북,일반승용,비와이디코리아,(단종)BYD SEAL,169,183,352,34,10
전북,일반승용,비와이디코리아,(단종)BYD SEAL Dynamic AWD,151,164,315,30,9
전북,일반승용,비와이디코리아,(단종)BYD SEALION 7,152,165,317,30,9
전북,일반승용,케이지모빌리티,토레스 EVX 18인치,354,384,738,71,21
전북,일반승용,케이지모빌리티,토레스 EVX 18인치(2026),361,392,753,72,22
전북,일반승용,케이지모빌리티,토레스 EVX 20인치,344,373,717,69,21
전북,일반승용,케이지모빌리티,토레스 EVX 20인치(2026),354,384,738,71,21
전북,일반승용,케이지모빌리티,(단종)토레스 EVX 2WD 18인치,327,355,682,65,20
전북,일반승용,케이지모빌리티,(단종)토레스 EVX 2WD 20인치,312,338,650,62,19
전북,일반승용,테슬라코리아,Model 3 Performance,200,217,417,40,12
전북,일반승용,테슬라코리아,Model 3 Premium Long Range RWD,420,456,876,84,25
전북,일반승용,테슬라코리아,Model 3 RWD,168,182,350,34,10
전북,일반승용,테슬라코리아,Model 3 RWD(2025),168,182,350,34,10
전북,일반승용,테슬라코리아,Model Y L AWD,215,228,443,43,13
전북,일반승용,테슬라코리아,Model Y Long Range(2025),210,228,438,42,13
전북,일반승용,테슬라코리아,Model Y Premium Long Range,210,228,438,42,13
전북,일반승용,테슬라코리아,Model Y Premium RWD,170,184,354,34,10
전북,일반승용,테슬라코리아,Model Y RWD(2025),170,184,354,34,10
전북,일반승용,폭스바겐그룹코리아,ID.4 Pro,432,469,901,86,26
전북,일반승용,폭스바겐그룹코리아,Q4 45 e-tron,206,223,429,41,12
전북,일반승용,폭스바겐그룹코리아,Q4 Sportback 45 e-tron,206,223,429,41,12
전북,일반승용,폭스바겐그룹코리아,(단종)Q6 e-tron performance,220,238,458,44,13
전북,일반승용,폭스바겐그룹코리아,iD.5 Pro,473,513,986,95,29
전북,일반승용,현대자동차,ELECTRIFIED G80,270,293,563,54,16
전북,일반승용,현대자동차,ELECTRIFIED GV70 AWD 19인치,261,283,544,52,16
전북,일반승용,현대자동차,ELECTRIFIED GV70 AWD 20인치,245,266,511,49,15
전북,일반승용,현대자동차,GV60 스탠다드 2WD 19인치,285,309,594,57,17
전북,일반승용,현대자동차,GV60 스탠다드 AWD 19인치,272,295,567,54,16
전북,일반승용,현대자동차,GV60 스탠다드 AWD 20인치,261,283,544,52,16
전북,일반승용,현대자동차,더 뉴 아이오닉5 2WD 롱레인지 19인치,564,612,"1,176",100,30
전북,일반승용,현대자동차,더 뉴 아이오닉5 2WD 롱레인지 19인치 빌트인 캠 미적용,567,615,"1,182",100,30
전북,일반승용,현대자동차,더 뉴 아이오닉5 2WD 롱레인지 20인치,559,607,"1,166",100,30
전북,일반승용,현대자동차,더 뉴 아이오닉5 2WD 롱레인지 N라인 20인치,541,587,"1,128",100,30
전북,일반승용,현대자동차,더 뉴 아이오닉5 2WD 스탠다드 19인치,483,524,"1,007",97,29
전북,일반승용,현대자동차,더 뉴 아이오닉5 AWD 롱레인지 19인치,558,606,"1,164",100,30
전북,일반승용,현대자동차,더 뉴 아이오닉5 AWD 롱레인지 20인치,532,577,"1,109",100,30
전북,일반승용,현대자동차,더 뉴 아이오닉5 AWD 롱레인지 N라인 20인치,510,553,"1,063",100,30
전북,일반승용,현대자동차,더 뉴 아이오닉6 2WD 롱레인지 18인치,570,619,"1,189",100,30
전북,일반승용,현대자동차,더 뉴 아이오닉6 2WD 롱레인지 20인치,570,619,"1,189",100,30
전북,일반승용,현대자동차,더 뉴 아이오닉6 2WD 롱레인지 N라인 20인치,570,619,"1,189",100,30
전북,일반승용,현대자동차,더 뉴 아이오닉6 2WD 스탠다드 18인치,560,608,"1,168",100,30
전북,일반승용,현대자동차,더 뉴 아이오닉6 AWD 롱레인지 18인치,570,619,"1,189",100,30
전북,일반승용,현대자동차,더 뉴 아이오닉6 AWD 롱레인지 20인치,553,600,"1,153",100,30
전북,일반승용,현대자동차,더 뉴 아이오닉6 AWD 롱레인지 N라인 20인치,537,583,"1,120",100,30
전북,일반승용,현대자동차,스타리아 라운지 일렉트릭 7인승,229,248,477,46,14
전북,일반승용,현대자동차,스타리아 리무진 일렉트릭 6인승,229,248,477,46,14
전북,일반승용,현대자동차,아이오닉6 N,250,271,521,50,15
전북,일반승용,현대자동차,아이오닉9 성능형 AWD,272,295,567,54,16
전북,일반승용,현대자동차,아이오닉9 항속형 2WD,274,297,571,55,17
전북,일반승용,현대자동차,아이오닉9 항속형 AWD,271,294,565,54,16
전북,경·소형,현대자동차,캐스퍼 일렉트릭 기본형 15인치,490,462,952,98,29
전북,경·소형,현대자동차,캐스퍼 일렉트릭 크로스 17인치,487,459,946,97,29
전북,경·소형,현대자동차,캐스퍼 일렉트릭 항속형 15인치,490,462,952,98,29
전북,경·소형,현대자동차,캐스퍼 일렉트릭 항속형 17인치(라운지포함),490,462,952,98,29
전북,일반승용,현대자동차,코나 일렉트릭 2WD 롱레인지 17인치,514,558,"1,072",100,30
전북,일반승용,현대자동차,코나 일렉트릭 2WD 롱레인지 17인치 빌트인 캠 미적용,514,558,"1,072",100,30
전북,일반승용,현대자동차,코나 일렉트릭 2WD 롱레인지 19인치,459,498,957,92,28
전북,일반승용,현대자동차,코나 일렉트릭 2WD 스탠다드 17인치,437,474,911,87,26
전북,일반승용,BMW,MINI Aceman E,400,434,834,80,24
전북,일반승용,BMW,MINI Aceman SE,400,434,834,80,24
전북,일반승용,BMW,MINI Cooper SE,396,430,826,79,24
전북,일반승용,BMW,MINI Countryman E,217,235,452,43,13
전북,일반승용,BMW,MINI Countryman SE ALL4,203,220,423,41,12
전북,일반승용,BMW,MINI JCW Aceman E,197,213,410,39,12
전북,일반승용,BMW,MINI JCW E,191,207,398,38,11
전북,일반승용,BMW,i4 M60 LCI (71HD),233,253,486,47,14
전북,일반승용,BMW,i4 eDrive 40 LCI(21HD),244,265,509,49,15
전북,일반승용,BMW,i4 eDrive 40 LCI(61HD),256,278,534,51,15
전북,일반승용,BMW,i5 eDrive 40,262,284,546,52,16
전북,일반승용,BMW,iX1 eDrive20,212,230,442,42,13
전북,일반승용,BMW,iX1 xDrive30,192,208,400,38,11
전북,일반승용,BMW,iX2 eDrive20,214,232,446,43,13
전북,일반승용,기아,EV3 GT,248,269,517,50,15
전북,일반승용,기아,EV3 롱레인지 2WD 17인치,555,602,"1,157",100,30
전북,일반승용,기아,EV3 롱레인지 2WD 19인치,555,602,"1,157",100,30
전북,일반승용,기아,EV3 롱레인지 4WD 19인치,539,585,"1,124",100,30
전북,일반승용,기아,EV3 스탠다드 2WD,469,509,978,94,28
전북,일반승용,기아,EV4 GT,255,276,531,51,15
전북,일반승용,기아,EV4 롱레인지 2WD 17인치,555,602,"1,157",100,30
전북,일반승용,기아,EV4 롱레인지 2WD 19인치,555,602,"1,157",100,30
전북,일반승용,기아,EV4 롱레인지 4WD 19인치,554,601,"1,155",100,30
전북,일반승용,기아,EV4 롱레인지 GTL 2WD 19인치,555,602,"1,157",100,30
전북,일반승용,기아,EV4 스탠다드 2WD 17인치,512,556,"1,068",100,30
전북,일반승용,기아,EV4 스탠다드 2WD 19인치,481,522,"1,003",96,29
전북,일반승용,기아,EV5 GT,232,252,484,46,14
전북,일반승용,기아,EV5 롱레인지 2WD,552,599,"1,151",100,30
전북,일반승용,기아,EV5 롱레인지 4WD 18인치,499,542,"1,041",100,30
전북,일반승용,기아,EV5 롱레인지 4WD 19인치,493,535,"1,028",99,30
전북,일반승용,기아,EV9 GT,245,266,511,49,15
전북,일반승용,기아,EV9 롱레인지 2WD 19인치,270,293,563,54,16
전북,일반승용,기아,EV9 롱레인지 2WD 20인치,268,291,559,54,16
전북,일반승용,기아,EV9 롱레인지 4WD 19인치,254,275,529,51,15
전북,일반승용,기아,EV9 롱레인지 4WD 21인치,260,282,542,52,16
전북,일반승용,기아,EV9 롱레인지 GTL 4WD 21인치,252,273,525,50,15
전북,일반승용,기아,EV9 스탠다드,237,257,494,47,14
전북,일반승용,기아,PV5 패신저 5인승 롱레인지,458,497,955,92,28
전북,일반승용,기아,Pv5 WAV(비용 미지원),648,703,"1,351",100,30
전북,일반승용,기아,Pv5 WAV(비용 지원),448,486,934,90,27
전북,일반승용,기아,(단종)The all-new Kia Niro EV,489,531,"1,020",98,29
전북,일반승용,기아,더뉴EV6 롱레인지 2WD 19인치,570,619,"1,189",100,30
전북,일반승용,기아,더뉴EV6 롱레인지 2WD 20인치,559,607,"1,166",100,30
전북,일반승용,기아,더뉴EV6 롱레인지 4WD 19인치,561,609,"1,170",100,30
전북,일반승용,기아,더뉴EV6 롱레인지 4WD 20인치,532,577,"1,109",100,30
전북,일반승용,기아,더뉴EV6 스탠다드,501,544,"1,045",100,30
전북,경·소형,기아,레이 EV 2WD 14인치 1인승 밴,457,431,888,91,27
전북,경·소형,기아,레이 EV 2WD 14인치 2인승 밴,457,431,888,91,27
전북,경·소형,기아,레이 EV 2WD 14인치 4인승 승용,457,431,888,91,27
전북,일반승용,메르세데스벤츠코리아,EQA 250(Facelift),190,206,396,38,11
전북,일반승용,메르세데스벤츠코리아,EQB 300 4MATIC(Facelift),154,167,321,31,9
전북,일반승용,메르세데스벤츠코리아,EQB 300 4MATIC(Facelift)(CY25/2),162,175,337,32,10
전북,일반승용,볼보자동차코리아,볼보 EX30 Single Motor ER,247,268,515,49,15
전북,일반승용,볼보자동차코리아,볼보 EX30CC Twin Motor Perf,222,241,463,44,13
전북,일반승용,비와이디코리아,(단종)BYD ATTO 3,126,136,262,25,8
전북,일반승용,비와이디코리아,(단종)BYD DOLPHIN,109,118,227,22,7
전북,일반승용,비와이디코리아,(단종)BYD DOLPHIN Active,132,143,275,26,8
전북,일반승용,비와이디코리아,(단종)BYD SEAL,169,183,352,34,10
전북,일반승용,비와이디코리아,(단종)BYD SEAL Dynamic AWD,151,164,315,30,9
전북,일반승용,비와이디코리아,(단종)BYD SEALION 7,152,165,317,30,9
전북,일반승용,케이지모빌리티,토레스 EVX 18인치,354,384,738,71,21
전북,일반승용,케이지모빌리티,토레스 EVX 18인치(2026),361,392,753,72,22
전북,일반승용,케이지모빌리티,토레스 EVX 20인치,344,373,717,69,21
전북,일반승용,케이지모빌리티,토레스 EVX 20인치(2026),354,384,738,71,21
전북,일반승용,케이지모빌리티,(단종)토레스 EVX 2WD 18인치,327,355,682,65,20
전북,일반승용,케이지모빌리티,(단종)토레스 EVX 2WD 20인치,312,338,650,62,19
전북,일반승용,테슬라코리아,Model 3 Performance,200,217,417,40,12
전북,일반승용,테슬라코리아,Model 3 Premium Long Range RWD,420,456,876,84,25
전북,일반승용,테슬라코리아,Model 3 RWD,168,182,350,34,10
전북,일반승용,테슬라코리아,Model 3 RWD(2025),168,182,350,34,10
전북,일반승용,테슬라코리아,Model Y L AWD,215,228,443,43,13
전북,일반승용,테슬라코리아,Model Y Long Range(2025),210,228,438,42,13
전북,일반승용,테슬라코리아,Model Y Premium Long Range,210,228,438,42,13
전북,일반승용,테슬라코리아,Model Y Premium RWD,170,184,354,34,10
전북,일반승용,테슬라코리아,Model Y RWD(2025),170,184,354,34,10
전북,일반승용,폭스바겐그룹코리아,ID.4 Pro,432,469,901,86,26
전북,일반승용,폭스바겐그룹코리아,Q4 45 e-tron,206,223,429,41,12
전북,일반승용,폭스바겐그룹코리아,Q4 Sportback 45 e-tron,206,223,429,41,12
전북,일반승용,폭스바겐그룹코리아,(단종)Q6 e-tron performance,220,238,458,44,13
전북,일반승용,현대자동차,ELECTRIFIED G80,270,293,563,54,16
전북,일반승용,현대자동차,ELECTRIFIED GV70 AWD 19인치,261,283,544,52,16
전북,일반승용,현대자동차,ELECTRIFIED GV70 AWD 20인치,245,266,511,49,15
전북,일반승용,현대자동차,GV60 스탠다드 2WD 19인치,285,309,594,57,17
전북,일반승용,현대자동차,GV60 스탠다드 AWD 19인치,272,295,567,54,16
전북,일반승용,현대자동차,GV60 스탠다드 AWD 20인치,261,283,544,52,16
전북,일반승용,현대자동차,더 뉴 아이오닉5 2WD 롱레인지 19인치,564,612,"1,176",100,30
전북,일반승용,현대자동차,더 뉴 아이오닉5 2WD 롱레인지 19인치 빌트인 캠 미적용,567,615,"1,182",100,30
전북,일반승용,현대자동차,더 뉴 아이오닉5 2WD 롱레인지 20인치,559,607,"1,166",100,30
전북,일반승용,현대자동차,더 뉴 아이오닉5 2WD 롱레인지 N라인 20인치,541,587,"1,128",100,30
전북,일반승용,현대자동차,더 뉴 아이오닉5 2WD 스탠다드 19인치,483,524,"1,007",97,29
전북,일반승용,현대자동차,더 뉴 아이오닉5 AWD 롱레인지 19인치,558,606,"1,164",100,30
전북,일반승용,현대자동차,더 뉴 아이오닉5 AWD 롱레인지 20인치,532,577,"1,109",100,30
전북,일반승용,현대자동차,더 뉴 아이오닉5 AWD 롱레인지 N라인 20인치,510,553,"1,063",100,30
전북,일반승용,현대자동차,더 뉴 아이오닉6 2WD 롱레인지 18인치,570,619,"1,189",100,30
전북,일반승용,현대자동차,더 뉴 아이오닉6 2WD 롱레인지 20인치,570,619,"1,189",100,30
전북,일반승용,현대자동차,더 뉴 아이오닉6 2WD 롱레인지 N라인 20인치,570,619,"1,189",100,30
전북,일반승용,현대자동차,더 뉴 아이오닉6 2WD 스탠다드 18인치,560,608,"1,168",100,30
전북,일반승용,현대자동차,더 뉴 아이오닉6 AWD 롱레인지 18인치,570,619,"1,189",100,30
전북,일반승용,현대자동차,더 뉴 아이오닉6 AWD 롱레인지 20인치,553,600,"1,153",100,30
전북,일반승용,현대자동차,더 뉴 아이오닉6 AWD 롱레인지 N라인 20인치,537,583,"1,120",100,30
전북,일반승용,현대자동차,스타리아 리무진 일렉트릭 6인승,229,248,477,46,14
전북,일반승용,현대자동차,아이오닉6 N,250,271,521,50,15
전북,일반승용,현대자동차,아이오닉9 성능형 AWD,272,295,567,54,16
전북,일반승용,현대자동차,아이오닉9 항속형 2WD,274,297,571,55,17
전북,일반승용,현대자동차,아이오닉9 항속형 AWD,271,294,565,54,16
전북,경·소형,현대자동차,캐스퍼 일렉트릭 기본형 15인치,490,462,952,98,29
전북,경·소형,현대자동차,캐스퍼 일렉트릭 크로스 17인치,487,459,946,97,29
전북,경·소형,현대자동차,캐스퍼 일렉트릭 항속형 15인치,490,462,952,98,29
전북,경·소형,현대자동차,캐스퍼 일렉트릭 항속형 17인치(라운지포함),490,462,952,98,29
전북,일반승용,현대자동차,코나 일렉트릭 2WD 롱레인지 17인치,514,558,"1,072",100,30
전북,일반승용,현대자동차,코나 일렉트릭 2WD 롱레인지 17인치 빌트인 캠 미적용,514,558,"1,072",100,30
전북,일반승용,현대자동차,코나 일렉트릭 2WD 롱레인지 19인치,459,498,957,92,28
전북,일반승용,현대자동차,코나 일렉트릭 2WD 스탠다드 17인치,437,474,911,87,26
전북,일반승용,BMW,MINI Aceman E,400,434,834,80,24
전북,일반승용,BMW,MINI Aceman SE,400,434,834,80,24
전북,일반승용,BMW,MINI Cooper SE,396,430,826,79,24
전북,일반승용,BMW,MINI Countryman E,217,235,452,43,13
전북,일반승용,BMW,MINI Countryman SE ALL4,203,220,423,41,12
전북,일반승용,BMW,MINI JCW Aceman E,197,213,410,39,12
전북,일반승용,BMW,MINI JCW E,191,207,398,38,11
전북,일반승용,BMW,i4 M60 LCI (71HD),233,253,486,47,14
전북,일반승용,BMW,i4 eDrive 40 LCI(21HD),244,265,509,49,15
전북,일반승용,BMW,i4 eDrive 40 LCI(61HD),256,278,534,51,15
전북,일반승용,BMW,i5 eDrive 40,262,284,546,52,16
전북,일반승용,BMW,iX1 eDrive20,212,230,442,42,13
전북,일반승용,BMW,iX1 xDrive30,192,208,400,38,11
전북,일반승용,BMW,iX2 eDrive20,214,232,446,43,13
전북,일반승용,BMW,iX3 50 xDrive,275,298,573,55,17
전북,일반승용,기아,EV3 GT,248,269,517,50,15
전북,일반승용,기아,EV3 롱레인지 2WD 17인치,555,602,"1,157",100,30
전북,일반승용,기아,EV3 롱레인지 2WD 19인치,555,602,"1,157",100,30
전북,일반승용,기아,EV3 롱레인지 4WD 19인치,539,585,"1,124",100,30
전북,일반승용,기아,EV3 스탠다드 2WD,469,509,978,94,28
전북,일반승용,기아,EV4 GT,255,276,531,51,15
전북,일반승용,기아,EV4 롱레인지 2WD 17인치,555,602,"1,157",100,30
전북,일반승용,기아,EV4 롱레인지 2WD 19인치,555,602,"1,157",100,30
전북,일반승용,기아,EV4 롱레인지 4WD 19인치,554,601,"1,155",100,30
전북,일반승용,기아,EV4 롱레인지 GTL 2WD 19인치,555,602,"1,157",100,30
전북,일반승용,기아,EV4 스탠다드 2WD 17인치,512,556,"1,068",100,30
전북,일반승용,기아,EV4 스탠다드 2WD 19인치,481,522,"1,003",96,29
전북,일반승용,기아,EV5 GT,232,252,484,46,14
전북,일반승용,기아,EV5 롱레인지 2WD,552,599,"1,151",100,30
전북,일반승용,기아,EV5 롱레인지 4WD 18인치,499,542,"1,041",100,30
전북,일반승용,기아,EV5 롱레인지 4WD 19인치,493,535,"1,028",99,30
전북,일반승용,기아,EV9 GT,245,266,511,49,15
전북,일반승용,기아,EV9 롱레인지 2WD 19인치,270,293,563,54,16
전북,일반승용,기아,EV9 롱레인지 2WD 20인치,268,291,559,54,16
전북,일반승용,기아,EV9 롱레인지 4WD 19인치,254,275,529,51,15
전북,일반승용,기아,EV9 롱레인지 4WD 21인치,260,282,542,52,16
전북,일반승용,기아,EV9 롱레인지 GTL 4WD 21인치,252,273,525,50,15
전북,일반승용,기아,EV9 스탠다드,237,257,494,47,14
전북,일반승용,기아,PV5 패신저 5인승 롱레인지,458,497,955,92,28
전북,일반승용,기아,Pv5 WAV(비용 미지원),648,703,"1,351",100,30
전북,일반승용,기아,Pv5 WAV(비용 지원),448,486,934,90,27
전북,일반승용,기아,(단종)The all-new Kia Niro EV,489,531,"1,020",98,29
전북,일반승용,기아,더뉴EV6 롱레인지 2WD 19인치,570,619,"1,189",100,30
전북,일반승용,기아,더뉴EV6 롱레인지 2WD 20인치,559,607,"1,166",100,30
전북,일반승용,기아,더뉴EV6 롱레인지 4WD 19인치,561,609,"1,170",100,30
전북,일반승용,기아,더뉴EV6 롱레인지 4WD 20인치,532,577,"1,109",100,30
전북,일반승용,기아,더뉴EV6 스탠다드,501,544,"1,045",100,30
전북,경·소형,기아,레이 EV 2WD 14인치 1인승 밴,457,431,888,91,27
전북,경·소형,기아,레이 EV 2WD 14인치 2인승 밴,457,431,888,91,27
전북,경·소형,기아,레이 EV 2WD 14인치 4인승 승용,457,431,888,91,27
전북,일반승용,메르세데스벤츠코리아,EQA 250(Facelift),190,206,396,38,11
전북,일반승용,메르세데스벤츠코리아,EQB 300 4MATIC(Facelift),154,167,321,31,9
전북,일반승용,메르세데스벤츠코리아,EQB 300 4MATIC(Facelift)(CY25/2),162,175,337,32,10
전북,일반승용,볼보자동차코리아,볼보 EX30 Single Motor ER,247,268,515,49,15
전북,일반승용,볼보자동차코리아,볼보 EX30CC Twin Motor Perf,222,241,463,44,13
전북,일반승용,비와이디코리아,(단종)BYD ATTO 3,126,136,262,25,8
전북,일반승용,비와이디코리아,(단종)BYD DOLPHIN,109,118,227,22,7
전북,일반승용,비와이디코리아,(단종)BYD DOLPHIN Active,132,143,275,26,8
전북,일반승용,비와이디코리아,(단종)BYD SEAL,169,183,352,34,10
전북,일반승용,비와이디코리아,(단종)BYD SEAL Dynamic AWD,151,164,315,30,9
전북,일반승용,비와이디코리아,(단종)BYD SEALION 7,152,165,317,30,9
전북,일반승용,케이지모빌리티,토레스 EVX 18인치,354,384,738,71,21
전북,일반승용,케이지모빌리티,토레스 EVX 18인치(2026),361,392,753,72,22
전북,일반승용,케이지모빌리티,토레스 EVX 20인치,344,373,717,69,21
전북,일반승용,케이지모빌리티,토레스 EVX 20인치(2026),354,384,738,71,21
전북,일반승용,케이지모빌리티,(단종)토레스 EVX 2WD 18인치,327,355,682,65,20
전북,일반승용,케이지모빌리티,(단종)토레스 EVX 2WD 20인치,312,338,650,62,19
전북,일반승용,테슬라코리아,Model 3 Performance,200,217,417,40,12
전북,일반승용,테슬라코리아,Model 3 Premium Long Range RWD,420,456,876,84,25
전북,일반승용,테슬라코리아,Model 3 RWD,168,182,350,34,10
전북,일반승용,테슬라코리아,Model 3 RWD(2025),168,182,350,34,10
전북,일반승용,테슬라코리아,Model Y L AWD,215,228,443,43,13
전북,일반승용,테슬라코리아,Model Y Long Range(2025),210,228,438,42,13
전북,일반승용,테슬라코리아,Model Y Premium Long Range,210,228,438,42,13
전북,일반승용,테슬라코리아,Model Y Premium RWD,170,184,354,34,10
전북,일반승용,테슬라코리아,Model Y RWD(2025),170,184,354,34,10
전북,일반승용,폭스바겐그룹코리아,ID.4 Pro,432,469,901,86,26
전북,일반승용,폭스바겐그룹코리아,Q4 45 e-tron,206,223,429,41,12
전북,일반승용,폭스바겐그룹코리아,Q4 Sportback 45 e-tron,206,223,429,41,12
전북,일반승용,폭스바겐그룹코리아,(단종)Q6 e-tron performance,220,238,458,44,13
전북,일반승용,폭스바겐그룹코리아,iD.5 Pro,473,513,986,95,29
전북,일반승용,현대자동차,ELECTRIFIED G80,270,293,563,54,16
전북,일반승용,현대자동차,ELECTRIFIED GV70 AWD 19인치,261,283,544,52,16
전북,일반승용,현대자동차,ELECTRIFIED GV70 AWD 20인치,245,266,511,49,15
전북,일반승용,현대자동차,GV60 스탠다드 2WD 19인치,285,309,594,57,17
전북,일반승용,현대자동차,GV60 스탠다드 AWD 19인치,272,295,567,54,16
전북,일반승용,현대자동차,GV60 스탠다드 AWD 20인치,261,283,544,52,16
전북,일반승용,현대자동차,더 뉴 아이오닉5 2WD 롱레인지 19인치,564,612,"1,176",100,30
전북,일반승용,현대자동차,더 뉴 아이오닉5 2WD 롱레인지 19인치 빌트인 캠 미적용,567,615,"1,182",100,30
전북,일반승용,현대자동차,더 뉴 아이오닉5 2WD 롱레인지 20인치,559,607,"1,166",100,30
전북,일반승용,현대자동차,더 뉴 아이오닉5 2WD 롱레인지 N라인 20인치,541,587,"1,128",100,30
전북,일반승용,현대자동차,더 뉴 아이오닉5 2WD 스탠다드 19인치,483,524,"1,007",97,29
전북,일반승용,현대자동차,더 뉴 아이오닉5 AWD 롱레인지 19인치,558,606,"1,164",100,30
전북,일반승용,현대자동차,더 뉴 아이오닉5 AWD 롱레인지 20인치,532,577,"1,109",100,30
전북,일반승용,현대자동차,더 뉴 아이오닉5 AWD 롱레인지 N라인 20인치,510,553,"1,063",100,30
전북,일반승용,현대자동차,더 뉴 아이오닉6 2WD 롱레인지 18인치,570,619,"1,189",100,30
전북,일반승용,현대자동차,더 뉴 아이오닉6 2WD 롱레인지 20인치,570,619,"1,189",100,30
전북,일반승용,현대자동차,더 뉴 아이오닉6 2WD 롱레인지 N라인 20인치,570,619,"1,189",100,30
전북,일반승용,현대자동차,더 뉴 아이오닉6 2WD 스탠다드 18인치,560,608,"1,168",100,30
전북,일반승용,현대자동차,더 뉴 아이오닉6 AWD 롱레인지 18인치,570,619,"1,189",100,30
전북,일반승용,현대자동차,더 뉴 아이오닉6 AWD 롱레인지 20인치,553,600,"1,153",100,30
전북,일반승용,현대자동차,더 뉴 아이오닉6 AWD 롱레인지 N라인 20인치,537,583,"1,120",100,30
전북,일반승용,현대자동차,스타리아 라운지 일렉트릭 7인승,229,248,477,46,14
전북,일반승용,현대자동차,스타리아 리무진 일렉트릭 6인승,229,248,477,46,14
전북,일반승용,현대자동차,아이오닉6 N,250,271,521,50,15
전북,일반승용,현대자동차,아이오닉9 성능형 AWD,272,295,567,54,16
전북,일반승용,현대자동차,아이오닉9 항속형 2WD,274,297,571,55,17
전북,일반승용,현대자동차,아이오닉9 항속형 AWD,271,294,565,54,16
전북,경·소형,현대자동차,캐스퍼 일렉트릭 기본형 15인치,490,462,952,98,29
전북,경·소형,현대자동차,캐스퍼 일렉트릭 크로스 17인치,487,459,946,97,29
전북,경·소형,현대자동차,캐스퍼 일렉트릭 항속형 15인치,490,462,952,98,29
전북,경·소형,현대자동차,캐스퍼 일렉트릭 항속형 17인치(라운지포함),490,462,952,98,29
전북,일반승용,현대자동차,코나 일렉트릭 2WD 롱레인지 17인치,514,558,"1,072",100,30
전북,일반승용,현대자동차,코나 일렉트릭 2WD 롱레인지 17인치 빌트인 캠 미적용,514,558,"1,072",100,30
전북,일반승용,현대자동차,코나 일렉트릭 2WD 롱레인지 19인치,459,498,957,92,28
전북,일반승용,현대자동차,코나 일렉트릭 2WD 스탠다드 17인치,437,474,911,87,26
전북,일반승용,BMW,MINI Aceman E,400,434,834,80,24
전북,일반승용,BMW,MINI Aceman SE,400,434,834,80,24
전북,일반승용,BMW,MINI Cooper SE,396,430,826,79,24
전북,일반승용,BMW,MINI Countryman E,217,235,452,43,13
전북,일반승용,BMW,MINI Countryman SE ALL4,203,220,423,41,12
전북,일반승용,BMW,MINI JCW Aceman E,197,213,410,39,12
전북,일반승용,BMW,MINI JCW E,191,207,398,38,11
전북,일반승용,BMW,i4 M60 LCI (71HD),233,253,486,47,14
전북,일반승용,BMW,i4 eDrive 40 LCI(21HD),244,265,509,49,15
전북,일반승용,BMW,i4 eDrive 40 LCI(61HD),256,278,534,51,15
전북,일반승용,BMW,i5 eDrive 40,262,284,546,52,16
전북,일반승용,BMW,iX1 eDrive20,212,230,442,42,13
전북,일반승용,BMW,iX1 eDrive20(11HM),235,0,235,47,14
전북,일반승용,BMW,iX1 xDrive30,192,208,400,38,11
전북,일반승용,BMW,iX2 eDrive20,214,232,446,43,13
전북,일반승용,BMW,iX2 eDrive20(71GN),239,0,239,48,14
전북,일반승용,BMW,iX3 50 xDrive,275,298,573,55,17
전북,일반승용,기아,EV3 GT,248,269,517,50,15
전북,일반승용,기아,EV3 롱레인지 2WD 17인치,555,602,"1,157",100,30
전북,일반승용,기아,EV3 롱레인지 2WD 19인치,555,602,"1,157",100,30
전북,일반승용,기아,EV3 롱레인지 4WD 19인치,539,585,"1,124",100,30
전북,일반승용,기아,EV3 스탠다드 2WD,469,509,978,94,28
전북,일반승용,기아,EV4 GT,255,276,531,51,15
전북,일반승용,기아,EV4 롱레인지 2WD 17인치,555,602,"1,157",100,30
전북,일반승용,기아,EV4 롱레인지 2WD 19인치,555,602,"1,157",100,30
전북,일반승용,기아,EV4 롱레인지 4WD 19인치,554,601,"1,155",100,30
전북,일반승용,기아,EV4 롱레인지 GTL 2WD 19인치,555,602,"1,157",100,30
전북,일반승용,기아,EV4 스탠다드 2WD 17인치,512,556,"1,068",100,30
전북,일반승용,기아,EV4 스탠다드 2WD 19인치,481,522,"1,003",96,29
전북,일반승용,기아,EV5 GT,232,252,484,46,14
전북,일반승용,기아,EV5 롱레인지 2WD,552,599,"1,151",100,30
전북,일반승용,기아,EV5 롱레인지 4WD 18인치,499,542,"1,041",100,30
전북,일반승용,기아,EV5 롱레인지 4WD 19인치,493,535,"1,028",99,30
전북,일반승용,기아,EV9 GT,245,266,511,49,15
전북,일반승용,기아,EV9 롱레인지 2WD 19인치,270,293,563,54,16
전북,일반승용,기아,EV9 롱레인지 2WD 20인치,268,291,559,54,16
전북,일반승용,기아,EV9 롱레인지 4WD 19인치,254,275,529,51,15
전북,일반승용,기아,EV9 롱레인지 4WD 21인치,260,282,542,52,16
전북,일반승용,기아,EV9 롱레인지 GTL 4WD 21인치,252,273,525,50,15
전북,일반승용,기아,EV9 스탠다드,237,257,494,47,14
전북,일반승용,기아,PV5 패신저 5인승 롱레인지,458,497,955,92,28
전북,일반승용,기아,Pv5 WAV(비용 미지원),648,703,"1,351",100,30
전북,일반승용,기아,Pv5 WAV(비용 지원),448,486,934,90,27
전북,일반승용,기아,(단종)The all-new Kia Niro EV,489,531,"1,020",98,29
전북,일반승용,기아,더뉴EV6 롱레인지 2WD 19인치,570,619,"1,189",100,30
전북,일반승용,기아,더뉴EV6 롱레인지 2WD 20인치,559,607,"1,166",100,30
전북,일반승용,기아,더뉴EV6 롱레인지 4WD 19인치,561,609,"1,170",100,30
전북,일반승용,기아,더뉴EV6 롱레인지 4WD 20인치,532,577,"1,109",100,30
전북,일반승용,기아,더뉴EV6 스탠다드,501,544,"1,045",100,30
전북,경·소형,기아,레이 EV 2WD 14인치 1인승 밴,457,431,888,91,27
전북,경·소형,기아,레이 EV 2WD 14인치 2인승 밴,457,431,888,91,27
전북,경·소형,기아,레이 EV 2WD 14인치 4인승 승용,457,431,888,91,27
전북,일반승용,메르세데스벤츠코리아,EQA 250(Facelift),190,206,396,38,11
전북,일반승용,메르세데스벤츠코리아,EQB 300 4MATIC(Facelift),154,167,321,31,9
전북,일반승용,메르세데스벤츠코리아,EQB 300 4MATIC(Facelift)(CY25/2),162,175,337,32,10
전북,일반승용,볼보자동차코리아,볼보 EX30 Single Motor ER,247,268,515,49,15
전북,일반승용,볼보자동차코리아,볼보 EX30CC Twin Motor Perf,222,241,463,44,13
전북,일반승용,비와이디코리아,(단종)BYD ATTO 3,126,136,262,25,8
전북,일반승용,비와이디코리아,(단종)BYD DOLPHIN,109,118,227,22,7
전북,일반승용,비와이디코리아,(단종)BYD DOLPHIN Active,132,143,275,26,8
전북,일반승용,비와이디코리아,(단종)BYD SEAL,169,183,352,34,10
전북,일반승용,비와이디코리아,(단종)BYD SEAL Dynamic AWD,151,164,315,30,9
전북,일반승용,비와이디코리아,(단종)BYD SEALION 7,152,165,317,30,9
전북,일반승용,케이지모빌리티,토레스 EVX 18인치,354,384,738,71,21
전북,일반승용,케이지모빌리티,토레스 EVX 18인치(2026),361,392,753,72,22
전북,일반승용,케이지모빌리티,토레스 EVX 20인치,344,373,717,69,21
전북,일반승용,케이지모빌리티,토레스 EVX 20인치(2026),354,384,738,71,21
전북,일반승용,케이지모빌리티,(단종)토레스 EVX 2WD 18인치,327,355,682,65,20
전북,일반승용,케이지모빌리티,(단종)토레스 EVX 2WD 20인치,312,338,650,62,19
전북,일반승용,테슬라코리아,Model 3 Performance,200,217,417,40,12
전북,일반승용,테슬라코리아,Model 3 Premium Long Range RWD,420,456,876,84,25
전북,일반승용,테슬라코리아,Model 3 Premium Long Range RWD(5999만원),210,228,438,42,13
전북,일반승용,테슬라코리아,Model 3 RWD,168,182,350,34,10
전북,일반승용,테슬라코리아,Model 3 RWD(2025),168,182,350,34,10
전북,일반승용,테슬라코리아,Model Y L AWD,215,228,443,43,13
전북,일반승용,테슬라코리아,Model Y Long Range(2025),210,228,438,42,13
전북,일반승용,테슬라코리아,Model Y Premium Long Range,210,228,438,42,13
전북,일반승용,테슬라코리아,Model Y Premium RWD,170,184,354,34,10
전북,일반승용,테슬라코리아,Model Y RWD(2025),170,184,354,34,10
전북,일반승용,폭스바겐그룹코리아,ID.4 Pro,432,469,901,86,26
전북,일반승용,폭스바겐그룹코리아,Q4 45 e-tron,206,223,429,41,12
전북,일반승용,폭스바겐그룹코리아,Q4 Sportback 45 e-tron,206,223,429,41,12
전북,일반승용,폭스바겐그룹코리아,(단종)Q6 e-tron performance,220,238,458,44,13
전북,일반승용,폭스바겐그룹코리아,iD.5 Pro,473,513,986,95,29
전북,일반승용,폴스타오토모티브코리아,Polestar 4 Coupe Dual Motor,168,0,168,34,10
전북,일반승용,폴스타오토모티브코리아,Polestar 4 Coupe Rear Motor,181,0,181,36,11
전북,일반승용,현대자동차,ELECTRIFIED G80,270,293,563,54,16
전북,일반승용,현대자동차,ELECTRIFIED GV70 AWD 19인치,261,283,544,52,16
전북,일반승용,현대자동차,ELECTRIFIED GV70 AWD 20인치,245,266,511,49,15
전북,일반승용,현대자동차,GV60 스탠다드 2WD 19인치,285,309,594,57,17
전북,일반승용,현대자동차,GV60 스탠다드 AWD 19인치,272,295,567,54,16
전북,일반승용,현대자동차,GV60 스탠다드 AWD 20인치,261,283,544,52,16
전북,일반승용,현대자동차,더 뉴 아이오닉5 2WD 롱레인지 19인치,564,612,"1,176",100,30
전북,일반승용,현대자동차,더 뉴 아이오닉5 2WD 롱레인지 19인치 빌트인 캠 미적용,567,615,"1,182",100,30
전북,일반승용,현대자동차,더 뉴 아이오닉5 2WD 롱레인지 20인치,559,607,"1,166",100,30
전북,일반승용,현대자동차,더 뉴 아이오닉5 2WD 롱레인지 N라인 20인치,541,587,"1,128",100,30
전북,일반승용,현대자동차,더 뉴 아이오닉5 2WD 스탠다드 19인치,483,524,"1,007",97,29
전북,일반승용,현대자동차,더 뉴 아이오닉5 AWD 롱레인지 19인치,558,606,"1,164",100,30
전북,일반승용,현대자동차,더 뉴 아이오닉5 AWD 롱레인지 20인치,532,577,"1,109",100,30
전북,일반승용,현대자동차,더 뉴 아이오닉5 AWD 롱레인지 N라인 20인치,510,553,"1,063",100,30
전북,일반승용,현대자동차,더 뉴 아이오닉6 2WD 롱레인지 18인치,570,619,"1,189",100,30
전북,일반승용,현대자동차,더 뉴 아이오닉6 2WD 롱레인지 20인치,570,619,"1,189",100,30
전북,일반승용,현대자동차,더 뉴 아이오닉6 2WD 롱레인지 N라인 20인치,570,619,"1,189",100,30
전북,일반승용,현대자동차,더 뉴 아이오닉6 2WD 스탠다드 18인치,560,608,"1,168",100,30
전북,일반승용,현대자동차,더 뉴 아이오닉6 AWD 롱레인지 18인치,570,619,"1,189",100,30
전북,일반승용,현대자동차,더 뉴 아이오닉6 AWD 롱레인지 20인치,553,600,"1,153",100,30
전북,일반승용,현대자동차,더 뉴 아이오닉6 AWD 롱레인지 N라인 20인치,537,583,"1,120",100,30
전북,일반승용,현대자동차,스타리아 라운지 일렉트릭 7인승,229,248,477,46,14
전북,일반승용,현대자동차,스타리아 리무진 일렉트릭 6인승,229,248,477,46,14
전북,일반승용,현대자동차,아이오닉6 N,250,271,521,50,15
전북,일반승용,현대자동차,아이오닉9 성능형 AWD,272,295,567,54,16
전북,일반승용,현대자동차,아이오닉9 항속형 2WD,274,297,571,55,17
전북,일반승용,현대자동차,아이오닉9 항속형 AWD,271,294,565,54,16
전북,경·소형,현대자동차,캐스퍼 일렉트릭 기본형 15인치,490,462,952,98,29
전북,경·소형,현대자동차,캐스퍼 일렉트릭 크로스 17인치,487,459,946,97,29
전북,경·소형,현대자동차,캐스퍼 일렉트릭 항속형 15인치,490,462,952,98,29
전북,경·소형,현대자동차,캐스퍼 일렉트릭 항속형 17인치(라운지포함),490,462,952,98,29
전북,일반승용,현대자동차,코나 일렉트릭 2WD 롱레인지 17인치,514,558,"1,072",100,30
전북,일반승용,현대자동차,코나 일렉트릭 2WD 롱레인지 17인치 빌트인 캠 미적용,514,558,"1,072",100,30
전북,일반승용,현대자동차,코나 일렉트릭 2WD 롱레인지 19인치,459,498,957,92,28
전북,일반승용,현대자동차,코나 일렉트릭 2WD 스탠다드 17인치,437,474,911,87,26
전북,일반승용,BMW,MINI Aceman E,400,434,834,80,24
전북,일반승용,BMW,MINI Aceman SE,400,434,834,80,24
전북,일반승용,BMW,MINI Cooper SE,396,430,826,79,24
전북,일반승용,BMW,MINI Countryman E,217,235,452,43,13
전북,일반승용,BMW,MINI Countryman SE ALL4,203,220,423,41,12
전북,일반승용,BMW,MINI JCW Aceman E,197,213,410,39,12
전북,일반승용,BMW,MINI JCW E,191,207,398,38,11
전북,일반승용,BMW,i4 M60 LCI (71HD),233,253,486,47,14
전북,일반승용,BMW,i4 eDrive 40 LCI(21HD),244,265,509,49,15
전북,일반승용,BMW,i4 eDrive 40 LCI(61HD),256,278,534,51,15
전북,일반승용,BMW,i5 eDrive 40,262,284,546,52,16
전북,일반승용,BMW,iX1 eDrive20,212,230,442,42,13
전북,일반승용,BMW,iX1 xDrive30,192,208,400,38,11
전북,일반승용,BMW,iX2 eDrive20,214,232,446,43,13
전북,일반승용,기아,EV3 GT,248,269,517,50,15
전북,일반승용,기아,EV3 롱레인지 2WD 17인치,555,602,"1,157",100,30
전북,일반승용,기아,EV3 롱레인지 2WD 19인치,555,602,"1,157",100,30
전북,일반승용,기아,EV3 롱레인지 4WD 19인치,539,585,"1,124",100,30
전북,일반승용,기아,EV3 스탠다드 2WD,469,509,978,94,28
전북,일반승용,기아,EV4 GT,255,276,531,51,15
전북,일반승용,기아,EV4 롱레인지 2WD 17인치,555,602,"1,157",100,30
전북,일반승용,기아,EV4 롱레인지 2WD 19인치,555,602,"1,157",100,30
전북,일반승용,기아,EV4 롱레인지 4WD 19인치,554,601,"1,155",100,30
전북,일반승용,기아,EV4 롱레인지 GTL 2WD 19인치,555,602,"1,157",100,30
전북,일반승용,기아,EV4 스탠다드 2WD 17인치,512,556,"1,068",100,30
전북,일반승용,기아,EV4 스탠다드 2WD 19인치,481,522,"1,003",96,29
전북,일반승용,기아,EV5 GT,232,252,484,46,14
전북,일반승용,기아,EV5 롱레인지 2WD,552,599,"1,151",100,30
전북,일반승용,기아,EV5 롱레인지 4WD 18인치,499,542,"1,041",100,30
전북,일반승용,기아,EV5 롱레인지 4WD 19인치,493,535,"1,028",99,30
전북,일반승용,기아,EV9 GT,245,266,511,49,15
전북,일반승용,기아,EV9 롱레인지 2WD 19인치,270,293,563,54,16
전북,일반승용,기아,EV9 롱레인지 2WD 20인치,268,291,559,54,16
전북,일반승용,기아,EV9 롱레인지 4WD 19인치,254,275,529,51,15
전북,일반승용,기아,EV9 롱레인지 4WD 21인치,260,282,542,52,16
전북,일반승용,기아,EV9 롱레인지 GTL 4WD 21인치,252,273,525,50,15
전북,일반승용,기아,EV9 스탠다드,237,257,494,47,14
전북,일반승용,기아,PV5 패신저 5인승 롱레인지,458,497,955,92,28
전북,일반승용,기아,Pv5 WAV(비용 미지원),648,703,"1,351",100,30
전북,일반승용,기아,Pv5 WAV(비용 지원),448,486,934,90,27
전북,일반승용,기아,(단종)The all-new Kia Niro EV,489,531,"1,020",98,29
전북,일반승용,기아,더뉴EV6 롱레인지 2WD 19인치,570,619,"1,189",100,30
전북,일반승용,기아,더뉴EV6 롱레인지 2WD 20인치,559,607,"1,166",100,30
전북,일반승용,기아,더뉴EV6 롱레인지 4WD 19인치,561,609,"1,170",100,30
전북,일반승용,기아,더뉴EV6 롱레인지 4WD 20인치,532,577,"1,109",100,30
전북,일반승용,기아,더뉴EV6 스탠다드,501,544,"1,045",100,30
전북,경·소형,기아,레이 EV 2WD 14인치 1인승 밴,457,431,888,91,27
전북,경·소형,기아,레이 EV 2WD 14인치 2인승 밴,457,431,888,91,27
전북,경·소형,기아,레이 EV 2WD 14인치 4인승 승용,457,431,888,91,27
전북,일반승용,메르세데스벤츠코리아,EQA 250(Facelift),190,206,396,38,11
전북,일반승용,메르세데스벤츠코리아,EQB 300 4MATIC(Facelift),154,167,321,31,9
전북,일반승용,메르세데스벤츠코리아,EQB 300 4MATIC(Facelift)(CY25/2),162,175,337,32,10
전북,일반승용,볼보자동차코리아,볼보 EX30 Single Motor ER,247,0,247,49,15
전북,일반승용,볼보자동차코리아,볼보 EX30CC Twin Motor Perf,222,0,222,44,13
전북,일반승용,비와이디코리아,(단종)BYD ATTO 3,126,136,262,25,8
전북,일반승용,비와이디코리아,(단종)BYD DOLPHIN,109,118,227,22,7
전북,일반승용,비와이디코리아,(단종)BYD DOLPHIN Active,132,143,275,26,8
전북,일반승용,비와이디코리아,(단종)BYD SEAL,169,183,352,34,10
전북,일반승용,비와이디코리아,(단종)BYD SEAL Dynamic AWD,151,164,315,30,9
전북,일반승용,비와이디코리아,(단종)BYD SEALION 7,152,165,317,30,9
전북,일반승용,케이지모빌리티,토레스 EVX 18인치,354,384,738,71,21
전북,일반승용,케이지모빌리티,토레스 EVX 18인치(2026),361,392,753,72,22
전북,일반승용,케이지모빌리티,토레스 EVX 20인치,344,373,717,69,21
전북,일반승용,케이지모빌리티,토레스 EVX 20인치(2026),354,384,738,71,21
전북,일반승용,케이지모빌리티,(단종)토레스 EVX 2WD 18인치,327,355,682,65,20
전북,일반승용,케이지모빌리티,(단종)토레스 EVX 2WD 20인치,312,338,650,62,19
전북,일반승용,테슬라코리아,Model 3 Performance,200,217,417,40,12
전북,일반승용,테슬라코리아,Model 3 Premium Long Range RWD,420,456,876,84,25
전북,일반승용,테슬라코리아,Model 3 RWD,168,182,350,34,10
전북,일반승용,테슬라코리아,Model 3 RWD(2025),168,182,350,34,10
전북,일반승용,테슬라코리아,Model Y L AWD,215,228,443,43,13
전북,일반승용,테슬라코리아,Model Y Long Range(2025),210,228,438,42,13
전북,일반승용,테슬라코리아,Model Y Premium Long Range,210,228,438,42,13
전북,일반승용,테슬라코리아,Model Y Premium RWD,170,184,354,34,10
전북,일반승용,테슬라코리아,Model Y RWD(2025),170,184,354,34,10
전북,일반승용,폭스바겐그룹코리아,ID.4 Pro,432,469,901,86,26
전북,일반승용,폭스바겐그룹코리아,Q4 45 e-tron,206,223,429,41,12
전북,일반승용,폭스바겐그룹코리아,Q4 Sportback 45 e-tron,206,223,429,41,12
전북,일반승용,폭스바겐그룹코리아,(단종)Q6 e-tron performance,220,238,458,44,13
전북,일반승용,현대자동차,ELECTRIFIED G80,270,293,563,54,16
전북,일반승용,현대자동차,ELECTRIFIED GV70 AWD 19인치,261,283,544,52,16
전북,일반승용,현대자동차,ELECTRIFIED GV70 AWD 20인치,245,266,511,49,15
전북,일반승용,현대자동차,GV60 스탠다드 2WD 19인치,285,309,594,57,17
전북,일반승용,현대자동차,GV60 스탠다드 AWD 19인치,272,295,567,54,16
전북,일반승용,현대자동차,GV60 스탠다드 AWD 20인치,261,283,544,52,16
전북,일반승용,현대자동차,더 뉴 아이오닉5 2WD 롱레인지 19인치,564,612,"1,176",100,30
전북,일반승용,현대자동차,더 뉴 아이오닉5 2WD 롱레인지 19인치 빌트인 캠 미적용,567,615,"1,182",100,30
전북,일반승용,현대자동차,더 뉴 아이오닉5 2WD 롱레인지 20인치,559,607,"1,166",100,30
전북,일반승용,현대자동차,더 뉴 아이오닉5 2WD 롱레인지 N라인 20인치,541,587,"1,128",100,30
전북,일반승용,현대자동차,더 뉴 아이오닉5 2WD 스탠다드 19인치,483,524,"1,007",97,29
전북,일반승용,현대자동차,더 뉴 아이오닉5 AWD 롱레인지 19인치,558,606,"1,164",100,30
전북,일반승용,현대자동차,더 뉴 아이오닉5 AWD 롱레인지 20인치,532,577,"1,109",100,30
전북,일반승용,현대자동차,더 뉴 아이오닉5 AWD 롱레인지 N라인 20인치,510,553,"1,063",100,30
전북,일반승용,현대자동차,더 뉴 아이오닉6 2WD 롱레인지 18인치,570,619,"1,189",100,30
전북,일반승용,현대자동차,더 뉴 아이오닉6 2WD 롱레인지 20인치,570,619,"1,189",100,30
전북,일반승용,현대자동차,더 뉴 아이오닉6 2WD 롱레인지 N라인 20인치,570,619,"1,189",100,30
전북,일반승용,현대자동차,더 뉴 아이오닉6 2WD 스탠다드 18인치,560,608,"1,168",100,30
전북,일반승용,현대자동차,더 뉴 아이오닉6 AWD 롱레인지 18인치,570,619,"1,189",100,30
전북,일반승용,현대자동차,더 뉴 아이오닉6 AWD 롱레인지 20인치,553,600,"1,153",100,30
전북,일반승용,현대자동차,더 뉴 아이오닉6 AWD 롱레인지 N라인 20인치,537,583,"1,120",100,30
전북,일반승용,현대자동차,스타리아 리무진 일렉트릭 6인승,229,248,477,46,14
전북,일반승용,현대자동차,아이오닉6 N,250,271,521,50,15
전북,일반승용,현대자동차,아이오닉9 성능형 AWD,272,295,567,54,16
전북,일반승용,현대자동차,아이오닉9 항속형 2WD,274,297,571,55,17
전북,일반승용,현대자동차,아이오닉9 항속형 AWD,271,294,565,54,16
전북,경·소형,현대자동차,캐스퍼 일렉트릭 기본형 15인치,490,462,952,98,29
전북,경·소형,현대자동차,캐스퍼 일렉트릭 크로스 17인치,487,459,946,97,29
전북,경·소형,현대자동차,캐스퍼 일렉트릭 항속형 15인치,490,462,952,98,29
전북,경·소형,현대자동차,캐스퍼 일렉트릭 항속형 17인치(라운지포함),490,462,952,98,29
전북,일반승용,현대자동차,코나 일렉트릭 2WD 롱레인지 17인치,514,558,"1,072",100,30
전북,일반승용,현대자동차,코나 일렉트릭 2WD 롱레인지 17인치 빌트인 캠 미적용,514,558,"1,072",100,30
전북,일반승용,현대자동차,코나 일렉트릭 2WD 롱레인지 19인치,459,498,957,92,28
전북,일반승용,현대자동차,코나 일렉트릭 2WD 스탠다드 17인치,437,474,911,87,26
전북,일반승용,BMW,MINI Aceman E,400,434,834,80,24
전북,일반승용,BMW,MINI Aceman SE,400,434,834,80,24
전북,일반승용,BMW,MINI Cooper SE,396,430,826,79,24
전북,일반승용,BMW,MINI Countryman E,217,235,452,43,13
전북,일반승용,BMW,MINI Countryman SE ALL4,203,220,423,41,12
전북,일반승용,BMW,MINI JCW Aceman E,197,213,410,39,12
전북,일반승용,BMW,MINI JCW E,191,207,398,38,11
전북,일반승용,BMW,i4 M60 LCI (71HD),233,253,486,47,14
전북,일반승용,BMW,i4 eDrive 40 LCI(21HD),244,265,509,49,15
전북,일반승용,BMW,i4 eDrive 40 LCI(61HD),256,278,534,51,15
전북,일반승용,BMW,i5 eDrive 40,262,284,546,52,16
전북,일반승용,BMW,iX1 eDrive20,212,230,442,42,13
전북,일반승용,BMW,iX1 xDrive30,192,208,400,38,11
전북,일반승용,BMW,iX2 eDrive20,214,232,446,43,13
전북,일반승용,BMW,iX3 50 xDrive,275,298,573,55,17
전북,일반승용,기아,EV3 GT,248,269,517,50,15
전북,일반승용,기아,EV3 롱레인지 2WD 17인치,555,602,"1,157",100,30
전북,일반승용,기아,EV3 롱레인지 2WD 19인치,555,602,"1,157",100,30
전북,일반승용,기아,EV3 롱레인지 4WD 19인치,539,585,"1,124",100,30
전북,일반승용,기아,EV3 스탠다드 2WD,469,509,978,94,28
전북,일반승용,기아,EV4 GT,255,276,531,51,15
전북,일반승용,기아,EV4 롱레인지 2WD 17인치,555,602,"1,157",100,30
전북,일반승용,기아,EV4 롱레인지 2WD 19인치,555,602,"1,157",100,30
전북,일반승용,기아,EV4 롱레인지 4WD 19인치,554,601,"1,155",100,30
전북,일반승용,기아,EV4 롱레인지 GTL 2WD 19인치,555,602,"1,157",100,30
전북,일반승용,기아,EV4 스탠다드 2WD 17인치,512,556,"1,068",100,30
전북,일반승용,기아,EV4 스탠다드 2WD 19인치,481,522,"1,003",96,29
전북,일반승용,기아,EV5 GT,232,252,484,46,14
전북,일반승용,기아,EV5 롱레인지 2WD,552,599,"1,151",100,30
전북,일반승용,기아,EV5 롱레인지 4WD 18인치,499,542,"1,041",100,30
전북,일반승용,기아,EV5 롱레인지 4WD 19인치,493,535,"1,028",99,30
전북,일반승용,기아,EV9 GT,245,266,511,49,15
전북,일반승용,기아,EV9 롱레인지 2WD 19인치,270,293,563,54,16
전북,일반승용,기아,EV9 롱레인지 2WD 20인치,268,291,559,54,16
전북,일반승용,기아,EV9 롱레인지 4WD 19인치,254,275,529,51,15
전북,일반승용,기아,EV9 롱레인지 4WD 21인치,260,282,542,52,16
전북,일반승용,기아,EV9 롱레인지 GTL 4WD 21인치,252,273,525,50,15
전북,일반승용,기아,EV9 스탠다드,237,257,494,47,14
전북,일반승용,기아,PV5 패신저 5인승 롱레인지,458,497,955,92,28
전북,일반승용,기아,Pv5 WAV(비용 미지원),648,703,"1,351",100,30
전북,일반승용,기아,Pv5 WAV(비용 지원),448,486,934,90,27
전북,일반승용,기아,(단종)The all-new Kia Niro EV,489,0,489,98,29
전북,일반승용,기아,더뉴EV6 롱레인지 2WD 19인치,570,619,"1,189",100,30
전북,일반승용,기아,더뉴EV6 롱레인지 2WD 20인치,559,607,"1,166",100,30
전북,일반승용,기아,더뉴EV6 롱레인지 4WD 19인치,561,609,"1,170",100,30
전북,일반승용,기아,더뉴EV6 롱레인지 4WD 20인치,532,577,"1,109",100,30
전북,일반승용,기아,더뉴EV6 스탠다드,501,544,"1,045",100,30
전북,경·소형,기아,레이 EV 2WD 14인치 1인승 밴,457,431,888,91,27
전북,경·소형,기아,레이 EV 2WD 14인치 2인승 밴,457,431,888,91,27
전북,경·소형,기아,레이 EV 2WD 14인치 4인승 승용,457,431,888,91,27
전북,일반승용,메르세데스벤츠코리아,EQA 250(Facelift),190,206,396,38,11
전북,일반승용,메르세데스벤츠코리아,EQB 300 4MATIC(Facelift),154,167,321,31,9
전북,일반승용,메르세데스벤츠코리아,EQB 300 4MATIC(Facelift)(CY25/2),162,175,337,32,10
전북,일반승용,볼보자동차코리아,볼보 EX30 Single Motor ER,247,268,515,49,15
전북,일반승용,볼보자동차코리아,볼보 EX30CC Twin Motor Perf,222,241,463,44,13
전북,일반승용,비와이디코리아,(단종)BYD ATTO 3,126,0,126,25,8
전북,일반승용,비와이디코리아,(단종)BYD DOLPHIN,109,0,109,22,7
전북,일반승용,비와이디코리아,(단종)BYD DOLPHIN Active,132,0,132,26,8
전북,일반승용,비와이디코리아,(단종)BYD SEAL,169,0,169,34,10
전북,일반승용,비와이디코리아,(단종)BYD SEAL Dynamic AWD,151,0,151,30,9
전북,일반승용,비와이디코리아,(단종)BYD SEALION 7,152,0,152,30,9
전북,일반승용,케이지모빌리티,토레스 EVX 18인치,354,384,738,71,21
전북,일반승용,케이지모빌리티,토레스 EVX 18인치(2026),361,392,753,72,22
전북,일반승용,케이지모빌리티,토레스 EVX 20인치,344,373,717,69,21
전북,일반승용,케이지모빌리티,토레스 EVX 20인치(2026),354,384,738,71,21
전북,일반승용,케이지모빌리티,(단종)토레스 EVX 2WD 18인치,327,0,327,65,20
전북,일반승용,케이지모빌리티,(단종)토레스 EVX 2WD 20인치,312,0,312,62,19
전북,일반승용,테슬라코리아,Model 3 Performance,200,217,417,40,12
전북,일반승용,테슬라코리아,Model 3 Premium Long Range RWD,420,456,876,84,25
전북,일반승용,테슬라코리아,Model 3 Premium Long Range RWD(5999만원),210,0,210,42,13
전북,일반승용,테슬라코리아,Model 3 RWD,168,182,350,34,10
전북,일반승용,테슬라코리아,Model 3 RWD(2025),168,182,350,34,10
전북,일반승용,테슬라코리아,Model Y L AWD,215,228,443,43,13
전북,일반승용,테슬라코리아,Model Y Long Range(2025),210,228,438,42,13
전북,일반승용,테슬라코리아,Model Y Premium Long Range,210,228,438,42,13
전북,일반승용,테슬라코리아,Model Y Premium RWD,170,184,354,34,10
전북,일반승용,테슬라코리아,Model Y RWD(2025),170,184,354,34,10
전북,일반승용,폭스바겐그룹코리아,ID.4 Pro,432,469,901,86,26
전북,일반승용,폭스바겐그룹코리아,Q4 45 e-tron,206,223,429,41,12
전북,일반승용,폭스바겐그룹코리아,Q4 Sportback 45 e-tron,206,223,429,41,12
전북,일반승용,폭스바겐그룹코리아,(단종)Q6 e-tron performance,220,0,220,44,13
전북,일반승용,폭스바겐그룹코리아,iD.5 Pro,473,513,986,95,29
전북,일반승용,현대자동차,ELECTRIFIED G80,270,293,563,54,16
전북,일반승용,현대자동차,ELECTRIFIED GV70 AWD 19인치,261,283,544,52,16
전북,일반승용,현대자동차,ELECTRIFIED GV70 AWD 20인치,245,266,511,49,15
전북,일반승용,현대자동차,GV60 스탠다드 2WD 19인치,285,309,594,57,17
전북,일반승용,현대자동차,GV60 스탠다드 AWD 19인치,272,295,567,54,16
전북,일반승용,현대자동차,GV60 스탠다드 AWD 20인치,261,283,544,52,16
전북,일반승용,현대자동차,더 뉴 아이오닉5 2WD 롱레인지 19인치,564,612,"1,176",100,30
전북,일반승용,현대자동차,더 뉴 아이오닉5 2WD 롱레인지 19인치 빌트인 캠 미적용,567,615,"1,182",100,30
전북,일반승용,현대자동차,더 뉴 아이오닉5 2WD 롱레인지 20인치,559,607,"1,166",100,30
전북,일반승용,현대자동차,더 뉴 아이오닉5 2WD 롱레인지 N라인 20인치,541,587,"1,128",100,30
전북,일반승용,현대자동차,더 뉴 아이오닉5 2WD 스탠다드 19인치,483,524,"1,007",97,29
전북,일반승용,현대자동차,더 뉴 아이오닉5 AWD 롱레인지 19인치,558,606,"1,164",100,30
전북,일반승용,현대자동차,더 뉴 아이오닉5 AWD 롱레인지 20인치,532,577,"1,109",100,30
전북,일반승용,현대자동차,더 뉴 아이오닉5 AWD 롱레인지 N라인 20인치,510,553,"1,063",100,30
전북,일반승용,현대자동차,더 뉴 아이오닉6 2WD 롱레인지 18인치,570,619,"1,189",100,30
전북,일반승용,현대자동차,더 뉴 아이오닉6 2WD 롱레인지 20인치,570,619,"1,189",100,30
전북,일반승용,현대자동차,더 뉴 아이오닉6 2WD 롱레인지 N라인 20인치,570,619,"1,189",100,30
전북,일반승용,현대자동차,더 뉴 아이오닉6 2WD 스탠다드 18인치,560,608,"1,168",100,30
전북,일반승용,현대자동차,더 뉴 아이오닉6 AWD 롱레인지 18인치,570,619,"1,189",100,30
전북,일반승용,현대자동차,더 뉴 아이오닉6 AWD 롱레인지 20인치,553,600,"1,153",100,30
전북,일반승용,현대자동차,더 뉴 아이오닉6 AWD 롱레인지 N라인 20인치,537,583,"1,120",100,30
전북,일반승용,현대자동차,스타리아 라운지 일렉트릭 7인승,229,248,477,46,14
전북,일반승용,현대자동차,스타리아 리무진 일렉트릭 6인승,229,248,477,46,14
전북,일반승용,현대자동차,아이오닉6 N,250,271,521,50,15
전북,일반승용,현대자동차,아이오닉9 성능형 AWD,272,295,567,54,16
전북,일반승용,현대자동차,아이오닉9 항속형 2WD,274,297,571,55,17
전북,일반승용,현대자동차,아이오닉9 항속형 AWD,271,294,565,54,16
전북,경·소형,현대자동차,캐스퍼 일렉트릭 기본형 15인치,490,462,952,98,29
전북,경·소형,현대자동차,캐스퍼 일렉트릭 크로스 17인치,487,459,946,97,29
전북,경·소형,현대자동차,캐스퍼 일렉트릭 항속형 15인치,490,462,952,98,29
전북,경·소형,현대자동차,캐스퍼 일렉트릭 항속형 17인치(라운지포함),490,462,952,98,29
전북,일반승용,현대자동차,코나 일렉트릭 2WD 롱레인지 17인치,514,558,"1,072",100,30
전북,일반승용,현대자동차,코나 일렉트릭 2WD 롱레인지 17인치 빌트인 캠 미적용,514,558,"1,072",100,30
전북,일반승용,현대자동차,코나 일렉트릭 2WD 롱레인지 19인치,459,498,957,92,28
전북,일반승용,현대자동차,코나 일렉트릭 2WD 스탠다드 17인치,437,474,911,87,26
전북,일반승용,BMW,MINI Aceman E,400,434,834,80,24
전북,일반승용,BMW,MINI Aceman SE,400,434,834,80,24
전북,일반승용,BMW,MINI Cooper SE,396,430,826,79,24
전북,일반승용,BMW,MINI Countryman E,217,235,452,43,13
전북,일반승용,BMW,MINI Countryman SE ALL4,203,220,423,41,12
전북,일반승용,BMW,MINI JCW Aceman E,197,213,410,39,12
전북,일반승용,BMW,MINI JCW E,191,207,398,38,11
전북,일반승용,BMW,i4 M60 LCI (71HD),233,253,486,47,14
전북,일반승용,BMW,i4 eDrive 40 LCI(21HD),244,265,509,49,15
전북,일반승용,BMW,i4 eDrive 40 LCI(61HD),256,278,534,51,15
전북,일반승용,BMW,i5 eDrive 40,262,284,546,52,16
전북,일반승용,BMW,iX1 eDrive20,212,230,442,42,13
전북,일반승용,BMW,iX1 xDrive30,192,208,400,38,11
전북,일반승용,BMW,iX2 eDrive20,214,232,446,43,13
전북,일반승용,BMW,iX3 50 xDrive,275,298,573,55,17
전북,일반승용,기아,EV3 GT,248,269,517,50,15
전북,일반승용,기아,EV3 롱레인지 2WD 17인치,555,602,"1,157",100,30
전북,일반승용,기아,EV3 롱레인지 2WD 19인치,555,602,"1,157",100,30
전북,일반승용,기아,EV3 롱레인지 4WD 19인치,539,585,"1,124",100,30
전북,일반승용,기아,EV3 스탠다드 2WD,469,509,978,94,28
전북,일반승용,기아,EV4 GT,255,276,531,51,15
전북,일반승용,기아,EV4 롱레인지 2WD 17인치,555,602,"1,157",100,30
전북,일반승용,기아,EV4 롱레인지 2WD 19인치,555,602,"1,157",100,30
전북,일반승용,기아,EV4 롱레인지 4WD 19인치,554,601,"1,155",100,30
전북,일반승용,기아,EV4 롱레인지 GTL 2WD 19인치,555,602,"1,157",100,30
전북,일반승용,기아,EV4 스탠다드 2WD 17인치,512,556,"1,068",100,30
전북,일반승용,기아,EV4 스탠다드 2WD 19인치,481,522,"1,003",96,29
전북,일반승용,기아,EV5 GT,232,252,484,46,14
전북,일반승용,기아,EV5 롱레인지 2WD,552,599,"1,151",100,30
전북,일반승용,기아,EV5 롱레인지 4WD 18인치,499,542,"1,041",100,30
전북,일반승용,기아,EV5 롱레인지 4WD 19인치,493,535,"1,028",99,30
전북,일반승용,기아,EV9 GT,245,266,511,49,15
전북,일반승용,기아,EV9 롱레인지 2WD 19인치,270,293,563,54,16
전북,일반승용,기아,EV9 롱레인지 2WD 20인치,268,291,559,54,16
전북,일반승용,기아,EV9 롱레인지 4WD 19인치,254,275,529,51,15
전북,일반승용,기아,EV9 롱레인지 4WD 21인치,260,282,542,52,16
전북,일반승용,기아,EV9 롱레인지 GTL 4WD 21인치,252,273,525,50,15
전북,일반승용,기아,EV9 스탠다드,237,257,494,47,14
전북,일반승용,기아,PV5 패신저 5인승 롱레인지,458,497,955,92,28
전북,일반승용,기아,Pv5 WAV(비용 미지원),648,703,"1,351",100,30
전북,일반승용,기아,Pv5 WAV(비용 지원),448,486,934,90,27
전북,일반승용,기아,(단종)The all-new Kia Niro EV,489,531,"1,020",98,29
전북,일반승용,기아,더뉴EV6 롱레인지 2WD 19인치,570,619,"1,189",100,30
전북,일반승용,기아,더뉴EV6 롱레인지 2WD 20인치,559,607,"1,166",100,30
전북,일반승용,기아,더뉴EV6 롱레인지 4WD 19인치,561,609,"1,170",100,30
전북,일반승용,기아,더뉴EV6 롱레인지 4WD 20인치,532,577,"1,109",100,30
전북,일반승용,기아,더뉴EV6 스탠다드,501,544,"1,045",100,30
전북,경·소형,기아,레이 EV 2WD 14인치 1인승 밴,457,431,888,91,27
전북,경·소형,기아,레이 EV 2WD 14인치 2인승 밴,457,431,888,91,27
전북,경·소형,기아,레이 EV 2WD 14인치 4인승 승용,457,431,888,91,27
전북,일반승용,메르세데스벤츠코리아,EQA 250(Facelift),190,206,396,38,11
전북,일반승용,메르세데스벤츠코리아,EQB 300 4MATIC(Facelift),154,167,321,31,9
전북,일반승용,메르세데스벤츠코리아,EQB 300 4MATIC(Facelift)(CY25/2),162,175,337,32,10
전북,일반승용,볼보자동차코리아,볼보 EX30 Single Motor ER,247,268,515,49,15
전북,일반승용,볼보자동차코리아,볼보 EX30CC Twin Motor Perf,222,241,463,44,13
전북,일반승용,비와이디코리아,(단종)BYD ATTO 3,126,136,262,25,8
전북,일반승용,비와이디코리아,(단종)BYD DOLPHIN,109,118,227,22,7
전북,일반승용,비와이디코리아,(단종)BYD DOLPHIN Active,132,143,275,26,8
전북,일반승용,비와이디코리아,(단종)BYD SEAL,169,183,352,34,10
전북,일반승용,비와이디코리아,(단종)BYD SEAL Dynamic AWD,151,164,315,30,9
전북,일반승용,비와이디코리아,(단종)BYD SEALION 7,152,165,317,30,9
전북,일반승용,케이지모빌리티,토레스 EVX 18인치,354,384,738,71,21
전북,일반승용,케이지모빌리티,토레스 EVX 18인치(2026),361,392,753,72,22
전북,일반승용,케이지모빌리티,토레스 EVX 20인치,344,373,717,69,21
전북,일반승용,케이지모빌리티,토레스 EVX 20인치(2026),354,384,738,71,21
전북,일반승용,케이지모빌리티,(단종)토레스 EVX 2WD 18인치,327,355,682,65,20
전북,일반승용,케이지모빌리티,(단종)토레스 EVX 2WD 20인치,312,338,650,62,19
전북,일반승용,테슬라코리아,Model 3 Performance,200,217,417,40,12
전북,일반승용,테슬라코리아,Model 3 Premium Long Range RWD,420,456,876,84,25
전북,일반승용,테슬라코리아,Model 3 RWD,168,182,350,34,10
전북,일반승용,테슬라코리아,Model 3 RWD(2025),168,182,350,34,10
전북,일반승용,테슬라코리아,Model Y L AWD,215,228,443,43,13
전북,일반승용,테슬라코리아,Model Y Long Range(2025),210,228,438,42,13
전북,일반승용,테슬라코리아,Model Y Premium Long Range,210,228,438,42,13
전북,일반승용,테슬라코리아,Model Y Premium RWD,170,184,354,34,10
전북,일반승용,테슬라코리아,Model Y RWD(2025),170,184,354,34,10
전북,일반승용,폭스바겐그룹코리아,ID.4 Pro,432,469,901,86,26
전북,일반승용,폭스바겐그룹코리아,Q4 45 e-tron,206,223,429,41,12
전북,일반승용,폭스바겐그룹코리아,Q4 Sportback 45 e-tron,206,223,429,41,12
전북,일반승용,폭스바겐그룹코리아,(단종)Q6 e-tron performance,220,238,458,44,13
전북,일반승용,폭스바겐그룹코리아,iD.5 Pro,473,513,986,95,29
전북,일반승용,현대자동차,ELECTRIFIED G80,270,293,563,54,16
전북,일반승용,현대자동차,ELECTRIFIED GV70 AWD 19인치,261,283,544,52,16
전북,일반승용,현대자동차,ELECTRIFIED GV70 AWD 20인치,245,266,511,49,15
전북,일반승용,현대자동차,GV60 스탠다드 2WD 19인치,285,309,594,57,17
전북,일반승용,현대자동차,GV60 스탠다드 AWD 19인치,272,295,567,54,16
전북,일반승용,현대자동차,GV60 스탠다드 AWD 20인치,261,283,544,52,16
전북,일반승용,현대자동차,더 뉴 아이오닉5 2WD 롱레인지 19인치,564,612,"1,176",100,30
전북,일반승용,현대자동차,더 뉴 아이오닉5 2WD 롱레인지 19인치 빌트인 캠 미적용,567,615,"1,182",100,30
전북,일반승용,현대자동차,더 뉴 아이오닉5 2WD 롱레인지 20인치,559,607,"1,166",100,30
전북,일반승용,현대자동차,더 뉴 아이오닉5 2WD 롱레인지 N라인 20인치,541,587,"1,128",100,30
전북,일반승용,현대자동차,더 뉴 아이오닉5 2WD 스탠다드 19인치,483,524,"1,007",97,29
전북,일반승용,현대자동차,더 뉴 아이오닉5 AWD 롱레인지 19인치,558,606,"1,164",100,30
전북,일반승용,현대자동차,더 뉴 아이오닉5 AWD 롱레인지 20인치,532,577,"1,109",100,30
전북,일반승용,현대자동차,더 뉴 아이오닉5 AWD 롱레인지 N라인 20인치,510,553,"1,063",100,30
전북,일반승용,현대자동차,더 뉴 아이오닉6 2WD 롱레인지 18인치,570,619,"1,189",100,30
전북,일반승용,현대자동차,더 뉴 아이오닉6 2WD 롱레인지 20인치,570,619,"1,189",100,30
전북,일반승용,현대자동차,더 뉴 아이오닉6 2WD 롱레인지 N라인 20인치,570,619,"1,189",100,30
전북,일반승용,현대자동차,더 뉴 아이오닉6 2WD 스탠다드 18인치,560,608,"1,168",100,30
전북,일반승용,현대자동차,더 뉴 아이오닉6 AWD 롱레인지 18인치,570,619,"1,189",100,30
전북,일반승용,현대자동차,더 뉴 아이오닉6 AWD 롱레인지 20인치,553,600,"1,153",100,30
전북,일반승용,현대자동차,더 뉴 아이오닉6 AWD 롱레인지 N라인 20인치,537,583,"1,120",100,30
전북,일반승용,현대자동차,스타리아 라운지 일렉트릭 7인승,229,248,477,46,14
전북,일반승용,현대자동차,스타리아 리무진 일렉트릭 6인승,229,248,477,46,14
전북,일반승용,현대자동차,아이오닉6 N,250,271,521,50,15
전북,일반승용,현대자동차,아이오닉9 성능형 AWD,272,295,567,54,16
전북,일반승용,현대자동차,아이오닉9 항속형 2WD,274,297,571,55,17
전북,일반승용,현대자동차,아이오닉9 항속형 AWD,271,294,565,54,16
전북,경·소형,현대자동차,캐스퍼 일렉트릭 기본형 15인치,490,462,952,98,29
전북,경·소형,현대자동차,캐스퍼 일렉트릭 크로스 17인치,487,459,946,97,29
전북,경·소형,현대자동차,캐스퍼 일렉트릭 항속형 15인치,490,462,952,98,29
전북,경·소형,현대자동차,캐스퍼 일렉트릭 항속형 17인치(라운지포함),490,462,952,98,29
전북,일반승용,현대자동차,코나 일렉트릭 2WD 롱레인지 17인치,514,558,"1,072",100,30
전북,일반승용,현대자동차,코나 일렉트릭 2WD 롱레인지 17인치 빌트인 캠 미적용,514,558,"1,072",100,30
전북,일반승용,현대자동차,코나 일렉트릭 2WD 롱레인지 19인치,459,498,957,92,28
전북,일반승용,현대자동차,코나 일렉트릭 2WD 스탠다드 17인치,437,474,911,87,26
전북,일반승용,BMW,MINI Aceman E,400,434,834,80,24
전북,일반승용,BMW,MINI Aceman SE,400,434,834,80,24
전북,일반승용,BMW,MINI Cooper SE,396,430,826,79,24
전북,일반승용,BMW,MINI Countryman E,217,235,452,43,13
전북,일반승용,BMW,MINI Countryman SE ALL4,203,220,423,41,12
전북,일반승용,BMW,MINI JCW Aceman E,197,213,410,39,12
전북,일반승용,BMW,MINI JCW E,191,207,398,38,11
전북,일반승용,BMW,i4 M60 LCI (71HD),233,253,486,47,14
전북,일반승용,BMW,i4 eDrive 40 LCI(21HD),244,265,509,49,15
전북,일반승용,BMW,i4 eDrive 40 LCI(61HD),256,278,534,51,15
전북,일반승용,BMW,i5 eDrive 40,262,284,546,52,16
전북,일반승용,BMW,iX1 eDrive20,212,230,442,42,13
전북,일반승용,BMW,iX1 xDrive30,192,208,400,38,11
전북,일반승용,BMW,iX2 eDrive20,214,232,446,43,13
전북,일반승용,BMW,iX3 50 xDrive,275,298,573,55,17
전북,일반승용,기아,EV3 GT,248,0,248,50,15
전북,일반승용,기아,EV3 롱레인지 2WD 17인치,555,602,"1,157",100,30
전북,일반승용,기아,EV3 롱레인지 2WD 19인치,555,602,"1,157",100,30
전북,일반승용,기아,EV3 롱레인지 4WD 19인치,539,0,539,100,30
전북,일반승용,기아,EV3 스탠다드 2WD,469,509,978,94,28
전북,일반승용,기아,EV4 GT,255,0,255,51,15
전북,일반승용,기아,EV4 롱레인지 2WD 17인치,555,602,"1,157",100,30
전북,일반승용,기아,EV4 롱레인지 2WD 19인치,555,602,"1,157",100,30
전북,일반승용,기아,EV4 롱레인지 4WD 19인치,554,0,554,100,30
전북,일반승용,기아,EV4 롱레인지 GTL 2WD 19인치,555,602,"1,157",100,30
전북,일반승용,기아,EV4 스탠다드 2WD 17인치,512,556,"1,068",100,30
전북,일반승용,기아,EV4 스탠다드 2WD 19인치,481,522,"1,003",96,29
전북,일반승용,기아,EV5 GT,232,252,484,46,14
전북,일반승용,기아,EV5 롱레인지 2WD,552,599,"1,151",100,30
전북,일반승용,기아,EV5 롱레인지 4WD 18인치,499,542,"1,041",100,30
전북,일반승용,기아,EV5 롱레인지 4WD 19인치,493,535,"1,028",99,30
전북,일반승용,기아,EV9 GT,245,0,245,49,15
전북,일반승용,기아,EV9 롱레인지 2WD 19인치,270,293,563,54,16
전북,일반승용,기아,EV9 롱레인지 2WD 20인치,268,291,559,54,16
전북,일반승용,기아,EV9 롱레인지 4WD 19인치,254,275,529,51,15
전북,일반승용,기아,EV9 롱레인지 4WD 21인치,260,282,542,52,16
전북,일반승용,기아,EV9 롱레인지 GTL 4WD 21인치,252,273,525,50,15
전북,일반승용,기아,EV9 스탠다드,237,257,494,47,14
전북,일반승용,기아,PV5 패신저 5인승 롱레인지,458,497,955,92,28
전북,일반승용,기아,Pv5 WAV(비용 미지원),648,703,"1,351",100,30
전북,일반승용,기아,Pv5 WAV(비용 지원),448,486,934,90,27
전북,일반승용,기아,(단종)The all-new Kia Niro EV,489,531,"1,020",98,29
전북,일반승용,기아,더뉴EV6 롱레인지 2WD 19인치,570,619,"1,189",100,30
전북,일반승용,기아,더뉴EV6 롱레인지 2WD 20인치,559,607,"1,166",100,30
전북,일반승용,기아,더뉴EV6 롱레인지 4WD 19인치,561,609,"1,170",100,30
전북,일반승용,기아,더뉴EV6 롱레인지 4WD 20인치,532,577,"1,109",100,30
전북,일반승용,기아,더뉴EV6 스탠다드,501,544,"1,045",100,30
전북,경·소형,기아,레이 EV 2WD 14인치 1인승 밴,457,431,888,91,27
전북,경·소형,기아,레이 EV 2WD 14인치 2인승 밴,457,431,888,91,27
전북,경·소형,기아,레이 EV 2WD 14인치 4인승 승용,457,431,888,91,27
전북,일반승용,메르세데스벤츠코리아,EQA 250(Facelift),190,206,396,38,11
전북,일반승용,메르세데스벤츠코리아,EQB 300 4MATIC(Facelift),154,167,321,31,9
전북,일반승용,메르세데스벤츠코리아,EQB 300 4MATIC(Facelift)(CY25/2),162,167,329,32,10
전북,일반승용,볼보자동차코리아,볼보 EX30 Single Motor ER,247,268,515,49,15
전북,일반승용,볼보자동차코리아,볼보 EX30CC Twin Motor Perf,222,241,463,44,13
전북,일반승용,비와이디코리아,(단종)BYD ATTO 3,126,136,262,25,8
전북,일반승용,비와이디코리아,(단종)BYD DOLPHIN,109,118,227,22,7
전북,일반승용,비와이디코리아,(단종)BYD DOLPHIN Active,132,143,275,26,8
전북,일반승용,비와이디코리아,(단종)BYD SEAL,169,183,352,34,10
전북,일반승용,비와이디코리아,(단종)BYD SEAL Dynamic AWD,151,164,315,30,9
전북,일반승용,비와이디코리아,(단종)BYD SEALION 7,152,165,317,30,9
전북,일반승용,케이지모빌리티,토레스 EVX 18인치,354,384,738,71,21
전북,일반승용,케이지모빌리티,토레스 EVX 18인치(2026),361,392,753,72,22
전북,일반승용,케이지모빌리티,토레스 EVX 20인치,344,373,717,69,21
전북,일반승용,케이지모빌리티,토레스 EVX 20인치(2026),354,384,738,71,21
전북,일반승용,케이지모빌리티,(단종)토레스 EVX 2WD 18인치,327,355,682,65,20
전북,일반승용,케이지모빌리티,(단종)토레스 EVX 2WD 20인치,312,338,650,62,19
전북,일반승용,테슬라코리아,Model 3 Performance,200,217,417,40,12
전북,일반승용,테슬라코리아,Model 3 Premium Long Range RWD,420,456,876,84,25
전북,일반승용,테슬라코리아,Model 3 Premium Long Range RWD(5999만원),210,228,438,42,13
전북,일반승용,테슬라코리아,Model 3 RWD,168,182,350,34,10
전북,일반승용,테슬라코리아,Model 3 RWD(2025),168,182,350,34,10
전북,일반승용,테슬라코리아,Model Y L AWD,215,233,448,43,13
전북,일반승용,테슬라코리아,Model Y Long Range(2025),210,0,210,42,13
전북,일반승용,테슬라코리아,Model Y Premium Long Range,210,228,438,42,13
전북,일반승용,테슬라코리아,Model Y Premium RWD,170,184,354,34,10
전북,일반승용,테슬라코리아,Model Y RWD(2025),170,182,352,34,10
전북,일반승용,폭스바겐그룹코리아,ID.4 Pro,432,469,901,86,26
전북,일반승용,폭스바겐그룹코리아,Q4 45 e-tron,206,223,429,41,12
전북,일반승용,폭스바겐그룹코리아,Q4 Sportback 45 e-tron,206,223,429,41,12
전북,일반승용,폭스바겐그룹코리아,(단종)Q6 e-tron performance,220,238,458,44,13
전북,일반승용,폭스바겐그룹코리아,iD.5 Pro,473,513,986,95,29
전북,일반승용,현대자동차,ELECTRIFIED G80,270,293,563,54,16
전북,일반승용,현대자동차,ELECTRIFIED GV70 AWD 19인치,261,283,544,52,16
전북,일반승용,현대자동차,ELECTRIFIED GV70 AWD 20인치,245,266,511,49,15
전북,일반승용,현대자동차,GV60 스탠다드 2WD 19인치,285,309,594,57,17
전북,일반승용,현대자동차,GV60 스탠다드 AWD 19인치,272,295,567,54,16
전북,일반승용,현대자동차,GV60 스탠다드 AWD 20인치,261,283,544,52,16
전북,일반승용,현대자동차,더 뉴 아이오닉5 2WD 롱레인지 19인치,564,612,"1,176",100,30
전북,일반승용,현대자동차,더 뉴 아이오닉5 2WD 롱레인지 19인치 빌트인 캠 미적용,567,615,"1,182",100,30
전북,일반승용,현대자동차,더 뉴 아이오닉5 2WD 롱레인지 20인치,559,607,"1,166",100,30
전북,일반승용,현대자동차,더 뉴 아이오닉5 2WD 롱레인지 N라인 20인치,541,587,"1,128",100,30
전북,일반승용,현대자동차,더 뉴 아이오닉5 2WD 스탠다드 19인치,483,524,"1,007",97,29
전북,일반승용,현대자동차,더 뉴 아이오닉5 AWD 롱레인지 19인치,558,606,"1,164",100,30
전북,일반승용,현대자동차,더 뉴 아이오닉5 AWD 롱레인지 20인치,532,577,"1,109",100,30
전북,일반승용,현대자동차,더 뉴 아이오닉5 AWD 롱레인지 N라인 20인치,510,553,"1,063",100,30
전북,일반승용,현대자동차,더 뉴 아이오닉6 2WD 롱레인지 18인치,570,619,"1,189",100,30
전북,일반승용,현대자동차,더 뉴 아이오닉6 2WD 롱레인지 20인치,570,619,"1,189",100,30
전북,일반승용,현대자동차,더 뉴 아이오닉6 2WD 롱레인지 N라인 20인치,570,619,"1,189",100,30
전북,일반승용,현대자동차,더 뉴 아이오닉6 2WD 스탠다드 18인치,560,608,"1,168",100,30
전북,일반승용,현대자동차,더 뉴 아이오닉6 AWD 롱레인지 18인치,570,619,"1,189",100,30
전북,일반승용,현대자동차,더 뉴 아이오닉6 AWD 롱레인지 20인치,553,600,"1,153",100,30
전북,일반승용,현대자동차,더 뉴 아이오닉6 AWD 롱레인지 N라인 20인치,537,583,"1,120",100,30
전북,일반승용,현대자동차,스타리아 라운지 일렉트릭 7인승,229,248,477,46,14
전북,일반승용,현대자동차,스타리아 리무진 일렉트릭 6인승,229,248,477,46,14
전북,일반승용,현대자동차,아이오닉6 N,250,271,521,50,15
전북,일반승용,현대자동차,아이오닉9 성능형 AWD,272,295,567,54,16
전북,일반승용,현대자동차,아이오닉9 항속형 2WD,274,297,571,55,17
전북,일반승용,현대자동차,아이오닉9 항속형 AWD,271,294,565,54,16
전북,경·소형,현대자동차,캐스퍼 일렉트릭 기본형 15인치,490,462,952,98,29
전북,경·소형,현대자동차,캐스퍼 일렉트릭 크로스 17인치,487,459,946,97,29
전북,경·소형,현대자동차,캐스퍼 일렉트릭 항속형 15인치,490,462,952,98,29
전북,경·소형,현대자동차,캐스퍼 일렉트릭 항속형 17인치(라운지포함),490,462,952,98,29
전북,일반승용,현대자동차,코나 일렉트릭 2WD 롱레인지 17인치,514,558,"1,072",100,30
전북,일반승용,현대자동차,코나 일렉트릭 2WD 롱레인지 17인치 빌트인 캠 미적용,514,558,"1,072",100,30
전북,일반승용,현대자동차,코나 일렉트릭 2WD 롱레인지 19인치,459,498,957,92,28
전북,일반승용,현대자동차,코나 일렉트릭 2WD 스탠다드 17인치,437,474,911,87,26
전북,일반승용,BMW,MINI Aceman E,400,434,834,80,24
전북,일반승용,BMW,MINI Aceman SE,400,434,834,80,24
전북,일반승용,BMW,MINI Cooper SE,396,430,826,79,24
전북,일반승용,BMW,MINI Countryman E,217,235,452,43,13
전북,일반승용,BMW,MINI Countryman SE ALL4,203,220,423,41,12
전북,일반승용,BMW,MINI JCW Aceman E,197,213,410,39,12
전북,일반승용,BMW,MINI JCW E,191,207,398,38,11
전북,일반승용,BMW,i4 M60 LCI (71HD),233,253,486,47,14
전북,일반승용,BMW,i4 eDrive 40 LCI(21HD),244,265,509,49,15
전북,일반승용,BMW,i4 eDrive 40 LCI(61HD),256,278,534,51,15
전북,일반승용,BMW,i5 eDrive 40,262,284,546,52,16
전북,일반승용,BMW,iX1 eDrive20,212,230,442,42,13
전북,일반승용,BMW,iX1 xDrive30,192,208,400,38,11
전북,일반승용,BMW,iX2 eDrive20,214,232,446,43,13
전북,일반승용,BMW,iX3 50 xDrive,275,298,573,55,17
전북,일반승용,기아,EV3 GT,248,269,517,50,15
전북,일반승용,기아,EV3 롱레인지 2WD 17인치,555,602,"1,157",100,30
전북,일반승용,기아,EV3 롱레인지 2WD 19인치,555,602,"1,157",100,30
전북,일반승용,기아,EV3 롱레인지 4WD 19인치,539,585,"1,124",100,30
전북,일반승용,기아,EV3 스탠다드 2WD,469,509,978,94,28
전북,일반승용,기아,EV4 GT,255,276,531,51,15
전북,일반승용,기아,EV4 롱레인지 2WD 17인치,555,602,"1,157",100,30
전북,일반승용,기아,EV4 롱레인지 2WD 19인치,555,602,"1,157",100,30
전북,일반승용,기아,EV4 롱레인지 4WD 19인치,554,601,"1,155",100,30
전북,일반승용,기아,EV4 롱레인지 GTL 2WD 19인치,555,602,"1,157",100,30
전북,일반승용,기아,EV4 스탠다드 2WD 17인치,512,556,"1,068",100,30
전북,일반승용,기아,EV4 스탠다드 2WD 19인치,481,522,"1,003",96,29
전북,일반승용,기아,EV5 GT,232,252,484,46,14
전북,일반승용,기아,EV5 롱레인지 2WD,552,599,"1,151",100,30
전북,일반승용,기아,EV5 롱레인지 4WD 18인치,499,542,"1,041",100,30
전북,일반승용,기아,EV5 롱레인지 4WD 19인치,493,535,"1,028",99,30
전북,일반승용,기아,EV9 GT,245,266,511,49,15
전북,일반승용,기아,EV9 롱레인지 2WD 19인치,270,293,563,54,16
전북,일반승용,기아,EV9 롱레인지 2WD 20인치,268,291,559,54,16
전북,일반승용,기아,EV9 롱레인지 4WD 19인치,254,275,529,51,15
전북,일반승용,기아,EV9 롱레인지 4WD 21인치,260,282,542,52,16
전북,일반승용,기아,EV9 롱레인지 GTL 4WD 21인치,252,273,525,50,15
전북,일반승용,기아,EV9 스탠다드,237,257,494,47,14
전북,일반승용,기아,PV5 패신저 5인승 롱레인지,458,497,955,92,28
전북,일반승용,기아,Pv5 WAV(비용 미지원),648,703,"1,351",100,30
전북,일반승용,기아,Pv5 WAV(비용 지원),448,486,934,90,27
전북,일반승용,기아,(단종)The all-new Kia Niro EV,489,0,489,98,29
전북,일반승용,기아,더뉴EV6 롱레인지 2WD 19인치,570,619,"1,189",100,30
전북,일반승용,기아,더뉴EV6 롱레인지 2WD 20인치,559,607,"1,166",100,30
전북,일반승용,기아,더뉴EV6 롱레인지 4WD 19인치,561,609,"1,170",100,30
전북,일반승용,기아,더뉴EV6 롱레인지 4WD 20인치,532,577,"1,109",100,30
전북,일반승용,기아,더뉴EV6 스탠다드,501,544,"1,045",100,30
전북,경·소형,기아,레이 EV 2WD 14인치 1인승 밴,457,431,888,91,27
전북,경·소형,기아,레이 EV 2WD 14인치 2인승 밴,457,431,888,91,27
전북,경·소형,기아,레이 EV 2WD 14인치 4인승 승용,457,431,888,91,27
전북,일반승용,메르세데스벤츠코리아,EQA 250(Facelift),190,206,396,38,11
전북,일반승용,메르세데스벤츠코리아,EQB 300 4MATIC(Facelift),154,167,321,31,9
전북,일반승용,메르세데스벤츠코리아,EQB 300 4MATIC(Facelift)(CY25/2),162,175,337,32,10
전북,일반승용,볼보자동차코리아,볼보 EX30 Single Motor ER,247,268,515,49,15
전북,일반승용,볼보자동차코리아,볼보 EX30CC Twin Motor Perf,222,241,463,44,13
전북,일반승용,비와이디코리아,(단종)BYD ATTO 3,126,0,126,25,8
전북,일반승용,비와이디코리아,(단종)BYD DOLPHIN,109,0,109,22,7
전북,일반승용,비와이디코리아,(단종)BYD DOLPHIN Active,132,0,132,26,8
전북,일반승용,비와이디코리아,(단종)BYD SEAL,169,0,169,34,10
전북,일반승용,비와이디코리아,(단종)BYD SEAL Dynamic AWD,151,0,151,30,9
전북,일반승용,비와이디코리아,(단종)BYD SEALION 7,152,0,152,30,9
전북,일반승용,케이지모빌리티,토레스 EVX 18인치,354,384,738,71,21
전북,일반승용,케이지모빌리티,토레스 EVX 18인치(2026),361,392,753,72,22
전북,일반승용,케이지모빌리티,토레스 EVX 20인치,344,373,717,69,21
전북,일반승용,케이지모빌리티,토레스 EVX 20인치(2026),354,384,738,71,21
전북,일반승용,케이지모빌리티,(단종)토레스 EVX 2WD 18인치,327,0,327,65,20
전북,일반승용,케이지모빌리티,(단종)토레스 EVX 2WD 20인치,312,0,312,62,19
전북,일반승용,테슬라코리아,Model 3 Performance,200,217,417,40,12
전북,일반승용,테슬라코리아,Model 3 Premium Long Range RWD,420,228,648,84,25
전북,일반승용,테슬라코리아,Model 3 Premium Long Range RWD(5999만원),210,0,210,42,13
전북,일반승용,테슬라코리아,Model 3 RWD,168,182,350,34,10
전북,일반승용,테슬라코리아,Model 3 RWD(2025),168,182,350,34,10
전북,일반승용,테슬라코리아,Model Y L AWD,215,228,443,43,13
전북,일반승용,테슬라코리아,Model Y Long Range(2025),210,228,438,42,13
전북,일반승용,테슬라코리아,Model Y Premium Long Range,210,228,438,42,13
전북,일반승용,테슬라코리아,Model Y Premium RWD,170,184,354,34,10
전북,일반승용,테슬라코리아,Model Y RWD(2025),170,184,354,34,10
전북,일반승용,폭스바겐그룹코리아,ID.4 Pro,432,469,901,86,26
전북,일반승용,폭스바겐그룹코리아,Q4 45 e-tron,206,223,429,41,12
전북,일반승용,폭스바겐그룹코리아,Q4 Sportback 45 e-tron,206,223,429,41,12
전북,일반승용,폭스바겐그룹코리아,(단종)Q6 e-tron performance,220,238,458,44,13
전북,일반승용,폭스바겐그룹코리아,iD.5 Pro,473,513,986,95,29
전북,일반승용,현대자동차,ELECTRIFIED G80,270,293,563,54,16
전북,일반승용,현대자동차,ELECTRIFIED GV70 AWD 19인치,261,283,544,52,16
전북,일반승용,현대자동차,ELECTRIFIED GV70 AWD 20인치,245,266,511,49,15
전북,일반승용,현대자동차,GV60 스탠다드 2WD 19인치,285,309,594,57,17
전북,일반승용,현대자동차,GV60 스탠다드 AWD 19인치,272,295,567,54,16
전북,일반승용,현대자동차,GV60 스탠다드 AWD 20인치,261,283,544,52,16
전북,일반승용,현대자동차,더 뉴 아이오닉5 2WD 롱레인지 19인치,564,612,"1,176",100,30
전북,일반승용,현대자동차,더 뉴 아이오닉5 2WD 롱레인지 19인치 빌트인 캠 미적용,567,615,"1,182",100,30
전북,일반승용,현대자동차,더 뉴 아이오닉5 2WD 롱레인지 20인치,559,607,"1,166",100,30
전북,일반승용,현대자동차,더 뉴 아이오닉5 2WD 롱레인지 N라인 20인치,541,587,"1,128",100,30
전북,일반승용,현대자동차,더 뉴 아이오닉5 2WD 스탠다드 19인치,483,524,"1,007",97,29
전북,일반승용,현대자동차,더 뉴 아이오닉5 AWD 롱레인지 19인치,558,606,"1,164",100,30
전북,일반승용,현대자동차,더 뉴 아이오닉5 AWD 롱레인지 20인치,532,577,"1,109",100,30
전북,일반승용,현대자동차,더 뉴 아이오닉5 AWD 롱레인지 N라인 20인치,510,553,"1,063",100,30
전북,일반승용,현대자동차,더 뉴 아이오닉6 2WD 롱레인지 18인치,570,619,"1,189",100,30
전북,일반승용,현대자동차,더 뉴 아이오닉6 2WD 롱레인지 20인치,570,619,"1,189",100,30
전북,일반승용,현대자동차,더 뉴 아이오닉6 2WD 롱레인지 N라인 20인치,570,619,"1,189",100,30
전북,일반승용,현대자동차,더 뉴 아이오닉6 2WD 스탠다드 18인치,560,608,"1,168",100,30
전북,일반승용,현대자동차,더 뉴 아이오닉6 AWD 롱레인지 18인치,570,619,"1,189",100,30
전북,일반승용,현대자동차,더 뉴 아이오닉6 AWD 롱레인지 20인치,553,600,"1,153",100,30
전북,일반승용,현대자동차,더 뉴 아이오닉6 AWD 롱레인지 N라인 20인치,537,583,"1,120",100,30
전북,일반승용,현대자동차,스타리아 라운지 일렉트릭 7인승,229,248,477,46,14
전북,일반승용,현대자동차,스타리아 리무진 일렉트릭 6인승,229,248,477,46,14
전북,일반승용,현대자동차,아이오닉6 N,250,271,521,50,15
전북,일반승용,현대자동차,아이오닉9 성능형 AWD,272,295,567,54,16
전북,일반승용,현대자동차,아이오닉9 항속형 2WD,274,297,571,55,17
전북,일반승용,현대자동차,아이오닉9 항속형 AWD,271,294,565,54,16
전북,경·소형,현대자동차,캐스퍼 일렉트릭 기본형 15인치,490,462,952,98,29
전북,경·소형,현대자동차,캐스퍼 일렉트릭 크로스 17인치,487,459,946,97,29
전북,경·소형,현대자동차,캐스퍼 일렉트릭 항속형 15인치,490,462,952,98,29
전북,경·소형,현대자동차,캐스퍼 일렉트릭 항속형 17인치(라운지포함),490,462,952,98,29
전북,일반승용,현대자동차,코나 일렉트릭 2WD 롱레인지 17인치,514,558,"1,072",100,30
전북,일반승용,현대자동차,코나 일렉트릭 2WD 롱레인지 17인치 빌트인 캠 미적용,514,558,"1,072",100,30
전북,일반승용,현대자동차,코나 일렉트릭 2WD 롱레인지 19인치,459,498,957,92,28
전북,일반승용,현대자동차,코나 일렉트릭 2WD 스탠다드 17인치,437,474,911,87,26
전북,일반승용,BMW,MINI Aceman E,400,434,834,80,24
전북,일반승용,BMW,MINI Aceman SE,400,434,834,80,24
전북,일반승용,BMW,MINI Cooper SE,396,430,826,79,24
전북,일반승용,BMW,MINI Countryman E,217,235,452,43,13
전북,일반승용,BMW,MINI Countryman SE ALL4,203,220,423,41,12
전북,일반승용,BMW,MINI JCW Aceman E,197,213,410,39,12
전북,일반승용,BMW,MINI JCW E,191,207,398,38,11
전북,일반승용,BMW,i4 M60 LCI (71HD),233,253,486,47,14
전북,일반승용,BMW,i4 eDrive 40 LCI(21HD),244,265,509,49,15
전북,일반승용,BMW,i4 eDrive 40 LCI(61HD),256,278,534,51,15
전북,일반승용,BMW,i5 eDrive 40,262,284,546,52,16
전북,일반승용,BMW,iX1 eDrive20,212,230,442,42,13
전북,일반승용,BMW,iX1 xDrive30,192,208,400,38,11
전북,일반승용,BMW,iX2 eDrive20,214,232,446,43,13
전북,일반승용,BMW,iX3 50 xDrive,275,298,573,55,17
전북,일반승용,기아,EV3 GT,248,269,517,50,15
전북,일반승용,기아,EV3 롱레인지 2WD 17인치,555,602,"1,157",100,30
전북,일반승용,기아,EV3 롱레인지 2WD 19인치,555,602,"1,157",100,30
전북,일반승용,기아,EV3 롱레인지 4WD 19인치,539,585,"1,124",100,30
전북,일반승용,기아,EV3 스탠다드 2WD,469,509,978,94,28
전북,일반승용,기아,EV4 GT,255,276,531,51,15
전북,일반승용,기아,EV4 롱레인지 2WD 17인치,555,602,"1,157",100,30
전북,일반승용,기아,EV4 롱레인지 2WD 19인치,555,602,"1,157",100,30
전북,일반승용,기아,EV4 롱레인지 4WD 19인치,554,601,"1,155",100,30
전북,일반승용,기아,EV4 롱레인지 GTL 2WD 19인치,555,602,"1,157",100,30
전북,일반승용,기아,EV4 스탠다드 2WD 17인치,512,556,"1,068",100,30
전북,일반승용,기아,EV4 스탠다드 2WD 19인치,481,522,"1,003",96,29
전북,일반승용,기아,EV5 GT,232,252,484,46,14
전북,일반승용,기아,EV5 롱레인지 2WD,552,599,"1,151",100,30
전북,일반승용,기아,EV5 롱레인지 4WD 18인치,499,542,"1,041",100,30
전북,일반승용,기아,EV5 롱레인지 4WD 19인치,493,535,"1,028",99,30
전북,일반승용,기아,EV9 GT,245,266,511,49,15
전북,일반승용,기아,EV9 롱레인지 2WD 19인치,270,293,563,54,16
전북,일반승용,기아,EV9 롱레인지 2WD 20인치,268,291,559,54,16
전북,일반승용,기아,EV9 롱레인지 4WD 19인치,254,275,529,51,15
전북,일반승용,기아,EV9 롱레인지 4WD 21인치,260,282,542,52,16
전북,일반승용,기아,EV9 롱레인지 GTL 4WD 21인치,252,273,525,50,15
전북,일반승용,기아,EV9 스탠다드,237,257,494,47,14
전북,일반승용,기아,PV5 패신저 5인승 롱레인지,458,497,955,92,28
전북,일반승용,기아,Pv5 WAV(비용 미지원),648,703,"1,351",100,30
전북,일반승용,기아,Pv5 WAV(비용 지원),448,486,934,90,27
전북,일반승용,기아,(단종)The all-new Kia Niro EV,489,531,"1,020",98,29
전북,일반승용,기아,더뉴EV6 롱레인지 2WD 19인치,570,619,"1,189",100,30
전북,일반승용,기아,더뉴EV6 롱레인지 2WD 20인치,559,607,"1,166",100,30
전북,일반승용,기아,더뉴EV6 롱레인지 4WD 19인치,561,609,"1,170",100,30
전북,일반승용,기아,더뉴EV6 롱레인지 4WD 20인치,532,577,"1,109",100,30
전북,일반승용,기아,더뉴EV6 스탠다드,501,544,"1,045",100,30
전북,경·소형,기아,레이 EV 2WD 14인치 1인승 밴,457,431,888,91,27
전북,경·소형,기아,레이 EV 2WD 14인치 2인승 밴,457,431,888,91,27
전북,경·소형,기아,레이 EV 2WD 14인치 4인승 승용,457,431,888,91,27
전북,일반승용,메르세데스벤츠코리아,EQA 250(Facelift),190,206,396,38,11
전북,일반승용,메르세데스벤츠코리아,EQB 300 4MATIC(Facelift),154,167,321,31,9
전북,일반승용,메르세데스벤츠코리아,EQB 300 4MATIC(Facelift)(CY25/2),162,175,337,32,10
전북,일반승용,볼보자동차코리아,볼보 EX30 Single Motor ER,247,268,515,49,15
전북,일반승용,볼보자동차코리아,볼보 EX30CC Twin Motor Perf,222,241,463,44,13
전북,일반승용,비와이디코리아,(단종)BYD ATTO 3,126,136,262,25,8
전북,일반승용,비와이디코리아,(단종)BYD DOLPHIN,109,118,227,22,7
전북,일반승용,비와이디코리아,(단종)BYD DOLPHIN Active,132,143,275,26,8
전북,일반승용,비와이디코리아,(단종)BYD SEAL,169,183,352,34,10
전북,일반승용,비와이디코리아,(단종)BYD SEAL Dynamic AWD,151,164,315,30,9
전북,일반승용,비와이디코리아,(단종)BYD SEALION 7,152,165,317,30,9
전북,일반승용,케이지모빌리티,토레스 EVX 18인치,354,384,738,71,21
전북,일반승용,케이지모빌리티,토레스 EVX 18인치(2026),361,392,753,72,22
전북,일반승용,케이지모빌리티,토레스 EVX 20인치,344,373,717,69,21
전북,일반승용,케이지모빌리티,토레스 EVX 20인치(2026),354,384,738,71,21
전북,일반승용,케이지모빌리티,(단종)토레스 EVX 2WD 18인치,327,355,682,65,20
전북,일반승용,케이지모빌리티,(단종)토레스 EVX 2WD 20인치,312,338,650,62,19
전북,일반승용,테슬라코리아,Model 3 Performance,200,217,417,40,12
전북,일반승용,테슬라코리아,Model 3 Premium Long Range RWD,420,456,876,84,25
전북,일반승용,테슬라코리아,Model 3 RWD,168,182,350,34,10
전북,일반승용,테슬라코리아,Model 3 RWD(2025),168,182,350,34,10
전북,일반승용,테슬라코리아,Model Y L AWD,215,228,443,43,13
전북,일반승용,테슬라코리아,Model Y Long Range(2025),210,228,438,42,13
전북,일반승용,테슬라코리아,Model Y Premium Long Range,210,228,438,42,13
전북,일반승용,테슬라코리아,Model Y Premium RWD,170,184,354,34,10
전북,일반승용,테슬라코리아,Model Y RWD(2025),170,184,354,34,10
전북,일반승용,폭스바겐그룹코리아,ID.4 Pro,432,469,901,86,26
전북,일반승용,폭스바겐그룹코리아,Q4 45 e-tron,206,223,429,41,12
전북,일반승용,폭스바겐그룹코리아,Q4 Sportback 45 e-tron,206,223,429,41,12
전북,일반승용,폭스바겐그룹코리아,(단종)Q6 e-tron performance,220,238,458,44,13
전북,일반승용,폭스바겐그룹코리아,iD.5 Pro,473,513,986,95,29
전북,일반승용,현대자동차,ELECTRIFIED G80,270,293,563,54,16
전북,일반승용,현대자동차,ELECTRIFIED GV70 AWD 19인치,261,283,544,52,16
전북,일반승용,현대자동차,ELECTRIFIED GV70 AWD 20인치,245,266,511,49,15
전북,일반승용,현대자동차,GV60 스탠다드 2WD 19인치,285,309,594,57,17
전북,일반승용,현대자동차,GV60 스탠다드 AWD 19인치,272,295,567,54,16
전북,일반승용,현대자동차,GV60 스탠다드 AWD 20인치,261,283,544,52,16
전북,일반승용,현대자동차,더 뉴 아이오닉5 2WD 롱레인지 19인치,564,612,"1,176",100,30
전북,일반승용,현대자동차,더 뉴 아이오닉5 2WD 롱레인지 19인치 빌트인 캠 미적용,567,615,"1,182",100,30
전북,일반승용,현대자동차,더 뉴 아이오닉5 2WD 롱레인지 20인치,559,607,"1,166",100,30
전북,일반승용,현대자동차,더 뉴 아이오닉5 2WD 롱레인지 N라인 20인치,541,587,"1,128",100,30
전북,일반승용,현대자동차,더 뉴 아이오닉5 2WD 스탠다드 19인치,483,524,"1,007",97,29
전북,일반승용,현대자동차,더 뉴 아이오닉5 AWD 롱레인지 19인치,558,606,"1,164",100,30
전북,일반승용,현대자동차,더 뉴 아이오닉5 AWD 롱레인지 20인치,532,577,"1,109",100,30
전북,일반승용,현대자동차,더 뉴 아이오닉5 AWD 롱레인지 N라인 20인치,510,553,"1,063",100,30
전북,일반승용,현대자동차,더 뉴 아이오닉6 2WD 롱레인지 18인치,570,619,"1,189",100,30
전북,일반승용,현대자동차,더 뉴 아이오닉6 2WD 롱레인지 20인치,570,619,"1,189",100,30
전북,일반승용,현대자동차,더 뉴 아이오닉6 2WD 롱레인지 N라인 20인치,570,619,"1,189",100,30
전북,일반승용,현대자동차,더 뉴 아이오닉6 2WD 스탠다드 18인치,560,608,"1,168",100,30
전북,일반승용,현대자동차,더 뉴 아이오닉6 AWD 롱레인지 18인치,570,619,"1,189",100,30
전북,일반승용,현대자동차,더 뉴 아이오닉6 AWD 롱레인지 20인치,553,600,"1,153",100,30
전북,일반승용,현대자동차,더 뉴 아이오닉6 AWD 롱레인지 N라인 20인치,537,583,"1,120",100,30
전북,일반승용,현대자동차,스타리아 라운지 일렉트릭 7인승,229,248,477,46,14
전북,일반승용,현대자동차,스타리아 리무진 일렉트릭 6인승,229,248,477,46,14
전북,일반승용,현대자동차,아이오닉6 N,250,271,521,50,15
전북,일반승용,현대자동차,아이오닉9 성능형 AWD,272,295,567,54,16
전북,일반승용,현대자동차,아이오닉9 항속형 2WD,274,297,571,55,17
전북,일반승용,현대자동차,아이오닉9 항속형 AWD,271,294,565,54,16
전북,경·소형,현대자동차,캐스퍼 일렉트릭 기본형 15인치,490,462,952,98,29
전북,경·소형,현대자동차,캐스퍼 일렉트릭 크로스 17인치,487,459,946,97,29
전북,경·소형,현대자동차,캐스퍼 일렉트릭 항속형 15인치,490,462,952,98,29
전북,경·소형,현대자동차,캐스퍼 일렉트릭 항속형 17인치(라운지포함),490,462,952,98,29
전북,일반승용,현대자동차,코나 일렉트릭 2WD 롱레인지 17인치,514,558,"1,072",100,30
전북,일반승용,현대자동차,코나 일렉트릭 2WD 롱레인지 17인치 빌트인 캠 미적용,514,558,"1,072",100,30
전북,일반승용,현대자동차,코나 일렉트릭 2WD 롱레인지 19인치,459,498,957,92,28
전북,일반승용,현대자동차,코나 일렉트릭 2WD 스탠다드 17인치,437,474,911,87,26
전북,일반승용,BMW,MINI Aceman E,400,434,834,80,24
전북,일반승용,BMW,MINI Aceman SE,400,434,834,80,24
전북,일반승용,BMW,MINI Cooper SE,396,430,826,79,24
전북,일반승용,BMW,MINI Countryman E,217,235,452,43,13
전북,일반승용,BMW,MINI Countryman SE ALL4,203,220,423,41,12
전북,일반승용,BMW,MINI JCW Aceman E,197,213,410,39,12
전북,일반승용,BMW,MINI JCW E,191,207,398,38,11
전북,일반승용,BMW,i4 M60 LCI (71HD),233,253,486,47,14
전북,일반승용,BMW,i4 eDrive 40 LCI(21HD),244,265,509,49,15
전북,일반승용,BMW,i4 eDrive 40 LCI(61HD),256,278,534,51,15
전북,일반승용,BMW,i5 eDrive 40,262,284,546,52,16
전북,일반승용,BMW,iX1 eDrive20,212,230,442,42,13
전북,일반승용,BMW,iX1 xDrive30,192,208,400,38,11
전북,일반승용,BMW,iX2 eDrive20,214,232,446,43,13
전북,일반승용,BMW,iX3 50 xDrive,275,298,573,55,17
전북,일반승용,기아,EV3 GT,248,269,517,50,15
전북,일반승용,기아,EV3 롱레인지 2WD 17인치,555,602,"1,157",100,30
전북,일반승용,기아,EV3 롱레인지 2WD 19인치,555,602,"1,157",100,30
전북,일반승용,기아,EV3 롱레인지 4WD 19인치,539,585,"1,124",100,30
전북,일반승용,기아,EV3 스탠다드 2WD,469,509,978,94,28
전북,일반승용,기아,EV4 GT,255,276,531,51,15
전북,일반승용,기아,EV4 롱레인지 2WD 17인치,555,602,"1,157",100,30
전북,일반승용,기아,EV4 롱레인지 2WD 19인치,555,602,"1,157",100,30
전북,일반승용,기아,EV4 롱레인지 4WD 19인치,554,601,"1,155",100,30
전북,일반승용,기아,EV4 롱레인지 GTL 2WD 19인치,555,602,"1,157",100,30
전북,일반승용,기아,EV4 스탠다드 2WD 17인치,512,556,"1,068",100,30
전북,일반승용,기아,EV4 스탠다드 2WD 19인치,481,522,"1,003",96,29
전북,일반승용,기아,EV5 GT,232,252,484,46,14
전북,일반승용,기아,EV5 롱레인지 2WD,552,599,"1,151",100,30
전북,일반승용,기아,EV5 롱레인지 4WD 18인치,499,542,"1,041",100,30
전북,일반승용,기아,EV5 롱레인지 4WD 19인치,493,535,"1,028",99,30
전북,일반승용,기아,EV9 GT,245,266,511,49,15
전북,일반승용,기아,EV9 롱레인지 2WD 19인치,270,293,563,54,16
전북,일반승용,기아,EV9 롱레인지 2WD 20인치,268,291,559,54,16
전북,일반승용,기아,EV9 롱레인지 4WD 19인치,254,275,529,51,15
전북,일반승용,기아,EV9 롱레인지 4WD 21인치,260,282,542,52,16
전북,일반승용,기아,EV9 롱레인지 GTL 4WD 21인치,252,273,525,50,15
전북,일반승용,기아,EV9 스탠다드,237,257,494,47,14
전북,일반승용,기아,PV5 패신저 5인승 롱레인지,458,497,955,92,28
전북,일반승용,기아,Pv5 WAV(비용 미지원),648,703,"1,351",100,30
전북,일반승용,기아,Pv5 WAV(비용 지원),448,486,934,90,27
전북,일반승용,기아,(단종)The all-new Kia Niro EV,489,531,"1,020",98,29
전북,일반승용,기아,더뉴EV6 롱레인지 2WD 19인치,570,619,"1,189",100,30
전북,일반승용,기아,더뉴EV6 롱레인지 2WD 20인치,559,607,"1,166",100,30
전북,일반승용,기아,더뉴EV6 롱레인지 4WD 19인치,561,609,"1,170",100,30
전북,일반승용,기아,더뉴EV6 롱레인지 4WD 20인치,532,577,"1,109",100,30
전북,일반승용,기아,더뉴EV6 스탠다드,501,544,"1,045",100,30
전북,경·소형,기아,레이 EV 2WD 14인치 1인승 밴,457,431,888,91,27
전북,경·소형,기아,레이 EV 2WD 14인치 2인승 밴,457,431,888,91,27
전북,경·소형,기아,레이 EV 2WD 14인치 4인승 승용,457,431,888,91,27
전북,일반승용,메르세데스벤츠코리아,EQA 250(Facelift),190,206,396,38,11
전북,일반승용,메르세데스벤츠코리아,EQB 300 4MATIC(Facelift),154,167,321,31,9
전북,일반승용,메르세데스벤츠코리아,EQB 300 4MATIC(Facelift)(CY25/2),162,175,337,32,10
전북,일반승용,볼보자동차코리아,볼보 EX30 Single Motor ER,247,268,515,49,15
전북,일반승용,볼보자동차코리아,볼보 EX30CC Twin Motor Perf,222,241,463,44,13
전북,일반승용,비와이디코리아,(단종)BYD ATTO 3,126,136,262,25,8
전북,일반승용,비와이디코리아,(단종)BYD DOLPHIN,109,118,227,22,7
전북,일반승용,비와이디코리아,(단종)BYD DOLPHIN Active,132,143,275,26,8
전북,일반승용,비와이디코리아,(단종)BYD SEAL,169,183,352,34,10
전북,일반승용,비와이디코리아,(단종)BYD SEAL Dynamic AWD,151,164,315,30,9
전북,일반승용,비와이디코리아,(단종)BYD SEALION 7,152,165,317,30,9
전북,일반승용,케이지모빌리티,토레스 EVX 18인치,354,384,738,71,21
전북,일반승용,케이지모빌리티,토레스 EVX 18인치(2026),361,392,753,72,22
전북,일반승용,케이지모빌리티,토레스 EVX 20인치,344,373,717,69,21
전북,일반승용,케이지모빌리티,토레스 EVX 20인치(2026),354,384,738,71,21
전북,일반승용,케이지모빌리티,(단종)토레스 EVX 2WD 18인치,327,355,682,65,20
전북,일반승용,케이지모빌리티,(단종)토레스 EVX 2WD 20인치,312,338,650,62,19
전북,일반승용,테슬라코리아,Model 3 Performance,200,217,417,40,12
전북,일반승용,테슬라코리아,Model 3 Premium Long Range RWD,420,456,876,84,25
전북,일반승용,테슬라코리아,Model 3 Premium Long Range RWD(5999만원),210,228,438,42,13
전북,일반승용,테슬라코리아,Model 3 RWD,168,182,350,34,10
전북,일반승용,테슬라코리아,Model 3 RWD(2025),168,182,350,34,10
전북,일반승용,테슬라코리아,Model Y L AWD,215,228,443,43,13
전북,일반승용,테슬라코리아,Model Y Long Range(2025),210,228,438,42,13
전북,일반승용,테슬라코리아,Model Y Premium Long Range,210,228,438,42,13
전북,일반승용,테슬라코리아,Model Y Premium RWD,170,184,354,34,10
전북,일반승용,테슬라코리아,Model Y RWD(2025),170,184,354,34,10
전북,일반승용,폭스바겐그룹코리아,ID.4 Pro,432,469,901,86,26
전북,일반승용,폭스바겐그룹코리아,Q4 45 e-tron,206,223,429,41,12
전북,일반승용,폭스바겐그룹코리아,Q4 Sportback 45 e-tron,206,223,429,41,12
전북,일반승용,폭스바겐그룹코리아,(단종)Q6 e-tron performance,220,238,458,44,13
전북,일반승용,폭스바겐그룹코리아,iD.5 Pro,473,513,986,95,29
전북,일반승용,현대자동차,ELECTRIFIED G80,270,293,563,54,16
전북,일반승용,현대자동차,ELECTRIFIED GV70 AWD 19인치,261,283,544,52,16
전북,일반승용,현대자동차,ELECTRIFIED GV70 AWD 20인치,245,266,511,49,15
전북,일반승용,현대자동차,GV60 스탠다드 2WD 19인치,285,309,594,57,17
전북,일반승용,현대자동차,GV60 스탠다드 AWD 19인치,272,295,567,54,16
전북,일반승용,현대자동차,GV60 스탠다드 AWD 20인치,261,283,544,52,16
전북,일반승용,현대자동차,더 뉴 아이오닉5 2WD 롱레인지 19인치,564,612,"1,176",100,30
전북,일반승용,현대자동차,더 뉴 아이오닉5 2WD 롱레인지 19인치 빌트인 캠 미적용,567,615,"1,182",100,30
전북,일반승용,현대자동차,더 뉴 아이오닉5 2WD 롱레인지 20인치,559,607,"1,166",100,30
전북,일반승용,현대자동차,더 뉴 아이오닉5 2WD 롱레인지 N라인 20인치,541,587,"1,128",100,30
전북,일반승용,현대자동차,더 뉴 아이오닉5 2WD 스탠다드 19인치,483,524,"1,007",97,29
전북,일반승용,현대자동차,더 뉴 아이오닉5 AWD 롱레인지 19인치,558,606,"1,164",100,30
전북,일반승용,현대자동차,더 뉴 아이오닉5 AWD 롱레인지 20인치,532,577,"1,109",100,30
전북,일반승용,현대자동차,더 뉴 아이오닉5 AWD 롱레인지 N라인 20인치,510,553,"1,063",100,30
전북,일반승용,현대자동차,더 뉴 아이오닉6 2WD 롱레인지 18인치,570,619,"1,189",100,30
전북,일반승용,현대자동차,더 뉴 아이오닉6 2WD 롱레인지 20인치,570,619,"1,189",100,30
전북,일반승용,현대자동차,더 뉴 아이오닉6 2WD 롱레인지 N라인 20인치,570,619,"1,189",100,30
전북,일반승용,현대자동차,더 뉴 아이오닉6 2WD 스탠다드 18인치,560,608,"1,168",100,30
전북,일반승용,현대자동차,더 뉴 아이오닉6 AWD 롱레인지 18인치,570,619,"1,189",100,30
전북,일반승용,현대자동차,더 뉴 아이오닉6 AWD 롱레인지 20인치,553,600,"1,153",100,30
전북,일반승용,현대자동차,더 뉴 아이오닉6 AWD 롱레인지 N라인 20인치,537,583,"1,120",100,30
전북,일반승용,현대자동차,스타리아 라운지 일렉트릭 7인승,229,248,477,46,14
전북,일반승용,현대자동차,스타리아 리무진 일렉트릭 6인승,229,248,477,46,14
전북,일반승용,현대자동차,아이오닉6 N,250,271,521,50,15
전북,일반승용,현대자동차,아이오닉9 성능형 AWD,272,295,567,54,16
전북,일반승용,현대자동차,아이오닉9 항속형 2WD,274,297,571,55,17
전북,일반승용,현대자동차,아이오닉9 항속형 AWD,271,294,565,54,16
전북,경·소형,현대자동차,캐스퍼 일렉트릭 기본형 15인치,490,462,952,98,29
전북,경·소형,현대자동차,캐스퍼 일렉트릭 크로스 17인치,487,459,946,97,29
전북,경·소형,현대자동차,캐스퍼 일렉트릭 항속형 15인치,490,462,952,98,29
전북,경·소형,현대자동차,캐스퍼 일렉트릭 항속형 17인치(라운지포함),490,462,952,98,29
전북,일반승용,현대자동차,코나 일렉트릭 2WD 롱레인지 17인치,514,558,"1,072",100,30
전북,일반승용,현대자동차,코나 일렉트릭 2WD 롱레인지 17인치 빌트인 캠 미적용,514,558,"1,072",100,30
전북,일반승용,현대자동차,코나 일렉트릭 2WD 롱레인지 19인치,459,498,957,92,28
전북,일반승용,현대자동차,코나 일렉트릭 2WD 스탠다드 17인치,437,474,911,87,26
전북,일반승용,BMW,MINI Aceman E,400,434,834,80,24
전북,일반승용,BMW,MINI Aceman SE,400,434,834,80,24
전북,일반승용,BMW,MINI Cooper SE,396,430,826,79,24
전북,일반승용,BMW,MINI Countryman E,217,235,452,43,13
전북,일반승용,BMW,MINI Countryman SE ALL4,203,220,423,41,12
전북,일반승용,BMW,MINI JCW Aceman E,197,213,410,39,12
전북,일반승용,BMW,MINI JCW E,191,207,398,38,11
전북,일반승용,BMW,i4 M60 LCI (71HD),233,253,486,47,14
전북,일반승용,BMW,i4 eDrive 40 LCI(21HD),244,265,509,49,15
전북,일반승용,BMW,i4 eDrive 40 LCI(61HD),256,278,534,51,15
전북,일반승용,BMW,i5 eDrive 40,262,284,546,52,16
전북,일반승용,BMW,iX1 eDrive20,212,230,442,42,13
전북,일반승용,BMW,iX1 xDrive30,192,208,400,38,11
전북,일반승용,BMW,iX2 eDrive20,214,232,446,43,13
전북,일반승용,BMW,iX3 50 xDrive,275,298,573,55,17
전북,일반승용,기아,EV3 GT,248,269,517,50,15
전북,일반승용,기아,EV3 롱레인지 2WD 17인치,555,602,"1,157",100,30
전북,일반승용,기아,EV3 롱레인지 2WD 19인치,555,602,"1,157",100,30
전북,일반승용,기아,EV3 롱레인지 4WD 19인치,539,585,"1,124",100,30
전북,일반승용,기아,EV3 스탠다드 2WD,469,509,978,94,28
전북,일반승용,기아,EV4 GT,255,276,531,51,15
전북,일반승용,기아,EV4 롱레인지 2WD 17인치,555,602,"1,157",100,30
전북,일반승용,기아,EV4 롱레인지 2WD 19인치,555,602,"1,157",100,30
전북,일반승용,기아,EV4 롱레인지 4WD 19인치,554,601,"1,155",100,30
전북,일반승용,기아,EV4 롱레인지 GTL 2WD 19인치,555,602,"1,157",100,30
전북,일반승용,기아,EV4 스탠다드 2WD 17인치,512,556,"1,068",100,30
전북,일반승용,기아,EV4 스탠다드 2WD 19인치,481,522,"1,003",96,29
전북,일반승용,기아,EV5 GT,232,252,484,46,14
전북,일반승용,기아,EV5 롱레인지 2WD,552,599,"1,151",100,30
전북,일반승용,기아,EV5 롱레인지 4WD 18인치,499,542,"1,041",100,30
전북,일반승용,기아,EV5 롱레인지 4WD 19인치,493,535,"1,028",99,30
전북,일반승용,기아,EV9 GT,245,266,511,49,15
전북,일반승용,기아,EV9 롱레인지 2WD 19인치,270,293,563,54,16
전북,일반승용,기아,EV9 롱레인지 2WD 20인치,268,291,559,54,16
전북,일반승용,기아,EV9 롱레인지 4WD 19인치,254,275,529,51,15
전북,일반승용,기아,EV9 롱레인지 4WD 21인치,260,282,542,52,16
전북,일반승용,기아,EV9 롱레인지 GTL 4WD 21인치,252,273,525,50,15
전북,일반승용,기아,EV9 스탠다드,237,257,494,47,14
전북,일반승용,기아,PV5 패신저 5인승 롱레인지,458,497,955,92,28
전북,일반승용,기아,Pv5 WAV(비용 미지원),648,703,"1,351",100,30
전북,일반승용,기아,Pv5 WAV(비용 지원),448,486,934,90,27
전북,일반승용,기아,(단종)The all-new Kia Niro EV,489,531,"1,020",98,29
전북,일반승용,기아,더뉴EV6 롱레인지 2WD 19인치,570,619,"1,189",100,30
전북,일반승용,기아,더뉴EV6 롱레인지 2WD 20인치,559,607,"1,166",100,30
전북,일반승용,기아,더뉴EV6 롱레인지 4WD 19인치,561,609,"1,170",100,30
전북,일반승용,기아,더뉴EV6 롱레인지 4WD 20인치,532,577,"1,109",100,30
전북,일반승용,기아,더뉴EV6 스탠다드,501,544,"1,045",100,30
전북,경·소형,기아,레이 EV 2WD 14인치 1인승 밴,457,431,888,91,27
전북,경·소형,기아,레이 EV 2WD 14인치 2인승 밴,457,431,888,91,27
전북,경·소형,기아,레이 EV 2WD 14인치 4인승 승용,457,431,888,91,27
전북,일반승용,메르세데스벤츠코리아,EQA 250(Facelift),190,206,396,38,11
전북,일반승용,메르세데스벤츠코리아,EQB 300 4MATIC(Facelift),154,167,321,31,9
전북,일반승용,메르세데스벤츠코리아,EQB 300 4MATIC(Facelift)(CY25/2),162,175,337,32,10
전북,일반승용,볼보자동차코리아,볼보 EX30 Single Motor ER,247,268,515,49,15
전북,일반승용,볼보자동차코리아,볼보 EX30CC Twin Motor Perf,222,241,463,44,13
전북,일반승용,비와이디코리아,(단종)BYD ATTO 3,126,136,262,25,8
전북,일반승용,비와이디코리아,(단종)BYD DOLPHIN,109,118,227,22,7
전북,일반승용,비와이디코리아,(단종)BYD DOLPHIN Active,132,143,275,26,8
전북,일반승용,비와이디코리아,(단종)BYD SEAL,169,183,352,34,10
전북,일반승용,비와이디코리아,(단종)BYD SEAL Dynamic AWD,151,164,315,30,9
전북,일반승용,비와이디코리아,(단종)BYD SEALION 7,152,165,317,30,9
전북,일반승용,케이지모빌리티,토레스 EVX 18인치,354,384,738,71,21
전북,일반승용,케이지모빌리티,토레스 EVX 18인치(2026),361,392,753,72,22
전북,일반승용,케이지모빌리티,토레스 EVX 20인치,344,373,717,69,21
전북,일반승용,케이지모빌리티,토레스 EVX 20인치(2026),354,384,738,71,21
전북,일반승용,케이지모빌리티,(단종)토레스 EVX 2WD 18인치,327,355,682,65,20
전북,일반승용,케이지모빌리티,(단종)토레스 EVX 2WD 20인치,312,338,650,62,19
전북,일반승용,테슬라코리아,Model 3 Performance,200,217,417,40,12
전북,일반승용,테슬라코리아,Model 3 Premium Long Range RWD,420,456,876,84,25
전북,일반승용,테슬라코리아,Model 3 RWD,168,182,350,34,10
전북,일반승용,테슬라코리아,Model 3 RWD(2025),168,182,350,34,10
전북,일반승용,테슬라코리아,Model Y L AWD,215,228,443,43,13
전북,일반승용,테슬라코리아,Model Y Long Range(2025),210,228,438,42,13
전북,일반승용,테슬라코리아,Model Y Premium Long Range,210,228,438,42,13
전북,일반승용,테슬라코리아,Model Y Premium RWD,170,184,354,34,10
전북,일반승용,테슬라코리아,Model Y RWD(2025),170,184,354,34,10
전북,일반승용,폭스바겐그룹코리아,ID.4 Pro,432,469,901,86,26
전북,일반승용,폭스바겐그룹코리아,Q4 45 e-tron,206,223,429,41,12
전북,일반승용,폭스바겐그룹코리아,Q4 Sportback 45 e-tron,206,223,429,41,12
전북,일반승용,폭스바겐그룹코리아,(단종)Q6 e-tron performance,220,238,458,44,13
전북,일반승용,폭스바겐그룹코리아,iD.5 Pro,473,513,986,95,29
전북,일반승용,현대자동차,ELECTRIFIED G80,270,293,563,54,16
전북,일반승용,현대자동차,ELECTRIFIED GV70 AWD 19인치,261,283,544,52,16
전북,일반승용,현대자동차,ELECTRIFIED GV70 AWD 20인치,245,266,511,49,15
전북,일반승용,현대자동차,GV60 스탠다드 2WD 19인치,285,309,594,57,17
전북,일반승용,현대자동차,GV60 스탠다드 AWD 19인치,272,295,567,54,16
전북,일반승용,현대자동차,GV60 스탠다드 AWD 20인치,261,283,544,52,16
전북,일반승용,현대자동차,더 뉴 아이오닉5 2WD 롱레인지 19인치,564,612,"1,176",100,30
전북,일반승용,현대자동차,더 뉴 아이오닉5 2WD 롱레인지 19인치 빌트인 캠 미적용,567,615,"1,182",100,30
전북,일반승용,현대자동차,더 뉴 아이오닉5 2WD 롱레인지 20인치,559,607,"1,166",100,30
전북,일반승용,현대자동차,더 뉴 아이오닉5 2WD 롱레인지 N라인 20인치,541,587,"1,128",100,30
전북,일반승용,현대자동차,더 뉴 아이오닉5 2WD 스탠다드 19인치,483,524,"1,007",97,29
전북,일반승용,현대자동차,더 뉴 아이오닉5 AWD 롱레인지 19인치,558,606,"1,164",100,30
전북,일반승용,현대자동차,더 뉴 아이오닉5 AWD 롱레인지 20인치,532,577,"1,109",100,30
전북,일반승용,현대자동차,더 뉴 아이오닉5 AWD 롱레인지 N라인 20인치,510,553,"1,063",100,30
전북,일반승용,현대자동차,더 뉴 아이오닉6 2WD 롱레인지 18인치,570,619,"1,189",100,30
전북,일반승용,현대자동차,더 뉴 아이오닉6 2WD 롱레인지 20인치,570,619,"1,189",100,30
전북,일반승용,현대자동차,더 뉴 아이오닉6 2WD 롱레인지 N라인 20인치,570,619,"1,189",100,30
전북,일반승용,현대자동차,더 뉴 아이오닉6 2WD 스탠다드 18인치,560,608,"1,168",100,30
전북,일반승용,현대자동차,더 뉴 아이오닉6 AWD 롱레인지 18인치,570,619,"1,189",100,30
전북,일반승용,현대자동차,더 뉴 아이오닉6 AWD 롱레인지 20인치,553,600,"1,153",100,30
전북,일반승용,현대자동차,더 뉴 아이오닉6 AWD 롱레인지 N라인 20인치,537,583,"1,120",100,30
전북,일반승용,현대자동차,스타리아 라운지 일렉트릭 7인승,229,248,477,46,14
전북,일반승용,현대자동차,스타리아 리무진 일렉트릭 6인승,229,248,477,46,14
전북,일반승용,현대자동차,아이오닉6 N,250,271,521,50,15
전북,일반승용,현대자동차,아이오닉9 성능형 AWD,272,295,567,54,16
전북,일반승용,현대자동차,아이오닉9 항속형 2WD,274,297,571,55,17
전북,일반승용,현대자동차,아이오닉9 항속형 AWD,271,294,565,54,16
전북,경·소형,현대자동차,캐스퍼 일렉트릭 기본형 15인치,490,462,952,98,29
전북,경·소형,현대자동차,캐스퍼 일렉트릭 크로스 17인치,487,459,946,97,29
전북,경·소형,현대자동차,캐스퍼 일렉트릭 항속형 15인치,490,462,952,98,29
전북,경·소형,현대자동차,캐스퍼 일렉트릭 항속형 17인치(라운지포함),490,462,952,98,29
전북,일반승용,현대자동차,코나 일렉트릭 2WD 롱레인지 17인치,514,558,"1,072",100,30
전북,일반승용,현대자동차,코나 일렉트릭 2WD 롱레인지 17인치 빌트인 캠 미적용,514,558,"1,072",100,30
전북,일반승용,현대자동차,코나 일렉트릭 2WD 롱레인지 19인치,459,498,957,92,28
전북,일반승용,현대자동차,코나 일렉트릭 2WD 스탠다드 17인치,437,474,911,87,26
전남,일반승용,BMW,MINI Aceman E,400,280,680,80,24
전남,일반승용,BMW,MINI Aceman SE,400,280,680,80,24
전남,일반승용,BMW,MINI Cooper SE,396,277,673,79,24
전남,일반승용,BMW,MINI Countryman E,217,151,368,43,13
전남,일반승용,BMW,MINI Countryman SE ALL4,203,142,345,41,12
전남,일반승용,BMW,MINI JCW Aceman E,197,137,334,39,12
전남,일반승용,BMW,MINI JCW E,191,133,324,38,11
전남,일반승용,BMW,i4 M60 LCI (71HD),233,163,396,47,14
전남,일반승용,BMW,i4 eDrive 40 LCI(21HD),244,170,414,49,15
전남,일반승용,BMW,i4 eDrive 40 LCI(61HD),256,179,435,51,15
전남,일반승용,BMW,i5 eDrive 40,262,183,445,52,16
전남,일반승용,BMW,iX1 eDrive20,212,148,360,42,13
전남,일반승용,BMW,iX1 xDrive30,192,134,326,38,11
전남,일반승용,BMW,iX2 eDrive20,214,149,363,43,13
전남,일반승용,기아,EV3 GT,248,173,421,50,15
전남,일반승용,기아,EV3 롱레인지 2WD 17인치,555,388,943,100,30
전남,일반승용,기아,EV3 롱레인지 2WD 19인치,555,388,943,100,30
전남,일반승용,기아,EV3 롱레인지 4WD 19인치,539,377,916,100,30
전남,일반승용,기아,EV3 스탠다드 2WD,469,328,797,94,28
전남,일반승용,기아,EV4 GT,255,179,434,51,15
전남,일반승용,기아,EV4 롱레인지 2WD 17인치,555,388,943,100,30
전남,일반승용,기아,EV4 롱레인지 2WD 19인치,555,388,943,100,30
전남,일반승용,기아,EV4 롱레인지 4WD 19인치,554,388,942,100,30
전남,일반승용,기아,EV4 롱레인지 GTL 2WD 19인치,555,388,943,100,30
전남,일반승용,기아,EV4 스탠다드 2WD 17인치,512,358,870,100,30
전남,일반승용,기아,EV4 스탠다드 2WD 19인치,481,336,817,96,29
전남,일반승용,기아,EV5 GT,232,162,394,46,14
전남,일반승용,기아,EV5 롱레인지 2WD,552,386,938,100,30
전남,일반승용,기아,EV5 롱레인지 4WD 18인치,499,349,848,100,30
전남,일반승용,기아,EV5 롱레인지 4WD 19인치,493,345,838,99,30
전남,일반승용,기아,EV9 GT,245,172,417,49,15
전남,일반승용,기아,EV9 롱레인지 2WD 19인치,270,189,459,54,16
전남,일반승용,기아,EV9 롱레인지 2WD 20인치,268,187,455,54,16
전남,일반승용,기아,EV9 롱레인지 4WD 19인치,254,177,431,51,15
전남,일반승용,기아,EV9 롱레인지 4WD 21인치,260,182,442,52,16
전남,일반승용,기아,EV9 롱레인지 GTL 4WD 21인치,252,176,428,50,15
전남,일반승용,기아,EV9 스탠다드,237,165,402,47,14
전남,일반승용,기아,PV5 패신저 5인승 롱레인지,458,320,778,92,28
전남,일반승용,기아,Pv5 WAV(비용 미지원),648,453,"1,101",100,30
전남,일반승용,기아,Pv5 WAV(비용 지원),448,313,761,90,27
전남,일반승용,기아,(단종)The all-new Kia Niro EV,489,342,831,98,29
전남,일반승용,기아,더뉴EV6 롱레인지 2WD 19인치,570,399,969,100,30
전남,일반승용,기아,더뉴EV6 롱레인지 2WD 20인치,559,391,950,100,30
전남,일반승용,기아,더뉴EV6 롱레인지 4WD 19인치,561,392,953,100,30
전남,일반승용,기아,더뉴EV6 롱레인지 4WD 20인치,532,372,904,100,30
전남,일반승용,기아,더뉴EV6 스탠다드,501,350,851,100,30
전남,경·소형,기아,레이 EV 2WD 14인치 1인승 밴,457,319,776,91,27
전남,경·소형,기아,레이 EV 2WD 14인치 2인승 밴,457,319,776,91,27
전남,경·소형,기아,레이 EV 2WD 14인치 4인승 승용,457,319,776,91,27
전남,일반승용,메르세데스벤츠코리아,EQA 250(Facelift),190,133,323,38,11
전남,일반승용,메르세데스벤츠코리아,EQB 300 4MATIC(Facelift),154,107,261,31,9
전남,일반승용,메르세데스벤츠코리아,EQB 300 4MATIC(Facelift)(CY25/2),162,113,275,32,10
전남,일반승용,비와이디코리아,(단종)BYD ATTO 3,126,150,276,25,8
전남,일반승용,비와이디코리아,(단종)BYD DOLPHIN,109,150,259,22,7
전남,일반승용,비와이디코리아,(단종)BYD DOLPHIN Active,132,150,282,26,8
전남,일반승용,비와이디코리아,(단종)BYD SEAL,169,150,319,34,10
전남,일반승용,비와이디코리아,(단종)BYD SEAL Dynamic AWD,151,150,301,30,9
전남,일반승용,비와이디코리아,(단종)BYD SEALION 7,152,150,302,30,9
전남,일반승용,케이지모빌리티,토레스 EVX 18인치,354,247,601,71,21
전남,일반승용,케이지모빌리티,토레스 EVX 18인치(2026),361,252,613,72,22
전남,일반승용,케이지모빌리티,토레스 EVX 20인치,344,240,584,69,21
전남,일반승용,케이지모빌리티,토레스 EVX 20인치(2026),354,247,601,71,21
전남,일반승용,케이지모빌리티,(단종)토레스 EVX 2WD 18인치,327,228,555,65,20
전남,일반승용,케이지모빌리티,(단종)토레스 EVX 2WD 20인치,312,218,530,62,19
전남,일반승용,테슬라코리아,Model 3 Performance,200,140,340,40,12
전남,일반승용,테슬라코리아,Model 3 Premium Long Range RWD,420,294,714,84,25
전남,일반승용,테슬라코리아,Model 3 RWD,168,118,286,34,10
전남,일반승용,테슬라코리아,Model 3 RWD(2025),168,118,286,34,10
전남,일반승용,테슬라코리아,Model Y L AWD,215,147,362,43,13
전남,일반승용,테슬라코리아,Model Y Long Range(2025),210,147,357,42,13
전남,일반승용,테슬라코리아,Model Y Premium Long Range,210,147,357,42,13
전남,일반승용,테슬라코리아,Model Y Premium RWD,170,119,289,34,10
전남,일반승용,테슬라코리아,Model Y RWD(2025),170,119,289,34,10
전남,일반승용,폭스바겐그룹코리아,ID.4 Pro,432,302,734,86,26
전남,일반승용,폭스바겐그룹코리아,Q4 45 e-tron,206,144,350,41,12
전남,일반승용,폭스바겐그룹코리아,Q4 Sportback 45 e-tron,206,144,350,41,12
전남,일반승용,폭스바겐그룹코리아,(단종)Q6 e-tron performance,220,154,374,44,13
전남,일반승용,현대자동차,ELECTRIFIED G80,270,189,459,54,16
전남,일반승용,현대자동차,ELECTRIFIED GV70 AWD 19인치,261,182,443,52,16
전남,일반승용,현대자동차,ELECTRIFIED GV70 AWD 20인치,245,171,416,49,15
전남,일반승용,현대자동차,GV60 스탠다드 2WD 19인치,285,199,484,57,17
전남,일반승용,현대자동차,GV60 스탠다드 AWD 19인치,272,190,462,54,16
전남,일반승용,현대자동차,GV60 스탠다드 AWD 20인치,261,182,443,52,16
전남,일반승용,현대자동차,더 뉴 아이오닉5 2WD 롱레인지 19인치,564,394,958,100,30
전남,일반승용,현대자동차,더 뉴 아이오닉5 2WD 롱레인지 19인치 빌트인 캠 미적용,567,396,963,100,30
전남,일반승용,현대자동차,더 뉴 아이오닉5 2WD 롱레인지 20인치,559,391,950,100,30
전남,일반승용,현대자동차,더 뉴 아이오닉5 2WD 롱레인지 N라인 20인치,541,378,919,100,30
전남,일반승용,현대자동차,더 뉴 아이오닉5 2WD 스탠다드 19인치,483,338,821,97,29
전남,일반승용,현대자동차,더 뉴 아이오닉5 AWD 롱레인지 19인치,558,390,948,100,30
전남,일반승용,현대자동차,더 뉴 아이오닉5 AWD 롱레인지 20인치,532,372,904,100,30
전남,일반승용,현대자동차,더 뉴 아이오닉5 AWD 롱레인지 N라인 20인치,510,357,867,100,30
전남,일반승용,현대자동차,더 뉴 아이오닉6 2WD 롱레인지 18인치,570,399,969,100,30
전남,일반승용,현대자동차,더 뉴 아이오닉6 2WD 롱레인지 20인치,570,399,969,100,30
전남,일반승용,현대자동차,더 뉴 아이오닉6 2WD 롱레인지 N라인 20인치,570,399,969,100,30
전남,일반승용,현대자동차,더 뉴 아이오닉6 2WD 스탠다드 18인치,560,392,952,100,30
전남,일반승용,현대자동차,더 뉴 아이오닉6 AWD 롱레인지 18인치,570,399,969,100,30
전남,일반승용,현대자동차,더 뉴 아이오닉6 AWD 롱레인지 20인치,553,387,940,100,30
전남,일반승용,현대자동차,더 뉴 아이오닉6 AWD 롱레인지 N라인 20인치,537,375,912,100,30
전남,일반승용,현대자동차,아이오닉6 N,250,175,425,50,15
전남,일반승용,현대자동차,아이오닉9 성능형 AWD,272,190,462,54,16
전남,일반승용,현대자동차,아이오닉9 항속형 2WD,274,191,465,55,17
전남,일반승용,현대자동차,아이오닉9 항속형 AWD,271,189,460,54,16
전남,경·소형,현대자동차,캐스퍼 일렉트릭 기본형 15인치,490,343,833,98,29
전남,경·소형,현대자동차,캐스퍼 일렉트릭 크로스 17인치,487,340,827,97,29
전남,경·소형,현대자동차,캐스퍼 일렉트릭 항속형 15인치,490,343,833,98,29
전남,경·소형,현대자동차,캐스퍼 일렉트릭 항속형 17인치(라운지포함),490,343,833,98,29
전남,일반승용,현대자동차,코나 일렉트릭 2WD 롱레인지 17인치,514,359,873,100,30
전남,일반승용,현대자동차,코나 일렉트릭 2WD 롱레인지 17인치 빌트인 캠 미적용,514,359,873,100,30
전남,일반승용,현대자동차,코나 일렉트릭 2WD 롱레인지 19인치,459,321,780,92,28
전남,일반승용,현대자동차,코나 일렉트릭 2WD 스탠다드 17인치,437,305,742,87,26
전남,일반승용,BMW,MINI Aceman E,400,280,680,80,24
전남,일반승용,BMW,MINI Aceman SE,400,280,680,80,24
전남,일반승용,BMW,MINI Cooper SE,396,277,673,79,24
전남,일반승용,BMW,MINI Countryman E,217,151,368,43,13
전남,일반승용,BMW,MINI Countryman SE ALL4,203,142,345,41,12
전남,일반승용,BMW,MINI JCW Aceman E,197,137,334,39,12
전남,일반승용,BMW,MINI JCW E,191,133,324,38,11
전남,일반승용,BMW,i4 M60 LCI (71HD),233,163,396,47,14
전남,일반승용,BMW,i4 eDrive 40 LCI(21HD),244,170,414,49,15
전남,일반승용,BMW,i4 eDrive 40 LCI(61HD),256,179,435,51,15
전남,일반승용,BMW,i5 eDrive 40,262,183,445,52,16
전남,일반승용,BMW,iX1 eDrive20,212,148,360,42,13
전남,일반승용,BMW,iX1 eDrive20(11HM),235,165,400,47,14
전남,일반승용,BMW,iX1 xDrive30,192,134,326,38,11
전남,일반승용,BMW,iX2 eDrive20,214,149,363,43,13
전남,일반승용,BMW,iX2 eDrive20(71GN),239,167,406,48,14
전남,일반승용,BMW,iX3 50 xDrive,275,193,468,55,17
전남,일반승용,기아,EV3 GT,248,173,421,50,15
전남,일반승용,기아,EV3 롱레인지 2WD 17인치,555,388,943,100,30
전남,일반승용,기아,EV3 롱레인지 2WD 19인치,555,388,943,100,30
전남,일반승용,기아,EV3 롱레인지 4WD 19인치,539,377,916,100,30
전남,일반승용,기아,EV3 스탠다드 2WD,469,328,797,94,28
전남,일반승용,기아,EV4 GT,255,178,433,51,15
전남,일반승용,기아,EV4 롱레인지 2WD 17인치,555,388,943,100,30
전남,일반승용,기아,EV4 롱레인지 2WD 19인치,555,388,943,100,30
전남,일반승용,기아,EV4 롱레인지 4WD 19인치,554,387,941,100,30
전남,일반승용,기아,EV4 롱레인지 GTL 2WD 19인치,555,388,943,100,30
전남,일반승용,기아,EV4 스탠다드 2WD 17인치,512,358,870,100,30
전남,일반승용,기아,EV4 스탠다드 2WD 19인치,481,336,817,96,29
전남,일반승용,기아,EV5 GT,232,162,394,46,14
전남,일반승용,기아,EV5 롱레인지 2WD,552,386,938,100,30
전남,일반승용,기아,EV5 롱레인지 4WD 18인치,499,349,848,100,30
전남,일반승용,기아,EV5 롱레인지 4WD 19인치,493,345,838,99,30
전남,일반승용,기아,EV9 GT,245,171,416,49,15
전남,일반승용,기아,EV9 롱레인지 2WD 19인치,270,189,459,54,16
전남,일반승용,기아,EV9 롱레인지 2WD 20인치,268,187,455,54,16
전남,일반승용,기아,EV9 롱레인지 4WD 19인치,254,177,431,51,15
전남,일반승용,기아,EV9 롱레인지 4WD 21인치,260,182,442,52,16
전남,일반승용,기아,EV9 롱레인지 GTL 4WD 21인치,252,176,428,50,15
전남,일반승용,기아,EV9 스탠다드,237,165,402,47,14
전남,일반승용,기아,PV5 패신저 5인승 롱레인지,458,320,778,92,28
전남,일반승용,기아,Pv5 WAV(비용 미지원),648,453,"1,101",100,30
전남,일반승용,기아,Pv5 WAV(비용 지원),448,313,761,90,27
전남,일반승용,기아,(단종)The all-new Kia Niro EV,489,0,489,98,29
전남,일반승용,기아,더뉴EV6 롱레인지 2WD 19인치,570,399,969,100,30
전남,일반승용,기아,더뉴EV6 롱레인지 2WD 20인치,559,391,950,100,30
전남,일반승용,기아,더뉴EV6 롱레인지 4WD 19인치,561,392,953,100,30
전남,일반승용,기아,더뉴EV6 롱레인지 4WD 20인치,532,372,904,100,30
전남,일반승용,기아,더뉴EV6 스탠다드,501,350,851,100,30
전남,경·소형,기아,레이 EV 2WD 14인치 1인승 밴,457,319,776,91,27
전남,경·소형,기아,레이 EV 2WD 14인치 2인승 밴,457,319,776,91,27
전남,경·소형,기아,레이 EV 2WD 14인치 4인승 승용,457,319,776,91,27
전남,일반승용,메르세데스벤츠코리아,EQA 250(Facelift),190,133,323,38,11
전남,일반승용,메르세데스벤츠코리아,EQB 300 4MATIC(Facelift),154,107,261,31,9
전남,일반승용,메르세데스벤츠코리아,EQB 300 4MATIC(Facelift)(CY25/2),162,113,275,32,10
전남,일반승용,볼보자동차코리아,볼보 EX30 Single Motor ER,247,173,420,49,15
전남,일반승용,볼보자동차코리아,볼보 EX30CC Twin Motor Perf,222,155,377,44,13
전남,일반승용,비와이디코리아,(단종)BYD ATTO 3,126,0,126,25,8
전남,일반승용,비와이디코리아,(단종)BYD DOLPHIN,109,0,109,22,7
전남,일반승용,비와이디코리아,(단종)BYD DOLPHIN Active,132,0,132,26,8
전남,일반승용,비와이디코리아,(단종)BYD SEAL,169,0,169,34,10
전남,일반승용,비와이디코리아,(단종)BYD SEAL Dynamic AWD,151,0,151,30,9
전남,일반승용,비와이디코리아,(단종)BYD SEALION 7,152,0,152,30,9
전남,일반승용,케이지모빌리티,토레스 EVX 18인치,354,247,601,71,21
전남,일반승용,케이지모빌리티,토레스 EVX 18인치(2026),361,252,613,72,22
전남,일반승용,케이지모빌리티,토레스 EVX 20인치,344,240,584,69,21
전남,일반승용,케이지모빌리티,토레스 EVX 20인치(2026),354,247,601,71,21
전남,일반승용,케이지모빌리티,(단종)토레스 EVX 2WD 18인치,327,0,327,65,20
전남,일반승용,케이지모빌리티,(단종)토레스 EVX 2WD 20인치,312,0,312,62,19
전남,일반승용,테슬라코리아,Model 3 Performance,200,140,340,40,12
전남,일반승용,테슬라코리아,Model 3 Premium Long Range RWD,420,294,714,84,25
전남,일반승용,테슬라코리아,Model 3 Premium Long Range RWD(5999만원),210,147,357,42,13
전남,일반승용,테슬라코리아,Model 3 RWD,168,150,318,34,10
전남,일반승용,테슬라코리아,Model 3 RWD(2025),168,118,286,34,10
전남,일반승용,테슬라코리아,Model Y L AWD,215,150,365,43,13
전남,일반승용,테슬라코리아,Model Y Long Range(2025),210,147,357,42,13
전남,일반승용,테슬라코리아,Model Y Premium Long Range,210,147,357,42,13
전남,일반승용,테슬라코리아,Model Y Premium RWD,170,119,289,34,10
전남,일반승용,테슬라코리아,Model Y RWD(2025),170,119,289,34,10
전남,일반승용,폭스바겐그룹코리아,ID.4 Pro,432,302,734,86,26
전남,일반승용,폭스바겐그룹코리아,Q4 45 e-tron,206,144,350,41,12
전남,일반승용,폭스바겐그룹코리아,Q4 Sportback 45 e-tron,206,144,350,41,12
전남,일반승용,폭스바겐그룹코리아,(단종)Q6 e-tron performance,220,0,220,44,13
전남,일반승용,폭스바겐그룹코리아,iD.5 Pro,473,331,804,95,29
전남,일반승용,폴스타오토모티브코리아,Polestar 4 Coupe Dual Motor,168,118,286,34,10
전남,일반승용,폴스타오토모티브코리아,Polestar 4 Coupe Rear Motor,181,127,308,36,11
전남,일반승용,현대자동차,ELECTRIFIED G80,270,189,459,54,16
전남,일반승용,현대자동차,ELECTRIFIED GV70 AWD 19인치,261,182,443,52,16
전남,일반승용,현대자동차,ELECTRIFIED GV70 AWD 20인치,245,171,416,49,15
전남,일반승용,현대자동차,GV60 스탠다드 2WD 19인치,285,199,484,57,17
전남,일반승용,현대자동차,GV60 스탠다드 AWD 19인치,272,190,462,54,16
전남,일반승용,현대자동차,GV60 스탠다드 AWD 20인치,261,182,443,52,16
전남,일반승용,현대자동차,더 뉴 아이오닉5 2WD 롱레인지 19인치,564,394,958,100,30
전남,일반승용,현대자동차,더 뉴 아이오닉5 2WD 롱레인지 19인치 빌트인 캠 미적용,567,396,963,100,30
전남,일반승용,현대자동차,더 뉴 아이오닉5 2WD 롱레인지 20인치,559,391,950,100,30
전남,일반승용,현대자동차,더 뉴 아이오닉5 2WD 롱레인지 N라인 20인치,541,378,919,100,30
전남,일반승용,현대자동차,더 뉴 아이오닉5 2WD 스탠다드 19인치,483,338,821,97,29
전남,일반승용,현대자동차,더 뉴 아이오닉5 AWD 롱레인지 19인치,558,390,948,100,30
전남,일반승용,현대자동차,더 뉴 아이오닉5 AWD 롱레인지 20인치,532,372,904,100,30
전남,일반승용,현대자동차,더 뉴 아이오닉5 AWD 롱레인지 N라인 20인치,510,357,867,100,30
전남,일반승용,현대자동차,더 뉴 아이오닉6 2WD 롱레인지 18인치,570,399,969,100,30
전남,일반승용,현대자동차,더 뉴 아이오닉6 2WD 롱레인지 20인치,570,399,969,100,30
전남,일반승용,현대자동차,더 뉴 아이오닉6 2WD 롱레인지 N라인 20인치,570,399,969,100,30
전남,일반승용,현대자동차,더 뉴 아이오닉6 2WD 스탠다드 18인치,560,392,952,100,30
전남,일반승용,현대자동차,더 뉴 아이오닉6 AWD 롱레인지 18인치,570,399,969,100,30
전남,일반승용,현대자동차,더 뉴 아이오닉6 AWD 롱레인지 20인치,553,387,940,100,30
전남,일반승용,현대자동차,더 뉴 아이오닉6 AWD 롱레인지 N라인 20인치,537,375,912,100,30
전남,일반승용,현대자동차,스타리아 라운지 일렉트릭 7인승,229,160,389,46,14
전남,일반승용,현대자동차,스타리아 리무진 일렉트릭 6인승,229,160,389,46,14
전남,일반승용,현대자동차,아이오닉6 N,250,175,425,50,15
전남,일반승용,현대자동차,아이오닉9 성능형 AWD,272,190,462,54,16
전남,일반승용,현대자동차,아이오닉9 항속형 2WD,274,191,465,55,17
전남,일반승용,현대자동차,아이오닉9 항속형 AWD,271,189,460,54,16
전남,경·소형,현대자동차,캐스퍼 일렉트릭 기본형 15인치,490,343,833,98,29
전남,경·소형,현대자동차,캐스퍼 일렉트릭 크로스 17인치,487,340,827,97,29
전남,경·소형,현대자동차,캐스퍼 일렉트릭 항속형 15인치,490,343,833,98,29
전남,경·소형,현대자동차,캐스퍼 일렉트릭 항속형 17인치(라운지포함),490,343,833,98,29
전남,일반승용,현대자동차,코나 일렉트릭 2WD 롱레인지 17인치,514,359,873,100,30
전남,일반승용,현대자동차,코나 일렉트릭 2WD 롱레인지 17인치 빌트인 캠 미적용,514,359,873,100,30
전남,일반승용,현대자동차,코나 일렉트릭 2WD 롱레인지 19인치,459,321,780,92,28
전남,일반승용,현대자동차,코나 일렉트릭 2WD 스탠다드 17인치,437,305,742,87,26
전남,일반승용,BMW,MINI Aceman E,400,280,680,80,24
전남,일반승용,BMW,MINI Aceman SE,400,280,680,80,24
전남,일반승용,BMW,MINI Cooper SE,396,277,673,79,24
전남,일반승용,BMW,MINI Countryman E,217,151,368,43,13
전남,일반승용,BMW,MINI Countryman SE ALL4,203,142,345,41,12
전남,일반승용,BMW,MINI JCW Aceman E,197,137,334,39,12
전남,일반승용,BMW,MINI JCW E,191,133,324,38,11
전남,일반승용,BMW,i4 M60 LCI (71HD),233,163,396,47,14
전남,일반승용,BMW,i4 eDrive 40 LCI(21HD),244,170,414,49,15
전남,일반승용,BMW,i4 eDrive 40 LCI(61HD),256,179,435,51,15
전남,일반승용,BMW,i5 eDrive 40,262,183,445,52,16
전남,일반승용,BMW,iX1 eDrive20,212,148,360,42,13
전남,일반승용,BMW,iX1 eDrive20(11HM),235,164,399,47,14
전남,일반승용,BMW,iX1 xDrive30,192,134,326,38,11
전남,일반승용,BMW,iX2 eDrive20,214,149,363,43,13
전남,일반승용,BMW,iX2 eDrive20(71GN),239,167,406,48,14
전남,일반승용,BMW,iX3 50 xDrive,275,192,467,55,17
전남,일반승용,기아,EV3 GT,248,173,421,50,15
전남,일반승용,기아,EV3 롱레인지 2WD 17인치,555,388,943,100,30
전남,일반승용,기아,EV3 롱레인지 2WD 19인치,555,388,943,100,30
전남,일반승용,기아,EV3 롱레인지 4WD 19인치,539,377,916,100,30
전남,일반승용,기아,EV3 스탠다드 2WD,469,328,797,94,28
전남,일반승용,기아,EV4 GT,255,178,433,51,15
전남,일반승용,기아,EV4 롱레인지 2WD 17인치,555,388,943,100,30
전남,일반승용,기아,EV4 롱레인지 2WD 19인치,555,388,943,100,30
전남,일반승용,기아,EV4 롱레인지 4WD 19인치,554,387,941,100,30
전남,일반승용,기아,EV4 롱레인지 GTL 2WD 19인치,555,388,943,100,30
전남,일반승용,기아,EV4 스탠다드 2WD 17인치,512,358,870,100,30
전남,일반승용,기아,EV4 스탠다드 2WD 19인치,481,336,817,96,29
전남,일반승용,기아,EV5 GT,232,162,394,46,14
전남,일반승용,기아,EV5 롱레인지 2WD,552,386,938,100,30
전남,일반승용,기아,EV5 롱레인지 4WD 18인치,499,349,848,100,30
전남,일반승용,기아,EV5 롱레인지 4WD 19인치,493,345,838,99,30
전남,일반승용,기아,EV9 GT,245,171,416,49,15
전남,일반승용,기아,EV9 롱레인지 2WD 19인치,270,189,459,54,16
전남,일반승용,기아,EV9 롱레인지 2WD 20인치,268,187,455,54,16
전남,일반승용,기아,EV9 롱레인지 4WD 19인치,254,177,431,51,15
전남,일반승용,기아,EV9 롱레인지 4WD 21인치,260,182,442,52,16
전남,일반승용,기아,EV9 롱레인지 GTL 4WD 21인치,252,176,428,50,15
전남,일반승용,기아,EV9 스탠다드,237,165,402,47,14
전남,일반승용,기아,PV5 패신저 5인승 롱레인지,458,320,778,92,28
전남,일반승용,기아,Pv5 WAV(비용 미지원),648,453,"1,101",100,30
전남,일반승용,기아,Pv5 WAV(비용 지원),448,313,761,90,27
전남,일반승용,기아,(단종)The all-new Kia Niro EV,489,0,489,98,29
전남,일반승용,기아,더뉴EV6 롱레인지 2WD 19인치,570,399,969,100,30
전남,일반승용,기아,더뉴EV6 롱레인지 2WD 20인치,559,391,950,100,30
전남,일반승용,기아,더뉴EV6 롱레인지 4WD 19인치,561,392,953,100,30
전남,일반승용,기아,더뉴EV6 롱레인지 4WD 20인치,532,372,904,100,30
전남,일반승용,기아,더뉴EV6 스탠다드,501,350,851,100,30
전남,경·소형,기아,레이 EV 2WD 14인치 1인승 밴,457,319,776,91,27
전남,경·소형,기아,레이 EV 2WD 14인치 2인승 밴,457,319,776,91,27
전남,경·소형,기아,레이 EV 2WD 14인치 4인승 승용,457,319,776,91,27
전남,일반승용,메르세데스벤츠코리아,EQA 250(Facelift),190,133,323,38,11
전남,일반승용,메르세데스벤츠코리아,EQB 300 4MATIC(Facelift),154,107,261,31,9
전남,일반승용,메르세데스벤츠코리아,EQB 300 4MATIC(Facelift)(CY25/2),162,113,275,32,10
전남,일반승용,볼보자동차코리아,볼보 EX30 Single Motor ER,247,172,419,49,15
전남,일반승용,볼보자동차코리아,볼보 EX30CC Twin Motor Perf,222,155,377,44,13
전남,일반승용,비와이디코리아,(단종)BYD ATTO 3,126,0,126,25,8
전남,일반승용,비와이디코리아,(단종)BYD DOLPHIN,109,0,109,22,7
전남,일반승용,비와이디코리아,(단종)BYD DOLPHIN Active,132,0,132,26,8
전남,일반승용,비와이디코리아,(단종)BYD SEAL,169,0,169,34,10
전남,일반승용,비와이디코리아,(단종)BYD SEAL Dynamic AWD,151,0,151,30,9
전남,일반승용,비와이디코리아,(단종)BYD SEALION 7,152,0,152,30,9
전남,일반승용,케이지모빌리티,토레스 EVX 18인치,354,247,601,71,21
전남,일반승용,케이지모빌리티,토레스 EVX 18인치(2026),361,252,613,72,22
전남,일반승용,케이지모빌리티,토레스 EVX 20인치,344,240,584,69,21
전남,일반승용,케이지모빌리티,토레스 EVX 20인치(2026),354,247,601,71,21
전남,일반승용,케이지모빌리티,(단종)토레스 EVX 2WD 18인치,327,0,327,65,20
전남,일반승용,케이지모빌리티,(단종)토레스 EVX 2WD 20인치,312,0,312,62,19
전남,일반승용,테슬라코리아,Model 3 Performance,200,140,340,40,12
전남,일반승용,테슬라코리아,Model 3 Premium Long Range RWD,420,294,714,84,25
전남,일반승용,테슬라코리아,Model 3 Premium Long Range RWD(5999만원),210,147,357,42,13
전남,일반승용,테슬라코리아,Model 3 RWD,168,117,285,34,10
전남,일반승용,테슬라코리아,Model 3 RWD(2025),168,117,285,34,10
전남,일반승용,테슬라코리아,Model Y L AWD,215,150,365,43,13
전남,일반승용,테슬라코리아,Model Y Long Range(2025),210,147,357,42,13
전남,일반승용,테슬라코리아,Model Y Premium Long Range,210,147,357,42,13
전남,일반승용,테슬라코리아,Model Y Premium RWD,170,119,289,34,10
전남,일반승용,테슬라코리아,Model Y RWD(2025),170,119,289,34,10
전남,일반승용,폭스바겐그룹코리아,ID.4 Pro,432,302,734,86,26
전남,일반승용,폭스바겐그룹코리아,Q4 45 e-tron,206,144,350,41,12
전남,일반승용,폭스바겐그룹코리아,Q4 Sportback 45 e-tron,206,144,350,41,12
전남,일반승용,폭스바겐그룹코리아,(단종)Q6 e-tron performance,220,0,220,44,13
전남,일반승용,폭스바겐그룹코리아,iD.5 Pro,473,331,804,95,29
전남,일반승용,폴스타오토모티브코리아,Polestar 4 Coupe Dual Motor,168,117,285,34,10
전남,일반승용,폴스타오토모티브코리아,Polestar 4 Coupe Rear Motor,181,126,307,36,11
전남,일반승용,현대자동차,ELECTRIFIED G80,270,189,459,54,16
전남,일반승용,현대자동차,ELECTRIFIED GV70 AWD 19인치,261,182,443,52,16
전남,일반승용,현대자동차,ELECTRIFIED GV70 AWD 20인치,245,171,416,49,15
전남,일반승용,현대자동차,GV60 스탠다드 2WD 19인치,285,199,484,57,17
전남,일반승용,현대자동차,GV60 스탠다드 AWD 19인치,272,190,462,54,16
전남,일반승용,현대자동차,GV60 스탠다드 AWD 20인치,261,182,443,52,16
전남,일반승용,현대자동차,더 뉴 아이오닉5 2WD 롱레인지 19인치,564,394,958,100,30
전남,일반승용,현대자동차,더 뉴 아이오닉5 2WD 롱레인지 19인치 빌트인 캠 미적용,567,396,963,100,30
전남,일반승용,현대자동차,더 뉴 아이오닉5 2WD 롱레인지 20인치,559,391,950,100,30
전남,일반승용,현대자동차,더 뉴 아이오닉5 2WD 롱레인지 N라인 20인치,541,378,919,100,30
전남,일반승용,현대자동차,더 뉴 아이오닉5 2WD 스탠다드 19인치,483,338,821,97,29
전남,일반승용,현대자동차,더 뉴 아이오닉5 AWD 롱레인지 19인치,558,390,948,100,30
전남,일반승용,현대자동차,더 뉴 아이오닉5 AWD 롱레인지 20인치,532,372,904,100,30
전남,일반승용,현대자동차,더 뉴 아이오닉5 AWD 롱레인지 N라인 20인치,510,357,867,100,30
전남,일반승용,현대자동차,더 뉴 아이오닉6 2WD 롱레인지 18인치,570,399,969,100,30
전남,일반승용,현대자동차,더 뉴 아이오닉6 2WD 롱레인지 20인치,570,399,969,100,30
전남,일반승용,현대자동차,더 뉴 아이오닉6 2WD 롱레인지 N라인 20인치,570,399,969,100,30
전남,일반승용,현대자동차,더 뉴 아이오닉6 2WD 스탠다드 18인치,560,392,952,100,30
전남,일반승용,현대자동차,더 뉴 아이오닉6 AWD 롱레인지 18인치,570,399,969,100,30
전남,일반승용,현대자동차,더 뉴 아이오닉6 AWD 롱레인지 20인치,553,387,940,100,30
전남,일반승용,현대자동차,더 뉴 아이오닉6 AWD 롱레인지 N라인 20인치,537,375,912,100,30
전남,일반승용,현대자동차,스타리아 라운지 일렉트릭 7인승,229,160,389,46,14
전남,일반승용,현대자동차,스타리아 리무진 일렉트릭 6인승,229,160,389,46,14
전남,일반승용,현대자동차,아이오닉6 N,250,175,425,50,15
전남,일반승용,현대자동차,아이오닉9 성능형 AWD,272,190,462,54,16
전남,일반승용,현대자동차,아이오닉9 항속형 2WD,274,191,465,55,17
전남,일반승용,현대자동차,아이오닉9 항속형 AWD,271,189,460,54,16
전남,경·소형,현대자동차,캐스퍼 일렉트릭 기본형 15인치,490,343,833,98,29
전남,경·소형,현대자동차,캐스퍼 일렉트릭 크로스 17인치,487,340,827,97,29
전남,경·소형,현대자동차,캐스퍼 일렉트릭 항속형 15인치,490,343,833,98,29
전남,경·소형,현대자동차,캐스퍼 일렉트릭 항속형 17인치(라운지포함),490,343,833,98,29
전남,일반승용,현대자동차,코나 일렉트릭 2WD 롱레인지 17인치,514,359,873,100,30
전남,일반승용,현대자동차,코나 일렉트릭 2WD 롱레인지 17인치 빌트인 캠 미적용,514,359,873,100,30
전남,일반승용,현대자동차,코나 일렉트릭 2WD 롱레인지 19인치,459,321,780,92,28
전남,일반승용,현대자동차,코나 일렉트릭 2WD 스탠다드 17인치,437,305,742,87,26
전남,일반승용,BMW,MINI Aceman E,400,280,680,80,24
전남,일반승용,BMW,MINI Aceman SE,400,280,680,80,24
전남,일반승용,BMW,MINI Cooper SE,396,277,673,79,24
전남,일반승용,BMW,MINI Countryman E,217,151,368,43,13
전남,일반승용,BMW,MINI Countryman SE ALL4,203,142,345,41,12
전남,일반승용,BMW,MINI JCW Aceman E,197,137,334,39,12
전남,일반승용,BMW,MINI JCW E,191,133,324,38,11
전남,일반승용,BMW,i4 M60 LCI (71HD),233,163,396,47,14
전남,일반승용,BMW,i4 eDrive 40 LCI(21HD),244,170,414,49,15
전남,일반승용,BMW,i4 eDrive 40 LCI(61HD),256,179,435,51,15
전남,일반승용,BMW,i5 eDrive 40,262,183,445,52,16
전남,일반승용,BMW,iX1 eDrive20,212,148,360,42,13
전남,일반승용,BMW,iX1 eDrive20(11HM),235,164,399,47,14
전남,일반승용,BMW,iX1 xDrive30,192,134,326,38,11
전남,일반승용,BMW,iX2 eDrive20,214,149,363,43,13
전남,일반승용,BMW,iX2 eDrive20(71GN),239,167,406,48,14
전남,일반승용,BMW,iX3 50 xDrive,275,192,467,55,17
전남,일반승용,기아,EV3 GT,248,173,421,50,15
전남,일반승용,기아,EV3 롱레인지 2WD 17인치,555,388,943,100,30
전남,일반승용,기아,EV3 롱레인지 2WD 19인치,555,388,943,100,30
전남,일반승용,기아,EV3 롱레인지 4WD 19인치,539,377,916,100,30
전남,일반승용,기아,EV3 스탠다드 2WD,469,328,797,94,28
전남,일반승용,기아,EV4 GT,255,178,433,51,15
전남,일반승용,기아,EV4 롱레인지 2WD 17인치,555,388,943,100,30
전남,일반승용,기아,EV4 롱레인지 2WD 19인치,555,388,943,100,30
전남,일반승용,기아,EV4 롱레인지 4WD 19인치,554,387,941,100,30
전남,일반승용,기아,EV4 롱레인지 GTL 2WD 19인치,555,388,943,100,30
전남,일반승용,기아,EV4 스탠다드 2WD 17인치,512,358,870,100,30
전남,일반승용,기아,EV4 스탠다드 2WD 19인치,481,336,817,96,29
전남,일반승용,기아,EV5 GT,232,162,394,46,14
전남,일반승용,기아,EV5 롱레인지 2WD,552,386,938,100,30
전남,일반승용,기아,EV5 롱레인지 4WD 18인치,499,349,848,100,30
전남,일반승용,기아,EV5 롱레인지 4WD 19인치,493,345,838,99,30
전남,일반승용,기아,EV9 GT,245,171,416,49,15
전남,일반승용,기아,EV9 롱레인지 2WD 19인치,270,189,459,54,16
전남,일반승용,기아,EV9 롱레인지 2WD 20인치,268,187,455,54,16
전남,일반승용,기아,EV9 롱레인지 4WD 19인치,254,177,431,51,15
전남,일반승용,기아,EV9 롱레인지 4WD 21인치,260,182,442,52,16
전남,일반승용,기아,EV9 롱레인지 GTL 4WD 21인치,252,176,428,50,15
전남,일반승용,기아,EV9 스탠다드,237,165,402,47,14
전남,일반승용,기아,PV5 패신저 5인승 롱레인지,458,320,778,92,28
전남,일반승용,기아,Pv5 WAV(비용 미지원),648,453,"1,101",100,30
전남,일반승용,기아,Pv5 WAV(비용 지원),448,313,761,90,27
전남,일반승용,기아,(단종)The all-new Kia Niro EV,489,342,831,98,29
전남,일반승용,기아,더뉴EV6 롱레인지 2WD 19인치,570,399,969,100,30
전남,일반승용,기아,더뉴EV6 롱레인지 2WD 20인치,559,391,950,100,30
전남,일반승용,기아,더뉴EV6 롱레인지 4WD 19인치,561,392,953,100,30
전남,일반승용,기아,더뉴EV6 롱레인지 4WD 20인치,532,372,904,100,30
전남,일반승용,기아,더뉴EV6 스탠다드,501,350,851,100,30
전남,경·소형,기아,레이 EV 2WD 14인치 1인승 밴,457,319,776,91,27
전남,경·소형,기아,레이 EV 2WD 14인치 2인승 밴,457,319,776,91,27
전남,경·소형,기아,레이 EV 2WD 14인치 4인승 승용,457,319,776,91,27
전남,일반승용,메르세데스벤츠코리아,EQA 250(Facelift),190,133,323,38,11
전남,일반승용,메르세데스벤츠코리아,EQB 300 4MATIC(Facelift),154,108,262,31,9
전남,일반승용,메르세데스벤츠코리아,EQB 300 4MATIC(Facelift)(CY25/2),162,113,275,32,10
전남,일반승용,볼보자동차코리아,볼보 EX30 Single Motor ER,247,172,419,49,15
전남,일반승용,볼보자동차코리아,볼보 EX30CC Twin Motor Perf,222,155,377,44,13
전남,일반승용,비와이디코리아,(단종)BYD ATTO 3,126,150,276,25,8
전남,일반승용,비와이디코리아,(단종)BYD DOLPHIN,109,150,259,22,7
전남,일반승용,비와이디코리아,(단종)BYD DOLPHIN Active,132,150,282,26,8
전남,일반승용,비와이디코리아,(단종)BYD SEAL,169,150,319,34,10
전남,일반승용,비와이디코리아,(단종)BYD SEAL Dynamic AWD,151,150,301,30,9
전남,일반승용,비와이디코리아,(단종)BYD SEALION 7,152,150,302,30,9
전남,일반승용,케이지모빌리티,토레스 EVX 18인치,354,247,601,71,21
전남,일반승용,케이지모빌리티,토레스 EVX 18인치(2026),361,252,613,72,22
전남,일반승용,케이지모빌리티,토레스 EVX 20인치,344,240,584,69,21
전남,일반승용,케이지모빌리티,토레스 EVX 20인치(2026),354,247,601,71,21
전남,일반승용,케이지모빌리티,(단종)토레스 EVX 2WD 18인치,327,228,555,65,20
전남,일반승용,케이지모빌리티,(단종)토레스 EVX 2WD 20인치,312,218,530,62,19
전남,일반승용,테슬라코리아,Model 3 Performance,200,140,340,40,12
전남,일반승용,테슬라코리아,Model 3 Premium Long Range RWD,420,294,714,84,25
전남,일반승용,테슬라코리아,Model 3 Premium Long Range RWD(5999만원),210,147,357,42,13
전남,일반승용,테슬라코리아,Model 3 RWD,168,150,318,34,10
전남,일반승용,테슬라코리아,Model 3 RWD(2025),168,118,286,34,10
전남,일반승용,테슬라코리아,Model Y L AWD,215,150,365,43,13
전남,일반승용,테슬라코리아,Model Y Long Range(2025),210,147,357,42,13
전남,일반승용,테슬라코리아,Model Y Premium Long Range,210,147,357,42,13
전남,일반승용,테슬라코리아,Model Y Premium RWD,170,119,289,34,10
전남,일반승용,테슬라코리아,Model Y RWD(2025),170,119,289,34,10
전남,일반승용,폭스바겐그룹코리아,ID.4 Pro,432,302,734,86,26
전남,일반승용,폭스바겐그룹코리아,Q4 45 e-tron,206,144,350,41,12
전남,일반승용,폭스바겐그룹코리아,Q4 Sportback 45 e-tron,206,144,350,41,12
전남,일반승용,폭스바겐그룹코리아,(단종)Q6 e-tron performance,220,0,220,44,13
전남,일반승용,폭스바겐그룹코리아,iD.5 Pro,473,331,804,95,29
전남,일반승용,폴스타오토모티브코리아,Polestar 4 Coupe Dual Motor,168,117,285,34,10
전남,일반승용,폴스타오토모티브코리아,Polestar 4 Coupe Rear Motor,181,126,307,36,11
전남,일반승용,현대자동차,ELECTRIFIED G80,270,189,459,54,16
전남,일반승용,현대자동차,ELECTRIFIED GV70 AWD 19인치,261,182,443,52,16
전남,일반승용,현대자동차,ELECTRIFIED GV70 AWD 20인치,245,171,416,49,15
전남,일반승용,현대자동차,GV60 스탠다드 2WD 19인치,285,199,484,57,17
전남,일반승용,현대자동차,GV60 스탠다드 AWD 19인치,272,190,462,54,16
전남,일반승용,현대자동차,GV60 스탠다드 AWD 20인치,261,182,443,52,16
전남,일반승용,현대자동차,더 뉴 아이오닉5 2WD 롱레인지 19인치,564,394,958,100,30
전남,일반승용,현대자동차,더 뉴 아이오닉5 2WD 롱레인지 19인치 빌트인 캠 미적용,567,396,963,100,30
전남,일반승용,현대자동차,더 뉴 아이오닉5 2WD 롱레인지 20인치,559,391,950,100,30
전남,일반승용,현대자동차,더 뉴 아이오닉5 2WD 롱레인지 N라인 20인치,541,378,919,100,30
전남,일반승용,현대자동차,더 뉴 아이오닉5 2WD 스탠다드 19인치,483,338,821,97,29
전남,일반승용,현대자동차,더 뉴 아이오닉5 AWD 롱레인지 19인치,558,390,948,100,30
전남,일반승용,현대자동차,더 뉴 아이오닉5 AWD 롱레인지 20인치,532,372,904,100,30
전남,일반승용,현대자동차,더 뉴 아이오닉5 AWD 롱레인지 N라인 20인치,510,357,867,100,30
전남,일반승용,현대자동차,더 뉴 아이오닉6 2WD 롱레인지 18인치,570,399,969,100,30
전남,일반승용,현대자동차,더 뉴 아이오닉6 2WD 롱레인지 20인치,570,399,969,100,30
전남,일반승용,현대자동차,더 뉴 아이오닉6 2WD 롱레인지 N라인 20인치,570,399,969,100,30
전남,일반승용,현대자동차,더 뉴 아이오닉6 2WD 스탠다드 18인치,560,392,952,100,30
전남,일반승용,현대자동차,더 뉴 아이오닉6 AWD 롱레인지 18인치,570,399,969,100,30
전남,일반승용,현대자동차,더 뉴 아이오닉6 AWD 롱레인지 20인치,553,387,940,100,30
전남,일반승용,현대자동차,더 뉴 아이오닉6 AWD 롱레인지 N라인 20인치,537,375,912,100,30
전남,일반승용,현대자동차,스타리아 라운지 일렉트릭 7인승,229,161,390,46,14
전남,일반승용,현대자동차,스타리아 리무진 일렉트릭 6인승,229,161,390,46,14
전남,일반승용,현대자동차,아이오닉6 N,250,175,425,50,15
전남,일반승용,현대자동차,아이오닉9 성능형 AWD,272,190,462,54,16
전남,일반승용,현대자동차,아이오닉9 항속형 2WD,274,191,465,55,17
전남,일반승용,현대자동차,아이오닉9 항속형 AWD,271,189,460,54,16
전남,경·소형,현대자동차,캐스퍼 일렉트릭 기본형 15인치,490,343,833,98,29
전남,경·소형,현대자동차,캐스퍼 일렉트릭 크로스 17인치,487,340,827,97,29
전남,경·소형,현대자동차,캐스퍼 일렉트릭 항속형 15인치,490,343,833,98,29
전남,경·소형,현대자동차,캐스퍼 일렉트릭 항속형 17인치(라운지포함),490,343,833,98,29
전남,일반승용,현대자동차,코나 일렉트릭 2WD 롱레인지 17인치,514,359,873,100,30
전남,일반승용,현대자동차,코나 일렉트릭 2WD 롱레인지 17인치 빌트인 캠 미적용,514,359,873,100,30
전남,일반승용,현대자동차,코나 일렉트릭 2WD 롱레인지 19인치,459,321,780,92,28
전남,일반승용,현대자동차,코나 일렉트릭 2WD 스탠다드 17인치,437,305,742,87,26
전남,일반승용,BMW,MINI Aceman E,400,200,600,80,24
전남,일반승용,BMW,MINI Aceman SE,400,200,600,80,24
전남,일반승용,BMW,MINI Cooper SE,396,198,594,79,24
전남,일반승용,BMW,MINI Countryman E,217,108,325,43,13
전남,일반승용,BMW,MINI Countryman SE ALL4,203,101,304,41,12
전남,일반승용,BMW,MINI JCW Aceman E,197,98,295,39,12
전남,일반승용,BMW,MINI JCW E,191,95,286,38,11
전남,일반승용,BMW,i4 M60 LCI (71HD),233,116,349,47,14
전남,일반승용,BMW,i4 eDrive 40 LCI(21HD),244,122,366,49,15
전남,일반승용,BMW,i4 eDrive 40 LCI(61HD),256,128,384,51,15
전남,일반승용,BMW,i5 eDrive 40,262,131,393,52,16
전남,일반승용,BMW,iX1 eDrive20,212,106,318,42,13
전남,일반승용,BMW,iX1 eDrive20(11HM),235,117,352,47,14
전남,일반승용,BMW,iX1 xDrive30,192,96,288,38,11
전남,일반승용,BMW,iX2 eDrive20,214,107,321,43,13
전남,일반승용,BMW,iX2 eDrive20(71GN),239,119,358,48,14
전남,일반승용,BMW,iX3 50 xDrive,275,137,412,55,17
전남,일반승용,기아,EV3 GT,248,124,372,50,15
전남,일반승용,기아,EV3 롱레인지 2WD 17인치,555,277,832,100,30
전남,일반승용,기아,EV3 롱레인지 2WD 19인치,555,277,832,100,30
전남,일반승용,기아,EV3 롱레인지 4WD 19인치,539,269,808,100,30
전남,일반승용,기아,EV3 스탠다드 2WD,469,234,703,94,28
전남,일반승용,기아,EV4 GT,255,127,382,51,15
전남,일반승용,기아,EV4 롱레인지 2WD 17인치,555,277,832,100,30
전남,일반승용,기아,EV4 롱레인지 2WD 19인치,555,277,832,100,30
전남,일반승용,기아,EV4 롱레인지 4WD 19인치,554,277,831,100,30
전남,일반승용,기아,EV4 롱레인지 GTL 2WD 19인치,555,277,832,100,30
전남,일반승용,기아,EV4 스탠다드 2WD 17인치,512,256,768,100,30
전남,일반승용,기아,EV4 스탠다드 2WD 19인치,481,240,721,96,29
전남,일반승용,기아,EV5 GT,232,116,348,46,14
전남,일반승용,기아,EV5 롱레인지 2WD,552,276,828,100,30
전남,일반승용,기아,EV5 롱레인지 4WD 18인치,499,249,748,100,30
전남,일반승용,기아,EV5 롱레인지 4WD 19인치,493,246,739,99,30
전남,일반승용,기아,EV9 GT,245,122,367,49,15
전남,일반승용,기아,EV9 롱레인지 2WD 19인치,270,135,405,54,16
전남,일반승용,기아,EV9 롱레인지 2WD 20인치,268,134,402,54,16
전남,일반승용,기아,EV9 롱레인지 4WD 19인치,254,127,381,51,15
전남,일반승용,기아,EV9 롱레인지 4WD 21인치,260,130,390,52,16
전남,일반승용,기아,EV9 롱레인지 GTL 4WD 21인치,252,126,378,50,15
전남,일반승용,기아,EV9 스탠다드,237,118,355,47,14
전남,일반승용,기아,PV5 패신저 5인승 롱레인지,458,229,687,92,28
전남,일반승용,기아,Pv5 WAV(비용 미지원),648,324,972,100,30
전남,일반승용,기아,Pv5 WAV(비용 지원),448,224,672,90,27
전남,일반승용,기아,(단종)The all-new Kia Niro EV,489,244,733,98,29
전남,일반승용,기아,더뉴EV6 롱레인지 2WD 19인치,570,285,855,100,30
전남,일반승용,기아,더뉴EV6 롱레인지 2WD 20인치,559,279,838,100,30
전남,일반승용,기아,더뉴EV6 롱레인지 4WD 19인치,561,280,841,100,30
전남,일반승용,기아,더뉴EV6 롱레인지 4WD 20인치,532,266,798,100,30
전남,일반승용,기아,더뉴EV6 스탠다드,501,250,751,100,30
전남,경·소형,기아,레이 EV 2WD 14인치 1인승 밴,457,228,685,91,27
전남,경·소형,기아,레이 EV 2WD 14인치 2인승 밴,457,228,685,91,27
전남,경·소형,기아,레이 EV 2WD 14인치 4인승 승용,457,228,685,91,27
전남,일반승용,메르세데스벤츠코리아,EQA 250(Facelift),190,95,285,38,11
전남,일반승용,메르세데스벤츠코리아,EQB 300 4MATIC(Facelift),154,77,231,31,9
전남,일반승용,메르세데스벤츠코리아,EQB 300 4MATIC(Facelift)(CY25/2),162,81,243,32,10
전남,일반승용,볼보자동차코리아,볼보 EX30 Single Motor ER,247,150,397,49,15
전남,일반승용,볼보자동차코리아,볼보 EX30CC Twin Motor Perf,222,150,372,44,13
전남,일반승용,비와이디코리아,(단종)BYD ATTO 3,126,150,276,25,8
전남,일반승용,비와이디코리아,(단종)BYD DOLPHIN,109,150,259,22,7
전남,일반승용,비와이디코리아,(단종)BYD DOLPHIN Active,132,150,282,26,8
전남,일반승용,비와이디코리아,(단종)BYD SEAL,169,150,319,34,10
전남,일반승용,비와이디코리아,(단종)BYD SEAL Dynamic AWD,151,150,301,30,9
전남,일반승용,비와이디코리아,(단종)BYD SEALION 7,152,150,302,30,9
전남,일반승용,케이지모빌리티,토레스 EVX 18인치,354,177,531,71,21
전남,일반승용,케이지모빌리티,토레스 EVX 18인치(2026),361,180,541,72,22
전남,일반승용,케이지모빌리티,토레스 EVX 20인치,344,172,516,69,21
전남,일반승용,케이지모빌리티,토레스 EVX 20인치(2026),354,177,531,71,21
전남,일반승용,케이지모빌리티,(단종)토레스 EVX 2WD 18인치,327,163,490,65,20
전남,일반승용,케이지모빌리티,(단종)토레스 EVX 2WD 20인치,312,156,468,62,19
전남,일반승용,테슬라코리아,Model 3 Performance,200,100,300,40,12
전남,일반승용,테슬라코리아,Model 3 Premium Long Range RWD,420,210,630,84,25
전남,일반승용,테슬라코리아,Model 3 Premium Long Range RWD(5999만원),210,105,315,42,13
전남,일반승용,테슬라코리아,Model 3 RWD,168,150,318,34,10
전남,일반승용,테슬라코리아,Model 3 RWD(2025),168,84,252,34,10
전남,일반승용,테슬라코리아,Model Y L AWD,215,107,322,43,13
전남,일반승용,테슬라코리아,Model Y Long Range(2025),210,105,315,42,13
전남,일반승용,테슬라코리아,Model Y Premium Long Range,210,105,315,42,13
전남,일반승용,테슬라코리아,Model Y Premium RWD,170,85,255,34,10
전남,일반승용,테슬라코리아,Model Y RWD(2025),170,85,255,34,10
전남,일반승용,폭스바겐그룹코리아,ID.4 Pro,432,216,648,86,26
전남,일반승용,폭스바겐그룹코리아,Q4 45 e-tron,206,103,309,41,12
전남,일반승용,폭스바겐그룹코리아,Q4 Sportback 45 e-tron,206,103,309,41,12
전남,일반승용,폭스바겐그룹코리아,(단종)Q6 e-tron performance,220,110,330,44,13
전남,일반승용,폭스바겐그룹코리아,iD.5 Pro,473,236,709,95,29
전남,일반승용,폴스타오토모티브코리아,Polestar 4 Coupe Dual Motor,168,84,252,34,10
전남,일반승용,폴스타오토모티브코리아,Polestar 4 Coupe Rear Motor,181,90,271,36,11
전남,일반승용,현대자동차,ELECTRIFIED G80,270,135,405,54,16
전남,일반승용,현대자동차,ELECTRIFIED GV70 AWD 19인치,261,130,391,52,16
전남,일반승용,현대자동차,ELECTRIFIED GV70 AWD 20인치,245,122,367,49,15
전남,일반승용,현대자동차,GV60 스탠다드 2WD 19인치,285,142,427,57,17
전남,일반승용,현대자동차,GV60 스탠다드 AWD 19인치,272,136,408,54,16
전남,일반승용,현대자동차,GV60 스탠다드 AWD 20인치,261,130,391,52,16
전남,일반승용,현대자동차,더 뉴 아이오닉5 2WD 롱레인지 19인치,564,282,846,100,30
전남,일반승용,현대자동차,더 뉴 아이오닉5 2WD 롱레인지 19인치 빌트인 캠 미적용,567,283,850,100,30
전남,일반승용,현대자동차,더 뉴 아이오닉5 2WD 롱레인지 20인치,559,279,838,100,30
전남,일반승용,현대자동차,더 뉴 아이오닉5 2WD 롱레인지 N라인 20인치,541,270,811,100,30
전남,일반승용,현대자동차,더 뉴 아이오닉5 2WD 스탠다드 19인치,483,241,724,97,29
전남,일반승용,현대자동차,더 뉴 아이오닉5 AWD 롱레인지 19인치,558,279,837,100,30
전남,일반승용,현대자동차,더 뉴 아이오닉5 AWD 롱레인지 20인치,532,266,798,100,30
전남,일반승용,현대자동차,더 뉴 아이오닉5 AWD 롱레인지 N라인 20인치,510,255,765,100,30
전남,일반승용,현대자동차,더 뉴 아이오닉6 2WD 롱레인지 18인치,570,285,855,100,30
전남,일반승용,현대자동차,더 뉴 아이오닉6 2WD 롱레인지 20인치,570,285,855,100,30
전남,일반승용,현대자동차,더 뉴 아이오닉6 2WD 롱레인지 N라인 20인치,570,285,855,100,30
전남,일반승용,현대자동차,더 뉴 아이오닉6 2WD 스탠다드 18인치,560,280,840,100,30
전남,일반승용,현대자동차,더 뉴 아이오닉6 AWD 롱레인지 18인치,570,285,855,100,30
전남,일반승용,현대자동차,더 뉴 아이오닉6 AWD 롱레인지 20인치,553,276,829,100,30
전남,일반승용,현대자동차,더 뉴 아이오닉6 AWD 롱레인지 N라인 20인치,537,268,805,100,30
전남,일반승용,현대자동차,스타리아 라운지 일렉트릭 7인승,229,114,343,46,14
전남,일반승용,현대자동차,스타리아 리무진 일렉트릭 6인승,229,114,343,46,14
전남,일반승용,현대자동차,아이오닉6 N,250,125,375,50,15
전남,일반승용,현대자동차,아이오닉9 성능형 AWD,272,136,408,54,16
전남,일반승용,현대자동차,아이오닉9 항속형 2WD,274,137,411,55,17
전남,일반승용,현대자동차,아이오닉9 항속형 AWD,271,135,406,54,16
전남,경·소형,현대자동차,캐스퍼 일렉트릭 기본형 15인치,490,245,735,98,29
전남,경·소형,현대자동차,캐스퍼 일렉트릭 크로스 17인치,487,243,730,97,29
전남,경·소형,현대자동차,캐스퍼 일렉트릭 항속형 15인치,490,245,735,98,29
전남,경·소형,현대자동차,캐스퍼 일렉트릭 항속형 17인치(라운지포함),490,245,735,98,29
전남,일반승용,현대자동차,코나 일렉트릭 2WD 롱레인지 17인치,514,257,771,100,30
전남,일반승용,현대자동차,코나 일렉트릭 2WD 롱레인지 17인치 빌트인 캠 미적용,514,257,771,100,30
전남,일반승용,현대자동차,코나 일렉트릭 2WD 롱레인지 19인치,459,229,688,92,28
전남,일반승용,현대자동차,코나 일렉트릭 2WD 스탠다드 17인치,437,218,655,87,26
전남,일반승용,BMW,MINI Aceman E,400,533,933,80,24
전남,일반승용,BMW,MINI Aceman SE,400,533,933,80,24
전남,일반승용,BMW,MINI Cooper SE,396,528,924,79,24
전남,일반승용,BMW,MINI Countryman E,217,289,506,43,13
전남,일반승용,BMW,MINI Countryman SE ALL4,203,270,473,41,12
전남,일반승용,BMW,MINI JCW Aceman E,197,262,459,39,12
전남,일반승용,BMW,MINI JCW E,191,254,445,38,11
전남,일반승용,BMW,i4 M60 LCI (71HD),233,310,543,47,14
전남,일반승용,BMW,i4 eDrive 40 LCI(21HD),244,325,569,49,15
전남,일반승용,BMW,i4 eDrive 40 LCI(61HD),256,341,597,51,15
전남,일반승용,BMW,i5 eDrive 40,262,349,611,52,16
전남,일반승용,BMW,iX1 eDrive20,212,282,494,42,13
전남,일반승용,BMW,iX1 eDrive20(11HM),235,313,548,47,14
전남,일반승용,BMW,iX1 xDrive30,192,256,448,38,11
전남,일반승용,BMW,iX2 eDrive20,214,285,499,43,13
전남,일반승용,BMW,iX2 eDrive20(71GN),239,318,557,48,14
전남,일반승용,BMW,iX3 50 xDrive,275,366,641,55,17
전남,일반승용,기아,EV3 GT,248,330,578,50,15
전남,일반승용,기아,EV3 롱레인지 2WD 17인치,555,740,"1,295",100,30
전남,일반승용,기아,EV3 롱레인지 2WD 19인치,555,740,"1,295",100,30
전남,일반승용,기아,EV3 롱레인지 4WD 19인치,539,718,"1,257",100,30
전남,일반승용,기아,EV3 스탠다드 2WD,469,625,"1,094",94,28
전남,일반승용,기아,EV4 GT,255,340,595,51,15
전남,일반승용,기아,EV4 롱레인지 2WD 17인치,555,740,"1,295",100,30
전남,일반승용,기아,EV4 롱레인지 2WD 19인치,555,740,"1,295",100,30
전남,일반승용,기아,EV4 롱레인지 4WD 19인치,554,738,"1,292",100,30
전남,일반승용,기아,EV4 롱레인지 GTL 2WD 19인치,555,740,"1,295",100,30
전남,일반승용,기아,EV4 스탠다드 2WD 17인치,512,682,"1,194",100,30
전남,일반승용,기아,EV4 스탠다드 2WD 19인치,481,641,"1,122",96,29
전남,일반승용,기아,EV5 GT,232,309,541,46,14
전남,일반승용,기아,EV5 롱레인지 2WD,552,736,"1,288",100,30
전남,일반승용,기아,EV5 롱레인지 4WD 18인치,499,665,"1,164",100,30
전남,일반승용,기아,EV5 롱레인지 4WD 19인치,493,657,"1,150",99,30
전남,일반승용,기아,EV9 GT,245,326,571,49,15
전남,일반승용,기아,EV9 롱레인지 2WD 19인치,270,360,630,54,16
전남,일반승용,기아,EV9 롱레인지 2WD 20인치,268,357,625,54,16
전남,일반승용,기아,EV9 롱레인지 4WD 19인치,254,338,592,51,15
전남,일반승용,기아,EV9 롱레인지 4WD 21인치,260,346,606,52,16
전남,일반승용,기아,EV9 롱레인지 GTL 4WD 21인치,252,336,588,50,15
전남,일반승용,기아,EV9 스탠다드,237,316,553,47,14
전남,일반승용,기아,PV5 패신저 5인승 롱레인지,458,610,"1,068",92,28
전남,일반승용,기아,Pv5 WAV(비용 미지원),648,864,"1,512",100,30
전남,일반승용,기아,Pv5 WAV(비용 지원),448,597,"1,045",90,27
전남,일반승용,기아,(단종)The all-new Kia Niro EV,489,652,"1,141",98,29
전남,일반승용,기아,더뉴EV6 롱레인지 2WD 19인치,570,760,"1,330",100,30
전남,일반승용,기아,더뉴EV6 롱레인지 2WD 20인치,559,745,"1,304",100,30
전남,일반승용,기아,더뉴EV6 롱레인지 4WD 19인치,561,748,"1,309",100,30
전남,일반승용,기아,더뉴EV6 롱레인지 4WD 20인치,532,709,"1,241",100,30
전남,일반승용,기아,더뉴EV6 스탠다드,501,668,"1,169",100,30
전남,경·소형,기아,레이 EV 2WD 14인치 1인승 밴,457,563,"1,020",91,27
전남,경·소형,기아,레이 EV 2WD 14인치 2인승 밴,457,563,"1,020",91,27
전남,경·소형,기아,레이 EV 2WD 14인치 4인승 승용,457,563,"1,020",91,27
전남,일반승용,메르세데스벤츠코리아,EQA 250(Facelift),190,253,443,38,11
전남,일반승용,메르세데스벤츠코리아,EQB 300 4MATIC(Facelift),154,205,359,31,9
전남,일반승용,메르세데스벤츠코리아,EQB 300 4MATIC(Facelift)(CY25/2),162,216,378,32,10
전남,일반승용,볼보자동차코리아,볼보 EX30 Single Motor ER,247,329,576,49,15
전남,일반승용,볼보자동차코리아,볼보 EX30CC Twin Motor Perf,222,296,518,44,13
전남,일반승용,비와이디코리아,(단종)BYD ATTO 3,126,168,294,25,8
전남,일반승용,비와이디코리아,(단종)BYD DOLPHIN,109,145,254,22,7
전남,일반승용,비와이디코리아,(단종)BYD DOLPHIN Active,132,176,308,26,8
전남,일반승용,비와이디코리아,(단종)BYD SEAL,169,225,394,34,10
전남,일반승용,비와이디코리아,(단종)BYD SEAL Dynamic AWD,151,201,352,30,9
전남,일반승용,비와이디코리아,(단종)BYD SEALION 7,152,202,354,30,9
전남,일반승용,케이지모빌리티,토레스 EVX 18인치,354,472,826,71,21
전남,일반승용,케이지모빌리티,토레스 EVX 18인치(2026),361,481,842,72,22
전남,일반승용,케이지모빌리티,토레스 EVX 20인치,344,458,802,69,21
전남,일반승용,케이지모빌리티,토레스 EVX 20인치(2026),354,472,826,71,21
전남,일반승용,케이지모빌리티,(단종)토레스 EVX 2WD 18인치,327,436,763,65,20
전남,일반승용,케이지모빌리티,(단종)토레스 EVX 2WD 20인치,312,416,728,62,19
전남,일반승용,테슬라코리아,Model 3 Performance,200,266,466,40,12
전남,일반승용,테슬라코리아,Model 3 Premium Long Range RWD,420,560,980,84,25
전남,일반승용,테슬라코리아,Model 3 Premium Long Range RWD(5999만원),210,280,490,42,13
전남,일반승용,테슬라코리아,Model 3 RWD,168,224,392,34,10
전남,일반승용,테슬라코리아,Model 3 RWD(2025),168,224,392,34,10
전남,일반승용,테슬라코리아,Model Y L AWD,215,286,501,43,13
전남,일반승용,테슬라코리아,Model Y Long Range(2025),210,280,490,42,13
전남,일반승용,테슬라코리아,Model Y Premium Long Range,210,280,490,42,13
전남,일반승용,테슬라코리아,Model Y Premium RWD,170,226,396,34,10
전남,일반승용,테슬라코리아,Model Y RWD(2025),170,226,396,34,10
전남,일반승용,폭스바겐그룹코리아,ID.4 Pro,432,576,"1,008",86,26
전남,일반승용,폭스바겐그룹코리아,Q4 45 e-tron,206,274,480,41,12
전남,일반승용,폭스바겐그룹코리아,Q4 Sportback 45 e-tron,206,274,480,41,12
전남,일반승용,폭스바겐그룹코리아,(단종)Q6 e-tron performance,220,293,513,44,13
전남,일반승용,폭스바겐그룹코리아,iD.5 Pro,473,630,"1,103",95,29
전남,일반승용,폴스타오토모티브코리아,Polestar 4 Coupe Dual Motor,168,224,392,34,10
전남,일반승용,폴스타오토모티브코리아,Polestar 4 Coupe Rear Motor,181,241,422,36,11
전남,일반승용,현대자동차,ELECTRIFIED G80,270,360,630,54,16
전남,일반승용,현대자동차,ELECTRIFIED GV70 AWD 19인치,261,348,609,52,16
전남,일반승용,현대자동차,ELECTRIFIED GV70 AWD 20인치,245,326,571,49,15
전남,일반승용,현대자동차,GV60 스탠다드 2WD 19인치,285,380,665,57,17
전남,일반승용,현대자동차,GV60 스탠다드 AWD 19인치,272,362,634,54,16
전남,일반승용,현대자동차,GV60 스탠다드 AWD 20인치,261,348,609,52,16
전남,일반승용,현대자동차,더 뉴 아이오닉5 2WD 롱레인지 19인치,564,752,"1,316",100,30
전남,일반승용,현대자동차,더 뉴 아이오닉5 2WD 롱레인지 19인치 빌트인 캠 미적용,567,756,"1,323",100,30
전남,일반승용,현대자동차,더 뉴 아이오닉5 2WD 롱레인지 20인치,559,745,"1,304",100,30
전남,일반승용,현대자동차,더 뉴 아이오닉5 2WD 롱레인지 N라인 20인치,541,721,"1,262",100,30
전남,일반승용,현대자동차,더 뉴 아이오닉5 2WD 스탠다드 19인치,483,644,"1,127",97,29
전남,일반승용,현대자동차,더 뉴 아이오닉5 AWD 롱레인지 19인치,558,744,"1,302",100,30
전남,일반승용,현대자동차,더 뉴 아이오닉5 AWD 롱레인지 20인치,532,709,"1,241",100,30
전남,일반승용,현대자동차,더 뉴 아이오닉5 AWD 롱레인지 N라인 20인치,510,680,"1,190",100,30
전남,일반승용,현대자동차,더 뉴 아이오닉6 2WD 롱레인지 18인치,570,760,"1,330",100,30
전남,일반승용,현대자동차,더 뉴 아이오닉6 2WD 롱레인지 20인치,570,760,"1,330",100,30
전남,일반승용,현대자동차,더 뉴 아이오닉6 2WD 롱레인지 N라인 20인치,570,760,"1,330",100,30
전남,일반승용,현대자동차,더 뉴 아이오닉6 2WD 스탠다드 18인치,560,746,"1,306",100,30
전남,일반승용,현대자동차,더 뉴 아이오닉6 AWD 롱레인지 18인치,570,760,"1,330",100,30
전남,일반승용,현대자동차,더 뉴 아이오닉6 AWD 롱레인지 20인치,553,737,"1,290",100,30
전남,일반승용,현대자동차,더 뉴 아이오닉6 AWD 롱레인지 N라인 20인치,537,716,"1,253",100,30
전남,일반승용,현대자동차,스타리아 라운지 일렉트릭 7인승,229,305,534,46,14
전남,일반승용,현대자동차,스타리아 리무진 일렉트릭 6인승,229,305,534,46,14
전남,일반승용,현대자동차,아이오닉6 N,250,333,583,50,15
전남,일반승용,현대자동차,아이오닉9 성능형 AWD,272,362,634,54,16
전남,일반승용,현대자동차,아이오닉9 항속형 2WD,274,365,639,55,17
전남,일반승용,현대자동차,아이오닉9 항속형 AWD,271,361,632,54,16
전남,경·소형,현대자동차,캐스퍼 일렉트릭 기본형 15인치,490,604,"1,094",98,29
전남,경·소형,현대자동차,캐스퍼 일렉트릭 크로스 17인치,487,600,"1,087",97,29
전남,경·소형,현대자동차,캐스퍼 일렉트릭 항속형 15인치,490,604,"1,094",98,29
전남,경·소형,현대자동차,캐스퍼 일렉트릭 항속형 17인치(라운지포함),490,604,"1,094",98,29
전남,일반승용,현대자동차,코나 일렉트릭 2WD 롱레인지 17인치,514,685,"1,199",100,30
전남,일반승용,현대자동차,코나 일렉트릭 2WD 롱레인지 17인치 빌트인 캠 미적용,514,685,"1,199",100,30
전남,일반승용,현대자동차,코나 일렉트릭 2WD 롱레인지 19인치,459,612,"1,071",92,28
전남,일반승용,현대자동차,코나 일렉트릭 2WD 스탠다드 17인치,437,582,"1,019",87,26
전남,일반승용,BMW,MINI Aceman E,400,400,800,80,24
전남,일반승용,BMW,MINI Aceman SE,400,400,800,80,24
전남,일반승용,BMW,MINI Cooper SE,396,396,792,79,24
전남,일반승용,BMW,MINI Countryman E,217,217,434,43,13
전남,일반승용,BMW,MINI Countryman SE ALL4,203,203,406,41,12
전남,일반승용,BMW,MINI JCW Aceman E,197,197,394,39,12
전남,일반승용,BMW,MINI JCW E,191,191,382,38,11
전남,일반승용,BMW,i4 M60 LCI (71HD),233,233,466,47,14
전남,일반승용,BMW,i4 eDrive 40 LCI(21HD),244,244,488,49,15
전남,일반승용,BMW,i4 eDrive 40 LCI(61HD),256,256,512,51,15
전남,일반승용,BMW,i5 eDrive 40,262,262,524,52,16
전남,일반승용,BMW,iX1 eDrive20,212,212,424,42,13
전남,일반승용,BMW,iX1 eDrive20(11HM),235,235,470,47,14
전남,일반승용,BMW,iX1 xDrive30,192,192,384,38,11
전남,일반승용,BMW,iX2 eDrive20,214,214,428,43,13
전남,일반승용,BMW,iX2 eDrive20(71GN),239,239,478,48,14
전남,일반승용,BMW,iX3 50 xDrive,275,275,550,55,17
전남,일반승용,기아,EV3 GT,248,248,496,50,15
전남,일반승용,기아,EV3 롱레인지 2WD 17인치,555,555,"1,110",100,30
전남,일반승용,기아,EV3 롱레인지 2WD 19인치,555,555,"1,110",100,30
전남,일반승용,기아,EV3 롱레인지 4WD 19인치,539,539,"1,078",100,30
전남,일반승용,기아,EV3 스탠다드 2WD,469,469,938,94,28
전남,일반승용,기아,EV4 GT,255,255,510,51,15
전남,일반승용,기아,EV4 롱레인지 2WD 17인치,555,555,"1,110",100,30
전남,일반승용,기아,EV4 롱레인지 2WD 19인치,555,555,"1,110",100,30
전남,일반승용,기아,EV4 롱레인지 4WD 19인치,554,554,"1,108",100,30
전남,일반승용,기아,EV4 롱레인지 GTL 2WD 19인치,555,555,"1,110",100,30
전남,일반승용,기아,EV4 스탠다드 2WD 17인치,512,512,"1,024",100,30
전남,일반승용,기아,EV4 스탠다드 2WD 19인치,481,481,962,96,29
전남,일반승용,기아,EV5 GT,232,232,464,46,14
전남,일반승용,기아,EV5 롱레인지 2WD,552,552,"1,104",100,30
전남,일반승용,기아,EV5 롱레인지 4WD 18인치,499,499,998,100,30
전남,일반승용,기아,EV5 롱레인지 4WD 19인치,493,493,986,99,30
전남,일반승용,기아,EV9 GT,245,245,490,49,15
전남,일반승용,기아,EV9 롱레인지 2WD 19인치,270,270,540,54,16
전남,일반승용,기아,EV9 롱레인지 2WD 20인치,268,268,536,54,16
전남,일반승용,기아,EV9 롱레인지 4WD 19인치,254,254,508,51,15
전남,일반승용,기아,EV9 롱레인지 4WD 21인치,260,260,520,52,16
전남,일반승용,기아,EV9 롱레인지 GTL 4WD 21인치,252,252,504,50,15
전남,일반승용,기아,EV9 스탠다드,237,237,474,47,14
전남,일반승용,기아,PV5 패신저 5인승 롱레인지,458,458,916,92,28
전남,일반승용,기아,Pv5 WAV(비용 미지원),648,648,"1,296",100,30
전남,일반승용,기아,Pv5 WAV(비용 지원),448,448,896,90,27
전남,일반승용,기아,(단종)The all-new Kia Niro EV,489,489,978,98,29
전남,일반승용,기아,더뉴EV6 롱레인지 2WD 19인치,570,570,"1,140",100,30
전남,일반승용,기아,더뉴EV6 롱레인지 2WD 20인치,559,559,"1,118",100,30
전남,일반승용,기아,더뉴EV6 롱레인지 4WD 19인치,561,561,"1,122",100,30
전남,일반승용,기아,더뉴EV6 롱레인지 4WD 20인치,532,532,"1,064",100,30
전남,일반승용,기아,더뉴EV6 스탠다드,501,501,"1,002",100,30
전남,경·소형,기아,레이 EV 2WD 14인치 1인승 밴,457,457,914,91,27
전남,경·소형,기아,레이 EV 2WD 14인치 2인승 밴,457,457,914,91,27
전남,경·소형,기아,레이 EV 2WD 14인치 4인승 승용,457,457,914,91,27
전남,일반승용,메르세데스벤츠코리아,EQA 250(Facelift),190,190,380,38,11
전남,일반승용,메르세데스벤츠코리아,EQB 300 4MATIC(Facelift),154,154,308,31,9
전남,일반승용,메르세데스벤츠코리아,EQB 300 4MATIC(Facelift)(CY25/2),162,162,324,32,10
전남,일반승용,볼보자동차코리아,볼보 EX30 Single Motor ER,247,247,494,49,15
전남,일반승용,볼보자동차코리아,볼보 EX30CC Twin Motor Perf,222,222,444,44,13
전남,일반승용,비와이디코리아,(단종)BYD ATTO 3,126,126,252,25,8
전남,일반승용,비와이디코리아,(단종)BYD DOLPHIN,109,109,218,22,7
전남,일반승용,비와이디코리아,(단종)BYD DOLPHIN Active,132,132,264,26,8
전남,일반승용,비와이디코리아,(단종)BYD SEAL,169,169,338,34,10
전남,일반승용,비와이디코리아,(단종)BYD SEAL Dynamic AWD,151,151,302,30,9
전남,일반승용,비와이디코리아,(단종)BYD SEALION 7,152,152,304,30,9
전남,일반승용,케이지모빌리티,토레스 EVX 18인치,354,354,708,71,21
전남,일반승용,케이지모빌리티,토레스 EVX 18인치(2026),361,361,722,72,22
전남,일반승용,케이지모빌리티,토레스 EVX 20인치,344,344,688,69,21
전남,일반승용,케이지모빌리티,토레스 EVX 20인치(2026),354,354,708,71,21
전남,일반승용,케이지모빌리티,(단종)토레스 EVX 2WD 18인치,327,327,654,65,20
전남,일반승용,케이지모빌리티,(단종)토레스 EVX 2WD 20인치,312,312,624,62,19
전남,일반승용,테슬라코리아,Model 3 Performance,200,200,400,40,12
전남,일반승용,테슬라코리아,Model 3 Premium Long Range RWD,420,210,630,84,25
전남,일반승용,테슬라코리아,Model 3 Premium Long Range RWD(5999만원),210,210,420,42,13
전남,일반승용,테슬라코리아,Model 3 RWD,168,168,336,34,10
전남,일반승용,테슬라코리아,Model 3 RWD(2025),168,168,336,34,10
전남,일반승용,테슬라코리아,Model Y L AWD,215,215,430,43,13
전남,일반승용,테슬라코리아,Model Y Long Range(2025),210,210,420,42,13
전남,일반승용,테슬라코리아,Model Y Premium Long Range,210,210,420,42,13
전남,일반승용,테슬라코리아,Model Y Premium RWD,170,170,340,34,10
전남,일반승용,테슬라코리아,Model Y RWD(2025),170,170,340,34,10
전남,일반승용,폭스바겐그룹코리아,ID.4 Pro,432,432,864,86,26
전남,일반승용,폭스바겐그룹코리아,Q4 45 e-tron,206,206,412,41,12
전남,일반승용,폭스바겐그룹코리아,Q4 Sportback 45 e-tron,206,206,412,41,12
전남,일반승용,폭스바겐그룹코리아,(단종)Q6 e-tron performance,220,220,440,44,13
전남,일반승용,폭스바겐그룹코리아,iD.5 Pro,473,473,946,95,29
전남,일반승용,폴스타오토모티브코리아,Polestar 4 Coupe Dual Motor,168,168,336,34,10
전남,일반승용,폴스타오토모티브코리아,Polestar 4 Coupe Rear Motor,181,181,362,36,11
전남,일반승용,현대자동차,ELECTRIFIED G80,270,270,540,54,16
전남,일반승용,현대자동차,ELECTRIFIED GV70 AWD 19인치,261,261,522,52,16
전남,일반승용,현대자동차,ELECTRIFIED GV70 AWD 20인치,245,245,490,49,15
전남,일반승용,현대자동차,GV60 스탠다드 2WD 19인치,285,285,570,57,17
전남,일반승용,현대자동차,GV60 스탠다드 AWD 19인치,272,272,544,54,16
전남,일반승용,현대자동차,GV60 스탠다드 AWD 20인치,261,261,522,52,16
전남,일반승용,현대자동차,더 뉴 아이오닉5 2WD 롱레인지 19인치,564,564,"1,128",100,30
전남,일반승용,현대자동차,더 뉴 아이오닉5 2WD 롱레인지 19인치 빌트인 캠 미적용,567,567,"1,134",100,30
전남,일반승용,현대자동차,더 뉴 아이오닉5 2WD 롱레인지 20인치,559,559,"1,118",100,30
전남,일반승용,현대자동차,더 뉴 아이오닉5 2WD 롱레인지 N라인 20인치,541,541,"1,082",100,30
전남,일반승용,현대자동차,더 뉴 아이오닉5 2WD 스탠다드 19인치,483,483,966,97,29
전남,일반승용,현대자동차,더 뉴 아이오닉5 AWD 롱레인지 19인치,558,558,"1,116",100,30
전남,일반승용,현대자동차,더 뉴 아이오닉5 AWD 롱레인지 20인치,532,532,"1,064",100,30
전남,일반승용,현대자동차,더 뉴 아이오닉5 AWD 롱레인지 N라인 20인치,510,510,"1,020",100,30
전남,일반승용,현대자동차,더 뉴 아이오닉6 2WD 롱레인지 18인치,570,570,"1,140",100,30
전남,일반승용,현대자동차,더 뉴 아이오닉6 2WD 롱레인지 20인치,570,570,"1,140",100,30
전남,일반승용,현대자동차,더 뉴 아이오닉6 2WD 롱레인지 N라인 20인치,570,570,"1,140",100,30
전남,일반승용,현대자동차,더 뉴 아이오닉6 2WD 스탠다드 18인치,560,560,"1,120",100,30
전남,일반승용,현대자동차,더 뉴 아이오닉6 AWD 롱레인지 18인치,570,570,"1,140",100,30
전남,일반승용,현대자동차,더 뉴 아이오닉6 AWD 롱레인지 20인치,553,553,"1,106",100,30
전남,일반승용,현대자동차,더 뉴 아이오닉6 AWD 롱레인지 N라인 20인치,537,537,"1,074",100,30
전남,일반승용,현대자동차,스타리아 라운지 일렉트릭 7인승,229,229,458,46,14
전남,일반승용,현대자동차,스타리아 리무진 일렉트릭 6인승,229,229,458,46,14
전남,일반승용,현대자동차,아이오닉6 N,250,250,500,50,15
전남,일반승용,현대자동차,아이오닉9 성능형 AWD,272,272,544,54,16
전남,일반승용,현대자동차,아이오닉9 항속형 2WD,274,274,548,55,17
전남,일반승용,현대자동차,아이오닉9 항속형 AWD,271,271,542,54,16
전남,경·소형,현대자동차,캐스퍼 일렉트릭 기본형 15인치,490,490,980,98,29
전남,경·소형,현대자동차,캐스퍼 일렉트릭 크로스 17인치,487,487,974,97,29
전남,경·소형,현대자동차,캐스퍼 일렉트릭 항속형 15인치,490,490,980,98,29
전남,경·소형,현대자동차,캐스퍼 일렉트릭 항속형 17인치(라운지포함),490,490,980,98,29
전남,일반승용,현대자동차,코나 일렉트릭 2WD 롱레인지 17인치,514,514,"1,028",100,30
전남,일반승용,현대자동차,코나 일렉트릭 2WD 롱레인지 17인치 빌트인 캠 미적용,514,514,"1,028",100,30
전남,일반승용,현대자동차,코나 일렉트릭 2WD 롱레인지 19인치,459,459,918,92,28
전남,일반승용,현대자동차,코나 일렉트릭 2WD 스탠다드 17인치,437,437,874,87,26
전남,일반승용,BMW,MINI Aceman E,400,517,917,80,24
전남,일반승용,BMW,MINI Aceman SE,400,517,917,80,24
전남,일반승용,BMW,MINI Cooper SE,396,512,908,79,24
전남,일반승용,BMW,MINI Countryman E,217,280,497,43,13
전남,일반승용,BMW,MINI Countryman SE ALL4,203,262,465,41,12
전남,일반승용,BMW,MINI JCW Aceman E,197,254,451,39,12
전남,일반승용,BMW,MINI JCW E,191,246,437,38,11
전남,일반승용,BMW,i4 M60 LCI (71HD),233,301,534,47,14
전남,일반승용,BMW,i4 eDrive 40 LCI(21HD),244,315,559,49,15
전남,일반승용,BMW,i4 eDrive 40 LCI(61HD),256,331,587,51,15
전남,일반승용,BMW,i5 eDrive 40,262,338,600,52,16
전남,일반승용,BMW,iX1 eDrive20,212,274,486,42,13
전남,일반승용,BMW,iX1 xDrive30,192,248,440,38,11
전남,일반승용,BMW,iX2 eDrive20,214,276,490,43,13
전남,일반승용,BMW,iX3 50 xDrive,275,337,612,55,17
전남,일반승용,기아,EV3 GT,248,304,552,50,15
전남,일반승용,기아,EV3 롱레인지 2WD 17인치,555,717,"1,272",100,30
전남,일반승용,기아,EV3 롱레인지 2WD 19인치,555,717,"1,272",100,30
전남,일반승용,기아,EV3 롱레인지 4WD 19인치,539,661,"1,200",100,30
전남,일반승용,기아,EV3 스탠다드 2WD,469,606,"1,075",94,28
전남,일반승용,기아,EV4 GT,255,312,567,51,15
전남,일반승용,기아,EV4 롱레인지 2WD 17인치,555,717,"1,272",100,30
전남,일반승용,기아,EV4 롱레인지 2WD 19인치,555,717,"1,272",100,30
전남,일반승용,기아,EV4 롱레인지 4WD 19인치,554,679,"1,233",100,30
전남,일반승용,기아,EV4 롱레인지 GTL 2WD 19인치,555,717,"1,272",100,30
전남,일반승용,기아,EV4 스탠다드 2WD 17인치,512,662,"1,174",100,30
전남,일반승용,기아,EV4 스탠다드 2WD 19인치,481,621,"1,102",96,29
전남,일반승용,기아,EV5 GT,232,284,516,46,14
전남,일반승용,기아,EV5 롱레인지 2WD,552,713,"1,265",100,30
전남,일반승용,기아,EV5 롱레인지 4WD 18인치,499,686,"1,185",100,30
전남,일반승용,기아,EV5 롱레인지 4WD 19인치,493,679,"1,172",99,30
전남,일반승용,기아,EV9 GT,245,300,545,49,15
전남,일반승용,기아,EV9 롱레인지 2WD 19인치,270,349,619,54,16
전남,일반승용,기아,EV9 롱레인지 2WD 20인치,268,346,614,54,16
전남,일반승용,기아,EV9 롱레인지 4WD 19인치,254,328,582,51,15
전남,일반승용,기아,EV9 롱레인지 4WD 21인치,260,336,596,52,16
전남,일반승용,기아,EV9 롱레인지 GTL 4WD 21인치,252,325,577,50,15
전남,일반승용,기아,EV9 스탠다드,237,306,543,47,14
전남,일반승용,기아,PV5 패신저 5인승 롱레인지,458,592,"1,050",92,28
전남,일반승용,기아,Pv5 WAV(비용 미지원),648,750,"1,398",100,30
전남,일반승용,기아,Pv5 WAV(비용 지원),448,579,"1,027",90,27
전남,일반승용,기아,(단종)The all-new Kia Niro EV,489,632,"1,121",98,29
전남,일반승용,기아,더뉴EV6 롱레인지 2WD 19인치,570,737,"1,307",100,30
전남,일반승용,기아,더뉴EV6 롱레인지 2WD 20인치,559,722,"1,281",100,30
전남,일반승용,기아,더뉴EV6 롱레인지 4WD 19인치,561,725,"1,286",100,30
전남,일반승용,기아,더뉴EV6 롱레인지 4WD 20인치,532,687,"1,219",100,30
전남,일반승용,기아,더뉴EV6 스탠다드,501,647,"1,148",100,30
전남,경·소형,기아,레이 EV 2WD 14인치 1인승 밴,457,560,"1,017",91,27
전남,경·소형,기아,레이 EV 2WD 14인치 2인승 밴,457,560,"1,017",91,27
전남,경·소형,기아,레이 EV 2WD 14인치 4인승 승용,457,560,"1,017",91,27
전남,일반승용,메르세데스벤츠코리아,EQA 250(Facelift),190,245,435,38,11
전남,일반승용,메르세데스벤츠코리아,EQB 300 4MATIC(Facelift),154,199,353,31,9
전남,일반승용,메르세데스벤츠코리아,EQB 300 4MATIC(Facelift)(CY25/2),162,198,360,32,10
전남,일반승용,볼보자동차코리아,볼보 EX30 Single Motor ER,247,302,549,49,15
전남,일반승용,볼보자동차코리아,볼보 EX30CC Twin Motor Perf,222,272,494,44,13
전남,일반승용,비와이디코리아,(단종)BYD ATTO 3,126,162,288,25,8
전남,일반승용,비와이디코리아,(단종)BYD DOLPHIN,109,140,249,22,7
전남,일반승용,비와이디코리아,(단종)BYD DOLPHIN Active,132,170,302,26,8
전남,일반승용,비와이디코리아,(단종)BYD SEAL,169,218,387,34,10
전남,일반승용,비와이디코리아,(단종)BYD SEAL Dynamic AWD,151,195,346,30,9
전남,일반승용,비와이디코리아,(단종)BYD SEALION 7,152,196,348,30,9
전남,일반승용,케이지모빌리티,토레스 EVX 18인치,354,457,811,71,21
전남,일반승용,케이지모빌리티,토레스 EVX 18인치(2026),361,466,827,72,22
전남,일반승용,케이지모빌리티,토레스 EVX 20인치,344,444,788,69,21
전남,일반승용,케이지모빌리티,토레스 EVX 20인치(2026),354,457,811,71,21
전남,일반승용,케이지모빌리티,(단종)토레스 EVX 2WD 18인치,327,422,749,65,20
전남,일반승용,케이지모빌리티,(단종)토레스 EVX 2WD 20인치,312,403,715,62,19
전남,일반승용,테슬라코리아,Model 3 Performance,200,258,458,40,12
전남,일반승용,테슬라코리아,Model 3 Premium Long Range RWD,420,543,963,84,25
전남,일반승용,테슬라코리아,Model 3 Premium Long Range RWD(5999만원),210,257,467,42,13
전남,일반승용,테슬라코리아,Model 3 RWD,168,217,385,34,10
전남,일반승용,테슬라코리아,Model 3 RWD(2025),168,206,374,34,10
전남,일반승용,테슬라코리아,Model Y L AWD,215,257,472,43,13
전남,일반승용,테슬라코리아,Model Y Long Range(2025),210,257,467,42,13
전남,일반승용,테슬라코리아,Model Y Premium Long Range,210,271,481,42,13
전남,일반승용,테슬라코리아,Model Y Premium RWD,170,219,389,34,10
전남,일반승용,테슬라코리아,Model Y RWD(2025),170,208,378,34,10
전남,일반승용,폭스바겐그룹코리아,ID.4 Pro,432,558,990,86,26
전남,일반승용,폭스바겐그룹코리아,Q4 45 e-tron,206,266,472,41,12
전남,일반승용,폭스바겐그룹코리아,Q4 Sportback 45 e-tron,206,266,472,41,12
전남,일반승용,폭스바겐그룹코리아,(단종)Q6 e-tron performance,220,284,504,44,13
전남,일반승용,폭스바겐그룹코리아,iD.5 Pro,473,655,"1,128",95,29
전남,일반승용,현대자동차,ELECTRIFIED G80,270,349,619,54,16
전남,일반승용,현대자동차,ELECTRIFIED GV70 AWD 19인치,261,337,598,52,16
전남,일반승용,현대자동차,ELECTRIFIED GV70 AWD 20인치,245,316,561,49,15
전남,일반승용,현대자동차,GV60 스탠다드 2WD 19인치,285,368,653,57,17
전남,일반승용,현대자동차,GV60 스탠다드 AWD 19인치,272,351,623,54,16
전남,일반승용,현대자동차,GV60 스탠다드 AWD 20인치,261,337,598,52,16
전남,일반승용,현대자동차,더 뉴 아이오닉5 2WD 롱레인지 19인치,564,729,"1,293",100,30
전남,일반승용,현대자동차,더 뉴 아이오닉5 2WD 롱레인지 19인치 빌트인 캠 미적용,567,733,"1,300",100,30
전남,일반승용,현대자동차,더 뉴 아이오닉5 2WD 롱레인지 20인치,559,722,"1,281",100,30
전남,일반승용,현대자동차,더 뉴 아이오닉5 2WD 롱레인지 N라인 20인치,541,699,"1,240",100,30
전남,일반승용,현대자동차,더 뉴 아이오닉5 2WD 스탠다드 19인치,483,624,"1,107",97,29
전남,일반승용,현대자동차,더 뉴 아이오닉5 AWD 롱레인지 19인치,558,721,"1,279",100,30
전남,일반승용,현대자동차,더 뉴 아이오닉5 AWD 롱레인지 20인치,532,687,"1,219",100,30
전남,일반승용,현대자동차,더 뉴 아이오닉5 AWD 롱레인지 N라인 20인치,510,659,"1,169",100,30
전남,일반승용,현대자동차,더 뉴 아이오닉6 2WD 롱레인지 18인치,570,737,"1,307",100,30
전남,일반승용,현대자동차,더 뉴 아이오닉6 2WD 롱레인지 20인치,570,737,"1,307",100,30
전남,일반승용,현대자동차,더 뉴 아이오닉6 2WD 롱레인지 N라인 20인치,570,737,"1,307",100,30
전남,일반승용,현대자동차,더 뉴 아이오닉6 2WD 스탠다드 18인치,560,724,"1,284",100,30
전남,일반승용,현대자동차,더 뉴 아이오닉6 AWD 롱레인지 18인치,570,737,"1,307",100,30
전남,일반승용,현대자동차,더 뉴 아이오닉6 AWD 롱레인지 20인치,553,715,"1,268",100,30
전남,일반승용,현대자동차,더 뉴 아이오닉6 AWD 롱레인지 N라인 20인치,537,694,"1,231",100,30
전남,일반승용,현대자동차,스타리아 라운지 일렉트릭 7인승,229,280,509,46,14
전남,일반승용,현대자동차,스타리아 리무진 일렉트릭 6인승,229,280,509,46,14
전남,일반승용,현대자동차,아이오닉6 N,250,323,573,50,15
전남,일반승용,현대자동차,아이오닉9 성능형 AWD,272,351,623,54,16
전남,일반승용,현대자동차,아이오닉9 항속형 2WD,274,354,628,55,17
전남,일반승용,현대자동차,아이오닉9 항속형 AWD,271,350,621,54,16
전남,경·소형,현대자동차,캐스퍼 일렉트릭 기본형 15인치,490,600,"1,090",98,29
전남,경·소형,현대자동차,캐스퍼 일렉트릭 크로스 17인치,487,600,"1,087",97,29
전남,경·소형,현대자동차,캐스퍼 일렉트릭 항속형 15인치,490,600,"1,090",98,29
전남,경·소형,현대자동차,캐스퍼 일렉트릭 항속형 17인치(라운지포함),490,600,"1,090",98,29
전남,일반승용,현대자동차,코나 일렉트릭 2WD 롱레인지 17인치,514,664,"1,178",100,30
전남,일반승용,현대자동차,코나 일렉트릭 2WD 롱레인지 17인치 빌트인 캠 미적용,514,664,"1,178",100,30
전남,일반승용,현대자동차,코나 일렉트릭 2WD 롱레인지 19인치,459,593,"1,052",92,28
전남,일반승용,현대자동차,코나 일렉트릭 2WD 스탠다드 17인치,437,565,"1,002",87,26
전남,일반승용,BMW,MINI Aceman E,400,600,"1,000",80,24
전남,일반승용,BMW,MINI Aceman SE,400,600,"1,000",80,24
전남,일반승용,BMW,MINI Cooper SE,396,594,990,79,24
전남,일반승용,BMW,MINI Countryman E,217,325,542,43,13
전남,일반승용,BMW,MINI Countryman SE ALL4,203,304,507,41,12
전남,일반승용,BMW,MINI JCW Aceman E,197,295,492,39,12
전남,일반승용,BMW,MINI JCW E,191,286,477,38,11
전남,일반승용,BMW,i4 M60 LCI (71HD),233,349,582,47,14
전남,일반승용,BMW,i4 eDrive 40 LCI(21HD),244,366,610,49,15
전남,일반승용,BMW,i4 eDrive 40 LCI(61HD),256,384,640,51,15
전남,일반승용,BMW,i5 eDrive 40,262,393,655,52,16
전남,일반승용,BMW,iX1 eDrive20,212,318,530,42,13
전남,일반승용,BMW,iX1 xDrive30,192,288,480,38,11
전남,일반승용,BMW,iX2 eDrive20,214,321,535,43,13
전남,일반승용,BMW,iX3 50 xDrive,275,0,275,55,17
전남,일반승용,기아,EV3 GT,248,372,620,50,15
전남,일반승용,기아,EV3 롱레인지 2WD 17인치,555,832,"1,387",100,30
전남,일반승용,기아,EV3 롱레인지 2WD 19인치,555,832,"1,387",100,30
전남,일반승용,기아,EV3 롱레인지 4WD 19인치,539,808,"1,347",100,30
전남,일반승용,기아,EV3 스탠다드 2WD,469,703,"1,172",94,28
전남,일반승용,기아,EV4 GT,255,382,637,51,15
전남,일반승용,기아,EV4 롱레인지 2WD 17인치,555,832,"1,387",100,30
전남,일반승용,기아,EV4 롱레인지 2WD 19인치,555,832,"1,387",100,30
전남,일반승용,기아,EV4 롱레인지 4WD 19인치,554,831,"1,385",100,30
전남,일반승용,기아,EV4 롱레인지 GTL 2WD 19인치,555,832,"1,387",100,30
전남,일반승용,기아,EV4 스탠다드 2WD 17인치,512,768,"1,280",100,30
전남,일반승용,기아,EV4 스탠다드 2WD 19인치,481,721,"1,202",96,29
전남,일반승용,기아,EV5 GT,232,348,580,46,14
전남,일반승용,기아,EV5 롱레인지 2WD,552,828,"1,380",100,30
전남,일반승용,기아,EV5 롱레인지 4WD 18인치,499,748,"1,247",100,30
전남,일반승용,기아,EV5 롱레인지 4WD 19인치,493,739,"1,232",99,30
전남,일반승용,기아,EV9 GT,245,367,612,49,15
전남,일반승용,기아,EV9 롱레인지 2WD 19인치,270,405,675,54,16
전남,일반승용,기아,EV9 롱레인지 2WD 20인치,268,402,670,54,16
전남,일반승용,기아,EV9 롱레인지 4WD 19인치,254,381,635,51,15
전남,일반승용,기아,EV9 롱레인지 4WD 21인치,260,390,650,52,16
전남,일반승용,기아,EV9 롱레인지 GTL 4WD 21인치,252,378,630,50,15
전남,일반승용,기아,EV9 스탠다드,237,355,592,47,14
전남,일반승용,기아,PV5 패신저 5인승 롱레인지,458,687,"1,145",92,28
전남,일반승용,기아,Pv5 WAV(비용 미지원),648,972,"1,620",100,30
전남,일반승용,기아,Pv5 WAV(비용 지원),448,672,"1,120",90,27
전남,일반승용,기아,(단종)The all-new Kia Niro EV,489,733,"1,222",98,29
전남,일반승용,기아,더뉴EV6 롱레인지 2WD 19인치,570,855,"1,425",100,30
전남,일반승용,기아,더뉴EV6 롱레인지 2WD 20인치,559,838,"1,397",100,30
전남,일반승용,기아,더뉴EV6 롱레인지 4WD 19인치,561,841,"1,402",100,30
전남,일반승용,기아,더뉴EV6 롱레인지 4WD 20인치,532,798,"1,330",100,30
전남,일반승용,기아,더뉴EV6 스탠다드,501,751,"1,252",100,30
전남,경·소형,기아,레이 EV 2WD 14인치 1인승 밴,457,609,"1,066",91,27
전남,경·소형,기아,레이 EV 2WD 14인치 2인승 밴,457,609,"1,066",91,27
전남,경·소형,기아,레이 EV 2WD 14인치 4인승 승용,457,609,"1,066",91,27
전남,일반승용,메르세데스벤츠코리아,EQA 250(Facelift),190,285,475,38,11
전남,일반승용,메르세데스벤츠코리아,EQB 300 4MATIC(Facelift),154,231,385,31,9
전남,일반승용,메르세데스벤츠코리아,EQB 300 4MATIC(Facelift)(CY25/2),162,243,405,32,10
전남,일반승용,볼보자동차코리아,볼보 EX30 Single Motor ER,247,370,617,49,15
전남,일반승용,볼보자동차코리아,볼보 EX30CC Twin Motor Perf,222,333,555,44,13
전남,일반승용,비와이디코리아,(단종)BYD ATTO 3,126,189,315,25,8
전남,일반승용,비와이디코리아,(단종)BYD DOLPHIN,109,163,272,22,7
전남,일반승용,비와이디코리아,(단종)BYD DOLPHIN Active,132,198,330,26,8
전남,일반승용,비와이디코리아,(단종)BYD SEAL,169,253,422,34,10
전남,일반승용,비와이디코리아,(단종)BYD SEAL Dynamic AWD,151,226,377,30,9
전남,일반승용,비와이디코리아,(단종)BYD SEALION 7,152,228,380,30,9
전남,일반승용,케이지모빌리티,토레스 EVX 18인치,354,531,885,71,21
전남,일반승용,케이지모빌리티,토레스 EVX 18인치(2026),361,541,902,72,22
전남,일반승용,케이지모빌리티,토레스 EVX 20인치,344,516,860,69,21
전남,일반승용,케이지모빌리티,토레스 EVX 20인치(2026),354,531,885,71,21
전남,일반승용,케이지모빌리티,(단종)토레스 EVX 2WD 18인치,327,490,817,65,20
전남,일반승용,케이지모빌리티,(단종)토레스 EVX 2WD 20인치,312,468,780,62,19
전남,일반승용,테슬라코리아,Model 3 Performance,200,300,500,40,12
전남,일반승용,테슬라코리아,Model 3 Premium Long Range RWD,420,630,"1,050",84,25
전남,일반승용,테슬라코리아,Model 3 RWD,168,252,420,34,10
전남,일반승용,테슬라코리아,Model 3 RWD(2025),168,252,420,34,10
전남,일반승용,테슬라코리아,Model Y L AWD,215,315,530,43,13
전남,일반승용,테슬라코리아,Model Y Long Range(2025),210,315,525,42,13
전남,일반승용,테슬라코리아,Model Y Premium Long Range,210,315,525,42,13
전남,일반승용,테슬라코리아,Model Y Premium RWD,170,255,425,34,10
전남,일반승용,테슬라코리아,Model Y RWD(2025),170,255,425,34,10
전남,일반승용,폭스바겐그룹코리아,ID.4 Pro,432,648,"1,080",86,26
전남,일반승용,폭스바겐그룹코리아,Q4 45 e-tron,206,309,515,41,12
전남,일반승용,폭스바겐그룹코리아,Q4 Sportback 45 e-tron,206,309,515,41,12
전남,일반승용,폭스바겐그룹코리아,(단종)Q6 e-tron performance,220,330,550,44,13
전남,일반승용,폭스바겐그룹코리아,iD.5 Pro,473,709,"1,182",95,29
전남,일반승용,현대자동차,ELECTRIFIED G80,270,405,675,54,16
전남,일반승용,현대자동차,ELECTRIFIED GV70 AWD 19인치,261,391,652,52,16
전남,일반승용,현대자동차,ELECTRIFIED GV70 AWD 20인치,245,367,612,49,15
전남,일반승용,현대자동차,GV60 스탠다드 2WD 19인치,285,427,712,57,17
전남,일반승용,현대자동차,GV60 스탠다드 AWD 19인치,272,408,680,54,16
전남,일반승용,현대자동차,GV60 스탠다드 AWD 20인치,261,391,652,52,16
전남,일반승용,현대자동차,더 뉴 아이오닉5 2WD 롱레인지 19인치,564,846,"1,410",100,30
전남,일반승용,현대자동차,더 뉴 아이오닉5 2WD 롱레인지 19인치 빌트인 캠 미적용,567,850,"1,417",100,30
전남,일반승용,현대자동차,더 뉴 아이오닉5 2WD 롱레인지 20인치,559,838,"1,397",100,30
전남,일반승용,현대자동차,더 뉴 아이오닉5 2WD 롱레인지 N라인 20인치,541,811,"1,352",100,30
전남,일반승용,현대자동차,더 뉴 아이오닉5 2WD 스탠다드 19인치,483,724,"1,207",97,29
전남,일반승용,현대자동차,더 뉴 아이오닉5 AWD 롱레인지 19인치,558,837,"1,395",100,30
전남,일반승용,현대자동차,더 뉴 아이오닉5 AWD 롱레인지 20인치,532,798,"1,330",100,30
전남,일반승용,현대자동차,더 뉴 아이오닉5 AWD 롱레인지 N라인 20인치,510,765,"1,275",100,30
전남,일반승용,현대자동차,더 뉴 아이오닉6 2WD 롱레인지 18인치,570,855,"1,425",100,30
전남,일반승용,현대자동차,더 뉴 아이오닉6 2WD 롱레인지 20인치,570,855,"1,425",100,30
전남,일반승용,현대자동차,더 뉴 아이오닉6 2WD 롱레인지 N라인 20인치,570,855,"1,425",100,30
전남,일반승용,현대자동차,더 뉴 아이오닉6 2WD 스탠다드 18인치,560,840,"1,400",100,30
전남,일반승용,현대자동차,더 뉴 아이오닉6 AWD 롱레인지 18인치,570,855,"1,425",100,30
전남,일반승용,현대자동차,더 뉴 아이오닉6 AWD 롱레인지 20인치,553,829,"1,382",100,30
전남,일반승용,현대자동차,더 뉴 아이오닉6 AWD 롱레인지 N라인 20인치,537,805,"1,342",100,30
전남,일반승용,현대자동차,스타리아 라운지 일렉트릭 7인승,229,343,572,46,14
전남,일반승용,현대자동차,스타리아 리무진 일렉트릭 6인승,229,343,572,46,14
전남,일반승용,현대자동차,아이오닉6 N,250,375,625,50,15
전남,일반승용,현대자동차,아이오닉9 성능형 AWD,272,408,680,54,16
전남,일반승용,현대자동차,아이오닉9 항속형 2WD,274,411,685,55,17
전남,일반승용,현대자동차,아이오닉9 항속형 AWD,271,406,677,54,16
전남,경·소형,현대자동차,캐스퍼 일렉트릭 기본형 15인치,490,653,"1,143",98,29
전남,경·소형,현대자동차,캐스퍼 일렉트릭 크로스 17인치,487,649,"1,136",97,29
전남,경·소형,현대자동차,캐스퍼 일렉트릭 항속형 15인치,490,653,"1,143",98,29
전남,경·소형,현대자동차,캐스퍼 일렉트릭 항속형 17인치(라운지포함),490,653,"1,143",98,29
전남,일반승용,현대자동차,코나 일렉트릭 2WD 롱레인지 17인치,514,771,"1,285",100,30
전남,일반승용,현대자동차,코나 일렉트릭 2WD 롱레인지 17인치 빌트인 캠 미적용,514,771,"1,285",100,30
전남,일반승용,현대자동차,코나 일렉트릭 2WD 롱레인지 19인치,459,688,"1,147",92,28
전남,일반승용,현대자동차,코나 일렉트릭 2WD 스탠다드 17인치,437,655,"1,092",87,26
전남,일반승용,BMW,MINI Aceman E,400,600,"1,000",80,24
전남,일반승용,BMW,MINI Aceman SE,400,600,"1,000",80,24
전남,일반승용,BMW,MINI Cooper SE,396,594,990,79,24
전남,일반승용,BMW,MINI Countryman E,217,325,542,43,13
전남,일반승용,BMW,MINI Countryman SE ALL4,203,304,507,41,12
전남,일반승용,BMW,MINI JCW Aceman E,197,295,492,39,12
전남,일반승용,BMW,MINI JCW E,191,286,477,38,11
전남,일반승용,BMW,i4 M60 LCI (71HD),233,349,582,47,14
전남,일반승용,BMW,i4 eDrive 40 LCI(21HD),244,366,610,49,15
전남,일반승용,BMW,i4 eDrive 40 LCI(61HD),256,384,640,51,15
전남,일반승용,BMW,i5 eDrive 40,262,393,655,52,16
전남,일반승용,BMW,iX1 eDrive20,212,318,530,42,13
전남,일반승용,BMW,iX1 xDrive30,192,288,480,38,11
전남,일반승용,BMW,iX2 eDrive20,214,321,535,43,13
전남,일반승용,BMW,iX3 50 xDrive,275,412,687,55,17
전남,일반승용,기아,EV3 GT,248,372,620,50,15
전남,일반승용,기아,EV3 롱레인지 2WD 17인치,555,832,"1,387",100,30
전남,일반승용,기아,EV3 롱레인지 2WD 19인치,555,832,"1,387",100,30
전남,일반승용,기아,EV3 롱레인지 4WD 19인치,539,808,"1,347",100,30
전남,일반승용,기아,EV3 스탠다드 2WD,469,703,"1,172",94,28
전남,일반승용,기아,EV4 GT,255,382,637,51,15
전남,일반승용,기아,EV4 롱레인지 2WD 17인치,555,832,"1,387",100,30
전남,일반승용,기아,EV4 롱레인지 2WD 19인치,555,832,"1,387",100,30
전남,일반승용,기아,EV4 롱레인지 4WD 19인치,554,831,"1,385",100,30
전남,일반승용,기아,EV4 롱레인지 GTL 2WD 19인치,555,832,"1,387",100,30
전남,일반승용,기아,EV4 스탠다드 2WD 17인치,512,768,"1,280",100,30
전남,일반승용,기아,EV4 스탠다드 2WD 19인치,481,721,"1,202",96,29
전남,일반승용,기아,EV5 GT,232,348,580,46,14
전남,일반승용,기아,EV5 롱레인지 2WD,552,828,"1,380",100,30
전남,일반승용,기아,EV5 롱레인지 4WD 18인치,499,748,"1,247",100,30
전남,일반승용,기아,EV5 롱레인지 4WD 19인치,493,739,"1,232",99,30
전남,일반승용,기아,EV9 GT,245,367,612,49,15
전남,일반승용,기아,EV9 롱레인지 2WD 19인치,270,405,675,54,16
전남,일반승용,기아,EV9 롱레인지 2WD 20인치,268,402,670,54,16
전남,일반승용,기아,EV9 롱레인지 4WD 19인치,254,381,635,51,15
전남,일반승용,기아,EV9 롱레인지 4WD 21인치,260,390,650,52,16
전남,일반승용,기아,EV9 롱레인지 GTL 4WD 21인치,252,378,630,50,15
전남,일반승용,기아,EV9 스탠다드,237,355,592,47,14
전남,일반승용,기아,PV5 패신저 5인승 롱레인지,458,687,"1,145",92,28
전남,일반승용,기아,Pv5 WAV(비용 미지원),648,972,"1,620",100,30
전남,일반승용,기아,Pv5 WAV(비용 지원),448,672,"1,120",90,27
전남,일반승용,기아,(단종)The all-new Kia Niro EV,489,733,"1,222",98,29
전남,일반승용,기아,더뉴EV6 롱레인지 2WD 19인치,570,855,"1,425",100,30
전남,일반승용,기아,더뉴EV6 롱레인지 2WD 20인치,559,838,"1,397",100,30
전남,일반승용,기아,더뉴EV6 롱레인지 4WD 19인치,561,841,"1,402",100,30
전남,일반승용,기아,더뉴EV6 롱레인지 4WD 20인치,532,798,"1,330",100,30
전남,일반승용,기아,더뉴EV6 스탠다드,501,751,"1,252",100,30
전남,경·소형,기아,레이 EV 2WD 14인치 1인승 밴,457,685,"1,142",91,27
전남,경·소형,기아,레이 EV 2WD 14인치 2인승 밴,457,685,"1,142",91,27
전남,경·소형,기아,레이 EV 2WD 14인치 4인승 승용,457,685,"1,142",91,27
전남,일반승용,메르세데스벤츠코리아,EQA 250(Facelift),190,285,475,38,11
전남,일반승용,메르세데스벤츠코리아,EQB 300 4MATIC(Facelift),154,231,385,31,9
전남,일반승용,메르세데스벤츠코리아,EQB 300 4MATIC(Facelift)(CY25/2),162,243,405,32,10
전남,일반승용,볼보자동차코리아,볼보 EX30 Single Motor ER,247,370,617,49,15
전남,일반승용,볼보자동차코리아,볼보 EX30CC Twin Motor Perf,222,333,555,44,13
전남,일반승용,비와이디코리아,(단종)BYD ATTO 3,126,189,315,25,8
전남,일반승용,비와이디코리아,(단종)BYD DOLPHIN,109,163,272,22,7
전남,일반승용,비와이디코리아,(단종)BYD DOLPHIN Active,132,198,330,26,8
전남,일반승용,비와이디코리아,(단종)BYD SEAL,169,253,422,34,10
전남,일반승용,비와이디코리아,(단종)BYD SEAL Dynamic AWD,151,226,377,30,9
전남,일반승용,비와이디코리아,(단종)BYD SEALION 7,152,228,380,30,9
전남,일반승용,케이지모빌리티,토레스 EVX 18인치,354,531,885,71,21
전남,일반승용,케이지모빌리티,토레스 EVX 18인치(2026),361,541,902,72,22
전남,일반승용,케이지모빌리티,토레스 EVX 20인치,344,516,860,69,21
전남,일반승용,케이지모빌리티,토레스 EVX 20인치(2026),354,531,885,71,21
전남,일반승용,케이지모빌리티,(단종)토레스 EVX 2WD 18인치,327,490,817,65,20
전남,일반승용,케이지모빌리티,(단종)토레스 EVX 2WD 20인치,312,468,780,62,19
전남,일반승용,테슬라코리아,Model 3 Performance,200,300,500,40,12
전남,일반승용,테슬라코리아,Model 3 Premium Long Range RWD,420,630,"1,050",84,25
전남,일반승용,테슬라코리아,Model 3 RWD,168,252,420,34,10
전남,일반승용,테슬라코리아,Model 3 RWD(2025),168,252,420,34,10
전남,일반승용,테슬라코리아,Model Y L AWD,215,315,530,43,13
전남,일반승용,테슬라코리아,Model Y Long Range(2025),210,315,525,42,13
전남,일반승용,테슬라코리아,Model Y Premium Long Range,210,315,525,42,13
전남,일반승용,테슬라코리아,Model Y Premium RWD,170,255,425,34,10
전남,일반승용,테슬라코리아,Model Y RWD(2025),170,255,425,34,10
전남,일반승용,폭스바겐그룹코리아,ID.4 Pro,432,648,"1,080",86,26
전남,일반승용,폭스바겐그룹코리아,Q4 45 e-tron,206,309,515,41,12
전남,일반승용,폭스바겐그룹코리아,Q4 Sportback 45 e-tron,206,309,515,41,12
전남,일반승용,폭스바겐그룹코리아,(단종)Q6 e-tron performance,220,330,550,44,13
전남,일반승용,폭스바겐그룹코리아,iD.5 Pro,473,709,"1,182",95,29
전남,일반승용,현대자동차,ELECTRIFIED G80,270,405,675,54,16
전남,일반승용,현대자동차,ELECTRIFIED GV70 AWD 19인치,261,391,652,52,16
전남,일반승용,현대자동차,ELECTRIFIED GV70 AWD 20인치,245,367,612,49,15
전남,일반승용,현대자동차,GV60 스탠다드 2WD 19인치,285,427,712,57,17
전남,일반승용,현대자동차,GV60 스탠다드 AWD 19인치,272,408,680,54,16
전남,일반승용,현대자동차,GV60 스탠다드 AWD 20인치,261,391,652,52,16
전남,일반승용,현대자동차,더 뉴 아이오닉5 2WD 롱레인지 19인치,564,846,"1,410",100,30
전남,일반승용,현대자동차,더 뉴 아이오닉5 2WD 롱레인지 19인치 빌트인 캠 미적용,567,850,"1,417",100,30
전남,일반승용,현대자동차,더 뉴 아이오닉5 2WD 롱레인지 20인치,559,838,"1,397",100,30
전남,일반승용,현대자동차,더 뉴 아이오닉5 2WD 롱레인지 N라인 20인치,541,811,"1,352",100,30
전남,일반승용,현대자동차,더 뉴 아이오닉5 2WD 스탠다드 19인치,483,724,"1,207",97,29
전남,일반승용,현대자동차,더 뉴 아이오닉5 AWD 롱레인지 19인치,558,837,"1,395",100,30
전남,일반승용,현대자동차,더 뉴 아이오닉5 AWD 롱레인지 20인치,532,798,"1,330",100,30
전남,일반승용,현대자동차,더 뉴 아이오닉5 AWD 롱레인지 N라인 20인치,510,765,"1,275",100,30
전남,일반승용,현대자동차,더 뉴 아이오닉6 2WD 롱레인지 18인치,570,855,"1,425",100,30
전남,일반승용,현대자동차,더 뉴 아이오닉6 2WD 롱레인지 20인치,570,855,"1,425",100,30
전남,일반승용,현대자동차,더 뉴 아이오닉6 2WD 롱레인지 N라인 20인치,570,855,"1,425",100,30
전남,일반승용,현대자동차,더 뉴 아이오닉6 2WD 스탠다드 18인치,560,840,"1,400",100,30
전남,일반승용,현대자동차,더 뉴 아이오닉6 AWD 롱레인지 18인치,570,855,"1,425",100,30
전남,일반승용,현대자동차,더 뉴 아이오닉6 AWD 롱레인지 20인치,553,829,"1,382",100,30
전남,일반승용,현대자동차,더 뉴 아이오닉6 AWD 롱레인지 N라인 20인치,537,805,"1,342",100,30
전남,일반승용,현대자동차,스타리아 라운지 일렉트릭 7인승,229,343,572,46,14
전남,일반승용,현대자동차,스타리아 리무진 일렉트릭 6인승,229,343,572,46,14
전남,일반승용,현대자동차,아이오닉6 N,250,375,625,50,15
전남,일반승용,현대자동차,아이오닉9 성능형 AWD,272,408,680,54,16
전남,일반승용,현대자동차,아이오닉9 항속형 2WD,274,411,685,55,17
전남,일반승용,현대자동차,아이오닉9 항속형 AWD,271,406,677,54,16
전남,경·소형,현대자동차,캐스퍼 일렉트릭 기본형 15인치,490,735,"1,225",98,29
전남,경·소형,현대자동차,캐스퍼 일렉트릭 크로스 17인치,487,730,"1,217",97,29
전남,경·소형,현대자동차,캐스퍼 일렉트릭 항속형 15인치,490,735,"1,225",98,29
전남,경·소형,현대자동차,캐스퍼 일렉트릭 항속형 17인치(라운지포함),490,735,"1,225",98,29
전남,일반승용,현대자동차,코나 일렉트릭 2WD 롱레인지 17인치,514,771,"1,285",100,30
전남,일반승용,현대자동차,코나 일렉트릭 2WD 롱레인지 17인치 빌트인 캠 미적용,514,771,"1,285",100,30
전남,일반승용,현대자동차,코나 일렉트릭 2WD 롱레인지 19인치,459,688,"1,147",92,28
전남,일반승용,현대자동차,코나 일렉트릭 2WD 스탠다드 17인치,437,655,"1,092",87,26
전남,일반승용,BMW,MINI Aceman E,400,400,800,80,24
전남,일반승용,BMW,MINI Aceman SE,400,400,800,80,24
전남,일반승용,BMW,MINI Cooper SE,396,396,792,79,24
전남,일반승용,BMW,MINI Countryman E,217,217,434,43,13
전남,일반승용,BMW,MINI Countryman SE ALL4,203,203,406,41,12
전남,일반승용,BMW,MINI JCW Aceman E,197,197,394,39,12
전남,일반승용,BMW,MINI JCW E,191,191,382,38,11
전남,일반승용,BMW,i4 M60 LCI (71HD),233,233,466,47,14
전남,일반승용,BMW,i4 eDrive 40 LCI(21HD),244,244,488,49,15
전남,일반승용,BMW,i4 eDrive 40 LCI(61HD),256,256,512,51,15
전남,일반승용,BMW,i5 eDrive 40,262,262,524,52,16
전남,일반승용,BMW,iX1 eDrive20,212,212,424,42,13
전남,일반승용,BMW,iX1 xDrive30,192,192,384,38,11
전남,일반승용,BMW,iX2 eDrive20,214,214,428,43,13
전남,일반승용,기아,EV3 GT,248,248,496,50,15
전남,일반승용,기아,EV3 롱레인지 2WD 17인치,555,555,"1,110",100,30
전남,일반승용,기아,EV3 롱레인지 2WD 19인치,555,555,"1,110",100,30
전남,일반승용,기아,EV3 롱레인지 4WD 19인치,539,539,"1,078",100,30
전남,일반승용,기아,EV3 스탠다드 2WD,469,469,938,94,28
전남,일반승용,기아,EV4 GT,255,255,510,51,15
전남,일반승용,기아,EV4 롱레인지 2WD 17인치,555,555,"1,110",100,30
전남,일반승용,기아,EV4 롱레인지 2WD 19인치,555,555,"1,110",100,30
전남,일반승용,기아,EV4 롱레인지 4WD 19인치,554,554,"1,108",100,30
전남,일반승용,기아,EV4 롱레인지 GTL 2WD 19인치,555,555,"1,110",100,30
전남,일반승용,기아,EV4 스탠다드 2WD 17인치,512,512,"1,024",100,30
전남,일반승용,기아,EV4 스탠다드 2WD 19인치,481,481,962,96,29
전남,일반승용,기아,EV5 GT,232,232,464,46,14
전남,일반승용,기아,EV5 롱레인지 2WD,552,552,"1,104",100,30
전남,일반승용,기아,EV5 롱레인지 4WD 18인치,499,499,998,100,30
전남,일반승용,기아,EV5 롱레인지 4WD 19인치,493,493,986,99,30
전남,일반승용,기아,EV9 GT,245,245,490,49,15
전남,일반승용,기아,EV9 롱레인지 2WD 19인치,270,270,540,54,16
전남,일반승용,기아,EV9 롱레인지 2WD 20인치,268,268,536,54,16
전남,일반승용,기아,EV9 롱레인지 4WD 19인치,254,254,508,51,15
전남,일반승용,기아,EV9 롱레인지 4WD 21인치,260,260,520,52,16
전남,일반승용,기아,EV9 롱레인지 GTL 4WD 21인치,252,252,504,50,15
전남,일반승용,기아,EV9 스탠다드,237,237,474,47,14
전남,일반승용,기아,PV5 패신저 5인승 롱레인지,458,458,916,92,28
전남,일반승용,기아,Pv5 WAV(비용 미지원),648,648,"1,296",100,30
전남,일반승용,기아,Pv5 WAV(비용 지원),448,448,896,90,27
전남,일반승용,기아,(단종)The all-new Kia Niro EV,489,489,978,98,29
전남,일반승용,기아,더뉴EV6 롱레인지 2WD 19인치,570,570,"1,140",100,30
전남,일반승용,기아,더뉴EV6 롱레인지 2WD 20인치,559,559,"1,118",100,30
전남,일반승용,기아,더뉴EV6 롱레인지 4WD 19인치,561,561,"1,122",100,30
전남,일반승용,기아,더뉴EV6 롱레인지 4WD 20인치,532,532,"1,064",100,30
전남,일반승용,기아,더뉴EV6 스탠다드,501,501,"1,002",100,30
전남,경·소형,기아,레이 EV 2WD 14인치 1인승 밴,457,457,914,91,27
전남,경·소형,기아,레이 EV 2WD 14인치 2인승 밴,457,457,914,91,27
전남,경·소형,기아,레이 EV 2WD 14인치 4인승 승용,457,457,914,91,27
전남,일반승용,메르세데스벤츠코리아,EQA 250(Facelift),190,190,380,38,11
전남,일반승용,메르세데스벤츠코리아,EQB 300 4MATIC(Facelift),154,154,308,31,9
전남,일반승용,메르세데스벤츠코리아,EQB 300 4MATIC(Facelift)(CY25/2),162,162,324,32,10
전남,일반승용,비와이디코리아,(단종)BYD ATTO 3,126,126,252,25,8
전남,일반승용,비와이디코리아,(단종)BYD DOLPHIN,109,109,218,22,7
전남,일반승용,비와이디코리아,(단종)BYD DOLPHIN Active,132,132,264,26,8
전남,일반승용,비와이디코리아,(단종)BYD SEAL,169,169,338,34,10
전남,일반승용,비와이디코리아,(단종)BYD SEAL Dynamic AWD,151,151,302,30,9
전남,일반승용,비와이디코리아,(단종)BYD SEALION 7,152,152,304,30,9
전남,일반승용,케이지모빌리티,토레스 EVX 18인치,354,354,708,71,21
전남,일반승용,케이지모빌리티,토레스 EVX 18인치(2026),361,361,722,72,22
전남,일반승용,케이지모빌리티,토레스 EVX 20인치,344,344,688,69,21
전남,일반승용,케이지모빌리티,토레스 EVX 20인치(2026),354,354,708,71,21
전남,일반승용,케이지모빌리티,(단종)토레스 EVX 2WD 18인치,327,327,654,65,20
전남,일반승용,케이지모빌리티,(단종)토레스 EVX 2WD 20인치,312,312,624,62,19
전남,일반승용,테슬라코리아,Model 3 Performance,200,200,400,40,12
전남,일반승용,테슬라코리아,Model 3 Premium Long Range RWD,420,420,840,84,25
전남,일반승용,테슬라코리아,Model 3 RWD,168,168,336,34,10
전남,일반승용,테슬라코리아,Model 3 RWD(2025),168,168,336,34,10
전남,일반승용,테슬라코리아,Model Y L AWD,215,210,425,43,13
전남,일반승용,테슬라코리아,Model Y Long Range(2025),210,210,420,42,13
전남,일반승용,테슬라코리아,Model Y Premium Long Range,210,210,420,42,13
전남,일반승용,테슬라코리아,Model Y Premium RWD,170,170,340,34,10
전남,일반승용,테슬라코리아,Model Y RWD(2025),170,170,340,34,10
전남,일반승용,폭스바겐그룹코리아,ID.4 Pro,432,432,864,86,26
전남,일반승용,폭스바겐그룹코리아,Q4 45 e-tron,206,206,412,41,12
전남,일반승용,폭스바겐그룹코리아,Q4 Sportback 45 e-tron,206,206,412,41,12
전남,일반승용,폭스바겐그룹코리아,(단종)Q6 e-tron performance,220,220,440,44,13
전남,일반승용,현대자동차,ELECTRIFIED G80,270,270,540,54,16
전남,일반승용,현대자동차,ELECTRIFIED GV70 AWD 19인치,261,261,522,52,16
전남,일반승용,현대자동차,ELECTRIFIED GV70 AWD 20인치,245,245,490,49,15
전남,일반승용,현대자동차,GV60 스탠다드 2WD 19인치,285,285,570,57,17
전남,일반승용,현대자동차,GV60 스탠다드 AWD 19인치,272,272,544,54,16
전남,일반승용,현대자동차,GV60 스탠다드 AWD 20인치,261,261,522,52,16
전남,일반승용,현대자동차,더 뉴 아이오닉5 2WD 롱레인지 19인치,564,564,"1,128",100,30
전남,일반승용,현대자동차,더 뉴 아이오닉5 2WD 롱레인지 19인치 빌트인 캠 미적용,567,567,"1,134",100,30
전남,일반승용,현대자동차,더 뉴 아이오닉5 2WD 롱레인지 20인치,559,559,"1,118",100,30
전남,일반승용,현대자동차,더 뉴 아이오닉5 2WD 롱레인지 N라인 20인치,541,541,"1,082",100,30
전남,일반승용,현대자동차,더 뉴 아이오닉5 2WD 스탠다드 19인치,483,483,966,97,29
전남,일반승용,현대자동차,더 뉴 아이오닉5 AWD 롱레인지 19인치,558,558,"1,116",100,30
전남,일반승용,현대자동차,더 뉴 아이오닉5 AWD 롱레인지 20인치,532,532,"1,064",100,30
전남,일반승용,현대자동차,더 뉴 아이오닉5 AWD 롱레인지 N라인 20인치,510,510,"1,020",100,30
전남,일반승용,현대자동차,더 뉴 아이오닉6 2WD 롱레인지 18인치,570,570,"1,140",100,30
전남,일반승용,현대자동차,더 뉴 아이오닉6 2WD 롱레인지 20인치,570,570,"1,140",100,30
전남,일반승용,현대자동차,더 뉴 아이오닉6 2WD 롱레인지 N라인 20인치,570,570,"1,140",100,30
전남,일반승용,현대자동차,더 뉴 아이오닉6 2WD 스탠다드 18인치,560,560,"1,120",100,30
전남,일반승용,현대자동차,더 뉴 아이오닉6 AWD 롱레인지 18인치,570,570,"1,140",100,30
전남,일반승용,현대자동차,더 뉴 아이오닉6 AWD 롱레인지 20인치,553,553,"1,106",100,30
전남,일반승용,현대자동차,더 뉴 아이오닉6 AWD 롱레인지 N라인 20인치,537,537,"1,074",100,30
전남,일반승용,현대자동차,아이오닉6 N,250,250,500,50,15
전남,일반승용,현대자동차,아이오닉9 성능형 AWD,272,272,544,54,16
전남,일반승용,현대자동차,아이오닉9 항속형 2WD,274,274,548,55,17
전남,일반승용,현대자동차,아이오닉9 항속형 AWD,271,271,542,54,16
전남,경·소형,현대자동차,캐스퍼 일렉트릭 기본형 15인치,490,490,980,98,29
전남,경·소형,현대자동차,캐스퍼 일렉트릭 크로스 17인치,487,487,974,97,29
전남,경·소형,현대자동차,캐스퍼 일렉트릭 항속형 15인치,490,490,980,98,29
전남,경·소형,현대자동차,캐스퍼 일렉트릭 항속형 17인치(라운지포함),490,490,980,98,29
전남,일반승용,현대자동차,코나 일렉트릭 2WD 롱레인지 17인치,514,514,"1,028",100,30
전남,일반승용,현대자동차,코나 일렉트릭 2WD 롱레인지 17인치 빌트인 캠 미적용,514,514,"1,028",100,30
전남,일반승용,현대자동차,코나 일렉트릭 2WD 롱레인지 19인치,459,459,918,92,28
전남,일반승용,현대자동차,코나 일렉트릭 2WD 스탠다드 17인치,437,437,874,87,26
전남,일반승용,BMW,MINI Aceman E,400,533,933,80,24
전남,일반승용,BMW,MINI Aceman SE,400,533,933,80,24
전남,일반승용,BMW,MINI Cooper SE,396,528,924,79,24
전남,일반승용,BMW,MINI Countryman E,217,289,506,43,13
전남,일반승용,BMW,MINI Countryman SE ALL4,203,270,473,41,12
전남,일반승용,BMW,MINI JCW Aceman E,197,262,459,39,12
전남,일반승용,BMW,MINI JCW E,191,254,445,38,11
전남,일반승용,BMW,i4 M60 LCI (71HD),233,310,543,47,14
전남,일반승용,BMW,i4 eDrive 40 LCI(21HD),244,325,569,49,15
전남,일반승용,BMW,i4 eDrive 40 LCI(61HD),256,341,597,51,15
전남,일반승용,BMW,i5 eDrive 40,262,349,611,52,16
전남,일반승용,BMW,iX1 eDrive20,212,282,494,42,13
전남,일반승용,BMW,iX1 eDrive20(11HM),235,313,548,47,14
전남,일반승용,BMW,iX1 xDrive30,192,256,448,38,11
전남,일반승용,BMW,iX2 eDrive20,214,285,499,43,13
전남,일반승용,BMW,iX2 eDrive20(71GN),239,318,557,48,14
전남,일반승용,BMW,iX3 50 xDrive,275,366,641,55,17
전남,일반승용,기아,EV3 GT,248,330,578,50,15
전남,일반승용,기아,EV3 롱레인지 2WD 17인치,555,740,"1,295",100,30
전남,일반승용,기아,EV3 롱레인지 2WD 19인치,555,740,"1,295",100,30
전남,일반승용,기아,EV3 롱레인지 4WD 19인치,539,718,"1,257",100,30
전남,일반승용,기아,EV3 스탠다드 2WD,469,625,"1,094",94,28
전남,일반승용,기아,EV4 GT,255,340,595,51,15
전남,일반승용,기아,EV4 롱레인지 2WD 17인치,555,740,"1,295",100,30
전남,일반승용,기아,EV4 롱레인지 2WD 19인치,555,740,"1,295",100,30
전남,일반승용,기아,EV4 롱레인지 4WD 19인치,554,738,"1,292",100,30
전남,일반승용,기아,EV4 롱레인지 GTL 2WD 19인치,555,740,"1,295",100,30
전남,일반승용,기아,EV4 스탠다드 2WD 17인치,512,682,"1,194",100,30
전남,일반승용,기아,EV4 스탠다드 2WD 19인치,481,641,"1,122",96,29
전남,일반승용,기아,EV5 GT,232,309,541,46,14
전남,일반승용,기아,EV5 롱레인지 2WD,552,736,"1,288",100,30
전남,일반승용,기아,EV5 롱레인지 4WD 18인치,499,665,"1,164",100,30
전남,일반승용,기아,EV5 롱레인지 4WD 19인치,493,657,"1,150",99,30
전남,일반승용,기아,EV9 GT,245,326,571,49,15
전남,일반승용,기아,EV9 롱레인지 2WD 19인치,270,360,630,54,16
전남,일반승용,기아,EV9 롱레인지 2WD 20인치,268,357,625,54,16
전남,일반승용,기아,EV9 롱레인지 4WD 19인치,254,338,592,51,15
전남,일반승용,기아,EV9 롱레인지 4WD 21인치,260,346,606,52,16
전남,일반승용,기아,EV9 롱레인지 GTL 4WD 21인치,252,336,588,50,15
전남,일반승용,기아,EV9 스탠다드,237,316,553,47,14
전남,일반승용,기아,PV5 패신저 5인승 롱레인지,458,610,"1,068",92,28
전남,일반승용,기아,Pv5 WAV(비용 미지원),648,864,"1,512",100,30
전남,일반승용,기아,Pv5 WAV(비용 지원),448,597,"1,045",90,27
전남,일반승용,기아,(단종)The all-new Kia Niro EV,489,652,"1,141",98,29
전남,일반승용,기아,더뉴EV6 롱레인지 2WD 19인치,570,760,"1,330",100,30
전남,일반승용,기아,더뉴EV6 롱레인지 2WD 20인치,559,745,"1,304",100,30
전남,일반승용,기아,더뉴EV6 롱레인지 4WD 19인치,561,748,"1,309",100,30
전남,일반승용,기아,더뉴EV6 롱레인지 4WD 20인치,532,709,"1,241",100,30
전남,일반승용,기아,더뉴EV6 스탠다드,501,668,"1,169",100,30
전남,경·소형,기아,레이 EV 2WD 14인치 1인승 밴,457,563,"1,020",91,27
전남,경·소형,기아,레이 EV 2WD 14인치 2인승 밴,457,563,"1,020",91,27
전남,경·소형,기아,레이 EV 2WD 14인치 4인승 승용,457,563,"1,020",91,27
전남,일반승용,메르세데스벤츠코리아,EQA 250(Facelift),190,253,443,38,11
전남,일반승용,메르세데스벤츠코리아,EQB 300 4MATIC(Facelift),154,205,359,31,9
전남,일반승용,메르세데스벤츠코리아,EQB 300 4MATIC(Facelift)(CY25/2),162,216,378,32,10
전남,일반승용,볼보자동차코리아,볼보 EX30 Single Motor ER,247,329,576,49,15
전남,일반승용,볼보자동차코리아,볼보 EX30CC Twin Motor Perf,222,296,518,44,13
전남,일반승용,비와이디코리아,(단종)BYD ATTO 3,126,168,294,25,8
전남,일반승용,비와이디코리아,(단종)BYD DOLPHIN,109,145,254,22,7
전남,일반승용,비와이디코리아,(단종)BYD DOLPHIN Active,132,176,308,26,8
전남,일반승용,비와이디코리아,(단종)BYD SEAL,169,225,394,34,10
전남,일반승용,비와이디코리아,(단종)BYD SEAL Dynamic AWD,151,201,352,30,9
전남,일반승용,비와이디코리아,(단종)BYD SEALION 7,152,202,354,30,9
전남,일반승용,케이지모빌리티,토레스 EVX 18인치,354,472,826,71,21
전남,일반승용,케이지모빌리티,토레스 EVX 18인치(2026),361,481,842,72,22
전남,일반승용,케이지모빌리티,토레스 EVX 20인치,344,458,802,69,21
전남,일반승용,케이지모빌리티,토레스 EVX 20인치(2026),354,472,826,71,21
전남,일반승용,케이지모빌리티,(단종)토레스 EVX 2WD 18인치,327,436,763,65,20
전남,일반승용,케이지모빌리티,(단종)토레스 EVX 2WD 20인치,312,416,728,62,19
전남,일반승용,테슬라코리아,Model 3 Performance,200,266,466,40,12
전남,일반승용,테슬라코리아,Model 3 Premium Long Range RWD,420,560,980,84,25
전남,일반승용,테슬라코리아,Model 3 Premium Long Range RWD(5999만원),210,280,490,42,13
전남,일반승용,테슬라코리아,Model 3 RWD,168,224,392,34,10
전남,일반승용,테슬라코리아,Model 3 RWD(2025),168,224,392,34,10
전남,일반승용,테슬라코리아,Model Y L AWD,215,286,501,43,13
전남,일반승용,테슬라코리아,Model Y Long Range(2025),210,280,490,42,13
전남,일반승용,테슬라코리아,Model Y Premium Long Range,210,280,490,42,13
전남,일반승용,테슬라코리아,Model Y Premium RWD,170,226,396,34,10
전남,일반승용,테슬라코리아,Model Y RWD(2025),170,226,396,34,10
전남,일반승용,폭스바겐그룹코리아,ID.4 Pro,432,576,"1,008",86,26
전남,일반승용,폭스바겐그룹코리아,Q4 45 e-tron,206,274,480,41,12
전남,일반승용,폭스바겐그룹코리아,Q4 Sportback 45 e-tron,206,274,480,41,12
전남,일반승용,폭스바겐그룹코리아,(단종)Q6 e-tron performance,220,293,513,44,13
전남,일반승용,폭스바겐그룹코리아,iD.5 Pro,473,630,"1,103",95,29
전남,일반승용,폴스타오토모티브코리아,Polestar 4 Coupe Dual Motor,168,224,392,34,10
전남,일반승용,폴스타오토모티브코리아,Polestar 4 Coupe Rear Motor,181,241,422,36,11
전남,일반승용,현대자동차,ELECTRIFIED G80,270,360,630,54,16
전남,일반승용,현대자동차,ELECTRIFIED GV70 AWD 19인치,261,348,609,52,16
전남,일반승용,현대자동차,ELECTRIFIED GV70 AWD 20인치,245,326,571,49,15
전남,일반승용,현대자동차,GV60 스탠다드 2WD 19인치,285,380,665,57,17
전남,일반승용,현대자동차,GV60 스탠다드 AWD 19인치,272,362,634,54,16
전남,일반승용,현대자동차,GV60 스탠다드 AWD 20인치,261,348,609,52,16
전남,일반승용,현대자동차,더 뉴 아이오닉5 2WD 롱레인지 19인치,564,752,"1,316",100,30
전남,일반승용,현대자동차,더 뉴 아이오닉5 2WD 롱레인지 19인치 빌트인 캠 미적용,567,756,"1,323",100,30
전남,일반승용,현대자동차,더 뉴 아이오닉5 2WD 롱레인지 20인치,559,745,"1,304",100,30
전남,일반승용,현대자동차,더 뉴 아이오닉5 2WD 롱레인지 N라인 20인치,541,721,"1,262",100,30
전남,일반승용,현대자동차,더 뉴 아이오닉5 2WD 스탠다드 19인치,483,644,"1,127",97,29
전남,일반승용,현대자동차,더 뉴 아이오닉5 AWD 롱레인지 19인치,558,744,"1,302",100,30
전남,일반승용,현대자동차,더 뉴 아이오닉5 AWD 롱레인지 20인치,532,709,"1,241",100,30
전남,일반승용,현대자동차,더 뉴 아이오닉5 AWD 롱레인지 N라인 20인치,510,680,"1,190",100,30
전남,일반승용,현대자동차,더 뉴 아이오닉6 2WD 롱레인지 18인치,570,760,"1,330",100,30
전남,일반승용,현대자동차,더 뉴 아이오닉6 2WD 롱레인지 20인치,570,760,"1,330",100,30
전남,일반승용,현대자동차,더 뉴 아이오닉6 2WD 롱레인지 N라인 20인치,570,760,"1,330",100,30
전남,일반승용,현대자동차,더 뉴 아이오닉6 2WD 스탠다드 18인치,560,746,"1,306",100,30
전남,일반승용,현대자동차,더 뉴 아이오닉6 AWD 롱레인지 18인치,570,760,"1,330",100,30
전남,일반승용,현대자동차,더 뉴 아이오닉6 AWD 롱레인지 20인치,553,737,"1,290",100,30
전남,일반승용,현대자동차,더 뉴 아이오닉6 AWD 롱레인지 N라인 20인치,537,716,"1,253",100,30
전남,일반승용,현대자동차,스타리아 라운지 일렉트릭 7인승,229,305,534,46,14
전남,일반승용,현대자동차,스타리아 리무진 일렉트릭 6인승,229,305,534,46,14
전남,일반승용,현대자동차,아이오닉6 N,250,333,583,50,15
전남,일반승용,현대자동차,아이오닉9 성능형 AWD,272,362,634,54,16
전남,일반승용,현대자동차,아이오닉9 항속형 2WD,274,365,639,55,17
전남,일반승용,현대자동차,아이오닉9 항속형 AWD,271,361,632,54,16
전남,경·소형,현대자동차,캐스퍼 일렉트릭 기본형 15인치,490,604,"1,094",98,29
전남,경·소형,현대자동차,캐스퍼 일렉트릭 크로스 17인치,487,600,"1,087",97,29
전남,경·소형,현대자동차,캐스퍼 일렉트릭 항속형 15인치,490,604,"1,094",98,29
전남,경·소형,현대자동차,캐스퍼 일렉트릭 항속형 17인치(라운지포함),490,604,"1,094",98,29
전남,일반승용,현대자동차,코나 일렉트릭 2WD 롱레인지 17인치,514,685,"1,199",100,30
전남,일반승용,현대자동차,코나 일렉트릭 2WD 롱레인지 17인치 빌트인 캠 미적용,514,685,"1,199",100,30
전남,일반승용,현대자동차,코나 일렉트릭 2WD 롱레인지 19인치,459,612,"1,071",92,28
전남,일반승용,현대자동차,코나 일렉트릭 2WD 스탠다드 17인치,437,582,"1,019",87,26
전남,일반승용,BMW,MINI Aceman E,400,533,933,80,24
전남,일반승용,BMW,MINI Aceman SE,400,533,933,80,24
전남,일반승용,BMW,MINI Cooper SE,396,528,924,79,24
전남,일반승용,BMW,MINI Countryman E,217,289,506,43,13
전남,일반승용,BMW,MINI Countryman SE ALL4,203,270,473,41,12
전남,일반승용,BMW,MINI JCW Aceman E,197,262,459,39,12
전남,일반승용,BMW,MINI JCW E,191,254,445,38,11
전남,일반승용,BMW,i4 M60 LCI (71HD),233,310,543,47,14
전남,일반승용,BMW,i4 eDrive 40 LCI(21HD),244,325,569,49,15
전남,일반승용,BMW,i4 eDrive 40 LCI(61HD),256,341,597,51,15
전남,일반승용,BMW,i5 eDrive 40,262,349,611,52,16
전남,일반승용,BMW,iX1 eDrive20,212,282,494,42,13
전남,일반승용,BMW,iX1 xDrive30,192,256,448,38,11
전남,일반승용,BMW,iX2 eDrive20,214,285,499,43,13
전남,일반승용,기아,EV3 GT,248,330,578,50,15
전남,일반승용,기아,EV3 롱레인지 2WD 17인치,555,740,"1,295",100,30
전남,일반승용,기아,EV3 롱레인지 2WD 19인치,555,740,"1,295",100,30
전남,일반승용,기아,EV3 롱레인지 4WD 19인치,539,718,"1,257",100,30
전남,일반승용,기아,EV3 스탠다드 2WD,469,625,"1,094",94,28
전남,일반승용,기아,EV4 GT,255,340,595,51,15
전남,일반승용,기아,EV4 롱레인지 2WD 17인치,555,740,"1,295",100,30
전남,일반승용,기아,EV4 롱레인지 2WD 19인치,555,740,"1,295",100,30
전남,일반승용,기아,EV4 롱레인지 4WD 19인치,554,738,"1,292",100,30
전남,일반승용,기아,EV4 롱레인지 GTL 2WD 19인치,555,740,"1,295",100,30
전남,일반승용,기아,EV4 스탠다드 2WD 17인치,512,682,"1,194",100,30
전남,일반승용,기아,EV4 스탠다드 2WD 19인치,481,641,"1,122",96,29
전남,일반승용,기아,EV5 GT,232,309,541,46,14
전남,일반승용,기아,EV5 롱레인지 2WD,552,736,"1,288",100,30
전남,일반승용,기아,EV5 롱레인지 4WD 18인치,499,665,"1,164",100,30
전남,일반승용,기아,EV5 롱레인지 4WD 19인치,493,657,"1,150",99,30
전남,일반승용,기아,EV9 GT,245,326,571,49,15
전남,일반승용,기아,EV9 롱레인지 2WD 19인치,270,360,630,54,16
전남,일반승용,기아,EV9 롱레인지 2WD 20인치,268,357,625,54,16
전남,일반승용,기아,EV9 롱레인지 4WD 19인치,254,338,592,51,15
전남,일반승용,기아,EV9 롱레인지 4WD 21인치,260,346,606,52,16
전남,일반승용,기아,EV9 롱레인지 GTL 4WD 21인치,252,336,588,50,15
전남,일반승용,기아,EV9 스탠다드,237,316,553,47,14
전남,일반승용,기아,PV5 패신저 5인승 롱레인지,458,610,"1,068",92,28
전남,일반승용,기아,Pv5 WAV(비용 미지원),648,864,"1,512",100,30
전남,일반승용,기아,Pv5 WAV(비용 지원),448,597,"1,045",90,27
전남,일반승용,기아,(단종)The all-new Kia Niro EV,489,652,"1,141",98,29
전남,일반승용,기아,더뉴EV6 롱레인지 2WD 19인치,570,760,"1,330",100,30
전남,일반승용,기아,더뉴EV6 롱레인지 2WD 20인치,559,745,"1,304",100,30
전남,일반승용,기아,더뉴EV6 롱레인지 4WD 19인치,561,748,"1,309",100,30
전남,일반승용,기아,더뉴EV6 롱레인지 4WD 20인치,532,709,"1,241",100,30
전남,일반승용,기아,더뉴EV6 스탠다드,501,668,"1,169",100,30
전남,경·소형,기아,레이 EV 2WD 14인치 1인승 밴,457,563,"1,020",91,27
전남,경·소형,기아,레이 EV 2WD 14인치 2인승 밴,457,563,"1,020",91,27
전남,경·소형,기아,레이 EV 2WD 14인치 4인승 승용,457,563,"1,020",91,27
전남,일반승용,메르세데스벤츠코리아,EQA 250(Facelift),190,253,443,38,11
전남,일반승용,메르세데스벤츠코리아,EQB 300 4MATIC(Facelift),154,205,359,31,9
전남,일반승용,메르세데스벤츠코리아,EQB 300 4MATIC(Facelift)(CY25/2),162,216,378,32,10
전남,일반승용,비와이디코리아,(단종)BYD ATTO 3,126,168,294,25,8
전남,일반승용,비와이디코리아,(단종)BYD DOLPHIN,109,145,254,22,7
전남,일반승용,비와이디코리아,(단종)BYD DOLPHIN Active,132,176,308,26,8
전남,일반승용,비와이디코리아,(단종)BYD SEAL,169,225,394,34,10
전남,일반승용,비와이디코리아,(단종)BYD SEAL Dynamic AWD,151,201,352,30,9
전남,일반승용,비와이디코리아,(단종)BYD SEALION 7,152,202,354,30,9
전남,일반승용,케이지모빌리티,토레스 EVX 18인치,354,472,826,71,21
전남,일반승용,케이지모빌리티,토레스 EVX 18인치(2026),361,481,842,72,22
전남,일반승용,케이지모빌리티,토레스 EVX 20인치,344,458,802,69,21
전남,일반승용,케이지모빌리티,토레스 EVX 20인치(2026),354,472,826,71,21
전남,일반승용,케이지모빌리티,(단종)토레스 EVX 2WD 18인치,327,436,763,65,20
전남,일반승용,케이지모빌리티,(단종)토레스 EVX 2WD 20인치,312,416,728,62,19
전남,일반승용,테슬라코리아,Model 3 Performance,200,266,466,40,12
전남,일반승용,테슬라코리아,Model 3 Premium Long Range RWD,420,560,980,84,25
전남,일반승용,테슬라코리아,Model 3 RWD,168,224,392,34,10
전남,일반승용,테슬라코리아,Model 3 RWD(2025),168,224,392,34,10
전남,일반승용,테슬라코리아,Model Y L AWD,215,280,495,43,13
전남,일반승용,테슬라코리아,Model Y Long Range(2025),210,280,490,42,13
전남,일반승용,테슬라코리아,Model Y Premium Long Range,210,280,490,42,13
전남,일반승용,테슬라코리아,Model Y Premium RWD,170,226,396,34,10
전남,일반승용,테슬라코리아,Model Y RWD(2025),170,226,396,34,10
전남,일반승용,폭스바겐그룹코리아,ID.4 Pro,432,576,"1,008",86,26
전남,일반승용,폭스바겐그룹코리아,Q4 45 e-tron,206,274,480,41,12
전남,일반승용,폭스바겐그룹코리아,Q4 Sportback 45 e-tron,206,274,480,41,12
전남,일반승용,폭스바겐그룹코리아,(단종)Q6 e-tron performance,220,293,513,44,13
전남,일반승용,현대자동차,ELECTRIFIED G80,270,360,630,54,16
전남,일반승용,현대자동차,ELECTRIFIED GV70 AWD 19인치,261,348,609,52,16
전남,일반승용,현대자동차,ELECTRIFIED GV70 AWD 20인치,245,326,571,49,15
전남,일반승용,현대자동차,GV60 스탠다드 2WD 19인치,285,380,665,57,17
전남,일반승용,현대자동차,GV60 스탠다드 AWD 19인치,272,362,634,54,16
전남,일반승용,현대자동차,GV60 스탠다드 AWD 20인치,261,348,609,52,16
전남,일반승용,현대자동차,더 뉴 아이오닉5 2WD 롱레인지 19인치,564,752,"1,316",100,30
전남,일반승용,현대자동차,더 뉴 아이오닉5 2WD 롱레인지 19인치 빌트인 캠 미적용,567,756,"1,323",100,30
전남,일반승용,현대자동차,더 뉴 아이오닉5 2WD 롱레인지 20인치,559,745,"1,304",100,30
전남,일반승용,현대자동차,더 뉴 아이오닉5 2WD 롱레인지 N라인 20인치,541,721,"1,262",100,30
전남,일반승용,현대자동차,더 뉴 아이오닉5 2WD 스탠다드 19인치,483,644,"1,127",97,29
전남,일반승용,현대자동차,더 뉴 아이오닉5 AWD 롱레인지 19인치,558,744,"1,302",100,30
전남,일반승용,현대자동차,더 뉴 아이오닉5 AWD 롱레인지 20인치,532,709,"1,241",100,30
전남,일반승용,현대자동차,더 뉴 아이오닉5 AWD 롱레인지 N라인 20인치,510,680,"1,190",100,30
전남,일반승용,현대자동차,더 뉴 아이오닉6 2WD 롱레인지 18인치,570,760,"1,330",100,30
전남,일반승용,현대자동차,더 뉴 아이오닉6 2WD 롱레인지 20인치,570,760,"1,330",100,30
전남,일반승용,현대자동차,더 뉴 아이오닉6 2WD 롱레인지 N라인 20인치,570,760,"1,330",100,30
전남,일반승용,현대자동차,더 뉴 아이오닉6 2WD 스탠다드 18인치,560,746,"1,306",100,30
전남,일반승용,현대자동차,더 뉴 아이오닉6 AWD 롱레인지 18인치,570,760,"1,330",100,30
전남,일반승용,현대자동차,더 뉴 아이오닉6 AWD 롱레인지 20인치,553,737,"1,290",100,30
전남,일반승용,현대자동차,더 뉴 아이오닉6 AWD 롱레인지 N라인 20인치,537,716,"1,253",100,30
전남,일반승용,현대자동차,아이오닉6 N,250,333,583,50,15
전남,일반승용,현대자동차,아이오닉9 성능형 AWD,272,362,634,54,16
전남,일반승용,현대자동차,아이오닉9 항속형 2WD,274,365,639,55,17
전남,일반승용,현대자동차,아이오닉9 항속형 AWD,271,361,632,54,16
전남,경·소형,현대자동차,캐스퍼 일렉트릭 기본형 15인치,490,604,"1,094",98,29
전남,경·소형,현대자동차,캐스퍼 일렉트릭 크로스 17인치,487,600,"1,087",97,29
전남,경·소형,현대자동차,캐스퍼 일렉트릭 항속형 15인치,490,604,"1,094",98,29
전남,경·소형,현대자동차,캐스퍼 일렉트릭 항속형 17인치(라운지포함),490,604,"1,094",98,29
전남,일반승용,현대자동차,코나 일렉트릭 2WD 롱레인지 17인치,514,685,"1,199",100,30
전남,일반승용,현대자동차,코나 일렉트릭 2WD 롱레인지 17인치 빌트인 캠 미적용,514,685,"1,199",100,30
전남,일반승용,현대자동차,코나 일렉트릭 2WD 롱레인지 19인치,459,612,"1,071",92,28
전남,일반승용,현대자동차,코나 일렉트릭 2WD 스탠다드 17인치,437,582,"1,019",87,26
전남,일반승용,BMW,MINI Aceman E,400,550,950,80,24
전남,일반승용,BMW,MINI Aceman SE,400,550,950,80,24
전남,일반승용,BMW,MINI Cooper SE,396,546,942,79,24
전남,일반승용,BMW,MINI Countryman E,217,292,509,43,13
전남,일반승용,BMW,MINI Countryman SE ALL4,203,278,481,41,12
전남,일반승용,BMW,MINI JCW Aceman E,197,272,469,39,12
전남,일반승용,BMW,MINI JCW E,191,266,457,38,11
전남,일반승용,BMW,i4 M60 LCI (71HD),233,308,541,47,14
전남,일반승용,BMW,i4 eDrive 40 LCI(21HD),244,319,563,49,15
전남,일반승용,BMW,i4 eDrive 40 LCI(61HD),256,331,587,51,15
전남,일반승용,BMW,i5 eDrive 40,262,337,599,52,16
전남,일반승용,BMW,iX1 eDrive20,212,287,499,42,13
전남,일반승용,BMW,iX1 xDrive30,192,267,459,38,11
전남,일반승용,BMW,iX2 eDrive20,214,289,503,43,13
전남,일반승용,기아,EV3 GT,248,323,571,50,15
전남,일반승용,기아,EV3 롱레인지 2WD 17인치,555,705,"1,260",100,30
전남,일반승용,기아,EV3 롱레인지 2WD 19인치,555,705,"1,260",100,30
전남,일반승용,기아,EV3 롱레인지 4WD 19인치,539,689,"1,228",100,30
전남,일반승용,기아,EV3 스탠다드 2WD,469,619,"1,088",94,28
전남,일반승용,기아,EV4 GT,255,330,585,51,15
전남,일반승용,기아,EV4 롱레인지 2WD 17인치,555,705,"1,260",100,30
전남,일반승용,기아,EV4 롱레인지 2WD 19인치,555,705,"1,260",100,30
전남,일반승용,기아,EV4 롱레인지 4WD 19인치,554,704,"1,258",100,30
전남,일반승용,기아,EV4 롱레인지 GTL 2WD 19인치,555,705,"1,260",100,30
전남,일반승용,기아,EV4 스탠다드 2WD 17인치,512,662,"1,174",100,30
전남,일반승용,기아,EV4 스탠다드 2WD 19인치,481,631,"1,112",96,29
전남,일반승용,기아,EV5 GT,232,307,539,46,14
전남,일반승용,기아,EV5 롱레인지 2WD,552,702,"1,254",100,30
전남,일반승용,기아,EV5 롱레인지 4WD 18인치,499,649,"1,148",100,30
전남,일반승용,기아,EV5 롱레인지 4WD 19인치,493,643,"1,136",99,30
전남,일반승용,기아,EV9 GT,245,320,565,49,15
전남,일반승용,기아,EV9 롱레인지 2WD 19인치,270,345,615,54,16
전남,일반승용,기아,EV9 롱레인지 2WD 20인치,268,343,611,54,16
전남,일반승용,기아,EV9 롱레인지 4WD 19인치,254,329,583,51,15
전남,일반승용,기아,EV9 롱레인지 4WD 21인치,260,335,595,52,16
전남,일반승용,기아,EV9 롱레인지 GTL 4WD 21인치,252,327,579,50,15
전남,일반승용,기아,EV9 스탠다드,237,312,549,47,14
전남,일반승용,기아,PV5 패신저 5인승 롱레인지,458,608,"1,066",92,28
전남,일반승용,기아,Pv5 WAV(비용 미지원),648,798,"1,446",100,30
전남,일반승용,기아,Pv5 WAV(비용 지원),448,598,"1,046",90,27
전남,일반승용,기아,(단종)The all-new Kia Niro EV,489,639,"1,128",98,29
전남,일반승용,기아,더뉴EV6 롱레인지 2WD 19인치,570,720,"1,290",100,30
전남,일반승용,기아,더뉴EV6 롱레인지 2WD 20인치,559,709,"1,268",100,30
전남,일반승용,기아,더뉴EV6 롱레인지 4WD 19인치,561,711,"1,272",100,30
전남,일반승용,기아,더뉴EV6 롱레인지 4WD 20인치,532,682,"1,214",100,30
전남,일반승용,기아,더뉴EV6 스탠다드,501,651,"1,152",100,30
전남,경·소형,기아,레이 EV 2WD 14인치 1인승 밴,457,607,"1,064",91,27
전남,경·소형,기아,레이 EV 2WD 14인치 2인승 밴,457,607,"1,064",91,27
전남,경·소형,기아,레이 EV 2WD 14인치 4인승 승용,457,607,"1,064",91,27
전남,일반승용,메르세데스벤츠코리아,EQA 250(Facelift),190,265,455,38,11
전남,일반승용,메르세데스벤츠코리아,EQB 300 4MATIC(Facelift),154,229,383,31,9
전남,일반승용,메르세데스벤츠코리아,EQB 300 4MATIC(Facelift)(CY25/2),162,237,399,32,10
전남,일반승용,볼보자동차코리아,볼보 EX30 Single Motor ER,247,322,569,49,15
전남,일반승용,볼보자동차코리아,볼보 EX30CC Twin Motor Perf,222,297,519,44,13
전남,일반승용,비와이디코리아,(단종)BYD ATTO 3,126,276,402,25,8
전남,일반승용,비와이디코리아,(단종)BYD DOLPHIN,109,259,368,22,7
전남,일반승용,비와이디코리아,(단종)BYD DOLPHIN Active,132,282,414,26,8
전남,일반승용,비와이디코리아,(단종)BYD SEAL,169,319,488,34,10
전남,일반승용,비와이디코리아,(단종)BYD SEAL Dynamic AWD,151,301,452,30,9
전남,일반승용,비와이디코리아,(단종)BYD SEALION 7,152,302,454,30,9
전남,일반승용,케이지모빌리티,토레스 EVX 18인치,354,504,858,71,21
전남,일반승용,케이지모빌리티,토레스 EVX 18인치(2026),361,511,872,72,22
전남,일반승용,케이지모빌리티,토레스 EVX 20인치,344,494,838,69,21
전남,일반승용,케이지모빌리티,토레스 EVX 20인치(2026),354,504,858,71,21
전남,일반승용,케이지모빌리티,(단종)토레스 EVX 2WD 18인치,327,477,804,65,20
전남,일반승용,케이지모빌리티,(단종)토레스 EVX 2WD 20인치,312,462,774,62,19
전남,일반승용,테슬라코리아,Model 3 Performance,200,275,475,40,12
전남,일반승용,테슬라코리아,Model 3 Premium Long Range RWD,420,570,990,84,25
전남,일반승용,테슬라코리아,Model 3 RWD,168,318,486,34,10
전남,일반승용,테슬라코리아,Model 3 RWD(2025),168,318,486,34,10
전남,일반승용,테슬라코리아,Model Y L AWD,215,285,500,43,13
전남,일반승용,테슬라코리아,Model Y Long Range(2025),210,285,495,42,13
전남,일반승용,테슬라코리아,Model Y Premium Long Range,210,285,495,42,13
전남,일반승용,테슬라코리아,Model Y Premium RWD,170,245,415,34,10
전남,일반승용,테슬라코리아,Model Y RWD(2025),170,245,415,34,10
전남,일반승용,폭스바겐그룹코리아,ID.4 Pro,432,582,"1,014",86,26
전남,일반승용,폭스바겐그룹코리아,Q4 45 e-tron,206,281,487,41,12
전남,일반승용,폭스바겐그룹코리아,Q4 Sportback 45 e-tron,206,281,487,41,12
전남,일반승용,폭스바겐그룹코리아,(단종)Q6 e-tron performance,220,295,515,44,13
전남,일반승용,현대자동차,ELECTRIFIED G80,270,345,615,54,16
전남,일반승용,현대자동차,ELECTRIFIED GV70 AWD 19인치,261,336,597,52,16
전남,일반승용,현대자동차,ELECTRIFIED GV70 AWD 20인치,245,320,565,49,15
전남,일반승용,현대자동차,GV60 스탠다드 2WD 19인치,285,360,645,57,17
전남,일반승용,현대자동차,GV60 스탠다드 AWD 19인치,272,347,619,54,16
전남,일반승용,현대자동차,GV60 스탠다드 AWD 20인치,261,336,597,52,16
전남,일반승용,현대자동차,더 뉴 아이오닉5 2WD 롱레인지 19인치,564,714,"1,278",100,30
전남,일반승용,현대자동차,더 뉴 아이오닉5 2WD 롱레인지 19인치 빌트인 캠 미적용,567,717,"1,284",100,30
전남,일반승용,현대자동차,더 뉴 아이오닉5 2WD 롱레인지 20인치,559,709,"1,268",100,30
전남,일반승용,현대자동차,더 뉴 아이오닉5 2WD 롱레인지 N라인 20인치,541,691,"1,232",100,30
전남,일반승용,현대자동차,더 뉴 아이오닉5 2WD 스탠다드 19인치,483,633,"1,116",97,29
전남,일반승용,현대자동차,더 뉴 아이오닉5 AWD 롱레인지 19인치,558,708,"1,266",100,30
전남,일반승용,현대자동차,더 뉴 아이오닉5 AWD 롱레인지 20인치,532,682,"1,214",100,30
전남,일반승용,현대자동차,더 뉴 아이오닉5 AWD 롱레인지 N라인 20인치,510,660,"1,170",100,30
전남,일반승용,현대자동차,더 뉴 아이오닉6 2WD 롱레인지 18인치,570,720,"1,290",100,30
전남,일반승용,현대자동차,더 뉴 아이오닉6 2WD 롱레인지 20인치,570,720,"1,290",100,30
전남,일반승용,현대자동차,더 뉴 아이오닉6 2WD 롱레인지 N라인 20인치,570,720,"1,290",100,30
전남,일반승용,현대자동차,더 뉴 아이오닉6 2WD 스탠다드 18인치,560,710,"1,270",100,30
전남,일반승용,현대자동차,더 뉴 아이오닉6 AWD 롱레인지 18인치,570,720,"1,290",100,30
전남,일반승용,현대자동차,더 뉴 아이오닉6 AWD 롱레인지 20인치,553,703,"1,256",100,30
전남,일반승용,현대자동차,더 뉴 아이오닉6 AWD 롱레인지 N라인 20인치,537,687,"1,224",100,30
전남,일반승용,현대자동차,스타리아 리무진 일렉트릭 6인승,229,304,533,46,14
전남,일반승용,현대자동차,아이오닉6 N,250,325,575,50,15
전남,일반승용,현대자동차,아이오닉9 성능형 AWD,272,347,619,54,16
전남,일반승용,현대자동차,아이오닉9 항속형 2WD,274,349,623,55,17
전남,일반승용,현대자동차,아이오닉9 항속형 AWD,271,346,617,54,16
전남,경·소형,현대자동차,캐스퍼 일렉트릭 기본형 15인치,490,640,"1,130",98,29
전남,경·소형,현대자동차,캐스퍼 일렉트릭 크로스 17인치,487,637,"1,124",97,29
전남,경·소형,현대자동차,캐스퍼 일렉트릭 항속형 15인치,490,640,"1,130",98,29
전남,경·소형,현대자동차,캐스퍼 일렉트릭 항속형 17인치(라운지포함),490,640,"1,130",98,29
전남,일반승용,현대자동차,코나 일렉트릭 2WD 롱레인지 17인치,514,664,"1,178",100,30
전남,일반승용,현대자동차,코나 일렉트릭 2WD 롱레인지 17인치 빌트인 캠 미적용,514,664,"1,178",100,30
전남,일반승용,현대자동차,코나 일렉트릭 2WD 롱레인지 19인치,459,609,"1,068",92,28
전남,일반승용,현대자동차,코나 일렉트릭 2WD 스탠다드 17인치,437,587,"1,024",87,26
전남,일반승용,BMW,MINI Aceman E,400,430,830,80,24
전남,일반승용,BMW,MINI Aceman SE,400,355,755,80,24
전남,일반승용,BMW,MINI Cooper SE,396,427,823,79,24
전남,일반승용,BMW,MINI Countryman E,217,227,444,43,13
전남,일반승용,BMW,MINI Countryman SE ALL4,203,217,420,41,12
전남,일반승용,BMW,MINI JCW Aceman E,197,288,485,39,12
전남,일반승용,BMW,MINI JCW E,191,209,400,38,11
전남,일반승용,BMW,i4 M60 LCI (71HD),233,238,471,47,14
전남,일반승용,BMW,i4 eDrive 40 LCI(21HD),244,246,490,49,15
전남,일반승용,BMW,i4 eDrive 40 LCI(61HD),256,254,510,51,15
전남,일반승용,BMW,i5 eDrive 40,262,258,520,52,16
전남,일반승용,BMW,iX1 eDrive20,212,223,435,42,13
전남,일반승용,BMW,iX1 xDrive30,192,209,401,38,11
전남,일반승용,BMW,iX2 eDrive20,214,225,439,43,13
전남,일반승용,기아,EV3 롱레인지 2WD 17인치,555,539,"1,094",100,30
전남,일반승용,기아,EV3 롱레인지 2WD 19인치,555,539,"1,094",100,30
전남,일반승용,기아,EV3 스탠다드 2WD,469,478,947,94,28
전남,일반승용,기아,EV4 롱레인지 2WD 17인치,555,539,"1,094",100,30
전남,일반승용,기아,EV4 롱레인지 2WD 19인치,555,539,"1,094",100,30
전남,일반승용,기아,EV4 롱레인지 GTL 2WD 19인치,555,539,"1,094",100,30
전남,일반승용,기아,EV4 스탠다드 2WD 17인치,512,508,"1,020",100,30
전남,일반승용,기아,EV4 스탠다드 2WD 19인치,481,487,968,96,29
전남,일반승용,기아,EV5 롱레인지 2WD,552,536,"1,088",100,30
전남,일반승용,기아,EV9 롱레인지 2WD 19인치,270,264,534,54,16
전남,일반승용,기아,EV9 롱레인지 2WD 20인치,268,263,531,54,16
전남,일반승용,기아,EV9 롱레인지 4WD 19인치,254,253,507,51,15
전남,일반승용,기아,EV9 롱레인지 4WD 21인치,260,257,517,52,16
전남,일반승용,기아,EV9 롱레인지 GTL 4WD 21인치,252,251,503,50,15
전남,일반승용,기아,EV9 스탠다드,237,241,478,47,14
전남,일반승용,기아,PV5 패신저 5인승 롱레인지,458,471,929,92,28
전남,일반승용,기아,Pv5 WAV(비용 미지원),648,604,"1,252",100,30
전남,일반승용,기아,Pv5 WAV(비용 지원),448,464,912,90,27
전남,일반승용,기아,(단종)The all-new Kia Niro EV,489,492,981,98,29
전남,일반승용,기아,더뉴EV6 롱레인지 2WD 19인치,570,549,"1,119",100,30
전남,일반승용,기아,더뉴EV6 롱레인지 2WD 20인치,559,541,"1,100",100,30
전남,일반승용,기아,더뉴EV6 롱레인지 4WD 19인치,561,543,"1,104",100,30
전남,일반승용,기아,더뉴EV6 롱레인지 4WD 20인치,532,522,"1,054",100,30
전남,일반승용,기아,더뉴EV6 스탠다드,501,501,"1,002",100,30
전남,경·소형,기아,레이 EV 2WD 14인치 1인승 밴,457,470,927,91,27
전남,경·소형,기아,레이 EV 2WD 14인치 2인승 밴,457,470,927,91,27
전남,경·소형,기아,레이 EV 2WD 14인치 4인승 승용,457,470,927,91,27
전남,일반승용,메르세데스벤츠코리아,EQA 250(Facelift),190,208,398,38,11
전남,일반승용,메르세데스벤츠코리아,EQB 300 4MATIC(Facelift),154,183,337,31,9
전남,일반승용,비와이디코리아,(단종)BYD ATTO 3,126,238,364,25,8
전남,일반승용,비와이디코리아,(단종)BYD DOLPHIN,109,226,335,22,7
전남,일반승용,비와이디코리아,(단종)BYD DOLPHIN Active,132,242,374,26,8
전남,일반승용,비와이디코리아,(단종)BYD SEAL,169,268,437,34,10
전남,일반승용,비와이디코리아,(단종)BYD SEAL Dynamic AWD,151,256,407,30,9
전남,일반승용,비와이디코리아,(단종)BYD SEALION 7,152,256,408,30,9
전남,일반승용,케이지모빌리티,토레스 EVX 18인치,354,398,752,71,21
전남,일반승용,케이지모빌리티,토레스 EVX 18인치(2026),361,403,764,72,22
전남,일반승용,케이지모빌리티,토레스 EVX 20인치,344,391,735,69,21
전남,일반승용,케이지모빌리티,토레스 EVX 20인치(2026),354,398,752,71,21
전남,일반승용,케이지모빌리티,(단종)토레스 EVX 2WD 18인치,327,379,706,65,20
전남,일반승용,케이지모빌리티,(단종)토레스 EVX 2WD 20인치,312,368,680,62,19
전남,일반승용,테슬라코리아,Model 3 Performance,200,215,415,40,12
전남,일반승용,테슬라코리아,Model 3 Premium Long Range RWD,420,444,864,84,25
전남,일반승용,테슬라코리아,Model 3 RWD,168,268,436,34,10
전남,일반승용,테슬라코리아,Model Y Premium Long Range,210,222,432,42,13
전남,일반승용,테슬라코리아,Model Y Premium RWD,170,269,439,34,10
전남,일반승용,폭스바겐그룹코리아,ID.4 Pro,432,377,809,86,26
전남,일반승용,폭스바겐그룹코리아,Q4 45 e-tron,206,219,425,41,12
전남,일반승용,폭스바겐그룹코리아,Q4 Sportback 45 e-tron,206,219,425,41,12
전남,일반승용,폭스바겐그룹코리아,(단종)Q6 e-tron performance,220,229,449,44,13
전남,일반승용,현대자동차,ELECTRIFIED G80,270,264,534,54,16
전남,일반승용,현대자동차,ELECTRIFIED GV70 AWD 19인치,261,258,519,52,16
전남,일반승용,현대자동차,ELECTRIFIED GV70 AWD 20인치,245,247,492,49,15
전남,일반승용,현대자동차,GV60 스탠다드 2WD 19인치,285,275,560,57,17
전남,일반승용,현대자동차,GV60 스탠다드 AWD 19인치,272,265,537,54,16
전남,일반승용,현대자동차,GV60 스탠다드 AWD 20인치,261,258,519,52,16
전남,일반승용,현대자동차,더 뉴 아이오닉5 2WD 롱레인지 19인치,564,545,"1,109",100,30
전남,일반승용,현대자동차,더 뉴 아이오닉5 2WD 롱레인지 19인치 빌트인 캠 미적용,567,547,"1,114",100,30
전남,일반승용,현대자동차,더 뉴 아이오닉5 2WD 롱레인지 20인치,559,541,"1,100",100,30
전남,일반승용,현대자동차,더 뉴 아이오닉5 2WD 롱레인지 N라인 20인치,541,529,"1,070",100,30
전남,일반승용,현대자동차,더 뉴 아이오닉5 2WD 스탠다드 19인치,483,488,971,97,29
전남,일반승용,현대자동차,더 뉴 아이오닉5 AWD 롱레인지 19인치,558,541,"1,099",100,30
전남,일반승용,현대자동차,더 뉴 아이오닉5 AWD 롱레인지 20인치,532,522,"1,054",100,30
전남,일반승용,현대자동차,더 뉴 아이오닉5 AWD 롱레인지 N라인 20인치,510,507,"1,017",100,30
전남,일반승용,현대자동차,더 뉴 아이오닉6 2WD 롱레인지 18인치,570,549,"1,119",100,30
전남,일반승용,현대자동차,더 뉴 아이오닉6 2WD 롱레인지 20인치,570,549,"1,119",100,30
전남,일반승용,현대자동차,더 뉴 아이오닉6 2WD 롱레인지 N라인 20인치,570,549,"1,119",100,30
전남,일반승용,현대자동차,더 뉴 아이오닉6 2WD 스탠다드 18인치,560,542,"1,102",100,30
전남,일반승용,현대자동차,더 뉴 아이오닉6 AWD 롱레인지 18인치,570,549,"1,119",100,30
전남,일반승용,현대자동차,더 뉴 아이오닉6 AWD 롱레인지 20인치,553,537,"1,090",100,30
전남,일반승용,현대자동차,더 뉴 아이오닉6 AWD 롱레인지 N라인 20인치,537,526,"1,063",100,30
전남,일반승용,현대자동차,아이오닉6 N,250,250,500,50,15
전남,일반승용,현대자동차,아이오닉9 성능형 AWD,272,265,537,54,16
전남,일반승용,현대자동차,아이오닉9 항속형 2WD,274,267,541,55,17
전남,일반승용,현대자동차,아이오닉9 항속형 AWD,271,265,536,54,16
전남,경·소형,현대자동차,캐스퍼 일렉트릭 기본형 15인치,490,493,983,98,29
전남,경·소형,현대자동차,캐스퍼 일렉트릭 크로스 17인치,487,491,978,97,29
전남,경·소형,현대자동차,캐스퍼 일렉트릭 항속형 15인치,490,493,983,98,29
전남,경·소형,현대자동차,캐스퍼 일렉트릭 항속형 17인치(라운지포함),490,493,983,98,29
전남,일반승용,현대자동차,코나 일렉트릭 2WD 롱레인지 17인치,514,510,"1,024",100,30
전남,일반승용,현대자동차,코나 일렉트릭 2WD 롱레인지 17인치 빌트인 캠 미적용,514,510,"1,024",100,30
전남,일반승용,현대자동차,코나 일렉트릭 2WD 롱레인지 19인치,459,471,930,92,28
전남,일반승용,현대자동차,코나 일렉트릭 2WD 스탠다드 17인치,437,456,893,87,26
전남,일반승용,BMW,MINI Aceman E,400,400,800,80,24
전남,일반승용,BMW,MINI Aceman SE,400,400,800,80,24
전남,일반승용,BMW,MINI Cooper SE,396,396,792,79,24
전남,일반승용,BMW,MINI Countryman E,217,217,434,43,13
전남,일반승용,BMW,MINI Countryman SE ALL4,203,203,406,41,12
전남,일반승용,BMW,MINI JCW Aceman E,197,197,394,39,12
전남,일반승용,BMW,MINI JCW E,191,191,382,38,11
전남,일반승용,BMW,i4 M60 LCI (71HD),233,233,466,47,14
전남,일반승용,BMW,i4 eDrive 40 LCI(21HD),244,244,488,49,15
전남,일반승용,BMW,i4 eDrive 40 LCI(61HD),256,256,512,51,15
전남,일반승용,BMW,i5 eDrive 40,262,262,524,52,16
전남,일반승용,BMW,iX1 eDrive20,212,212,424,42,13
전남,일반승용,BMW,iX1 xDrive30,192,192,384,38,11
전남,일반승용,BMW,iX2 eDrive20,214,214,428,43,13
전남,일반승용,기아,EV3 GT,248,248,496,50,15
전남,일반승용,기아,EV3 롱레인지 2WD 17인치,555,555,"1,110",100,30
전남,일반승용,기아,EV3 롱레인지 2WD 19인치,555,555,"1,110",100,30
전남,일반승용,기아,EV3 롱레인지 4WD 19인치,539,539,"1,078",100,30
전남,일반승용,기아,EV3 스탠다드 2WD,469,469,938,94,28
전남,일반승용,기아,EV4 GT,255,255,510,51,15
전남,일반승용,기아,EV4 롱레인지 2WD 17인치,555,555,"1,110",100,30
전남,일반승용,기아,EV4 롱레인지 2WD 19인치,555,555,"1,110",100,30
전남,일반승용,기아,EV4 롱레인지 4WD 19인치,554,554,"1,108",100,30
전남,일반승용,기아,EV4 롱레인지 GTL 2WD 19인치,555,555,"1,110",100,30
전남,일반승용,기아,EV4 스탠다드 2WD 17인치,512,512,"1,024",100,30
전남,일반승용,기아,EV4 스탠다드 2WD 19인치,481,481,962,96,29
전남,일반승용,기아,EV5 GT,232,232,464,46,14
전남,일반승용,기아,EV5 롱레인지 2WD,552,552,"1,104",100,30
전남,일반승용,기아,EV5 롱레인지 4WD 18인치,499,499,998,100,30
전남,일반승용,기아,EV5 롱레인지 4WD 19인치,493,493,986,99,30
전남,일반승용,기아,EV9 GT,245,245,490,49,15
전남,일반승용,기아,EV9 롱레인지 2WD 19인치,270,270,540,54,16
전남,일반승용,기아,EV9 롱레인지 2WD 20인치,268,268,536,54,16
전남,일반승용,기아,EV9 롱레인지 4WD 19인치,254,254,508,51,15
전남,일반승용,기아,EV9 롱레인지 4WD 21인치,260,260,520,52,16
전남,일반승용,기아,EV9 롱레인지 GTL 4WD 21인치,252,252,504,50,15
전남,일반승용,기아,EV9 스탠다드,237,237,474,47,14
전남,일반승용,기아,PV5 패신저 5인승 롱레인지,458,458,916,92,28
전남,일반승용,기아,Pv5 WAV(비용 미지원),648,648,"1,296",100,30
전남,일반승용,기아,Pv5 WAV(비용 지원),448,448,896,90,27
전남,일반승용,기아,(단종)The all-new Kia Niro EV,489,489,978,98,29
전남,일반승용,기아,더뉴EV6 롱레인지 2WD 19인치,570,570,"1,140",100,30
전남,일반승용,기아,더뉴EV6 롱레인지 2WD 20인치,559,559,"1,118",100,30
전남,일반승용,기아,더뉴EV6 롱레인지 4WD 19인치,561,561,"1,122",100,30
전남,일반승용,기아,더뉴EV6 롱레인지 4WD 20인치,532,532,"1,064",100,30
전남,일반승용,기아,더뉴EV6 스탠다드,501,501,"1,002",100,30
전남,경·소형,기아,레이 EV 2WD 14인치 1인승 밴,457,457,914,91,27
전남,경·소형,기아,레이 EV 2WD 14인치 2인승 밴,457,457,914,91,27
전남,경·소형,기아,레이 EV 2WD 14인치 4인승 승용,457,457,914,91,27
전남,일반승용,메르세데스벤츠코리아,EQA 250(Facelift),190,190,380,38,11
전남,일반승용,메르세데스벤츠코리아,EQB 300 4MATIC(Facelift),154,154,308,31,9
전남,일반승용,메르세데스벤츠코리아,EQB 300 4MATIC(Facelift)(CY25/2),162,162,324,32,10
전남,일반승용,비와이디코리아,(단종)BYD ATTO 3,126,126,252,25,8
전남,일반승용,비와이디코리아,(단종)BYD DOLPHIN,109,109,218,22,7
전남,일반승용,비와이디코리아,(단종)BYD DOLPHIN Active,132,132,264,26,8
전남,일반승용,비와이디코리아,(단종)BYD SEAL,169,169,338,34,10
전남,일반승용,비와이디코리아,(단종)BYD SEAL Dynamic AWD,151,151,302,30,9
전남,일반승용,비와이디코리아,(단종)BYD SEALION 7,152,152,304,30,9
전남,일반승용,케이지모빌리티,토레스 EVX 18인치,354,354,708,71,21
전남,일반승용,케이지모빌리티,토레스 EVX 18인치(2026),361,361,722,72,22
전남,일반승용,케이지모빌리티,토레스 EVX 20인치,344,344,688,69,21
전남,일반승용,케이지모빌리티,토레스 EVX 20인치(2026),354,354,708,71,21
전남,일반승용,케이지모빌리티,(단종)토레스 EVX 2WD 18인치,327,327,654,65,20
전남,일반승용,케이지모빌리티,(단종)토레스 EVX 2WD 20인치,312,312,624,62,19
전남,일반승용,테슬라코리아,Model 3 Performance,200,200,400,40,12
전남,일반승용,테슬라코리아,Model 3 Premium Long Range RWD,420,420,840,84,25
전남,일반승용,테슬라코리아,Model 3 RWD,168,168,336,34,10
전남,일반승용,테슬라코리아,Model 3 RWD(2025),168,168,336,34,10
전남,일반승용,테슬라코리아,Model Y L AWD,215,210,425,43,13
전남,일반승용,테슬라코리아,Model Y Long Range(2025),210,210,420,42,13
전남,일반승용,테슬라코리아,Model Y Premium Long Range,210,210,420,42,13
전남,일반승용,테슬라코리아,Model Y Premium RWD,170,170,340,34,10
전남,일반승용,테슬라코리아,Model Y RWD(2025),170,170,340,34,10
전남,일반승용,폭스바겐그룹코리아,ID.4 Pro,432,432,864,86,26
전남,일반승용,폭스바겐그룹코리아,Q4 45 e-tron,206,206,412,41,12
전남,일반승용,폭스바겐그룹코리아,Q4 Sportback 45 e-tron,206,206,412,41,12
전남,일반승용,폭스바겐그룹코리아,(단종)Q6 e-tron performance,220,220,440,44,13
전남,일반승용,현대자동차,ELECTRIFIED G80,270,270,540,54,16
전남,일반승용,현대자동차,ELECTRIFIED GV70 AWD 19인치,261,261,522,52,16
전남,일반승용,현대자동차,ELECTRIFIED GV70 AWD 20인치,245,245,490,49,15
전남,일반승용,현대자동차,GV60 스탠다드 2WD 19인치,285,285,570,57,17
전남,일반승용,현대자동차,GV60 스탠다드 AWD 19인치,272,272,544,54,16
전남,일반승용,현대자동차,GV60 스탠다드 AWD 20인치,261,261,522,52,16
전남,일반승용,현대자동차,더 뉴 아이오닉5 2WD 롱레인지 19인치,564,564,"1,128",100,30
전남,일반승용,현대자동차,더 뉴 아이오닉5 2WD 롱레인지 19인치 빌트인 캠 미적용,567,567,"1,134",100,30
전남,일반승용,현대자동차,더 뉴 아이오닉5 2WD 롱레인지 20인치,559,559,"1,118",100,30
전남,일반승용,현대자동차,더 뉴 아이오닉5 2WD 롱레인지 N라인 20인치,541,541,"1,082",100,30
전남,일반승용,현대자동차,더 뉴 아이오닉5 2WD 스탠다드 19인치,483,483,966,97,29
전남,일반승용,현대자동차,더 뉴 아이오닉5 AWD 롱레인지 19인치,558,558,"1,116",100,30
전남,일반승용,현대자동차,더 뉴 아이오닉5 AWD 롱레인지 20인치,532,532,"1,064",100,30
전남,일반승용,현대자동차,더 뉴 아이오닉5 AWD 롱레인지 N라인 20인치,510,510,"1,020",100,30
전남,일반승용,현대자동차,더 뉴 아이오닉6 2WD 롱레인지 18인치,570,570,"1,140",100,30
전남,일반승용,현대자동차,더 뉴 아이오닉6 2WD 롱레인지 20인치,570,570,"1,140",100,30
전남,일반승용,현대자동차,더 뉴 아이오닉6 2WD 롱레인지 N라인 20인치,570,570,"1,140",100,30
전남,일반승용,현대자동차,더 뉴 아이오닉6 2WD 스탠다드 18인치,560,560,"1,120",100,30
전남,일반승용,현대자동차,더 뉴 아이오닉6 AWD 롱레인지 18인치,570,570,"1,140",100,30
전남,일반승용,현대자동차,더 뉴 아이오닉6 AWD 롱레인지 20인치,553,553,"1,106",100,30
전남,일반승용,현대자동차,더 뉴 아이오닉6 AWD 롱레인지 N라인 20인치,537,537,"1,074",100,30
전남,일반승용,현대자동차,아이오닉6 N,250,250,500,50,15
전남,일반승용,현대자동차,아이오닉9 성능형 AWD,272,272,544,54,16
전남,일반승용,현대자동차,아이오닉9 항속형 2WD,274,274,548,55,17
전남,일반승용,현대자동차,아이오닉9 항속형 AWD,271,271,542,54,16
전남,경·소형,현대자동차,캐스퍼 일렉트릭 기본형 15인치,490,490,980,98,29
전남,경·소형,현대자동차,캐스퍼 일렉트릭 크로스 17인치,487,487,974,97,29
전남,경·소형,현대자동차,캐스퍼 일렉트릭 항속형 15인치,490,490,980,98,29
전남,경·소형,현대자동차,캐스퍼 일렉트릭 항속형 17인치(라운지포함),490,490,980,98,29
전남,일반승용,현대자동차,코나 일렉트릭 2WD 롱레인지 17인치,514,514,"1,028",100,30
전남,일반승용,현대자동차,코나 일렉트릭 2WD 롱레인지 17인치 빌트인 캠 미적용,514,514,"1,028",100,30
전남,일반승용,현대자동차,코나 일렉트릭 2WD 롱레인지 19인치,459,459,918,92,28
전남,일반승용,현대자동차,코나 일렉트릭 2WD 스탠다드 17인치,437,437,874,87,26
전남,일반승용,BMW,MINI Aceman E,400,466,866,80,24
전남,일반승용,BMW,MINI Aceman SE,400,466,866,80,24
전남,일반승용,BMW,MINI Cooper SE,396,462,858,79,24
전남,일반승용,BMW,MINI Countryman E,217,253,470,43,13
전남,일반승용,BMW,MINI Countryman SE ALL4,203,236,439,41,12
전남,일반승용,BMW,MINI JCW Aceman E,197,229,426,39,12
전남,일반승용,BMW,MINI JCW E,191,222,413,38,11
전남,일반승용,BMW,i4 M60 LCI (71HD),233,271,504,47,14
전남,일반승용,BMW,i4 eDrive 40 LCI(21HD),244,284,528,49,15
전남,일반승용,BMW,i4 eDrive 40 LCI(61HD),256,298,554,51,15
전남,일반승용,BMW,i5 eDrive 40,262,305,567,52,16
전남,일반승용,BMW,iX1 eDrive20,212,247,459,42,13
전남,일반승용,BMW,iX1 xDrive30,192,224,416,38,11
전남,일반승용,BMW,iX2 eDrive20,214,249,463,43,13
전남,일반승용,기아,EV3 GT,248,289,537,50,15
전남,일반승용,기아,EV3 롱레인지 2WD 17인치,555,647,"1,202",100,30
전남,일반승용,기아,EV3 롱레인지 2WD 19인치,555,647,"1,202",100,30
전남,일반승용,기아,EV3 롱레인지 4WD 19인치,539,628,"1,167",100,30
전남,일반승용,기아,EV3 스탠다드 2WD,469,547,"1,016",94,28
전남,일반승용,기아,EV4 GT,255,297,552,51,15
전남,일반승용,기아,EV4 롱레인지 2WD 17인치,555,647,"1,202",100,30
전남,일반승용,기아,EV4 롱레인지 2WD 19인치,555,647,"1,202",100,30
전남,일반승용,기아,EV4 롱레인지 4WD 19인치,554,646,"1,200",100,30
전남,일반승용,기아,EV4 롱레인지 GTL 2WD 19인치,555,647,"1,202",100,30
전남,일반승용,기아,EV4 스탠다드 2WD 17인치,512,597,"1,109",100,30
전남,일반승용,기아,EV4 스탠다드 2WD 19인치,481,561,"1,042",96,29
전남,일반승용,기아,EV5 GT,232,270,502,46,14
전남,일반승용,기아,EV5 롱레인지 2WD,552,644,"1,196",100,30
전남,일반승용,기아,EV5 롱레인지 4WD 18인치,499,582,"1,081",100,30
전남,일반승용,기아,EV5 롱레인지 4WD 19인치,493,575,"1,068",99,30
전남,일반승용,기아,EV9 GT,245,285,530,49,15
전남,일반승용,기아,EV9 롱레인지 2WD 19인치,270,315,585,54,16
전남,일반승용,기아,EV9 롱레인지 2WD 20인치,268,312,580,54,16
전남,일반승용,기아,EV9 롱레인지 4WD 19인치,254,296,550,51,15
전남,일반승용,기아,EV9 롱레인지 4WD 21인치,260,303,563,52,16
전남,일반승용,기아,EV9 롱레인지 GTL 4WD 21인치,252,294,546,50,15
전남,일반승용,기아,EV9 스탠다드,237,276,513,47,14
전남,일반승용,기아,PV5 패신저 5인승 롱레인지,458,534,992,92,28
전남,일반승용,기아,Pv5 WAV(비용 미지원),648,756,"1,404",100,30
전남,일반승용,기아,Pv5 WAV(비용 지원),448,522,970,90,27
전남,일반승용,기아,(단종)The all-new Kia Niro EV,489,570,"1,059",98,29
전남,일반승용,기아,더뉴EV6 롱레인지 2WD 19인치,570,665,"1,235",100,30
전남,일반승용,기아,더뉴EV6 롱레인지 2WD 20인치,559,652,"1,211",100,30
전남,일반승용,기아,더뉴EV6 롱레인지 4WD 19인치,561,654,"1,215",100,30
전남,일반승용,기아,더뉴EV6 롱레인지 4WD 20인치,532,620,"1,152",100,30
전남,일반승용,기아,더뉴EV6 스탠다드,501,584,"1,085",100,30
전남,경·소형,기아,레이 EV 2WD 14인치 1인승 밴,457,533,990,91,27
전남,경·소형,기아,레이 EV 2WD 14인치 2인승 밴,457,533,990,91,27
전남,경·소형,기아,레이 EV 2WD 14인치 4인승 승용,457,533,990,91,27
전남,일반승용,메르세데스벤츠코리아,EQA 250(Facelift),190,221,411,38,11
전남,일반승용,메르세데스벤츠코리아,EQB 300 4MATIC(Facelift),154,179,333,31,9
전남,일반승용,메르세데스벤츠코리아,EQB 300 4MATIC(Facelift)(CY25/2),162,189,351,32,10
전남,일반승용,볼보자동차코리아,볼보 EX30 Single Motor ER,247,288,535,49,15
전남,일반승용,볼보자동차코리아,볼보 EX30CC Twin Motor Perf,222,259,481,44,13
전남,일반승용,비와이디코리아,(단종)BYD ATTO 3,126,147,273,25,8
전남,일반승용,비와이디코리아,(단종)BYD DOLPHIN,109,127,236,22,7
전남,일반승용,비와이디코리아,(단종)BYD DOLPHIN Active,132,154,286,26,8
전남,일반승용,비와이디코리아,(단종)BYD SEAL,169,197,366,34,10
전남,일반승용,비와이디코리아,(단종)BYD SEAL Dynamic AWD,151,176,327,30,9
전남,일반승용,비와이디코리아,(단종)BYD SEALION 7,152,177,329,30,9
전남,일반승용,케이지모빌리티,토레스 EVX 18인치,354,413,767,71,21
전남,일반승용,케이지모빌리티,토레스 EVX 18인치(2026),361,421,782,72,22
전남,일반승용,케이지모빌리티,토레스 EVX 20인치,344,401,745,69,21
전남,일반승용,케이지모빌리티,토레스 EVX 20인치(2026),354,413,767,71,21
전남,일반승용,케이지모빌리티,(단종)토레스 EVX 2WD 18인치,327,381,708,65,20
전남,일반승용,케이지모빌리티,(단종)토레스 EVX 2WD 20인치,312,364,676,62,19
전남,일반승용,테슬라코리아,Model 3 Performance,200,233,433,40,12
전남,일반승용,테슬라코리아,Model 3 Premium Long Range RWD,420,490,910,84,25
전남,일반승용,테슬라코리아,Model 3 RWD,168,196,364,34,10
전남,일반승용,테슬라코리아,Model 3 RWD(2025),168,196,364,34,10
전남,일반승용,테슬라코리아,Model Y L AWD,215,245,460,43,13
전남,일반승용,테슬라코리아,Model Y Long Range(2025),210,245,455,42,13
전남,일반승용,테슬라코리아,Model Y Premium Long Range,210,245,455,42,13
전남,일반승용,테슬라코리아,Model Y Premium RWD,170,198,368,34,10
전남,일반승용,테슬라코리아,Model Y RWD(2025),170,198,368,34,10
전남,일반승용,폭스바겐그룹코리아,ID.4 Pro,432,504,936,86,26
전남,일반승용,폭스바겐그룹코리아,Q4 45 e-tron,206,240,446,41,12
전남,일반승용,폭스바겐그룹코리아,Q4 Sportback 45 e-tron,206,240,446,41,12
전남,일반승용,폭스바겐그룹코리아,(단종)Q6 e-tron performance,220,256,476,44,13
전남,일반승용,현대자동차,ELECTRIFIED G80,270,315,585,54,16
전남,일반승용,현대자동차,ELECTRIFIED GV70 AWD 19인치,261,304,565,52,16
전남,일반승용,현대자동차,ELECTRIFIED GV70 AWD 20인치,245,285,530,49,15
전남,일반승용,현대자동차,GV60 스탠다드 2WD 19인치,285,332,617,57,17
전남,일반승용,현대자동차,GV60 스탠다드 AWD 19인치,272,317,589,54,16
전남,일반승용,현대자동차,GV60 스탠다드 AWD 20인치,261,304,565,52,16
전남,일반승용,현대자동차,더 뉴 아이오닉5 2WD 롱레인지 19인치,564,658,"1,222",100,30
전남,일반승용,현대자동차,더 뉴 아이오닉5 2WD 롱레인지 19인치 빌트인 캠 미적용,567,661,"1,228",100,30
전남,일반승용,현대자동차,더 뉴 아이오닉5 2WD 롱레인지 20인치,559,652,"1,211",100,30
전남,일반승용,현대자동차,더 뉴 아이오닉5 2WD 롱레인지 N라인 20인치,541,631,"1,172",100,30
전남,일반승용,현대자동차,더 뉴 아이오닉5 2WD 스탠다드 19인치,483,563,"1,046",97,29
전남,일반승용,현대자동차,더 뉴 아이오닉5 AWD 롱레인지 19인치,558,651,"1,209",100,30
전남,일반승용,현대자동차,더 뉴 아이오닉5 AWD 롱레인지 20인치,532,620,"1,152",100,30
전남,일반승용,현대자동차,더 뉴 아이오닉5 AWD 롱레인지 N라인 20인치,510,595,"1,105",100,30
전남,일반승용,현대자동차,더 뉴 아이오닉6 2WD 롱레인지 18인치,570,665,"1,235",100,30
전남,일반승용,현대자동차,더 뉴 아이오닉6 2WD 롱레인지 20인치,570,665,"1,235",100,30
전남,일반승용,현대자동차,더 뉴 아이오닉6 2WD 롱레인지 N라인 20인치,570,665,"1,235",100,30
전남,일반승용,현대자동차,더 뉴 아이오닉6 2WD 스탠다드 18인치,560,653,"1,213",100,30
전남,일반승용,현대자동차,더 뉴 아이오닉6 AWD 롱레인지 18인치,570,665,"1,235",100,30
전남,일반승용,현대자동차,더 뉴 아이오닉6 AWD 롱레인지 20인치,553,645,"1,198",100,30
전남,일반승용,현대자동차,더 뉴 아이오닉6 AWD 롱레인지 N라인 20인치,537,626,"1,163",100,30
전남,일반승용,현대자동차,스타리아 리무진 일렉트릭 6인승,229,0,229,46,14
전남,일반승용,현대자동차,아이오닉6 N,250,291,541,50,15
전남,일반승용,현대자동차,아이오닉9 성능형 AWD,272,317,589,54,16
전남,일반승용,현대자동차,아이오닉9 항속형 2WD,274,319,593,55,17
전남,일반승용,현대자동차,아이오닉9 항속형 AWD,271,316,587,54,16
전남,경·소형,현대자동차,캐스퍼 일렉트릭 기본형 15인치,490,571,"1,061",98,29
전남,경·소형,현대자동차,캐스퍼 일렉트릭 크로스 17인치,487,568,"1,055",97,29
전남,경·소형,현대자동차,캐스퍼 일렉트릭 항속형 15인치,490,571,"1,061",98,29
전남,경·소형,현대자동차,캐스퍼 일렉트릭 항속형 17인치(라운지포함),490,571,"1,061",98,29
전남,일반승용,현대자동차,코나 일렉트릭 2WD 롱레인지 17인치,514,599,"1,113",100,30
전남,일반승용,현대자동차,코나 일렉트릭 2WD 롱레인지 17인치 빌트인 캠 미적용,514,599,"1,113",100,30
전남,일반승용,현대자동차,코나 일렉트릭 2WD 롱레인지 19인치,459,535,994,92,28
전남,일반승용,현대자동차,코나 일렉트릭 2WD 스탠다드 17인치,437,509,946,87,26
전남,일반승용,BMW,MINI Aceman E,400,480,880,80,24
전남,일반승용,BMW,MINI Aceman SE,400,480,880,80,24
전남,일반승용,BMW,MINI Cooper SE,396,475,871,79,24
전남,일반승용,BMW,MINI Countryman E,217,260,477,43,13
전남,일반승용,BMW,MINI Countryman SE ALL4,203,243,446,41,12
전남,일반승용,BMW,MINI JCW Aceman E,197,236,433,39,12
전남,일반승용,BMW,MINI JCW E,191,229,420,38,11
전남,일반승용,BMW,i4 M60 LCI (71HD),233,279,512,47,14
전남,일반승용,BMW,i4 eDrive 40 LCI(21HD),244,292,536,49,15
전남,일반승용,BMW,i4 eDrive 40 LCI(61HD),256,307,563,51,15
전남,일반승용,BMW,i5 eDrive 40,262,314,576,52,16
전남,일반승용,BMW,iX1 eDrive20,212,254,466,42,13
전남,일반승용,BMW,iX1 eDrive20(11HM),235,282,517,47,14
전남,일반승용,BMW,iX1 xDrive30,192,230,422,38,11
전남,일반승용,BMW,iX2 eDrive20,214,256,470,43,13
전남,일반승용,BMW,iX2 eDrive20(71GN),239,286,525,48,14
전남,일반승용,BMW,iX3 50 xDrive,275,330,605,55,17
전남,일반승용,기아,EV3 GT,248,297,545,50,15
전남,일반승용,기아,EV3 롱레인지 2WD 17인치,555,666,"1,221",100,30
전남,일반승용,기아,EV3 롱레인지 2WD 19인치,555,666,"1,221",100,30
전남,일반승용,기아,EV3 롱레인지 4WD 19인치,539,646,"1,185",100,30
전남,일반승용,기아,EV3 스탠다드 2WD,469,562,"1,031",94,28
전남,일반승용,기아,EV4 GT,255,306,561,51,15
전남,일반승용,기아,EV4 롱레인지 2WD 17인치,555,666,"1,221",100,30
전남,일반승용,기아,EV4 롱레인지 2WD 19인치,555,666,"1,221",100,30
전남,일반승용,기아,EV4 롱레인지 4WD 19인치,554,664,"1,218",100,30
전남,일반승용,기아,EV4 롱레인지 GTL 2WD 19인치,555,666,"1,221",100,30
전남,일반승용,기아,EV4 스탠다드 2WD 17인치,512,614,"1,126",100,30
전남,일반승용,기아,EV4 스탠다드 2WD 19인치,481,577,"1,058",96,29
전남,일반승용,기아,EV5 GT,232,278,510,46,14
전남,일반승용,기아,EV5 롱레인지 2WD,552,662,"1,214",100,30
전남,일반승용,기아,EV5 롱레인지 4WD 18인치,499,598,"1,097",100,30
전남,일반승용,기아,EV5 롱레인지 4WD 19인치,493,591,"1,084",99,30
전남,일반승용,기아,EV9 GT,245,294,539,49,15
전남,일반승용,기아,EV9 롱레인지 2WD 19인치,270,324,594,54,16
전남,일반승용,기아,EV9 롱레인지 2WD 20인치,268,321,589,54,16
전남,일반승용,기아,EV9 롱레인지 4WD 19인치,254,304,558,51,15
전남,일반승용,기아,EV9 롱레인지 4WD 21인치,260,312,572,52,16
전남,일반승용,기아,EV9 롱레인지 GTL 4WD 21인치,252,302,554,50,15
전남,일반승용,기아,EV9 스탠다드,237,284,521,47,14
전남,일반승용,기아,PV5 패신저 5인승 롱레인지,458,549,"1,007",92,28
전남,일반승용,기아,Pv5 WAV(비용 미지원),648,777,"1,425",100,30
전남,일반승용,기아,Pv5 WAV(비용 지원),448,537,985,90,27
전남,일반승용,기아,(단종)The all-new Kia Niro EV,489,586,"1,075",98,29
전남,일반승용,기아,더뉴EV6 롱레인지 2WD 19인치,570,684,"1,254",100,30
전남,일반승용,기아,더뉴EV6 롱레인지 2WD 20인치,559,670,"1,229",100,30
전남,일반승용,기아,더뉴EV6 롱레인지 4WD 19인치,561,673,"1,234",100,30
전남,일반승용,기아,더뉴EV6 롱레인지 4WD 20인치,532,638,"1,170",100,30
전남,일반승용,기아,더뉴EV6 스탠다드,501,601,"1,102",100,30
전남,경·소형,기아,레이 EV 2WD 14인치 1인승 밴,457,548,"1,005",91,27
전남,경·소형,기아,레이 EV 2WD 14인치 2인승 밴,457,548,"1,005",91,27
전남,경·소형,기아,레이 EV 2WD 14인치 4인승 승용,457,548,"1,005",91,27
전남,일반승용,메르세데스벤츠코리아,EQA 250(Facelift),190,228,418,38,11
전남,일반승용,메르세데스벤츠코리아,EQB 300 4MATIC(Facelift),154,184,338,31,9
전남,일반승용,메르세데스벤츠코리아,EQB 300 4MATIC(Facelift)(CY25/2),162,194,356,32,10
전남,일반승용,볼보자동차코리아,볼보 EX30 Single Motor ER,247,296,543,49,15
전남,일반승용,볼보자동차코리아,볼보 EX30CC Twin Motor Perf,222,266,488,44,13
전남,일반승용,비와이디코리아,(단종)BYD ATTO 3,126,151,277,25,8
전남,일반승용,비와이디코리아,(단종)BYD DOLPHIN,109,150,259,22,7
전남,일반승용,비와이디코리아,(단종)BYD DOLPHIN Active,132,158,290,26,8
전남,일반승용,비와이디코리아,(단종)BYD SEAL,169,202,371,34,10
전남,일반승용,비와이디코리아,(단종)BYD SEAL Dynamic AWD,151,181,332,30,9
전남,일반승용,비와이디코리아,(단종)BYD SEALION 7,152,182,334,30,9
전남,일반승용,케이지모빌리티,토레스 EVX 18인치,354,424,778,71,21
전남,일반승용,케이지모빌리티,토레스 EVX 18인치(2026),361,433,794,72,22
전남,일반승용,케이지모빌리티,토레스 EVX 20인치,344,412,756,69,21
전남,일반승용,케이지모빌리티,토레스 EVX 20인치(2026),354,424,778,71,21
전남,일반승용,케이지모빌리티,(단종)토레스 EVX 2WD 18인치,327,392,719,65,20
전남,일반승용,케이지모빌리티,(단종)토레스 EVX 2WD 20인치,312,374,686,62,19
전남,일반승용,테슬라코리아,Model 3 Performance,200,240,440,40,12
전남,일반승용,테슬라코리아,Model 3 Premium Long Range RWD,420,504,924,84,25
전남,일반승용,테슬라코리아,Model 3 Premium Long Range RWD(5999만원),210,252,462,42,13
전남,일반승용,테슬라코리아,Model 3 RWD,168,201,369,34,10
전남,일반승용,테슬라코리아,Model 3 RWD(2025),168,201,369,34,10
전남,일반승용,테슬라코리아,Model Y L AWD,215,252,467,43,13
전남,일반승용,테슬라코리아,Model Y Long Range(2025),210,252,462,42,13
전남,일반승용,테슬라코리아,Model Y Premium Long Range,210,252,462,42,13
전남,일반승용,테슬라코리아,Model Y Premium RWD,170,204,374,34,10
전남,일반승용,테슬라코리아,Model Y RWD(2025),170,204,374,34,10
전남,일반승용,폭스바겐그룹코리아,ID.4 Pro,432,518,950,86,26
전남,일반승용,폭스바겐그룹코리아,Q4 45 e-tron,206,247,453,41,12
전남,일반승용,폭스바겐그룹코리아,Q4 Sportback 45 e-tron,206,247,453,41,12
전남,일반승용,폭스바겐그룹코리아,(단종)Q6 e-tron performance,220,264,484,44,13
전남,일반승용,폭스바겐그룹코리아,iD.5 Pro,473,567,"1,040",95,29
전남,일반승용,폴스타오토모티브코리아,Polestar 4 Coupe Dual Motor,168,201,369,34,10
전남,일반승용,폴스타오토모티브코리아,Polestar 4 Coupe Rear Motor,181,217,398,36,11
전남,일반승용,현대자동차,ELECTRIFIED G80,270,324,594,54,16
전남,일반승용,현대자동차,ELECTRIFIED GV70 AWD 19인치,261,313,574,52,16
전남,일반승용,현대자동차,ELECTRIFIED GV70 AWD 20인치,245,294,539,49,15
전남,일반승용,현대자동차,GV60 스탠다드 2WD 19인치,285,342,627,57,17
전남,일반승용,현대자동차,GV60 스탠다드 AWD 19인치,272,326,598,54,16
전남,일반승용,현대자동차,GV60 스탠다드 AWD 20인치,261,313,574,52,16
전남,일반승용,현대자동차,더 뉴 아이오닉5 2WD 롱레인지 19인치,564,676,"1,240",100,30
전남,일반승용,현대자동차,더 뉴 아이오닉5 2WD 롱레인지 19인치 빌트인 캠 미적용,567,680,"1,247",100,30
전남,일반승용,현대자동차,더 뉴 아이오닉5 2WD 롱레인지 20인치,559,670,"1,229",100,30
전남,일반승용,현대자동차,더 뉴 아이오닉5 2WD 롱레인지 N라인 20인치,541,649,"1,190",100,30
전남,일반승용,현대자동차,더 뉴 아이오닉5 2WD 스탠다드 19인치,483,579,"1,062",97,29
전남,일반승용,현대자동차,더 뉴 아이오닉5 AWD 롱레인지 19인치,558,669,"1,227",100,30
전남,일반승용,현대자동차,더 뉴 아이오닉5 AWD 롱레인지 20인치,532,638,"1,170",100,30
전남,일반승용,현대자동차,더 뉴 아이오닉5 AWD 롱레인지 N라인 20인치,510,612,"1,122",100,30
전남,일반승용,현대자동차,더 뉴 아이오닉6 2WD 롱레인지 18인치,570,684,"1,254",100,30
전남,일반승용,현대자동차,더 뉴 아이오닉6 2WD 롱레인지 20인치,570,684,"1,254",100,30
전남,일반승용,현대자동차,더 뉴 아이오닉6 2WD 롱레인지 N라인 20인치,570,684,"1,254",100,30
전남,일반승용,현대자동차,더 뉴 아이오닉6 2WD 스탠다드 18인치,560,672,"1,232",100,30
전남,일반승용,현대자동차,더 뉴 아이오닉6 AWD 롱레인지 18인치,570,684,"1,254",100,30
전남,일반승용,현대자동차,더 뉴 아이오닉6 AWD 롱레인지 20인치,553,663,"1,216",100,30
전남,일반승용,현대자동차,더 뉴 아이오닉6 AWD 롱레인지 N라인 20인치,537,644,"1,181",100,30
전남,일반승용,현대자동차,스타리아 라운지 일렉트릭 7인승,229,274,503,46,14
전남,일반승용,현대자동차,스타리아 리무진 일렉트릭 6인승,229,274,503,46,14
전남,일반승용,현대자동차,아이오닉6 N,250,300,550,50,15
전남,일반승용,현대자동차,아이오닉9 성능형 AWD,272,326,598,54,16
전남,일반승용,현대자동차,아이오닉9 항속형 2WD,274,328,602,55,17
전남,일반승용,현대자동차,아이오닉9 항속형 AWD,271,325,596,54,16
전남,경·소형,현대자동차,캐스퍼 일렉트릭 기본형 15인치,490,588,"1,078",98,29
전남,경·소형,현대자동차,캐스퍼 일렉트릭 크로스 17인치,487,584,"1,071",97,29
전남,경·소형,현대자동차,캐스퍼 일렉트릭 항속형 15인치,490,588,"1,078",98,29
전남,경·소형,현대자동차,캐스퍼 일렉트릭 항속형 17인치(라운지포함),490,588,"1,078",98,29
전남,일반승용,현대자동차,코나 일렉트릭 2WD 롱레인지 17인치,514,616,"1,130",100,30
전남,일반승용,현대자동차,코나 일렉트릭 2WD 롱레인지 17인치 빌트인 캠 미적용,514,616,"1,130",100,30
전남,일반승용,현대자동차,코나 일렉트릭 2WD 롱레인지 19인치,459,550,"1,009",92,28
전남,일반승용,현대자동차,코나 일렉트릭 2WD 스탠다드 17인치,437,524,961,87,26
전남,일반승용,BMW,MINI Aceman E,400,400,800,80,24
전남,일반승용,BMW,MINI Aceman SE,400,400,800,80,24
전남,일반승용,BMW,MINI Cooper SE,396,396,792,79,24
전남,일반승용,BMW,MINI Countryman E,217,217,434,43,13
전남,일반승용,BMW,MINI Countryman SE ALL4,203,203,406,41,12
전남,일반승용,BMW,MINI JCW Aceman E,197,197,394,39,12
전남,일반승용,BMW,MINI JCW E,191,191,382,38,11
전남,일반승용,BMW,i4 M60 LCI (71HD),233,233,466,47,14
전남,일반승용,BMW,i4 eDrive 40 LCI(21HD),244,244,488,49,15
전남,일반승용,BMW,i4 eDrive 40 LCI(61HD),256,256,512,51,15
전남,일반승용,BMW,i5 eDrive 40,262,262,524,52,16
전남,일반승용,BMW,iX1 eDrive20,212,212,424,42,13
전남,일반승용,BMW,iX1 xDrive30,192,192,384,38,11
전남,일반승용,BMW,iX2 eDrive20,214,214,428,43,13
전남,일반승용,기아,EV3 GT,248,248,496,50,15
전남,일반승용,기아,EV3 롱레인지 2WD 17인치,555,555,"1,110",100,30
전남,일반승용,기아,EV3 롱레인지 2WD 19인치,555,555,"1,110",100,30
전남,일반승용,기아,EV3 롱레인지 4WD 19인치,539,539,"1,078",100,30
전남,일반승용,기아,EV3 스탠다드 2WD,469,469,938,94,28
전남,일반승용,기아,EV4 GT,255,255,510,51,15
전남,일반승용,기아,EV4 롱레인지 2WD 17인치,555,555,"1,110",100,30
전남,일반승용,기아,EV4 롱레인지 2WD 19인치,555,555,"1,110",100,30
전남,일반승용,기아,EV4 롱레인지 4WD 19인치,554,554,"1,108",100,30
전남,일반승용,기아,EV4 롱레인지 GTL 2WD 19인치,555,555,"1,110",100,30
전남,일반승용,기아,EV4 스탠다드 2WD 17인치,512,512,"1,024",100,30
전남,일반승용,기아,EV4 스탠다드 2WD 19인치,481,481,962,96,29
전남,일반승용,기아,EV5 GT,232,232,464,46,14
전남,일반승용,기아,EV5 롱레인지 2WD,552,552,"1,104",100,30
전남,일반승용,기아,EV5 롱레인지 4WD 18인치,499,499,998,100,30
전남,일반승용,기아,EV5 롱레인지 4WD 19인치,493,493,986,99,30
전남,일반승용,기아,EV9 GT,245,245,490,49,15
전남,일반승용,기아,EV9 롱레인지 2WD 19인치,270,270,540,54,16
전남,일반승용,기아,EV9 롱레인지 2WD 20인치,268,268,536,54,16
전남,일반승용,기아,EV9 롱레인지 4WD 19인치,254,254,508,51,15
전남,일반승용,기아,EV9 롱레인지 4WD 21인치,260,260,520,52,16
전남,일반승용,기아,EV9 롱레인지 GTL 4WD 21인치,252,252,504,50,15
전남,일반승용,기아,EV9 스탠다드,237,237,474,47,14
전남,일반승용,기아,PV5 패신저 5인승 롱레인지,458,458,916,92,28
전남,일반승용,기아,Pv5 WAV(비용 미지원),648,648,"1,296",100,30
전남,일반승용,기아,Pv5 WAV(비용 지원),448,448,896,90,27
전남,일반승용,기아,(단종)The all-new Kia Niro EV,489,489,978,98,29
전남,일반승용,기아,더뉴EV6 롱레인지 2WD 19인치,570,570,"1,140",100,30
전남,일반승용,기아,더뉴EV6 롱레인지 2WD 20인치,559,559,"1,118",100,30
전남,일반승용,기아,더뉴EV6 롱레인지 4WD 19인치,561,561,"1,122",100,30
전남,일반승용,기아,더뉴EV6 롱레인지 4WD 20인치,532,532,"1,064",100,30
전남,일반승용,기아,더뉴EV6 스탠다드,501,501,"1,002",100,30
전남,경·소형,기아,레이 EV 2WD 14인치 1인승 밴,457,457,914,91,27
전남,경·소형,기아,레이 EV 2WD 14인치 2인승 밴,457,457,914,91,27
전남,경·소형,기아,레이 EV 2WD 14인치 4인승 승용,457,457,914,91,27
전남,일반승용,메르세데스벤츠코리아,EQA 250(Facelift),190,190,380,38,11
전남,일반승용,메르세데스벤츠코리아,EQB 300 4MATIC(Facelift),154,154,308,31,9
전남,일반승용,메르세데스벤츠코리아,EQB 300 4MATIC(Facelift)(CY25/2),162,162,324,32,10
전남,일반승용,볼보자동차코리아,볼보 EX30 Single Motor ER,247,247,494,49,15
전남,일반승용,볼보자동차코리아,볼보 EX30CC Twin Motor Perf,222,222,444,44,13
전남,일반승용,비와이디코리아,(단종)BYD ATTO 3,126,150,276,25,8
전남,일반승용,비와이디코리아,(단종)BYD DOLPHIN,109,150,259,22,7
전남,일반승용,비와이디코리아,(단종)BYD DOLPHIN Active,132,150,282,26,8
전남,일반승용,비와이디코리아,(단종)BYD SEAL,169,169,338,34,10
전남,일반승용,비와이디코리아,(단종)BYD SEAL Dynamic AWD,151,151,302,30,9
전남,일반승용,비와이디코리아,(단종)BYD SEALION 7,152,152,304,30,9
전남,일반승용,케이지모빌리티,토레스 EVX 18인치,354,354,708,71,21
전남,일반승용,케이지모빌리티,토레스 EVX 18인치(2026),361,361,722,72,22
전남,일반승용,케이지모빌리티,토레스 EVX 20인치,344,344,688,69,21
전남,일반승용,케이지모빌리티,토레스 EVX 20인치(2026),354,354,708,71,21
전남,일반승용,케이지모빌리티,(단종)토레스 EVX 2WD 18인치,327,327,654,65,20
전남,일반승용,케이지모빌리티,(단종)토레스 EVX 2WD 20인치,312,312,624,62,19
전남,일반승용,테슬라코리아,Model 3 Performance,200,200,400,40,12
전남,일반승용,테슬라코리아,Model 3 Premium Long Range RWD,420,420,840,84,25
전남,일반승용,테슬라코리아,Model 3 RWD,168,168,336,34,10
전남,일반승용,테슬라코리아,Model 3 RWD(2025),168,168,336,34,10
전남,일반승용,테슬라코리아,Model Y L AWD,215,210,425,43,13
전남,일반승용,테슬라코리아,Model Y Long Range(2025),210,210,420,42,13
전남,일반승용,테슬라코리아,Model Y Premium Long Range,210,210,420,42,13
전남,일반승용,테슬라코리아,Model Y Premium RWD,170,170,340,34,10
전남,일반승용,테슬라코리아,Model Y RWD(2025),170,170,340,34,10
전남,일반승용,폭스바겐그룹코리아,ID.4 Pro,432,432,864,86,26
전남,일반승용,폭스바겐그룹코리아,Q4 45 e-tron,206,206,412,41,12
전남,일반승용,폭스바겐그룹코리아,Q4 Sportback 45 e-tron,206,206,412,41,12
전남,일반승용,폭스바겐그룹코리아,(단종)Q6 e-tron performance,220,220,440,44,13
전남,일반승용,현대자동차,ELECTRIFIED G80,270,270,540,54,16
전남,일반승용,현대자동차,ELECTRIFIED GV70 AWD 19인치,261,261,522,52,16
전남,일반승용,현대자동차,ELECTRIFIED GV70 AWD 20인치,245,245,490,49,15
전남,일반승용,현대자동차,GV60 스탠다드 2WD 19인치,285,285,570,57,17
전남,일반승용,현대자동차,GV60 스탠다드 AWD 19인치,272,272,544,54,16
전남,일반승용,현대자동차,GV60 스탠다드 AWD 20인치,261,261,522,52,16
전남,일반승용,현대자동차,더 뉴 아이오닉5 2WD 롱레인지 19인치,564,564,"1,128",100,30
전남,일반승용,현대자동차,더 뉴 아이오닉5 2WD 롱레인지 19인치 빌트인 캠 미적용,567,567,"1,134",100,30
전남,일반승용,현대자동차,더 뉴 아이오닉5 2WD 롱레인지 20인치,559,559,"1,118",100,30
전남,일반승용,현대자동차,더 뉴 아이오닉5 2WD 롱레인지 N라인 20인치,541,541,"1,082",100,30
전남,일반승용,현대자동차,더 뉴 아이오닉5 2WD 스탠다드 19인치,483,483,966,97,29
전남,일반승용,현대자동차,더 뉴 아이오닉5 AWD 롱레인지 19인치,558,558,"1,116",100,30
전남,일반승용,현대자동차,더 뉴 아이오닉5 AWD 롱레인지 20인치,532,532,"1,064",100,30
전남,일반승용,현대자동차,더 뉴 아이오닉5 AWD 롱레인지 N라인 20인치,510,510,"1,020",100,30
전남,일반승용,현대자동차,더 뉴 아이오닉6 2WD 롱레인지 18인치,570,570,"1,140",100,30
전남,일반승용,현대자동차,더 뉴 아이오닉6 2WD 롱레인지 20인치,570,570,"1,140",100,30
전남,일반승용,현대자동차,더 뉴 아이오닉6 2WD 롱레인지 N라인 20인치,570,570,"1,140",100,30
전남,일반승용,현대자동차,더 뉴 아이오닉6 2WD 스탠다드 18인치,560,560,"1,120",100,30
전남,일반승용,현대자동차,더 뉴 아이오닉6 AWD 롱레인지 18인치,570,570,"1,140",100,30
전남,일반승용,현대자동차,더 뉴 아이오닉6 AWD 롱레인지 20인치,553,553,"1,106",100,30
전남,일반승용,현대자동차,더 뉴 아이오닉6 AWD 롱레인지 N라인 20인치,537,537,"1,074",100,30
전남,일반승용,현대자동차,스타리아 리무진 일렉트릭 6인승,229,229,458,46,14
전남,일반승용,현대자동차,아이오닉6 N,250,250,500,50,15
전남,일반승용,현대자동차,아이오닉9 성능형 AWD,272,272,544,54,16
전남,일반승용,현대자동차,아이오닉9 항속형 2WD,274,274,548,55,17
전남,일반승용,현대자동차,아이오닉9 항속형 AWD,271,271,542,54,16
전남,경·소형,현대자동차,캐스퍼 일렉트릭 기본형 15인치,490,490,980,98,29
전남,경·소형,현대자동차,캐스퍼 일렉트릭 크로스 17인치,487,487,974,97,29
전남,경·소형,현대자동차,캐스퍼 일렉트릭 항속형 15인치,490,490,980,98,29
전남,경·소형,현대자동차,캐스퍼 일렉트릭 항속형 17인치(라운지포함),490,490,980,98,29
전남,일반승용,현대자동차,코나 일렉트릭 2WD 롱레인지 17인치,514,514,"1,028",100,30
전남,일반승용,현대자동차,코나 일렉트릭 2WD 롱레인지 17인치 빌트인 캠 미적용,514,514,"1,028",100,30
전남,일반승용,현대자동차,코나 일렉트릭 2WD 롱레인지 19인치,459,459,918,92,28
전남,일반승용,현대자동차,코나 일렉트릭 2WD 스탠다드 17인치,437,437,874,87,26
전남,일반승용,BMW,MINI Aceman E,400,600,"1,000",80,24
전남,일반승용,BMW,MINI Aceman SE,400,600,"1,000",80,24
전남,일반승용,BMW,MINI Cooper SE,396,594,990,79,24
전남,일반승용,BMW,MINI Countryman E,217,325,542,43,13
전남,일반승용,BMW,MINI Countryman SE ALL4,203,304,507,41,12
전남,일반승용,BMW,MINI JCW Aceman E,197,295,492,39,12
전남,일반승용,BMW,MINI JCW E,191,286,477,38,11
전남,일반승용,BMW,i4 M60 LCI (71HD),233,349,582,47,14
전남,일반승용,BMW,i4 eDrive 40 LCI(21HD),244,366,610,49,15
전남,일반승용,BMW,i4 eDrive 40 LCI(61HD),256,384,640,51,15
전남,일반승용,BMW,i5 eDrive 40,262,393,655,52,16
전남,일반승용,BMW,iX1 eDrive20,212,318,530,42,13
전남,일반승용,BMW,iX1 xDrive30,192,288,480,38,11
전남,일반승용,BMW,iX2 eDrive20,214,321,535,43,13
전남,일반승용,BMW,iX3 50 xDrive,275,412,687,55,17
전남,일반승용,기아,EV3 GT,248,372,620,50,15
전남,일반승용,기아,EV3 롱레인지 2WD 17인치,555,832,"1,387",100,30
전남,일반승용,기아,EV3 롱레인지 2WD 19인치,555,832,"1,387",100,30
전남,일반승용,기아,EV3 롱레인지 4WD 19인치,539,808,"1,347",100,30
전남,일반승용,기아,EV3 스탠다드 2WD,469,703,"1,172",94,28
전남,일반승용,기아,EV4 GT,255,382,637,51,15
전남,일반승용,기아,EV4 롱레인지 2WD 17인치,555,832,"1,387",100,30
전남,일반승용,기아,EV4 롱레인지 2WD 19인치,555,832,"1,387",100,30
전남,일반승용,기아,EV4 롱레인지 4WD 19인치,554,831,"1,385",100,30
전남,일반승용,기아,EV4 롱레인지 GTL 2WD 19인치,555,832,"1,387",100,30
전남,일반승용,기아,EV4 스탠다드 2WD 17인치,512,768,"1,280",100,30
전남,일반승용,기아,EV4 스탠다드 2WD 19인치,481,721,"1,202",96,29
전남,일반승용,기아,EV5 GT,232,348,580,46,14
전남,일반승용,기아,EV5 롱레인지 2WD,552,828,"1,380",100,30
전남,일반승용,기아,EV5 롱레인지 4WD 18인치,499,748,"1,247",100,30
전남,일반승용,기아,EV5 롱레인지 4WD 19인치,493,739,"1,232",99,30
전남,일반승용,기아,EV9 GT,245,367,612,49,15
전남,일반승용,기아,EV9 롱레인지 2WD 19인치,270,405,675,54,16
전남,일반승용,기아,EV9 롱레인지 2WD 20인치,268,402,670,54,16
전남,일반승용,기아,EV9 롱레인지 4WD 19인치,254,381,635,51,15
전남,일반승용,기아,EV9 롱레인지 4WD 21인치,260,390,650,52,16
전남,일반승용,기아,EV9 롱레인지 GTL 4WD 21인치,252,378,630,50,15
전남,일반승용,기아,EV9 스탠다드,237,355,592,47,14
전남,일반승용,기아,PV5 패신저 5인승 롱레인지,458,687,"1,145",92,28
전남,일반승용,기아,Pv5 WAV(비용 미지원),648,972,"1,620",100,30
전남,일반승용,기아,Pv5 WAV(비용 지원),448,672,"1,120",90,27
전남,일반승용,기아,(단종)The all-new Kia Niro EV,489,733,"1,222",98,29
전남,일반승용,기아,더뉴EV6 롱레인지 2WD 19인치,570,855,"1,425",100,30
전남,일반승용,기아,더뉴EV6 롱레인지 2WD 20인치,559,838,"1,397",100,30
전남,일반승용,기아,더뉴EV6 롱레인지 4WD 19인치,561,841,"1,402",100,30
전남,일반승용,기아,더뉴EV6 롱레인지 4WD 20인치,532,798,"1,330",100,30
전남,일반승용,기아,더뉴EV6 스탠다드,501,751,"1,252",100,30
전남,경·소형,기아,레이 EV 2WD 14인치 1인승 밴,457,685,"1,142",91,27
전남,경·소형,기아,레이 EV 2WD 14인치 2인승 밴,457,685,"1,142",91,27
전남,경·소형,기아,레이 EV 2WD 14인치 4인승 승용,457,685,"1,142",91,27
전남,일반승용,메르세데스벤츠코리아,EQA 250(Facelift),190,285,475,38,11
전남,일반승용,메르세데스벤츠코리아,EQB 300 4MATIC(Facelift),154,231,385,31,9
전남,일반승용,메르세데스벤츠코리아,EQB 300 4MATIC(Facelift)(CY25/2),162,243,405,32,10
전남,일반승용,볼보자동차코리아,볼보 EX30 Single Motor ER,247,370,617,49,15
전남,일반승용,볼보자동차코리아,볼보 EX30CC Twin Motor Perf,222,333,555,44,13
전남,일반승용,비와이디코리아,(단종)BYD ATTO 3,126,189,315,25,8
전남,일반승용,비와이디코리아,(단종)BYD DOLPHIN,109,163,272,22,7
전남,일반승용,비와이디코리아,(단종)BYD DOLPHIN Active,132,198,330,26,8
전남,일반승용,비와이디코리아,(단종)BYD SEAL,169,253,422,34,10
전남,일반승용,비와이디코리아,(단종)BYD SEAL Dynamic AWD,151,226,377,30,9
전남,일반승용,비와이디코리아,(단종)BYD SEALION 7,152,228,380,30,9
전남,일반승용,케이지모빌리티,토레스 EVX 18인치,354,531,885,71,21
전남,일반승용,케이지모빌리티,토레스 EVX 18인치(2026),361,541,902,72,22
전남,일반승용,케이지모빌리티,토레스 EVX 20인치,344,516,860,69,21
전남,일반승용,케이지모빌리티,토레스 EVX 20인치(2026),354,531,885,71,21
전남,일반승용,케이지모빌리티,(단종)토레스 EVX 2WD 18인치,327,490,817,65,20
전남,일반승용,케이지모빌리티,(단종)토레스 EVX 2WD 20인치,312,468,780,62,19
전남,일반승용,테슬라코리아,Model 3 Performance,200,300,500,40,12
전남,일반승용,테슬라코리아,Model 3 Premium Long Range RWD,420,630,"1,050",84,25
전남,일반승용,테슬라코리아,Model 3 RWD,168,252,420,34,10
전남,일반승용,테슬라코리아,Model 3 RWD(2025),168,252,420,34,10
전남,일반승용,테슬라코리아,Model Y L AWD,215,315,530,43,13
전남,일반승용,테슬라코리아,Model Y Long Range(2025),210,315,525,42,13
전남,일반승용,테슬라코리아,Model Y Premium Long Range,210,315,525,42,13
전남,일반승용,테슬라코리아,Model Y Premium RWD,170,255,425,34,10
전남,일반승용,테슬라코리아,Model Y RWD(2025),170,255,425,34,10
전남,일반승용,폭스바겐그룹코리아,ID.4 Pro,432,648,"1,080",86,26
전남,일반승용,폭스바겐그룹코리아,Q4 45 e-tron,206,309,515,41,12
전남,일반승용,폭스바겐그룹코리아,Q4 Sportback 45 e-tron,206,309,515,41,12
전남,일반승용,폭스바겐그룹코리아,(단종)Q6 e-tron performance,220,330,550,44,13
전남,일반승용,폭스바겐그룹코리아,iD.5 Pro,473,709,"1,182",95,29
전남,일반승용,현대자동차,ELECTRIFIED G80,270,405,675,54,16
전남,일반승용,현대자동차,ELECTRIFIED GV70 AWD 19인치,261,391,652,52,16
전남,일반승용,현대자동차,ELECTRIFIED GV70 AWD 20인치,245,367,612,49,15
전남,일반승용,현대자동차,GV60 스탠다드 2WD 19인치,285,427,712,57,17
전남,일반승용,현대자동차,GV60 스탠다드 AWD 19인치,272,408,680,54,16
전남,일반승용,현대자동차,GV60 스탠다드 AWD 20인치,261,391,652,52,16
전남,일반승용,현대자동차,더 뉴 아이오닉5 2WD 롱레인지 19인치,564,846,"1,410",100,30
전남,일반승용,현대자동차,더 뉴 아이오닉5 2WD 롱레인지 19인치 빌트인 캠 미적용,567,850,"1,417",100,30
전남,일반승용,현대자동차,더 뉴 아이오닉5 2WD 롱레인지 20인치,559,838,"1,397",100,30
전남,일반승용,현대자동차,더 뉴 아이오닉5 2WD 롱레인지 N라인 20인치,541,811,"1,352",100,30
전남,일반승용,현대자동차,더 뉴 아이오닉5 2WD 스탠다드 19인치,483,724,"1,207",97,29
전남,일반승용,현대자동차,더 뉴 아이오닉5 AWD 롱레인지 19인치,558,837,"1,395",100,30
전남,일반승용,현대자동차,더 뉴 아이오닉5 AWD 롱레인지 20인치,532,798,"1,330",100,30
전남,일반승용,현대자동차,더 뉴 아이오닉5 AWD 롱레인지 N라인 20인치,510,765,"1,275",100,30
전남,일반승용,현대자동차,더 뉴 아이오닉6 2WD 롱레인지 18인치,570,855,"1,425",100,30
전남,일반승용,현대자동차,더 뉴 아이오닉6 2WD 롱레인지 20인치,570,855,"1,425",100,30
전남,일반승용,현대자동차,더 뉴 아이오닉6 2WD 롱레인지 N라인 20인치,570,855,"1,425",100,30
전남,일반승용,현대자동차,더 뉴 아이오닉6 2WD 스탠다드 18인치,560,840,"1,400",100,30
전남,일반승용,현대자동차,더 뉴 아이오닉6 AWD 롱레인지 18인치,570,855,"1,425",100,30
전남,일반승용,현대자동차,더 뉴 아이오닉6 AWD 롱레인지 20인치,553,829,"1,382",100,30
전남,일반승용,현대자동차,더 뉴 아이오닉6 AWD 롱레인지 N라인 20인치,537,805,"1,342",100,30
전남,일반승용,현대자동차,스타리아 라운지 일렉트릭 7인승,229,343,572,46,14
전남,일반승용,현대자동차,스타리아 리무진 일렉트릭 6인승,229,343,572,46,14
전남,일반승용,현대자동차,아이오닉6 N,250,375,625,50,15
전남,일반승용,현대자동차,아이오닉9 성능형 AWD,272,408,680,54,16
전남,일반승용,현대자동차,아이오닉9 항속형 2WD,274,411,685,55,17
전남,일반승용,현대자동차,아이오닉9 항속형 AWD,271,406,677,54,16
전남,경·소형,현대자동차,캐스퍼 일렉트릭 기본형 15인치,490,735,"1,225",98,29
전남,경·소형,현대자동차,캐스퍼 일렉트릭 크로스 17인치,487,730,"1,217",97,29
전남,경·소형,현대자동차,캐스퍼 일렉트릭 항속형 15인치,490,735,"1,225",98,29
전남,경·소형,현대자동차,캐스퍼 일렉트릭 항속형 17인치(라운지포함),490,735,"1,225",98,29
전남,일반승용,현대자동차,코나 일렉트릭 2WD 롱레인지 17인치,514,771,"1,285",100,30
전남,일반승용,현대자동차,코나 일렉트릭 2WD 롱레인지 17인치 빌트인 캠 미적용,514,771,"1,285",100,30
전남,일반승용,현대자동차,코나 일렉트릭 2WD 롱레인지 19인치,459,688,"1,147",92,28
전남,일반승용,현대자동차,코나 일렉트릭 2WD 스탠다드 17인치,437,655,"1,092",87,26
전남,일반승용,BMW,MINI Aceman E,400,550,950,80,24
전남,일반승용,BMW,MINI Aceman SE,400,475,875,80,24
전남,일반승용,BMW,MINI Cooper SE,396,546,942,79,24
전남,일반승용,BMW,MINI Countryman E,217,292,509,43,13
전남,일반승용,BMW,MINI Countryman SE ALL4,203,278,481,41,12
전남,일반승용,BMW,MINI JCW Aceman E,197,272,469,39,12
전남,일반승용,BMW,MINI JCW E,191,266,457,38,11
전남,일반승용,BMW,i4 M60 LCI (71HD),233,308,541,47,14
전남,일반승용,BMW,i4 eDrive 40 LCI(21HD),244,319,563,49,15
전남,일반승용,BMW,i4 eDrive 40 LCI(61HD),256,331,587,51,15
전남,일반승용,BMW,i5 eDrive 40,262,337,599,52,16
전남,일반승용,BMW,iX1 eDrive20,212,287,499,42,13
전남,일반승용,BMW,iX1 eDrive20(11HM),235,0,235,47,14
전남,일반승용,BMW,iX1 xDrive30,192,267,459,38,11
전남,일반승용,BMW,iX2 eDrive20,214,289,503,43,13
전남,일반승용,BMW,iX2 eDrive20(71GN),239,0,239,48,14
전남,일반승용,BMW,iX3 50 xDrive,275,350,625,55,17
전남,일반승용,기아,EV3 GT,248,323,571,50,15
전남,일반승용,기아,EV3 롱레인지 2WD 17인치,555,705,"1,260",100,30
전남,일반승용,기아,EV3 롱레인지 2WD 19인치,555,705,"1,260",100,30
전남,일반승용,기아,EV3 롱레인지 4WD 19인치,539,689,"1,228",100,30
전남,일반승용,기아,EV3 스탠다드 2WD,469,619,"1,088",94,28
전남,일반승용,기아,EV4 GT,255,330,585,51,15
전남,일반승용,기아,EV4 롱레인지 2WD 17인치,555,705,"1,260",100,30
전남,일반승용,기아,EV4 롱레인지 2WD 19인치,555,705,"1,260",100,30
전남,일반승용,기아,EV4 롱레인지 4WD 19인치,554,704,"1,258",100,30
전남,일반승용,기아,EV4 롱레인지 GTL 2WD 19인치,555,705,"1,260",100,30
전남,일반승용,기아,EV4 스탠다드 2WD 17인치,512,662,"1,174",100,30
전남,일반승용,기아,EV4 스탠다드 2WD 19인치,481,631,"1,112",96,29
전남,일반승용,기아,EV5 GT,232,307,539,46,14
전남,일반승용,기아,EV5 롱레인지 2WD,552,702,"1,254",100,30
전남,일반승용,기아,EV5 롱레인지 4WD 18인치,499,649,"1,148",100,30
전남,일반승용,기아,EV5 롱레인지 4WD 19인치,493,643,"1,136",99,30
전남,일반승용,기아,EV9 GT,245,320,565,49,15
전남,일반승용,기아,EV9 롱레인지 2WD 19인치,270,345,615,54,16
전남,일반승용,기아,EV9 롱레인지 2WD 20인치,268,343,611,54,16
전남,일반승용,기아,EV9 롱레인지 4WD 19인치,254,329,583,51,15
전남,일반승용,기아,EV9 롱레인지 4WD 21인치,260,335,595,52,16
전남,일반승용,기아,EV9 롱레인지 GTL 4WD 21인치,252,327,579,50,15
전남,일반승용,기아,EV9 스탠다드,237,312,549,47,14
전남,일반승용,기아,PV5 패신저 5인승 롱레인지,458,608,"1,066",92,28
전남,일반승용,기아,Pv5 WAV(비용 미지원),648,798,"1,446",100,30
전남,일반승용,기아,Pv5 WAV(비용 지원),448,598,"1,046",90,27
전남,일반승용,기아,(단종)The all-new Kia Niro EV,489,639,"1,128",98,29
전남,일반승용,기아,더뉴EV6 롱레인지 2WD 19인치,570,720,"1,290",100,30
전남,일반승용,기아,더뉴EV6 롱레인지 2WD 20인치,559,709,"1,268",100,30
전남,일반승용,기아,더뉴EV6 롱레인지 4WD 19인치,561,711,"1,272",100,30
전남,일반승용,기아,더뉴EV6 롱레인지 4WD 20인치,532,682,"1,214",100,30
전남,일반승용,기아,더뉴EV6 스탠다드,501,651,"1,152",100,30
전남,경·소형,기아,레이 EV 2WD 14인치 1인승 밴,457,607,"1,064",91,27
전남,경·소형,기아,레이 EV 2WD 14인치 2인승 밴,457,607,"1,064",91,27
전남,경·소형,기아,레이 EV 2WD 14인치 4인승 승용,457,607,"1,064",91,27
전남,일반승용,메르세데스벤츠코리아,EQA 250(Facelift),190,265,455,38,11
전남,일반승용,메르세데스벤츠코리아,EQB 300 4MATIC(Facelift),154,229,383,31,9
전남,일반승용,메르세데스벤츠코리아,EQB 300 4MATIC(Facelift)(CY25/2),162,237,399,32,10
전남,일반승용,볼보자동차코리아,볼보 EX30 Single Motor ER,247,397,644,49,15
전남,일반승용,볼보자동차코리아,볼보 EX30CC Twin Motor Perf,222,372,594,44,13
전남,일반승용,비와이디코리아,(단종)BYD ATTO 3,126,276,402,25,8
전남,일반승용,비와이디코리아,(단종)BYD DOLPHIN,109,259,368,22,7
전남,일반승용,비와이디코리아,(단종)BYD DOLPHIN Active,132,282,414,26,8
전남,일반승용,비와이디코리아,(단종)BYD SEAL,169,319,488,34,10
전남,일반승용,비와이디코리아,(단종)BYD SEAL Dynamic AWD,151,301,452,30,9
전남,일반승용,비와이디코리아,(단종)BYD SEALION 7,152,302,454,30,9
전남,일반승용,케이지모빌리티,토레스 EVX 18인치,354,504,858,71,21
전남,일반승용,케이지모빌리티,토레스 EVX 18인치(2026),361,511,872,72,22
전남,일반승용,케이지모빌리티,토레스 EVX 20인치,344,494,838,69,21
전남,일반승용,케이지모빌리티,토레스 EVX 20인치(2026),354,504,858,71,21
전남,일반승용,케이지모빌리티,(단종)토레스 EVX 2WD 18인치,327,477,804,65,20
전남,일반승용,케이지모빌리티,(단종)토레스 EVX 2WD 20인치,312,462,774,62,19
전남,일반승용,테슬라코리아,Model 3 Performance,200,275,475,40,12
전남,일반승용,테슬라코리아,Model 3 Premium Long Range RWD,420,570,990,84,25
전남,일반승용,테슬라코리아,Model 3 Premium Long Range RWD(5999만원),210,285,495,42,13
전남,일반승용,테슬라코리아,Model 3 RWD,168,318,486,34,10
전남,일반승용,테슬라코리아,Model 3 RWD(2025),168,243,411,34,10
전남,일반승용,테슬라코리아,Model Y L AWD,215,285,500,43,13
전남,일반승용,테슬라코리아,Model Y Long Range(2025),210,285,495,42,13
전남,일반승용,테슬라코리아,Model Y Premium Long Range,210,285,495,42,13
전남,일반승용,테슬라코리아,Model Y Premium RWD,170,245,415,34,10
전남,일반승용,테슬라코리아,Model Y RWD(2025),170,245,415,34,10
전남,일반승용,폭스바겐그룹코리아,ID.4 Pro,432,587,"1,019",86,26
전남,일반승용,폭스바겐그룹코리아,Q4 45 e-tron,206,281,487,41,12
전남,일반승용,폭스바겐그룹코리아,Q4 Sportback 45 e-tron,206,281,487,41,12
전남,일반승용,폭스바겐그룹코리아,(단종)Q6 e-tron performance,220,295,515,44,13
전남,일반승용,폭스바겐그룹코리아,iD.5 Pro,473,548,"1,021",95,29
전남,일반승용,폴스타오토모티브코리아,Polestar 4 Coupe Dual Motor,168,0,168,34,10
전남,일반승용,폴스타오토모티브코리아,Polestar 4 Coupe Rear Motor,181,0,181,36,11
전남,일반승용,현대자동차,ELECTRIFIED G80,270,345,615,54,16
전남,일반승용,현대자동차,ELECTRIFIED GV70 AWD 19인치,261,336,597,52,16
전남,일반승용,현대자동차,ELECTRIFIED GV70 AWD 20인치,245,320,565,49,15
전남,일반승용,현대자동차,GV60 스탠다드 2WD 19인치,285,360,645,57,17
전남,일반승용,현대자동차,GV60 스탠다드 AWD 19인치,272,347,619,54,16
전남,일반승용,현대자동차,GV60 스탠다드 AWD 20인치,261,336,597,52,16
전남,일반승용,현대자동차,더 뉴 아이오닉5 2WD 롱레인지 19인치,564,714,"1,278",100,30
전남,일반승용,현대자동차,더 뉴 아이오닉5 2WD 롱레인지 19인치 빌트인 캠 미적용,567,717,"1,284",100,30
전남,일반승용,현대자동차,더 뉴 아이오닉5 2WD 롱레인지 20인치,559,709,"1,268",100,30
전남,일반승용,현대자동차,더 뉴 아이오닉5 2WD 롱레인지 N라인 20인치,541,691,"1,232",100,30
전남,일반승용,현대자동차,더 뉴 아이오닉5 2WD 스탠다드 19인치,483,633,"1,116",97,29
전남,일반승용,현대자동차,더 뉴 아이오닉5 AWD 롱레인지 19인치,558,708,"1,266",100,30
전남,일반승용,현대자동차,더 뉴 아이오닉5 AWD 롱레인지 20인치,532,682,"1,214",100,30
전남,일반승용,현대자동차,더 뉴 아이오닉5 AWD 롱레인지 N라인 20인치,510,660,"1,170",100,30
전남,일반승용,현대자동차,더 뉴 아이오닉6 2WD 롱레인지 18인치,570,720,"1,290",100,30
전남,일반승용,현대자동차,더 뉴 아이오닉6 2WD 롱레인지 20인치,570,720,"1,290",100,30
전남,일반승용,현대자동차,더 뉴 아이오닉6 2WD 롱레인지 N라인 20인치,570,720,"1,290",100,30
전남,일반승용,현대자동차,더 뉴 아이오닉6 2WD 스탠다드 18인치,560,710,"1,270",100,30
전남,일반승용,현대자동차,더 뉴 아이오닉6 AWD 롱레인지 18인치,570,720,"1,290",100,30
전남,일반승용,현대자동차,더 뉴 아이오닉6 AWD 롱레인지 20인치,553,703,"1,256",100,30
전남,일반승용,현대자동차,더 뉴 아이오닉6 AWD 롱레인지 N라인 20인치,537,687,"1,224",100,30
전남,일반승용,현대자동차,스타리아 라운지 일렉트릭 7인승,229,304,533,46,14
전남,일반승용,현대자동차,스타리아 리무진 일렉트릭 6인승,229,304,533,46,14
전남,일반승용,현대자동차,아이오닉6 N,250,325,575,50,15
전남,일반승용,현대자동차,아이오닉9 성능형 AWD,272,347,619,54,16
전남,일반승용,현대자동차,아이오닉9 항속형 2WD,274,349,623,55,17
전남,일반승용,현대자동차,아이오닉9 항속형 AWD,271,346,617,54,16
전남,경·소형,현대자동차,캐스퍼 일렉트릭 기본형 15인치,490,640,"1,130",98,29
전남,경·소형,현대자동차,캐스퍼 일렉트릭 크로스 17인치,487,637,"1,124",97,29
전남,경·소형,현대자동차,캐스퍼 일렉트릭 항속형 15인치,490,640,"1,130",98,29
전남,경·소형,현대자동차,캐스퍼 일렉트릭 항속형 17인치(라운지포함),490,640,"1,130",98,29
전남,일반승용,현대자동차,코나 일렉트릭 2WD 롱레인지 17인치,514,664,"1,178",100,30
전남,일반승용,현대자동차,코나 일렉트릭 2WD 롱레인지 17인치 빌트인 캠 미적용,514,664,"1,178",100,30
전남,일반승용,현대자동차,코나 일렉트릭 2WD 롱레인지 19인치,459,609,"1,068",92,28
전남,일반승용,현대자동차,코나 일렉트릭 2WD 스탠다드 17인치,437,587,"1,024",87,26
전남,일반승용,BMW,MINI Aceman E,400,400,800,80,24
전남,일반승용,BMW,MINI Aceman SE,400,400,800,80,24
전남,일반승용,BMW,MINI Cooper SE,396,396,792,79,24
전남,일반승용,BMW,MINI Countryman E,217,217,434,43,13
전남,일반승용,BMW,MINI Countryman SE ALL4,203,203,406,41,12
전남,일반승용,BMW,MINI JCW Aceman E,197,197,394,39,12
전남,일반승용,BMW,MINI JCW E,191,191,382,38,11
전남,일반승용,BMW,i4 M60 LCI (71HD),233,233,466,47,14
전남,일반승용,BMW,i4 eDrive 40 LCI(21HD),244,244,488,49,15
전남,일반승용,BMW,i4 eDrive 40 LCI(61HD),256,256,512,51,15
전남,일반승용,BMW,i5 eDrive 40,262,262,524,52,16
전남,일반승용,BMW,iX1 eDrive20,212,212,424,42,13
전남,일반승용,BMW,iX1 eDrive20(11HM),235,235,470,47,14
전남,일반승용,BMW,iX1 xDrive30,192,192,384,38,11
전남,일반승용,BMW,iX2 eDrive20,214,214,428,43,13
전남,일반승용,BMW,iX2 eDrive20(71GN),239,239,478,48,14
전남,일반승용,BMW,iX3 50 xDrive,275,275,550,55,17
전남,일반승용,기아,EV3 GT,248,248,496,50,15
전남,일반승용,기아,EV3 롱레인지 2WD 17인치,555,555,"1,110",100,30
전남,일반승용,기아,EV3 롱레인지 2WD 19인치,555,555,"1,110",100,30
전남,일반승용,기아,EV3 롱레인지 4WD 19인치,539,539,"1,078",100,30
전남,일반승용,기아,EV3 스탠다드 2WD,469,469,938,94,28
전남,일반승용,기아,EV4 GT,255,255,510,51,15
전남,일반승용,기아,EV4 롱레인지 2WD 17인치,555,555,"1,110",100,30
전남,일반승용,기아,EV4 롱레인지 2WD 19인치,555,555,"1,110",100,30
전남,일반승용,기아,EV4 롱레인지 4WD 19인치,554,554,"1,108",100,30
전남,일반승용,기아,EV4 롱레인지 GTL 2WD 19인치,555,555,"1,110",100,30
전남,일반승용,기아,EV4 스탠다드 2WD 17인치,512,512,"1,024",100,30
전남,일반승용,기아,EV4 스탠다드 2WD 19인치,481,481,962,96,29
전남,일반승용,기아,EV5 GT,232,232,464,46,14
전남,일반승용,기아,EV5 롱레인지 2WD,552,552,"1,104",100,30
전남,일반승용,기아,EV5 롱레인지 4WD 18인치,499,499,998,100,30
전남,일반승용,기아,EV5 롱레인지 4WD 19인치,493,493,986,99,30
전남,일반승용,기아,EV9 GT,245,245,490,49,15
전남,일반승용,기아,EV9 롱레인지 2WD 19인치,270,270,540,54,16
전남,일반승용,기아,EV9 롱레인지 2WD 20인치,268,268,536,54,16
전남,일반승용,기아,EV9 롱레인지 4WD 19인치,254,254,508,51,15
전남,일반승용,기아,EV9 롱레인지 4WD 21인치,260,260,520,52,16
전남,일반승용,기아,EV9 롱레인지 GTL 4WD 21인치,252,252,504,50,15
전남,일반승용,기아,EV9 스탠다드,237,237,474,47,14
전남,일반승용,기아,PV5 패신저 5인승 롱레인지,458,458,916,92,28
전남,일반승용,기아,Pv5 WAV(비용 미지원),648,648,"1,296",100,30
전남,일반승용,기아,Pv5 WAV(비용 지원),448,448,896,90,27
전남,일반승용,기아,(단종)The all-new Kia Niro EV,489,0,489,98,29
전남,일반승용,기아,더뉴EV6 롱레인지 2WD 19인치,570,570,"1,140",100,30
전남,일반승용,기아,더뉴EV6 롱레인지 2WD 20인치,559,559,"1,118",100,30
전남,일반승용,기아,더뉴EV6 롱레인지 4WD 19인치,561,561,"1,122",100,30
전남,일반승용,기아,더뉴EV6 롱레인지 4WD 20인치,532,532,"1,064",100,30
전남,일반승용,기아,더뉴EV6 스탠다드,501,501,"1,002",100,30
전남,경·소형,기아,레이 EV 2WD 14인치 1인승 밴,457,457,914,91,27
전남,경·소형,기아,레이 EV 2WD 14인치 2인승 밴,457,457,914,91,27
전남,경·소형,기아,레이 EV 2WD 14인치 4인승 승용,457,457,914,91,27
전남,일반승용,메르세데스벤츠코리아,EQA 250(Facelift),190,190,380,38,11
전남,일반승용,메르세데스벤츠코리아,EQB 300 4MATIC(Facelift),154,154,308,31,9
전남,일반승용,메르세데스벤츠코리아,EQB 300 4MATIC(Facelift)(CY25/2),162,162,324,32,10
전남,일반승용,볼보자동차코리아,볼보 EX30 Single Motor ER,247,247,494,49,15
전남,일반승용,볼보자동차코리아,볼보 EX30CC Twin Motor Perf,222,222,444,44,13
전남,일반승용,비와이디코리아,(단종)BYD ATTO 3,126,0,126,25,8
전남,일반승용,비와이디코리아,(단종)BYD DOLPHIN,109,0,109,22,7
전남,일반승용,비와이디코리아,(단종)BYD DOLPHIN Active,132,0,132,26,8
전남,일반승용,비와이디코리아,(단종)BYD SEAL,169,0,169,34,10
전남,일반승용,비와이디코리아,(단종)BYD SEAL Dynamic AWD,151,0,151,30,9
전남,일반승용,비와이디코리아,(단종)BYD SEALION 7,152,0,152,30,9
전남,일반승용,케이지모빌리티,토레스 EVX 18인치,354,354,708,71,21
전남,일반승용,케이지모빌리티,토레스 EVX 18인치(2026),361,361,722,72,22
전남,일반승용,케이지모빌리티,토레스 EVX 20인치,344,344,688,69,21
전남,일반승용,케이지모빌리티,토레스 EVX 20인치(2026),354,354,708,71,21
전남,일반승용,케이지모빌리티,(단종)토레스 EVX 2WD 18인치,327,0,327,65,20
전남,일반승용,케이지모빌리티,(단종)토레스 EVX 2WD 20인치,312,0,312,62,19
전남,일반승용,테슬라코리아,Model 3 Performance,200,200,400,40,12
전남,일반승용,테슬라코리아,Model 3 Premium Long Range RWD,420,0,420,84,25
전남,일반승용,테슬라코리아,Model 3 Premium Long Range RWD(5999만원),210,210,420,42,13
전남,일반승용,테슬라코리아,Model 3 RWD,168,168,336,34,10
전남,일반승용,테슬라코리아,Model 3 RWD(2025),168,168,336,34,10
전남,일반승용,테슬라코리아,Model Y L AWD,215,215,430,43,13
전남,일반승용,테슬라코리아,Model Y Long Range(2025),210,210,420,42,13
전남,일반승용,테슬라코리아,Model Y Premium Long Range,210,210,420,42,13
전남,일반승용,테슬라코리아,Model Y Premium RWD,170,170,340,34,10
전남,일반승용,테슬라코리아,Model Y RWD(2025),170,170,340,34,10
전남,일반승용,폭스바겐그룹코리아,ID.4 Pro,432,432,864,86,26
전남,일반승용,폭스바겐그룹코리아,Q4 45 e-tron,206,206,412,41,12
전남,일반승용,폭스바겐그룹코리아,Q4 Sportback 45 e-tron,206,206,412,41,12
전남,일반승용,폭스바겐그룹코리아,(단종)Q6 e-tron performance,220,0,220,44,13
전남,일반승용,폭스바겐그룹코리아,iD.5 Pro,473,473,946,95,29
전남,일반승용,폴스타오토모티브코리아,Polestar 4 Coupe Dual Motor,168,168,336,34,10
전남,일반승용,폴스타오토모티브코리아,Polestar 4 Coupe Rear Motor,181,181,362,36,11
전남,일반승용,현대자동차,ELECTRIFIED G80,270,270,540,54,16
전남,일반승용,현대자동차,ELECTRIFIED GV70 AWD 19인치,261,261,522,52,16
전남,일반승용,현대자동차,ELECTRIFIED GV70 AWD 20인치,245,245,490,49,15
전남,일반승용,현대자동차,GV60 스탠다드 2WD 19인치,285,285,570,57,17
전남,일반승용,현대자동차,GV60 스탠다드 AWD 19인치,272,272,544,54,16
전남,일반승용,현대자동차,GV60 스탠다드 AWD 20인치,261,261,522,52,16
전남,일반승용,현대자동차,더 뉴 아이오닉5 2WD 롱레인지 19인치,564,564,"1,128",100,30
전남,일반승용,현대자동차,더 뉴 아이오닉5 2WD 롱레인지 19인치 빌트인 캠 미적용,567,567,"1,134",100,30
전남,일반승용,현대자동차,더 뉴 아이오닉5 2WD 롱레인지 20인치,559,559,"1,118",100,30
전남,일반승용,현대자동차,더 뉴 아이오닉5 2WD 롱레인지 N라인 20인치,541,541,"1,082",100,30
전남,일반승용,현대자동차,더 뉴 아이오닉5 2WD 스탠다드 19인치,483,483,966,97,29
전남,일반승용,현대자동차,더 뉴 아이오닉5 AWD 롱레인지 19인치,558,558,"1,116",100,30
전남,일반승용,현대자동차,더 뉴 아이오닉5 AWD 롱레인지 20인치,532,532,"1,064",100,30
전남,일반승용,현대자동차,더 뉴 아이오닉5 AWD 롱레인지 N라인 20인치,510,510,"1,020",100,30
전남,일반승용,현대자동차,더 뉴 아이오닉6 2WD 롱레인지 18인치,570,570,"1,140",100,30
전남,일반승용,현대자동차,더 뉴 아이오닉6 2WD 롱레인지 20인치,570,570,"1,140",100,30
전남,일반승용,현대자동차,더 뉴 아이오닉6 2WD 롱레인지 N라인 20인치,570,570,"1,140",100,30
전남,일반승용,현대자동차,더 뉴 아이오닉6 2WD 스탠다드 18인치,560,560,"1,120",100,30
전남,일반승용,현대자동차,더 뉴 아이오닉6 AWD 롱레인지 18인치,570,570,"1,140",100,30
전남,일반승용,현대자동차,더 뉴 아이오닉6 AWD 롱레인지 20인치,553,553,"1,106",100,30
전남,일반승용,현대자동차,더 뉴 아이오닉6 AWD 롱레인지 N라인 20인치,537,537,"1,074",100,30
전남,일반승용,현대자동차,스타리아 라운지 일렉트릭 7인승,229,229,458,46,14
전남,일반승용,현대자동차,스타리아 리무진 일렉트릭 6인승,229,229,458,46,14
전남,일반승용,현대자동차,아이오닉6 N,250,250,500,50,15
전남,일반승용,현대자동차,아이오닉9 성능형 AWD,272,272,544,54,16
전남,일반승용,현대자동차,아이오닉9 항속형 2WD,274,274,548,55,17
전남,일반승용,현대자동차,아이오닉9 항속형 AWD,271,271,542,54,16
전남,경·소형,현대자동차,캐스퍼 일렉트릭 기본형 15인치,490,490,980,98,29
전남,경·소형,현대자동차,캐스퍼 일렉트릭 크로스 17인치,487,487,974,97,29
전남,경·소형,현대자동차,캐스퍼 일렉트릭 항속형 15인치,490,490,980,98,29
전남,경·소형,현대자동차,캐스퍼 일렉트릭 항속형 17인치(라운지포함),490,490,980,98,29
전남,일반승용,현대자동차,코나 일렉트릭 2WD 롱레인지 17인치,514,514,"1,028",100,30
전남,일반승용,현대자동차,코나 일렉트릭 2WD 롱레인지 17인치 빌트인 캠 미적용,514,514,"1,028",100,30
전남,일반승용,현대자동차,코나 일렉트릭 2WD 롱레인지 19인치,459,459,918,92,28
전남,일반승용,현대자동차,코나 일렉트릭 2WD 스탠다드 17인치,437,437,874,87,26
경북,일반승용,BMW,MINI Aceman E,400,412,812,80,24
경북,일반승용,BMW,MINI Aceman SE,400,412,812,80,24
경북,일반승용,BMW,MINI Cooper SE,396,407,803,79,24
경북,일반승용,BMW,MINI Countryman E,217,223,440,43,13
경북,일반승용,BMW,MINI Countryman SE ALL4,203,209,412,41,12
경북,일반승용,BMW,MINI JCW Aceman E,197,202,399,39,12
경북,일반승용,BMW,MINI JCW E,191,196,387,38,11
경북,일반승용,BMW,i4 M60 LCI (71HD),233,239,472,47,14
경북,일반승용,BMW,i4 eDrive 40 LCI(21HD),244,251,495,49,15
경북,일반승용,BMW,i4 eDrive 40 LCI(61HD),256,263,519,51,15
경북,일반승용,BMW,i5 eDrive 40,262,269,531,52,16
경북,일반승용,BMW,iX1 eDrive20,212,218,430,42,13
경북,일반승용,BMW,iX1 eDrive20(11HM),235,242,477,47,14
경북,일반승용,BMW,iX1 xDrive30,192,197,389,38,11
경북,일반승용,BMW,iX2 eDrive20,214,220,434,43,13
경북,일반승용,BMW,iX2 eDrive20(71GN),239,246,485,48,14
경북,일반승용,BMW,iX3 50 xDrive,275,283,558,55,17
경북,일반승용,기아,EV3 GT,248,255,503,50,15
경북,일반승용,기아,EV3 롱레인지 2WD 17인치,555,571,"1,126",100,30
경북,일반승용,기아,EV3 롱레인지 2WD 19인치,555,571,"1,126",100,30
경북,일반승용,기아,EV3 롱레인지 4WD 19인치,539,555,"1,094",100,30
경북,일반승용,기아,EV3 스탠다드 2WD,469,483,952,94,28
경북,일반승용,기아,EV4 GT,255,262,517,51,15
경북,일반승용,기아,EV4 롱레인지 2WD 17인치,555,571,"1,126",100,30
경북,일반승용,기아,EV4 롱레인지 2WD 19인치,555,571,"1,126",100,30
경북,일반승용,기아,EV4 롱레인지 4WD 19인치,554,570,"1,124",100,30
경북,일반승용,기아,EV4 롱레인지 GTL 2WD 19인치,555,571,"1,126",100,30
경북,일반승용,기아,EV4 스탠다드 2WD 17인치,512,527,"1,039",100,30
경북,일반승용,기아,EV4 스탠다드 2WD 19인치,481,495,976,96,29
경북,일반승용,기아,EV5 GT,232,238,470,46,14
경북,일반승용,기아,EV5 롱레인지 2WD,552,568,"1,120",100,30
경북,일반승용,기아,EV5 롱레인지 4WD 18인치,499,513,"1,012",100,30
경북,일반승용,기아,EV5 롱레인지 4WD 19인치,493,507,"1,000",99,30
경북,일반승용,기아,EV9 GT,245,252,497,49,15
경북,일반승용,기아,EV9 롱레인지 2WD 19인치,270,278,548,54,16
경북,일반승용,기아,EV9 롱레인지 2WD 20인치,268,276,544,54,16
경북,일반승용,기아,EV9 롱레인지 4WD 19인치,254,261,515,51,15
경북,일반승용,기아,EV9 롱레인지 4WD 21인치,260,267,527,52,16
경북,일반승용,기아,EV9 롱레인지 GTL 4WD 21인치,252,259,511,50,15
경북,일반승용,기아,EV9 스탠다드,237,244,481,47,14
경북,일반승용,기아,PV5 패신저 5인승 롱레인지,458,471,929,92,28
경북,일반승용,기아,Pv5 WAV(비용 미지원),648,667,"1,315",100,30
경북,일반승용,기아,Pv5 WAV(비용 지원),448,461,909,90,27
경북,일반승용,기아,(단종)The all-new Kia Niro EV,489,503,992,98,29
경북,일반승용,기아,더뉴EV6 롱레인지 2WD 19인치,570,587,"1,157",100,30
경북,일반승용,기아,더뉴EV6 롱레인지 2WD 20인치,559,575,"1,134",100,30
경북,일반승용,기아,더뉴EV6 롱레인지 4WD 19인치,561,577,"1,138",100,30
경북,일반승용,기아,더뉴EV6 롱레인지 4WD 20인치,532,547,"1,079",100,30
경북,일반승용,기아,더뉴EV6 스탠다드,501,516,"1,017",100,30
경북,경·소형,기아,레이 EV 2WD 14인치 1인승 밴,457,516,973,91,27
경북,경·소형,기아,레이 EV 2WD 14인치 2인승 밴,457,516,973,91,27
경북,경·소형,기아,레이 EV 2WD 14인치 4인승 승용,457,516,973,91,27
경북,일반승용,메르세데스벤츠코리아,EQA 250(Facelift),190,195,385,38,11
경북,일반승용,메르세데스벤츠코리아,EQB 300 4MATIC(Facelift),154,158,312,31,9
경북,일반승용,메르세데스벤츠코리아,EQB 300 4MATIC(Facelift)(CY25/2),162,166,328,32,10
경북,일반승용,볼보자동차코리아,볼보 EX30 Single Motor ER,247,254,501,49,15
경북,일반승용,볼보자동차코리아,볼보 EX30CC Twin Motor Perf,222,228,450,44,13
경북,일반승용,비와이디코리아,(단종)BYD ATTO 3,126,129,255,25,8
경북,일반승용,비와이디코리아,(단종)BYD DOLPHIN,109,112,221,22,7
경북,일반승용,비와이디코리아,(단종)BYD DOLPHIN Active,132,135,267,26,8
경북,일반승용,비와이디코리아,(단종)BYD SEAL,169,174,343,34,10
경북,일반승용,비와이디코리아,(단종)BYD SEAL Dynamic AWD,151,155,306,30,9
경북,일반승용,비와이디코리아,(단종)BYD SEALION 7,152,156,308,30,9
경북,일반승용,케이지모빌리티,토레스 EVX 18인치,354,364,718,71,21
경북,일반승용,케이지모빌리티,토레스 EVX 18인치(2026),361,371,732,72,22
경북,일반승용,케이지모빌리티,토레스 EVX 20인치,344,354,698,69,21
경북,일반승용,케이지모빌리티,토레스 EVX 20인치(2026),354,364,718,71,21
경북,일반승용,케이지모빌리티,(단종)토레스 EVX 2WD 18인치,327,336,663,65,20
경북,일반승용,케이지모빌리티,(단종)토레스 EVX 2WD 20인치,312,321,633,62,19
경북,일반승용,테슬라코리아,Model 3 Performance,200,206,406,40,12
경북,일반승용,테슬라코리아,Model 3 Premium Long Range RWD,420,432,852,84,25
경북,일반승용,테슬라코리아,Model 3 Premium Long Range RWD(5999만원),210,216,426,42,13
경북,일반승용,테슬라코리아,Model 3 RWD,168,173,341,34,10
경북,일반승용,테슬라코리아,Model 3 RWD(2025),168,173,341,34,10
경북,일반승용,테슬라코리아,Model Y L AWD,215,216,431,43,13
경북,일반승용,테슬라코리아,Model Y Long Range(2025),210,216,426,42,13
경북,일반승용,테슬라코리아,Model Y Premium Long Range,210,216,426,42,13
경북,일반승용,테슬라코리아,Model Y Premium RWD,170,175,345,34,10
경북,일반승용,테슬라코리아,Model Y RWD(2025),170,175,345,34,10
경북,일반승용,폭스바겐그룹코리아,ID.4 Pro,432,444,876,86,26
경북,일반승용,폭스바겐그룹코리아,Q4 45 e-tron,206,212,418,41,12
경북,일반승용,폭스바겐그룹코리아,Q4 Sportback 45 e-tron,206,212,418,41,12
경북,일반승용,폭스바겐그룹코리아,(단종)Q6 e-tron performance,220,226,446,44,13
경북,일반승용,폭스바겐그룹코리아,iD.5 Pro,473,487,960,95,29
경북,일반승용,폴스타오토모티브코리아,Polestar 4 Coupe Dual Motor,168,173,341,34,10
경북,일반승용,폴스타오토모티브코리아,Polestar 4 Coupe Rear Motor,181,186,367,36,11
경북,일반승용,현대자동차,ELECTRIFIED G80,270,278,548,54,16
경북,일반승용,현대자동차,ELECTRIFIED GV70 AWD 19인치,261,268,529,52,16
경북,일반승용,현대자동차,ELECTRIFIED GV70 AWD 20인치,245,252,497,49,15
경북,일반승용,현대자동차,GV60 스탠다드 2WD 19인치,285,293,578,57,17
경북,일반승용,현대자동차,GV60 스탠다드 AWD 19인치,272,280,552,54,16
경북,일반승용,현대자동차,GV60 스탠다드 AWD 20인치,261,268,529,52,16
경북,일반승용,현대자동차,더 뉴 아이오닉5 2WD 롱레인지 19인치,564,580,"1,144",100,30
경북,일반승용,현대자동차,더 뉴 아이오닉5 2WD 롱레인지 19인치 빌트인 캠 미적용,567,584,"1,151",100,30
경북,일반승용,현대자동차,더 뉴 아이오닉5 2WD 롱레인지 20인치,559,575,"1,134",100,30
경북,일반승용,현대자동차,더 뉴 아이오닉5 2WD 롱레인지 N라인 20인치,541,557,"1,098",100,30
경북,일반승용,현대자동차,더 뉴 아이오닉5 2WD 스탠다드 19인치,483,497,980,97,29
경북,일반승용,현대자동차,더 뉴 아이오닉5 AWD 롱레인지 19인치,558,574,"1,132",100,30
경북,일반승용,현대자동차,더 뉴 아이오닉5 AWD 롱레인지 20인치,532,547,"1,079",100,30
경북,일반승용,현대자동차,더 뉴 아이오닉5 AWD 롱레인지 N라인 20인치,510,525,"1,035",100,30
경북,일반승용,현대자동차,더 뉴 아이오닉6 2WD 롱레인지 18인치,570,587,"1,157",100,30
경북,일반승용,현대자동차,더 뉴 아이오닉6 2WD 롱레인지 20인치,570,587,"1,157",100,30
경북,일반승용,현대자동차,더 뉴 아이오닉6 2WD 롱레인지 N라인 20인치,570,587,"1,157",100,30
경북,일반승용,현대자동차,더 뉴 아이오닉6 2WD 스탠다드 18인치,560,576,"1,136",100,30
경북,일반승용,현대자동차,더 뉴 아이오닉6 AWD 롱레인지 18인치,570,587,"1,157",100,30
경북,일반승용,현대자동차,더 뉴 아이오닉6 AWD 롱레인지 20인치,553,569,"1,122",100,30
경북,일반승용,현대자동차,더 뉴 아이오닉6 AWD 롱레인지 N라인 20인치,537,553,"1,090",100,30
경북,일반승용,현대자동차,스타리아 라운지 일렉트릭 7인승,229,235,464,46,14
경북,일반승용,현대자동차,스타리아 리무진 일렉트릭 6인승,229,235,464,46,14
경북,일반승용,현대자동차,아이오닉6 N,250,257,507,50,15
경북,일반승용,현대자동차,아이오닉9 성능형 AWD,272,280,552,54,16
경북,일반승용,현대자동차,아이오닉9 항속형 2WD,274,282,556,55,17
경북,일반승용,현대자동차,아이오닉9 항속형 AWD,271,279,550,54,16
경북,경·소형,현대자동차,캐스퍼 일렉트릭 기본형 15인치,490,553,"1,043",98,29
경북,경·소형,현대자동차,캐스퍼 일렉트릭 크로스 17인치,487,550,"1,037",97,29
경북,경·소형,현대자동차,캐스퍼 일렉트릭 항속형 15인치,490,553,"1,043",98,29
경북,경·소형,현대자동차,캐스퍼 일렉트릭 항속형 17인치(라운지포함),490,553,"1,043",98,29
경북,일반승용,현대자동차,코나 일렉트릭 2WD 롱레인지 17인치,514,529,"1,043",100,30
경북,일반승용,현대자동차,코나 일렉트릭 2WD 롱레인지 17인치 빌트인 캠 미적용,514,529,"1,043",100,30
경북,일반승용,현대자동차,코나 일렉트릭 2WD 롱레인지 19인치,459,472,931,92,28
경북,일반승용,현대자동차,코나 일렉트릭 2WD 스탠다드 17인치,437,450,887,87,26
경북,일반승용,BMW,MINI Aceman E,400,412,812,80,24
경북,일반승용,BMW,MINI Aceman SE,400,412,812,80,24
경북,일반승용,BMW,MINI Cooper SE,396,407,803,79,24
경북,일반승용,BMW,MINI Countryman E,217,223,440,43,13
경북,일반승용,BMW,MINI Countryman SE ALL4,203,209,412,41,12
경북,일반승용,BMW,MINI JCW Aceman E,197,202,399,39,12
경북,일반승용,BMW,MINI JCW E,191,196,387,38,11
경북,일반승용,BMW,i4 M60 LCI (71HD),233,239,472,47,14
경북,일반승용,BMW,i4 eDrive 40 LCI(21HD),244,251,495,49,15
경북,일반승용,BMW,i4 eDrive 40 LCI(61HD),256,263,519,51,15
경북,일반승용,BMW,i5 eDrive 40,262,269,531,52,16
경북,일반승용,BMW,iX1 eDrive20,212,218,430,42,13
경북,일반승용,BMW,iX1 eDrive20(11HM),235,242,477,47,14
경북,일반승용,BMW,iX1 xDrive30,192,197,389,38,11
경북,일반승용,BMW,iX2 eDrive20,214,220,434,43,13
경북,일반승용,BMW,iX2 eDrive20(71GN),239,246,485,48,14
경북,일반승용,BMW,iX3 50 xDrive,275,283,558,55,17
경북,일반승용,기아,EV3 GT,248,255,503,50,15
경북,일반승용,기아,EV3 롱레인지 2WD 17인치,555,571,"1,126",100,30
경북,일반승용,기아,EV3 롱레인지 2WD 19인치,555,571,"1,126",100,30
경북,일반승용,기아,EV3 롱레인지 4WD 19인치,539,555,"1,094",100,30
경북,일반승용,기아,EV3 스탠다드 2WD,469,483,952,94,28
경북,일반승용,기아,EV4 GT,255,262,517,51,15
경북,일반승용,기아,EV4 롱레인지 2WD 17인치,555,571,"1,126",100,30
경북,일반승용,기아,EV4 롱레인지 2WD 19인치,555,571,"1,126",100,30
경북,일반승용,기아,EV4 롱레인지 4WD 19인치,554,570,"1,124",100,30
경북,일반승용,기아,EV4 롱레인지 GTL 2WD 19인치,555,571,"1,126",100,30
경북,일반승용,기아,EV4 스탠다드 2WD 17인치,512,527,"1,039",100,30
경북,일반승용,기아,EV4 스탠다드 2WD 19인치,481,495,976,96,29
경북,일반승용,기아,EV5 GT,232,238,470,46,14
경북,일반승용,기아,EV5 롱레인지 2WD,552,568,"1,120",100,30
경북,일반승용,기아,EV5 롱레인지 4WD 18인치,499,513,"1,012",100,30
경북,일반승용,기아,EV5 롱레인지 4WD 19인치,493,507,"1,000",99,30
경북,일반승용,기아,EV9 GT,245,252,497,49,15
경북,일반승용,기아,EV9 롱레인지 2WD 19인치,270,278,548,54,16
경북,일반승용,기아,EV9 롱레인지 2WD 20인치,268,276,544,54,16
경북,일반승용,기아,EV9 롱레인지 4WD 19인치,254,261,515,51,15
경북,일반승용,기아,EV9 롱레인지 4WD 21인치,260,267,527,52,16
경북,일반승용,기아,EV9 롱레인지 GTL 4WD 21인치,252,259,511,50,15
경북,일반승용,기아,EV9 스탠다드,237,244,481,47,14
경북,일반승용,기아,PV5 패신저 5인승 롱레인지,458,471,929,92,28
경북,일반승용,기아,Pv5 WAV(비용 미지원),648,667,"1,315",100,30
경북,일반승용,기아,Pv5 WAV(비용 지원),448,461,909,90,27
경북,일반승용,기아,(단종)The all-new Kia Niro EV,489,503,992,98,29
경북,일반승용,기아,더뉴EV6 롱레인지 2WD 19인치,570,587,"1,157",100,30
경북,일반승용,기아,더뉴EV6 롱레인지 2WD 20인치,559,575,"1,134",100,30
경북,일반승용,기아,더뉴EV6 롱레인지 4WD 19인치,561,577,"1,138",100,30
경북,일반승용,기아,더뉴EV6 롱레인지 4WD 20인치,532,547,"1,079",100,30
경북,일반승용,기아,더뉴EV6 스탠다드,501,516,"1,017",100,30
경북,경·소형,기아,레이 EV 2WD 14인치 1인승 밴,457,516,973,91,27
경북,경·소형,기아,레이 EV 2WD 14인치 2인승 밴,457,516,973,91,27
경북,경·소형,기아,레이 EV 2WD 14인치 4인승 승용,457,516,973,91,27
경북,일반승용,메르세데스벤츠코리아,EQA 250(Facelift),190,195,385,38,11
경북,일반승용,메르세데스벤츠코리아,EQB 300 4MATIC(Facelift),154,158,312,31,9
경북,일반승용,메르세데스벤츠코리아,EQB 300 4MATIC(Facelift)(CY25/2),162,166,328,32,10
경북,일반승용,볼보자동차코리아,볼보 EX30 Single Motor ER,247,254,501,49,15
경북,일반승용,볼보자동차코리아,볼보 EX30CC Twin Motor Perf,222,228,450,44,13
경북,일반승용,비와이디코리아,(단종)BYD ATTO 3,126,129,255,25,8
경북,일반승용,비와이디코리아,(단종)BYD DOLPHIN,109,112,221,22,7
경북,일반승용,비와이디코리아,(단종)BYD DOLPHIN Active,132,135,267,26,8
경북,일반승용,비와이디코리아,(단종)BYD SEAL,169,174,343,34,10
경북,일반승용,비와이디코리아,(단종)BYD SEAL Dynamic AWD,151,155,306,30,9
경북,일반승용,비와이디코리아,(단종)BYD SEALION 7,152,156,308,30,9
경북,일반승용,케이지모빌리티,토레스 EVX 18인치,354,364,718,71,21
경북,일반승용,케이지모빌리티,토레스 EVX 18인치(2026),361,371,732,72,22
경북,일반승용,케이지모빌리티,토레스 EVX 20인치,344,354,698,69,21
경북,일반승용,케이지모빌리티,토레스 EVX 20인치(2026),354,364,718,71,21
경북,일반승용,케이지모빌리티,(단종)토레스 EVX 2WD 18인치,327,336,663,65,20
경북,일반승용,케이지모빌리티,(단종)토레스 EVX 2WD 20인치,312,321,633,62,19
경북,일반승용,테슬라코리아,Model 3 Performance,200,206,406,40,12
경북,일반승용,테슬라코리아,Model 3 Premium Long Range RWD,420,432,852,84,25
경북,일반승용,테슬라코리아,Model 3 Premium Long Range RWD(5999만원),210,216,426,42,13
경북,일반승용,테슬라코리아,Model 3 RWD,168,173,341,34,10
경북,일반승용,테슬라코리아,Model 3 RWD(2025),168,173,341,34,10
경북,일반승용,테슬라코리아,Model Y L AWD,215,221,436,43,13
경북,일반승용,테슬라코리아,Model Y Long Range(2025),210,216,426,42,13
경북,일반승용,테슬라코리아,Model Y Premium Long Range,210,216,426,42,13
경북,일반승용,테슬라코리아,Model Y Premium RWD,170,175,345,34,10
경북,일반승용,테슬라코리아,Model Y RWD(2025),170,175,345,34,10
경북,일반승용,폭스바겐그룹코리아,ID.4 Pro,432,444,876,86,26
경북,일반승용,폭스바겐그룹코리아,Q4 45 e-tron,206,212,418,41,12
경북,일반승용,폭스바겐그룹코리아,Q4 Sportback 45 e-tron,206,212,418,41,12
경북,일반승용,폭스바겐그룹코리아,(단종)Q6 e-tron performance,220,226,446,44,13
경북,일반승용,폭스바겐그룹코리아,iD.5 Pro,473,487,960,95,29
경북,일반승용,폴스타오토모티브코리아,Polestar 4 Coupe Dual Motor,168,173,341,34,10
경북,일반승용,폴스타오토모티브코리아,Polestar 4 Coupe Rear Motor,181,186,367,36,11
경북,일반승용,현대자동차,ELECTRIFIED G80,270,278,548,54,16
경북,일반승용,현대자동차,ELECTRIFIED GV70 AWD 19인치,261,268,529,52,16
경북,일반승용,현대자동차,ELECTRIFIED GV70 AWD 20인치,245,252,497,49,15
경북,일반승용,현대자동차,GV60 스탠다드 2WD 19인치,285,293,578,57,17
경북,일반승용,현대자동차,GV60 스탠다드 AWD 19인치,272,280,552,54,16
경북,일반승용,현대자동차,GV60 스탠다드 AWD 20인치,261,268,529,52,16
경북,일반승용,현대자동차,더 뉴 아이오닉5 2WD 롱레인지 19인치,564,580,"1,144",100,30
경북,일반승용,현대자동차,더 뉴 아이오닉5 2WD 롱레인지 19인치 빌트인 캠 미적용,567,584,"1,151",100,30
경북,일반승용,현대자동차,더 뉴 아이오닉5 2WD 롱레인지 20인치,559,575,"1,134",100,30
경북,일반승용,현대자동차,더 뉴 아이오닉5 2WD 롱레인지 N라인 20인치,541,557,"1,098",100,30
경북,일반승용,현대자동차,더 뉴 아이오닉5 2WD 스탠다드 19인치,483,497,980,97,29
경북,일반승용,현대자동차,더 뉴 아이오닉5 AWD 롱레인지 19인치,558,574,"1,132",100,30
경북,일반승용,현대자동차,더 뉴 아이오닉5 AWD 롱레인지 20인치,532,547,"1,079",100,30
경북,일반승용,현대자동차,더 뉴 아이오닉5 AWD 롱레인지 N라인 20인치,510,525,"1,035",100,30
경북,일반승용,현대자동차,더 뉴 아이오닉6 2WD 롱레인지 18인치,570,587,"1,157",100,30
경북,일반승용,현대자동차,더 뉴 아이오닉6 2WD 롱레인지 20인치,570,587,"1,157",100,30
경북,일반승용,현대자동차,더 뉴 아이오닉6 2WD 롱레인지 N라인 20인치,570,587,"1,157",100,30
경북,일반승용,현대자동차,더 뉴 아이오닉6 2WD 스탠다드 18인치,560,576,"1,136",100,30
경북,일반승용,현대자동차,더 뉴 아이오닉6 AWD 롱레인지 18인치,570,587,"1,157",100,30
경북,일반승용,현대자동차,더 뉴 아이오닉6 AWD 롱레인지 20인치,553,569,"1,122",100,30
경북,일반승용,현대자동차,더 뉴 아이오닉6 AWD 롱레인지 N라인 20인치,537,553,"1,090",100,30
경북,일반승용,현대자동차,스타리아 라운지 일렉트릭 7인승,229,235,464,46,14
경북,일반승용,현대자동차,스타리아 리무진 일렉트릭 6인승,229,235,464,46,14
경북,일반승용,현대자동차,아이오닉6 N,250,257,507,50,15
경북,일반승용,현대자동차,아이오닉9 성능형 AWD,272,280,552,54,16
경북,일반승용,현대자동차,아이오닉9 항속형 2WD,274,282,556,55,17
경북,일반승용,현대자동차,아이오닉9 항속형 AWD,271,279,550,54,16
경북,경·소형,현대자동차,캐스퍼 일렉트릭 기본형 15인치,490,553,"1,043",98,29
경북,경·소형,현대자동차,캐스퍼 일렉트릭 크로스 17인치,487,550,"1,037",97,29
경북,경·소형,현대자동차,캐스퍼 일렉트릭 항속형 15인치,490,553,"1,043",98,29
경북,경·소형,현대자동차,캐스퍼 일렉트릭 항속형 17인치(라운지포함),490,553,"1,043",98,29
경북,일반승용,현대자동차,코나 일렉트릭 2WD 롱레인지 17인치,514,529,"1,043",100,30
경북,일반승용,현대자동차,코나 일렉트릭 2WD 롱레인지 17인치 빌트인 캠 미적용,514,529,"1,043",100,30
경북,일반승용,현대자동차,코나 일렉트릭 2WD 롱레인지 19인치,459,472,931,92,28
경북,일반승용,현대자동차,코나 일렉트릭 2WD 스탠다드 17인치,437,450,887,87,26
경북,일반승용,BMW,MINI Aceman E,400,412,812,80,24
경북,일반승용,BMW,MINI Aceman SE,400,412,812,80,24
경북,일반승용,BMW,MINI Cooper SE,396,407,803,79,24
경북,일반승용,BMW,MINI Countryman E,217,223,440,43,13
경북,일반승용,BMW,MINI Countryman SE ALL4,203,209,412,41,12
경북,일반승용,BMW,MINI JCW Aceman E,197,202,399,39,12
경북,일반승용,BMW,MINI JCW E,191,196,387,38,11
경북,일반승용,BMW,i4 M60 LCI (71HD),233,239,472,47,14
경북,일반승용,BMW,i4 eDrive 40 LCI(21HD),244,251,495,49,15
경북,일반승용,BMW,i4 eDrive 40 LCI(61HD),256,263,519,51,15
경북,일반승용,BMW,i5 eDrive 40,262,269,531,52,16
경북,일반승용,BMW,iX1 eDrive20,212,218,430,42,13
경북,일반승용,BMW,iX1 eDrive20(11HM),235,242,477,47,14
경북,일반승용,BMW,iX1 xDrive30,192,197,389,38,11
경북,일반승용,BMW,iX2 eDrive20,214,220,434,43,13
경북,일반승용,BMW,iX2 eDrive20(71GN),239,246,485,48,14
경북,일반승용,BMW,iX3 50 xDrive,275,283,558,55,17
경북,일반승용,기아,EV3 GT,248,255,503,50,15
경북,일반승용,기아,EV3 롱레인지 2WD 17인치,555,571,"1,126",100,30
경북,일반승용,기아,EV3 롱레인지 2WD 19인치,555,571,"1,126",100,30
경북,일반승용,기아,EV3 롱레인지 4WD 19인치,539,555,"1,094",100,30
경북,일반승용,기아,EV3 스탠다드 2WD,469,483,952,94,28
경북,일반승용,기아,EV4 GT,255,262,517,51,15
경북,일반승용,기아,EV4 롱레인지 2WD 17인치,555,571,"1,126",100,30
경북,일반승용,기아,EV4 롱레인지 2WD 19인치,555,571,"1,126",100,30
경북,일반승용,기아,EV4 롱레인지 4WD 19인치,554,570,"1,124",100,30
경북,일반승용,기아,EV4 롱레인지 GTL 2WD 19인치,555,571,"1,126",100,30
경북,일반승용,기아,EV4 스탠다드 2WD 17인치,512,527,"1,039",100,30
경북,일반승용,기아,EV4 스탠다드 2WD 19인치,481,495,976,96,29
경북,일반승용,기아,EV5 GT,232,238,470,46,14
경북,일반승용,기아,EV5 롱레인지 2WD,552,568,"1,120",100,30
경북,일반승용,기아,EV5 롱레인지 4WD 18인치,499,513,"1,012",100,30
경북,일반승용,기아,EV5 롱레인지 4WD 19인치,493,507,"1,000",99,30
경북,일반승용,기아,EV9 GT,245,252,497,49,15
경북,일반승용,기아,EV9 롱레인지 2WD 19인치,270,278,548,54,16
경북,일반승용,기아,EV9 롱레인지 2WD 20인치,268,276,544,54,16
경북,일반승용,기아,EV9 롱레인지 4WD 19인치,254,261,515,51,15
경북,일반승용,기아,EV9 롱레인지 4WD 21인치,260,267,527,52,16
경북,일반승용,기아,EV9 롱레인지 GTL 4WD 21인치,252,259,511,50,15
경북,일반승용,기아,EV9 스탠다드,237,244,481,47,14
경북,일반승용,기아,PV5 패신저 5인승 롱레인지,458,471,929,92,28
경북,일반승용,기아,Pv5 WAV(비용 미지원),648,667,"1,315",100,30
경북,일반승용,기아,Pv5 WAV(비용 지원),448,461,909,90,27
경북,일반승용,기아,(단종)The all-new Kia Niro EV,489,0,489,98,29
경북,일반승용,기아,더뉴EV6 롱레인지 2WD 19인치,570,587,"1,157",100,30
경북,일반승용,기아,더뉴EV6 롱레인지 2WD 20인치,559,575,"1,134",100,30
경북,일반승용,기아,더뉴EV6 롱레인지 4WD 19인치,561,577,"1,138",100,30
경북,일반승용,기아,더뉴EV6 롱레인지 4WD 20인치,532,547,"1,079",100,30
경북,일반승용,기아,더뉴EV6 스탠다드,501,516,"1,017",100,30
경북,경·소형,기아,레이 EV 2WD 14인치 1인승 밴,457,516,973,91,27
경북,경·소형,기아,레이 EV 2WD 14인치 2인승 밴,457,516,973,91,27
경북,경·소형,기아,레이 EV 2WD 14인치 4인승 승용,457,516,973,91,27
경북,일반승용,메르세데스벤츠코리아,EQA 250(Facelift),190,195,385,38,11
경북,일반승용,메르세데스벤츠코리아,EQB 300 4MATIC(Facelift),154,158,312,31,9
경북,일반승용,메르세데스벤츠코리아,EQB 300 4MATIC(Facelift)(CY25/2),162,166,328,32,10
경북,일반승용,볼보자동차코리아,볼보 EX30 Single Motor ER,247,254,501,49,15
경북,일반승용,볼보자동차코리아,볼보 EX30CC Twin Motor Perf,222,228,450,44,13
경북,일반승용,비와이디코리아,(단종)BYD ATTO 3,126,0,126,25,8
경북,일반승용,비와이디코리아,(단종)BYD DOLPHIN,109,0,109,22,7
경북,일반승용,비와이디코리아,(단종)BYD DOLPHIN Active,132,0,132,26,8
경북,일반승용,비와이디코리아,(단종)BYD SEAL,169,0,169,34,10
경북,일반승용,비와이디코리아,(단종)BYD SEAL Dynamic AWD,151,0,151,30,9
경북,일반승용,비와이디코리아,(단종)BYD SEALION 7,152,0,152,30,9
경북,일반승용,케이지모빌리티,토레스 EVX 18인치,354,364,718,71,21
경북,일반승용,케이지모빌리티,토레스 EVX 18인치(2026),361,371,732,72,22
경북,일반승용,케이지모빌리티,토레스 EVX 20인치,344,354,698,69,21
경북,일반승용,케이지모빌리티,토레스 EVX 20인치(2026),354,364,718,71,21
경북,일반승용,케이지모빌리티,(단종)토레스 EVX 2WD 18인치,327,0,327,65,20
경북,일반승용,케이지모빌리티,(단종)토레스 EVX 2WD 20인치,312,0,312,62,19
경북,일반승용,테슬라코리아,Model 3 Performance,200,206,406,40,12
경북,일반승용,테슬라코리아,Model 3 Premium Long Range RWD,420,432,852,84,25
경북,일반승용,테슬라코리아,Model 3 Premium Long Range RWD(5999만원),210,216,426,42,13
경북,일반승용,테슬라코리아,Model 3 RWD,168,173,341,34,10
경북,일반승용,테슬라코리아,Model 3 RWD(2025),168,173,341,34,10
경북,일반승용,테슬라코리아,Model Y L AWD,215,221,436,43,13
경북,일반승용,테슬라코리아,Model Y Long Range(2025),210,216,426,42,13
경북,일반승용,테슬라코리아,Model Y Premium Long Range,210,216,426,42,13
경북,일반승용,테슬라코리아,Model Y Premium RWD,170,175,345,34,10
경북,일반승용,테슬라코리아,Model Y RWD(2025),170,175,345,34,10
경북,일반승용,폭스바겐그룹코리아,ID.4 Pro,432,444,876,86,26
경북,일반승용,폭스바겐그룹코리아,Q4 45 e-tron,206,212,418,41,12
경북,일반승용,폭스바겐그룹코리아,Q4 Sportback 45 e-tron,206,212,418,41,12
경북,일반승용,폭스바겐그룹코리아,(단종)Q6 e-tron performance,220,0,220,44,13
경북,일반승용,폭스바겐그룹코리아,iD.5 Pro,473,487,960,95,29
경북,일반승용,폴스타오토모티브코리아,Polestar 4 Coupe Dual Motor,168,173,341,34,10
경북,일반승용,폴스타오토모티브코리아,Polestar 4 Coupe Rear Motor,181,186,367,36,11
경북,일반승용,현대자동차,ELECTRIFIED G80,270,278,548,54,16
경북,일반승용,현대자동차,ELECTRIFIED GV70 AWD 19인치,261,268,529,52,16
경북,일반승용,현대자동차,ELECTRIFIED GV70 AWD 20인치,245,252,497,49,15
경북,일반승용,현대자동차,GV60 스탠다드 2WD 19인치,285,293,578,57,17
경북,일반승용,현대자동차,GV60 스탠다드 AWD 19인치,272,280,552,54,16
경북,일반승용,현대자동차,GV60 스탠다드 AWD 20인치,261,268,529,52,16
경북,일반승용,현대자동차,더 뉴 아이오닉5 2WD 롱레인지 19인치,564,580,"1,144",100,30
경북,일반승용,현대자동차,더 뉴 아이오닉5 2WD 롱레인지 19인치 빌트인 캠 미적용,567,584,"1,151",100,30
경북,일반승용,현대자동차,더 뉴 아이오닉5 2WD 롱레인지 20인치,559,575,"1,134",100,30
경북,일반승용,현대자동차,더 뉴 아이오닉5 2WD 롱레인지 N라인 20인치,541,557,"1,098",100,30
경북,일반승용,현대자동차,더 뉴 아이오닉5 2WD 스탠다드 19인치,483,497,980,97,29
경북,일반승용,현대자동차,더 뉴 아이오닉5 AWD 롱레인지 19인치,558,574,"1,132",100,30
경북,일반승용,현대자동차,더 뉴 아이오닉5 AWD 롱레인지 20인치,532,547,"1,079",100,30
경북,일반승용,현대자동차,더 뉴 아이오닉5 AWD 롱레인지 N라인 20인치,510,525,"1,035",100,30
경북,일반승용,현대자동차,더 뉴 아이오닉6 2WD 롱레인지 18인치,570,587,"1,157",100,30
경북,일반승용,현대자동차,더 뉴 아이오닉6 2WD 롱레인지 20인치,570,587,"1,157",100,30
경북,일반승용,현대자동차,더 뉴 아이오닉6 2WD 롱레인지 N라인 20인치,570,587,"1,157",100,30
경북,일반승용,현대자동차,더 뉴 아이오닉6 2WD 스탠다드 18인치,560,576,"1,136",100,30
경북,일반승용,현대자동차,더 뉴 아이오닉6 AWD 롱레인지 18인치,570,587,"1,157",100,30
경북,일반승용,현대자동차,더 뉴 아이오닉6 AWD 롱레인지 20인치,553,569,"1,122",100,30
경북,일반승용,현대자동차,더 뉴 아이오닉6 AWD 롱레인지 N라인 20인치,537,553,"1,090",100,30
경북,일반승용,현대자동차,스타리아 라운지 일렉트릭 7인승,229,235,464,46,14
경북,일반승용,현대자동차,스타리아 리무진 일렉트릭 6인승,229,235,464,46,14
경북,일반승용,현대자동차,아이오닉6 N,250,257,507,50,15
경북,일반승용,현대자동차,아이오닉9 성능형 AWD,272,280,552,54,16
경북,일반승용,현대자동차,아이오닉9 항속형 2WD,274,282,556,55,17
경북,일반승용,현대자동차,아이오닉9 항속형 AWD,271,279,550,54,16
경북,경·소형,현대자동차,캐스퍼 일렉트릭 기본형 15인치,490,553,"1,043",98,29
경북,경·소형,현대자동차,캐스퍼 일렉트릭 크로스 17인치,487,550,"1,037",97,29
경북,경·소형,현대자동차,캐스퍼 일렉트릭 항속형 15인치,490,553,"1,043",98,29
경북,경·소형,현대자동차,캐스퍼 일렉트릭 항속형 17인치(라운지포함),490,553,"1,043",98,29
경북,일반승용,현대자동차,코나 일렉트릭 2WD 롱레인지 17인치,514,529,"1,043",100,30
경북,일반승용,현대자동차,코나 일렉트릭 2WD 롱레인지 17인치 빌트인 캠 미적용,514,529,"1,043",100,30
경북,일반승용,현대자동차,코나 일렉트릭 2WD 롱레인지 19인치,459,472,931,92,28
경북,일반승용,현대자동차,코나 일렉트릭 2WD 스탠다드 17인치,437,450,887,87,26
경북,일반승용,BMW,MINI Aceman E,400,412,812,80,24
경북,일반승용,BMW,MINI Aceman SE,400,412,812,80,24
경북,일반승용,BMW,MINI Cooper SE,396,407,803,79,24
경북,일반승용,BMW,MINI Countryman E,217,223,440,43,13
경북,일반승용,BMW,MINI Countryman SE ALL4,203,209,412,41,12
경북,일반승용,BMW,MINI JCW Aceman E,197,202,399,39,12
경북,일반승용,BMW,MINI JCW E,191,196,387,38,11
경북,일반승용,BMW,i4 M60 LCI (71HD),233,239,472,47,14
경북,일반승용,BMW,i4 eDrive 40 LCI(21HD),244,251,495,49,15
경북,일반승용,BMW,i4 eDrive 40 LCI(61HD),256,263,519,51,15
경북,일반승용,BMW,i5 eDrive 40,262,269,531,52,16
경북,일반승용,BMW,iX1 eDrive20,212,218,430,42,13
경북,일반승용,BMW,iX1 eDrive20(11HM),235,242,477,47,14
경북,일반승용,BMW,iX1 xDrive30,192,197,389,38,11
경북,일반승용,BMW,iX2 eDrive20,214,220,434,43,13
경북,일반승용,BMW,iX2 eDrive20(71GN),239,246,485,48,14
경북,일반승용,BMW,iX3 50 xDrive,275,283,558,55,17
경북,일반승용,기아,EV3 GT,248,255,503,50,15
경북,일반승용,기아,EV3 롱레인지 2WD 17인치,555,571,"1,126",100,30
경북,일반승용,기아,EV3 롱레인지 2WD 19인치,555,571,"1,126",100,30
경북,일반승용,기아,EV3 롱레인지 4WD 19인치,539,555,"1,094",100,30
경북,일반승용,기아,EV3 스탠다드 2WD,469,483,952,94,28
경북,일반승용,기아,EV4 GT,255,262,517,51,15
경북,일반승용,기아,EV4 롱레인지 2WD 17인치,555,571,"1,126",100,30
경북,일반승용,기아,EV4 롱레인지 2WD 19인치,555,571,"1,126",100,30
경북,일반승용,기아,EV4 롱레인지 4WD 19인치,554,570,"1,124",100,30
경북,일반승용,기아,EV4 롱레인지 GTL 2WD 19인치,555,571,"1,126",100,30
경북,일반승용,기아,EV4 스탠다드 2WD 17인치,512,527,"1,039",100,30
경북,일반승용,기아,EV4 스탠다드 2WD 19인치,481,495,976,96,29
경북,일반승용,기아,EV5 GT,232,238,470,46,14
경북,일반승용,기아,EV5 롱레인지 2WD,552,568,"1,120",100,30
경북,일반승용,기아,EV5 롱레인지 4WD 18인치,499,513,"1,012",100,30
경북,일반승용,기아,EV5 롱레인지 4WD 19인치,493,507,"1,000",99,30
경북,일반승용,기아,EV9 GT,245,252,497,49,15
경북,일반승용,기아,EV9 롱레인지 2WD 19인치,270,278,548,54,16
경북,일반승용,기아,EV9 롱레인지 2WD 20인치,268,276,544,54,16
경북,일반승용,기아,EV9 롱레인지 4WD 19인치,254,261,515,51,15
경북,일반승용,기아,EV9 롱레인지 4WD 21인치,260,267,527,52,16
경북,일반승용,기아,EV9 롱레인지 GTL 4WD 21인치,252,259,511,50,15
경북,일반승용,기아,EV9 스탠다드,237,244,481,47,14
경북,일반승용,기아,PV5 패신저 5인승 롱레인지,458,471,929,92,28
경북,일반승용,기아,Pv5 WAV(비용 미지원),648,667,"1,315",100,30
경북,일반승용,기아,Pv5 WAV(비용 지원),448,461,909,90,27
경북,일반승용,기아,(단종)The all-new Kia Niro EV,489,503,992,98,29
경북,일반승용,기아,더뉴EV6 롱레인지 2WD 19인치,570,587,"1,157",100,30
경북,일반승용,기아,더뉴EV6 롱레인지 2WD 20인치,559,575,"1,134",100,30
경북,일반승용,기아,더뉴EV6 롱레인지 4WD 19인치,561,577,"1,138",100,30
경북,일반승용,기아,더뉴EV6 롱레인지 4WD 20인치,532,547,"1,079",100,30
경북,일반승용,기아,더뉴EV6 스탠다드,501,516,"1,017",100,30
경북,경·소형,기아,레이 EV 2WD 14인치 1인승 밴,457,516,973,91,27
경북,경·소형,기아,레이 EV 2WD 14인치 2인승 밴,457,516,973,91,27
경북,경·소형,기아,레이 EV 2WD 14인치 4인승 승용,457,516,973,91,27
경북,일반승용,메르세데스벤츠코리아,EQA 250(Facelift),190,195,385,38,11
경북,일반승용,메르세데스벤츠코리아,EQB 300 4MATIC(Facelift),154,158,312,31,9
경북,일반승용,메르세데스벤츠코리아,EQB 300 4MATIC(Facelift)(CY25/2),162,166,328,32,10
경북,일반승용,볼보자동차코리아,볼보 EX30 Single Motor ER,247,254,501,49,15
경북,일반승용,볼보자동차코리아,볼보 EX30CC Twin Motor Perf,222,228,450,44,13
경북,일반승용,비와이디코리아,(단종)BYD ATTO 3,126,129,255,25,8
경북,일반승용,비와이디코리아,(단종)BYD DOLPHIN,109,112,221,22,7
경북,일반승용,비와이디코리아,(단종)BYD DOLPHIN Active,132,135,267,26,8
경북,일반승용,비와이디코리아,(단종)BYD SEAL,169,174,343,34,10
경북,일반승용,비와이디코리아,(단종)BYD SEAL Dynamic AWD,151,155,306,30,9
경북,일반승용,비와이디코리아,(단종)BYD SEALION 7,152,156,308,30,9
경북,일반승용,케이지모빌리티,토레스 EVX 18인치,354,364,718,71,21
경북,일반승용,케이지모빌리티,토레스 EVX 18인치(2026),361,371,732,72,22
경북,일반승용,케이지모빌리티,토레스 EVX 20인치,344,354,698,69,21
경북,일반승용,케이지모빌리티,토레스 EVX 20인치(2026),354,364,718,71,21
경북,일반승용,케이지모빌리티,(단종)토레스 EVX 2WD 18인치,327,336,663,65,20
경북,일반승용,케이지모빌리티,(단종)토레스 EVX 2WD 20인치,312,321,633,62,19
경북,일반승용,테슬라코리아,Model 3 Performance,200,206,406,40,12
경북,일반승용,테슬라코리아,Model 3 Premium Long Range RWD,420,432,852,84,25
경북,일반승용,테슬라코리아,Model 3 Premium Long Range RWD(5999만원),210,216,426,42,13
경북,일반승용,테슬라코리아,Model 3 RWD,168,173,341,34,10
경북,일반승용,테슬라코리아,Model 3 RWD(2025),168,173,341,34,10
경북,일반승용,테슬라코리아,Model Y L AWD,215,216,431,43,13
경북,일반승용,테슬라코리아,Model Y Long Range(2025),210,216,426,42,13
경북,일반승용,테슬라코리아,Model Y Premium Long Range,210,216,426,42,13
경북,일반승용,테슬라코리아,Model Y Premium RWD,170,175,345,34,10
경북,일반승용,테슬라코리아,Model Y RWD(2025),170,175,345,34,10
경북,일반승용,폭스바겐그룹코리아,ID.4 Pro,432,444,876,86,26
경북,일반승용,폭스바겐그룹코리아,Q4 45 e-tron,206,212,418,41,12
경북,일반승용,폭스바겐그룹코리아,Q4 Sportback 45 e-tron,206,212,418,41,12
경북,일반승용,폭스바겐그룹코리아,(단종)Q6 e-tron performance,220,226,446,44,13
경북,일반승용,폭스바겐그룹코리아,iD.5 Pro,473,487,960,95,29
경북,일반승용,폴스타오토모티브코리아,Polestar 4 Coupe Dual Motor,168,173,341,34,10
경북,일반승용,폴스타오토모티브코리아,Polestar 4 Coupe Rear Motor,181,186,367,36,11
경북,일반승용,현대자동차,ELECTRIFIED G80,270,278,548,54,16
경북,일반승용,현대자동차,ELECTRIFIED GV70 AWD 19인치,261,268,529,52,16
경북,일반승용,현대자동차,ELECTRIFIED GV70 AWD 20인치,245,252,497,49,15
경북,일반승용,현대자동차,GV60 스탠다드 2WD 19인치,285,293,578,57,17
경북,일반승용,현대자동차,GV60 스탠다드 AWD 19인치,272,280,552,54,16
경북,일반승용,현대자동차,GV60 스탠다드 AWD 20인치,261,268,529,52,16
경북,일반승용,현대자동차,더 뉴 아이오닉5 2WD 롱레인지 19인치,564,580,"1,144",100,30
경북,일반승용,현대자동차,더 뉴 아이오닉5 2WD 롱레인지 19인치 빌트인 캠 미적용,567,584,"1,151",100,30
경북,일반승용,현대자동차,더 뉴 아이오닉5 2WD 롱레인지 20인치,559,575,"1,134",100,30
경북,일반승용,현대자동차,더 뉴 아이오닉5 2WD 롱레인지 N라인 20인치,541,557,"1,098",100,30
경북,일반승용,현대자동차,더 뉴 아이오닉5 2WD 스탠다드 19인치,483,497,980,97,29
경북,일반승용,현대자동차,더 뉴 아이오닉5 AWD 롱레인지 19인치,558,574,"1,132",100,30
경북,일반승용,현대자동차,더 뉴 아이오닉5 AWD 롱레인지 20인치,532,547,"1,079",100,30
경북,일반승용,현대자동차,더 뉴 아이오닉5 AWD 롱레인지 N라인 20인치,510,525,"1,035",100,30
경북,일반승용,현대자동차,더 뉴 아이오닉6 2WD 롱레인지 18인치,570,587,"1,157",100,30
경북,일반승용,현대자동차,더 뉴 아이오닉6 2WD 롱레인지 20인치,570,587,"1,157",100,30
경북,일반승용,현대자동차,더 뉴 아이오닉6 2WD 롱레인지 N라인 20인치,570,587,"1,157",100,30
경북,일반승용,현대자동차,더 뉴 아이오닉6 2WD 스탠다드 18인치,560,576,"1,136",100,30
경북,일반승용,현대자동차,더 뉴 아이오닉6 AWD 롱레인지 18인치,570,587,"1,157",100,30
경북,일반승용,현대자동차,더 뉴 아이오닉6 AWD 롱레인지 20인치,553,569,"1,122",100,30
경북,일반승용,현대자동차,더 뉴 아이오닉6 AWD 롱레인지 N라인 20인치,537,553,"1,090",100,30
경북,일반승용,현대자동차,스타리아 라운지 일렉트릭 7인승,229,235,464,46,14
경북,일반승용,현대자동차,스타리아 리무진 일렉트릭 6인승,229,235,464,46,14
경북,일반승용,현대자동차,아이오닉6 N,250,257,507,50,15
경북,일반승용,현대자동차,아이오닉9 성능형 AWD,272,280,552,54,16
경북,일반승용,현대자동차,아이오닉9 항속형 2WD,274,282,556,55,17
경북,일반승용,현대자동차,아이오닉9 항속형 AWD,271,279,550,54,16
경북,경·소형,현대자동차,캐스퍼 일렉트릭 기본형 15인치,490,553,"1,043",98,29
경북,경·소형,현대자동차,캐스퍼 일렉트릭 크로스 17인치,487,550,"1,037",97,29
경북,경·소형,현대자동차,캐스퍼 일렉트릭 항속형 15인치,490,553,"1,043",98,29
경북,경·소형,현대자동차,캐스퍼 일렉트릭 항속형 17인치(라운지포함),490,553,"1,043",98,29
경북,일반승용,현대자동차,코나 일렉트릭 2WD 롱레인지 17인치,514,529,"1,043",100,30
경북,일반승용,현대자동차,코나 일렉트릭 2WD 롱레인지 17인치 빌트인 캠 미적용,514,529,"1,043",100,30
경북,일반승용,현대자동차,코나 일렉트릭 2WD 롱레인지 19인치,459,472,931,92,28
경북,일반승용,현대자동차,코나 일렉트릭 2WD 스탠다드 17인치,437,450,887,87,26
경북,일반승용,BMW,MINI Aceman E,400,412,812,80,24
경북,일반승용,BMW,MINI Aceman SE,400,412,812,80,24
경북,일반승용,BMW,MINI Cooper SE,396,407,803,79,24
경북,일반승용,BMW,MINI Countryman E,217,223,440,43,13
경북,일반승용,BMW,MINI Countryman SE ALL4,203,209,412,41,12
경북,일반승용,BMW,MINI JCW Aceman E,197,202,399,39,12
경북,일반승용,BMW,MINI JCW E,191,196,387,38,11
경북,일반승용,BMW,i4 M60 LCI (71HD),233,239,472,47,14
경북,일반승용,BMW,i4 eDrive 40 LCI(21HD),244,251,495,49,15
경북,일반승용,BMW,i4 eDrive 40 LCI(61HD),256,263,519,51,15
경북,일반승용,BMW,i5 eDrive 40,262,269,531,52,16
경북,일반승용,BMW,iX1 eDrive20,212,218,430,42,13
경북,일반승용,BMW,iX1 eDrive20(11HM),235,0,235,47,14
경북,일반승용,BMW,iX1 xDrive30,192,197,389,38,11
경북,일반승용,BMW,iX2 eDrive20,214,220,434,43,13
경북,일반승용,BMW,iX2 eDrive20(71GN),239,0,239,48,14
경북,일반승용,BMW,iX3 50 xDrive,275,0,275,55,17
경북,일반승용,기아,EV3 GT,248,255,503,50,15
경북,일반승용,기아,EV3 롱레인지 2WD 17인치,555,571,"1,126",100,30
경북,일반승용,기아,EV3 롱레인지 2WD 19인치,555,571,"1,126",100,30
경북,일반승용,기아,EV3 롱레인지 4WD 19인치,539,555,"1,094",100,30
경북,일반승용,기아,EV3 스탠다드 2WD,469,483,952,94,28
경북,일반승용,기아,EV4 GT,255,262,517,51,15
경북,일반승용,기아,EV4 롱레인지 2WD 17인치,555,571,"1,126",100,30
경북,일반승용,기아,EV4 롱레인지 2WD 19인치,555,571,"1,126",100,30
경북,일반승용,기아,EV4 롱레인지 4WD 19인치,554,570,"1,124",100,30
경북,일반승용,기아,EV4 롱레인지 GTL 2WD 19인치,555,571,"1,126",100,30
경북,일반승용,기아,EV4 스탠다드 2WD 17인치,512,527,"1,039",100,30
경북,일반승용,기아,EV4 스탠다드 2WD 19인치,481,495,976,96,29
경북,일반승용,기아,EV5 GT,232,238,470,46,14
경북,일반승용,기아,EV5 롱레인지 2WD,552,568,"1,120",100,30
경북,일반승용,기아,EV5 롱레인지 4WD 18인치,499,513,"1,012",100,30
경북,일반승용,기아,EV5 롱레인지 4WD 19인치,493,507,"1,000",99,30
경북,일반승용,기아,EV9 GT,245,252,497,49,15
경북,일반승용,기아,EV9 롱레인지 2WD 19인치,270,278,548,54,16
경북,일반승용,기아,EV9 롱레인지 2WD 20인치,268,276,544,54,16
경북,일반승용,기아,EV9 롱레인지 4WD 19인치,254,261,515,51,15
경북,일반승용,기아,EV9 롱레인지 4WD 21인치,260,267,527,52,16
경북,일반승용,기아,EV9 롱레인지 GTL 4WD 21인치,252,259,511,50,15
경북,일반승용,기아,EV9 스탠다드,237,244,481,47,14
경북,일반승용,기아,PV5 패신저 5인승 롱레인지,458,471,929,92,28
경북,일반승용,기아,Pv5 WAV(비용 미지원),648,667,"1,315",100,30
경북,일반승용,기아,Pv5 WAV(비용 지원),448,461,909,90,27
경북,일반승용,기아,(단종)The all-new Kia Niro EV,489,503,992,98,29
경북,일반승용,기아,더뉴EV6 롱레인지 2WD 19인치,570,587,"1,157",100,30
경북,일반승용,기아,더뉴EV6 롱레인지 2WD 20인치,559,575,"1,134",100,30
경북,일반승용,기아,더뉴EV6 롱레인지 4WD 19인치,561,577,"1,138",100,30
경북,일반승용,기아,더뉴EV6 롱레인지 4WD 20인치,532,547,"1,079",100,30
경북,일반승용,기아,더뉴EV6 스탠다드,501,516,"1,017",100,30
경북,경·소형,기아,레이 EV 2WD 14인치 1인승 밴,457,516,973,91,27
경북,경·소형,기아,레이 EV 2WD 14인치 2인승 밴,457,516,973,91,27
경북,경·소형,기아,레이 EV 2WD 14인치 4인승 승용,457,516,973,91,27
경북,일반승용,메르세데스벤츠코리아,EQA 250(Facelift),190,195,385,38,11
경북,일반승용,메르세데스벤츠코리아,EQB 300 4MATIC(Facelift),154,158,312,31,9
경북,일반승용,메르세데스벤츠코리아,EQB 300 4MATIC(Facelift)(CY25/2),162,166,328,32,10
경북,일반승용,볼보자동차코리아,볼보 EX30 Single Motor ER,247,254,501,49,15
경북,일반승용,볼보자동차코리아,볼보 EX30CC Twin Motor Perf,222,228,450,44,13
경북,일반승용,비와이디코리아,(단종)BYD ATTO 3,126,129,255,25,8
경북,일반승용,비와이디코리아,(단종)BYD DOLPHIN,109,112,221,22,7
경북,일반승용,비와이디코리아,(단종)BYD DOLPHIN Active,132,135,267,26,8
경북,일반승용,비와이디코리아,(단종)BYD SEAL,169,174,343,34,10
경북,일반승용,비와이디코리아,(단종)BYD SEAL Dynamic AWD,151,155,306,30,9
경북,일반승용,비와이디코리아,(단종)BYD SEALION 7,152,156,308,30,9
경북,일반승용,케이지모빌리티,토레스 EVX 18인치,354,364,718,71,21
경북,일반승용,케이지모빌리티,토레스 EVX 18인치(2026),361,371,732,72,22
경북,일반승용,케이지모빌리티,토레스 EVX 20인치,344,354,698,69,21
경북,일반승용,케이지모빌리티,토레스 EVX 20인치(2026),354,364,718,71,21
경북,일반승용,케이지모빌리티,(단종)토레스 EVX 2WD 18인치,327,336,663,65,20
경북,일반승용,케이지모빌리티,(단종)토레스 EVX 2WD 20인치,312,321,633,62,19
경북,일반승용,테슬라코리아,Model 3 Performance,200,206,406,40,12
경북,일반승용,테슬라코리아,Model 3 Premium Long Range RWD,420,432,852,84,25
경북,일반승용,테슬라코리아,Model 3 Premium Long Range RWD(5999만원),210,0,210,42,13
경북,일반승용,테슬라코리아,Model 3 RWD,168,173,341,34,10
경북,일반승용,테슬라코리아,Model 3 RWD(2025),168,173,341,34,10
경북,일반승용,테슬라코리아,Model Y L AWD,215,216,431,43,13
경북,일반승용,테슬라코리아,Model Y Long Range(2025),210,216,426,42,13
경북,일반승용,테슬라코리아,Model Y Premium Long Range,210,216,426,42,13
경북,일반승용,테슬라코리아,Model Y Premium RWD,170,175,345,34,10
경북,일반승용,테슬라코리아,Model Y RWD(2025),170,175,345,34,10
경북,일반승용,폭스바겐그룹코리아,ID.4 Pro,432,444,876,86,26
경북,일반승용,폭스바겐그룹코리아,Q4 45 e-tron,206,212,418,41,12
경북,일반승용,폭스바겐그룹코리아,Q4 Sportback 45 e-tron,206,212,418,41,12
경북,일반승용,폭스바겐그룹코리아,(단종)Q6 e-tron performance,220,226,446,44,13
경북,일반승용,폭스바겐그룹코리아,iD.5 Pro,473,0,473,95,29
경북,일반승용,폴스타오토모티브코리아,Polestar 4 Coupe Dual Motor,168,173,341,34,10
경북,일반승용,폴스타오토모티브코리아,Polestar 4 Coupe Rear Motor,181,186,367,36,11
경북,일반승용,현대자동차,ELECTRIFIED G80,270,278,548,54,16
경북,일반승용,현대자동차,ELECTRIFIED GV70 AWD 19인치,261,268,529,52,16
경북,일반승용,현대자동차,ELECTRIFIED GV70 AWD 20인치,245,252,497,49,15
경북,일반승용,현대자동차,GV60 스탠다드 2WD 19인치,285,293,578,57,17
경북,일반승용,현대자동차,GV60 스탠다드 AWD 19인치,272,280,552,54,16
경북,일반승용,현대자동차,GV60 스탠다드 AWD 20인치,261,268,529,52,16
경북,일반승용,현대자동차,더 뉴 아이오닉5 2WD 롱레인지 19인치,564,580,"1,144",100,30
경북,일반승용,현대자동차,더 뉴 아이오닉5 2WD 롱레인지 19인치 빌트인 캠 미적용,567,584,"1,151",100,30
경북,일반승용,현대자동차,더 뉴 아이오닉5 2WD 롱레인지 20인치,559,575,"1,134",100,30
경북,일반승용,현대자동차,더 뉴 아이오닉5 2WD 롱레인지 N라인 20인치,541,557,"1,098",100,30
경북,일반승용,현대자동차,더 뉴 아이오닉5 2WD 스탠다드 19인치,483,497,980,97,29
경북,일반승용,현대자동차,더 뉴 아이오닉5 AWD 롱레인지 19인치,558,574,"1,132",100,30
경북,일반승용,현대자동차,더 뉴 아이오닉5 AWD 롱레인지 20인치,532,547,"1,079",100,30
경북,일반승용,현대자동차,더 뉴 아이오닉5 AWD 롱레인지 N라인 20인치,510,525,"1,035",100,30
경북,일반승용,현대자동차,더 뉴 아이오닉6 2WD 롱레인지 18인치,570,587,"1,157",100,30
경북,일반승용,현대자동차,더 뉴 아이오닉6 2WD 롱레인지 20인치,570,587,"1,157",100,30
경북,일반승용,현대자동차,더 뉴 아이오닉6 2WD 롱레인지 N라인 20인치,570,587,"1,157",100,30
경북,일반승용,현대자동차,더 뉴 아이오닉6 2WD 스탠다드 18인치,560,576,"1,136",100,30
경북,일반승용,현대자동차,더 뉴 아이오닉6 AWD 롱레인지 18인치,570,587,"1,157",100,30
경북,일반승용,현대자동차,더 뉴 아이오닉6 AWD 롱레인지 20인치,553,569,"1,122",100,30
경북,일반승용,현대자동차,더 뉴 아이오닉6 AWD 롱레인지 N라인 20인치,537,553,"1,090",100,30
경북,일반승용,현대자동차,스타리아 라운지 일렉트릭 7인승,229,0,229,46,14
경북,일반승용,현대자동차,스타리아 리무진 일렉트릭 6인승,229,235,464,46,14
경북,일반승용,현대자동차,아이오닉6 N,250,257,507,50,15
경북,일반승용,현대자동차,아이오닉9 성능형 AWD,272,280,552,54,16
경북,일반승용,현대자동차,아이오닉9 항속형 2WD,274,282,556,55,17
경북,일반승용,현대자동차,아이오닉9 항속형 AWD,271,279,550,54,16
경북,경·소형,현대자동차,캐스퍼 일렉트릭 기본형 15인치,490,553,"1,043",98,29
경북,경·소형,현대자동차,캐스퍼 일렉트릭 크로스 17인치,487,550,"1,037",97,29
경북,경·소형,현대자동차,캐스퍼 일렉트릭 항속형 15인치,490,553,"1,043",98,29
경북,경·소형,현대자동차,캐스퍼 일렉트릭 항속형 17인치(라운지포함),490,553,"1,043",98,29
경북,일반승용,현대자동차,코나 일렉트릭 2WD 롱레인지 17인치,514,529,"1,043",100,30
경북,일반승용,현대자동차,코나 일렉트릭 2WD 롱레인지 17인치 빌트인 캠 미적용,514,529,"1,043",100,30
경북,일반승용,현대자동차,코나 일렉트릭 2WD 롱레인지 19인치,459,472,931,92,28
경북,일반승용,현대자동차,코나 일렉트릭 2WD 스탠다드 17인치,437,450,887,87,26
경북,일반승용,BMW,MINI Aceman E,400,412,812,80,24
경북,일반승용,BMW,MINI Aceman SE,400,412,812,80,24
경북,일반승용,BMW,MINI Cooper SE,396,407,803,79,24
경북,일반승용,BMW,MINI Countryman E,217,223,440,43,13
경북,일반승용,BMW,MINI Countryman SE ALL4,203,209,412,41,12
경북,일반승용,BMW,MINI JCW Aceman E,197,202,399,39,12
경북,일반승용,BMW,MINI JCW E,191,196,387,38,11
경북,일반승용,BMW,i4 M60 LCI (71HD),233,239,472,47,14
경북,일반승용,BMW,i4 eDrive 40 LCI(21HD),244,251,495,49,15
경북,일반승용,BMW,i4 eDrive 40 LCI(61HD),256,263,519,51,15
경북,일반승용,BMW,i5 eDrive 40,262,269,531,52,16
경북,일반승용,BMW,iX1 eDrive20,212,218,430,42,13
경북,일반승용,BMW,iX1 xDrive30,192,197,389,38,11
경북,일반승용,BMW,iX2 eDrive20,214,220,434,43,13
경북,일반승용,BMW,iX3 50 xDrive,275,283,558,55,17
경북,일반승용,기아,EV3 GT,248,255,503,50,15
경북,일반승용,기아,EV3 롱레인지 2WD 17인치,555,571,"1,126",100,30
경북,일반승용,기아,EV3 롱레인지 2WD 19인치,555,571,"1,126",100,30
경북,일반승용,기아,EV3 롱레인지 4WD 19인치,539,555,"1,094",100,30
경북,일반승용,기아,EV3 스탠다드 2WD,469,483,952,94,28
경북,일반승용,기아,EV4 GT,255,262,517,51,15
경북,일반승용,기아,EV4 롱레인지 2WD 17인치,555,571,"1,126",100,30
경북,일반승용,기아,EV4 롱레인지 2WD 19인치,555,571,"1,126",100,30
경북,일반승용,기아,EV4 롱레인지 4WD 19인치,554,570,"1,124",100,30
경북,일반승용,기아,EV4 롱레인지 GTL 2WD 19인치,555,571,"1,126",100,30
경북,일반승용,기아,EV4 스탠다드 2WD 17인치,512,527,"1,039",100,30
경북,일반승용,기아,EV4 스탠다드 2WD 19인치,481,495,976,96,29
경북,일반승용,기아,EV5 GT,232,238,470,46,14
경북,일반승용,기아,EV5 롱레인지 2WD,552,568,"1,120",100,30
경북,일반승용,기아,EV5 롱레인지 4WD 18인치,499,513,"1,012",100,30
경북,일반승용,기아,EV5 롱레인지 4WD 19인치,493,507,"1,000",99,30
경북,일반승용,기아,EV9 GT,245,252,497,49,15
경북,일반승용,기아,EV9 롱레인지 2WD 19인치,270,278,548,54,16
경북,일반승용,기아,EV9 롱레인지 2WD 20인치,268,276,544,54,16
경북,일반승용,기아,EV9 롱레인지 4WD 19인치,254,261,515,51,15
경북,일반승용,기아,EV9 롱레인지 4WD 21인치,260,267,527,52,16
경북,일반승용,기아,EV9 롱레인지 GTL 4WD 21인치,252,259,511,50,15
경북,일반승용,기아,EV9 스탠다드,237,244,481,47,14
경북,일반승용,기아,PV5 패신저 5인승 롱레인지,458,471,929,92,28
경북,일반승용,기아,Pv5 WAV(비용 미지원),648,667,"1,315",100,30
경북,일반승용,기아,Pv5 WAV(비용 지원),448,461,909,90,27
경북,일반승용,기아,(단종)The all-new Kia Niro EV,489,0,489,98,29
경북,일반승용,기아,더뉴EV6 롱레인지 2WD 19인치,570,587,"1,157",100,30
경북,일반승용,기아,더뉴EV6 롱레인지 2WD 20인치,559,575,"1,134",100,30
경북,일반승용,기아,더뉴EV6 롱레인지 4WD 19인치,561,577,"1,138",100,30
경북,일반승용,기아,더뉴EV6 롱레인지 4WD 20인치,532,547,"1,079",100,30
경북,일반승용,기아,더뉴EV6 스탠다드,501,516,"1,017",100,30
경북,경·소형,기아,레이 EV 2WD 14인치 1인승 밴,457,516,973,91,27
경북,경·소형,기아,레이 EV 2WD 14인치 2인승 밴,457,516,973,91,27
경북,경·소형,기아,레이 EV 2WD 14인치 4인승 승용,457,516,973,91,27
경북,일반승용,메르세데스벤츠코리아,EQA 250(Facelift),190,195,385,38,11
경북,일반승용,메르세데스벤츠코리아,EQB 300 4MATIC(Facelift),154,158,312,31,9
경북,일반승용,메르세데스벤츠코리아,EQB 300 4MATIC(Facelift)(CY25/2),162,166,328,32,10
경북,일반승용,볼보자동차코리아,볼보 EX30 Single Motor ER,247,254,501,49,15
경북,일반승용,볼보자동차코리아,볼보 EX30CC Twin Motor Perf,222,228,450,44,13
경북,일반승용,비와이디코리아,(단종)BYD ATTO 3,126,129,255,25,8
경북,일반승용,비와이디코리아,(단종)BYD DOLPHIN,109,112,221,22,7
경북,일반승용,비와이디코리아,(단종)BYD DOLPHIN Active,132,135,267,26,8
경북,일반승용,비와이디코리아,(단종)BYD SEAL,169,174,343,34,10
경북,일반승용,비와이디코리아,(단종)BYD SEAL Dynamic AWD,151,155,306,30,9
경북,일반승용,비와이디코리아,(단종)BYD SEALION 7,152,156,308,30,9
경북,일반승용,케이지모빌리티,토레스 EVX 18인치,354,364,718,71,21
경북,일반승용,케이지모빌리티,토레스 EVX 18인치(2026),361,371,732,72,22
경북,일반승용,케이지모빌리티,토레스 EVX 20인치,344,354,698,69,21
경북,일반승용,케이지모빌리티,토레스 EVX 20인치(2026),354,364,718,71,21
경북,일반승용,케이지모빌리티,(단종)토레스 EVX 2WD 18인치,327,0,327,65,20
경북,일반승용,케이지모빌리티,(단종)토레스 EVX 2WD 20인치,312,0,312,62,19
경북,일반승용,테슬라코리아,Model 3 Performance,200,206,406,40,12
경북,일반승용,테슬라코리아,Model 3 Premium Long Range RWD,420,432,852,84,25
경북,일반승용,테슬라코리아,Model 3 Premium Long Range RWD(5999만원),210,216,426,42,13
경북,일반승용,테슬라코리아,Model 3 RWD,168,173,341,34,10
경북,일반승용,테슬라코리아,Model 3 RWD(2025),168,173,341,34,10
경북,일반승용,테슬라코리아,Model Y L AWD,215,216,431,43,13
경북,일반승용,테슬라코리아,Model Y Long Range(2025),210,216,426,42,13
경북,일반승용,테슬라코리아,Model Y Premium Long Range,210,216,426,42,13
경북,일반승용,테슬라코리아,Model Y Premium RWD,170,175,345,34,10
경북,일반승용,테슬라코리아,Model Y RWD(2025),170,175,345,34,10
경북,일반승용,폭스바겐그룹코리아,ID.4 Pro,432,444,876,86,26
경북,일반승용,폭스바겐그룹코리아,Q4 45 e-tron,206,212,418,41,12
경북,일반승용,폭스바겐그룹코리아,Q4 Sportback 45 e-tron,206,212,418,41,12
경북,일반승용,폭스바겐그룹코리아,(단종)Q6 e-tron performance,220,226,446,44,13
경북,일반승용,폭스바겐그룹코리아,iD.5 Pro,473,487,960,95,29
경북,일반승용,현대자동차,ELECTRIFIED G80,270,278,548,54,16
경북,일반승용,현대자동차,ELECTRIFIED GV70 AWD 19인치,261,268,529,52,16
경북,일반승용,현대자동차,ELECTRIFIED GV70 AWD 20인치,245,252,497,49,15
경북,일반승용,현대자동차,GV60 스탠다드 2WD 19인치,285,293,578,57,17
경북,일반승용,현대자동차,GV60 스탠다드 AWD 19인치,272,280,552,54,16
경북,일반승용,현대자동차,GV60 스탠다드 AWD 20인치,261,268,529,52,16
경북,일반승용,현대자동차,더 뉴 아이오닉5 2WD 롱레인지 19인치,564,580,"1,144",100,30
경북,일반승용,현대자동차,더 뉴 아이오닉5 2WD 롱레인지 19인치 빌트인 캠 미적용,567,584,"1,151",100,30
경북,일반승용,현대자동차,더 뉴 아이오닉5 2WD 롱레인지 20인치,559,575,"1,134",100,30
경북,일반승용,현대자동차,더 뉴 아이오닉5 2WD 롱레인지 N라인 20인치,541,557,"1,098",100,30
경북,일반승용,현대자동차,더 뉴 아이오닉5 2WD 스탠다드 19인치,483,497,980,97,29
경북,일반승용,현대자동차,더 뉴 아이오닉5 AWD 롱레인지 19인치,558,574,"1,132",100,30
경북,일반승용,현대자동차,더 뉴 아이오닉5 AWD 롱레인지 20인치,532,547,"1,079",100,30
경북,일반승용,현대자동차,더 뉴 아이오닉5 AWD 롱레인지 N라인 20인치,510,525,"1,035",100,30
경북,일반승용,현대자동차,더 뉴 아이오닉6 2WD 롱레인지 18인치,570,587,"1,157",100,30
경북,일반승용,현대자동차,더 뉴 아이오닉6 2WD 롱레인지 20인치,570,587,"1,157",100,30
경북,일반승용,현대자동차,더 뉴 아이오닉6 2WD 롱레인지 N라인 20인치,570,587,"1,157",100,30
경북,일반승용,현대자동차,더 뉴 아이오닉6 2WD 스탠다드 18인치,560,576,"1,136",100,30
경북,일반승용,현대자동차,더 뉴 아이오닉6 AWD 롱레인지 18인치,570,587,"1,157",100,30
경북,일반승용,현대자동차,더 뉴 아이오닉6 AWD 롱레인지 20인치,553,569,"1,122",100,30
경북,일반승용,현대자동차,더 뉴 아이오닉6 AWD 롱레인지 N라인 20인치,537,553,"1,090",100,30
경북,일반승용,현대자동차,스타리아 라운지 일렉트릭 7인승,229,235,464,46,14
경북,일반승용,현대자동차,스타리아 리무진 일렉트릭 6인승,229,235,464,46,14
경북,일반승용,현대자동차,아이오닉6 N,250,257,507,50,15
경북,일반승용,현대자동차,아이오닉9 성능형 AWD,272,280,552,54,16
경북,일반승용,현대자동차,아이오닉9 항속형 2WD,274,282,556,55,17
경북,일반승용,현대자동차,아이오닉9 항속형 AWD,271,279,550,54,16
경북,경·소형,현대자동차,캐스퍼 일렉트릭 기본형 15인치,490,553,"1,043",98,29
경북,경·소형,현대자동차,캐스퍼 일렉트릭 크로스 17인치,487,550,"1,037",97,29
경북,경·소형,현대자동차,캐스퍼 일렉트릭 항속형 15인치,490,553,"1,043",98,29
경북,경·소형,현대자동차,캐스퍼 일렉트릭 항속형 17인치(라운지포함),490,553,"1,043",98,29
경북,일반승용,현대자동차,코나 일렉트릭 2WD 롱레인지 17인치,514,529,"1,043",100,30
경북,일반승용,현대자동차,코나 일렉트릭 2WD 롱레인지 17인치 빌트인 캠 미적용,514,529,"1,043",100,30
경북,일반승용,현대자동차,코나 일렉트릭 2WD 롱레인지 19인치,459,472,931,92,28
경북,일반승용,현대자동차,코나 일렉트릭 2WD 스탠다드 17인치,437,450,887,87,26
경북,일반승용,BMW,MINI Aceman E,400,412,812,80,24
경북,일반승용,BMW,MINI Aceman SE,400,412,812,80,24
경북,일반승용,BMW,MINI Cooper SE,396,407,803,79,24
경북,일반승용,BMW,MINI Countryman E,217,223,440,43,13
경북,일반승용,BMW,MINI Countryman SE ALL4,203,209,412,41,12
경북,일반승용,BMW,MINI JCW Aceman E,197,202,399,39,12
경북,일반승용,BMW,MINI JCW E,191,196,387,38,11
경북,일반승용,BMW,i4 M60 LCI (71HD),233,239,472,47,14
경북,일반승용,BMW,i4 eDrive 40 LCI(21HD),244,251,495,49,15
경북,일반승용,BMW,i4 eDrive 40 LCI(61HD),256,263,519,51,15
경북,일반승용,BMW,i5 eDrive 40,262,269,531,52,16
경북,일반승용,BMW,iX1 eDrive20,212,218,430,42,13
경북,일반승용,BMW,iX1 eDrive20(11HM),235,242,477,47,14
경북,일반승용,BMW,iX1 xDrive30,192,197,389,38,11
경북,일반승용,BMW,iX2 eDrive20,214,220,434,43,13
경북,일반승용,BMW,iX2 eDrive20(71GN),239,246,485,48,14
경북,일반승용,BMW,iX3 50 xDrive,275,283,558,55,17
경북,일반승용,기아,EV3 GT,248,255,503,50,15
경북,일반승용,기아,EV3 롱레인지 2WD 17인치,555,571,"1,126",100,30
경북,일반승용,기아,EV3 롱레인지 2WD 19인치,555,571,"1,126",100,30
경북,일반승용,기아,EV3 롱레인지 4WD 19인치,539,555,"1,094",100,30
경북,일반승용,기아,EV3 스탠다드 2WD,469,483,952,94,28
경북,일반승용,기아,EV4 GT,255,262,517,51,15
경북,일반승용,기아,EV4 롱레인지 2WD 17인치,555,571,"1,126",100,30
경북,일반승용,기아,EV4 롱레인지 2WD 19인치,555,571,"1,126",100,30
경북,일반승용,기아,EV4 롱레인지 4WD 19인치,554,570,"1,124",100,30
경북,일반승용,기아,EV4 롱레인지 GTL 2WD 19인치,555,571,"1,126",100,30
경북,일반승용,기아,EV4 스탠다드 2WD 17인치,512,527,"1,039",100,30
경북,일반승용,기아,EV4 스탠다드 2WD 19인치,481,495,976,96,29
경북,일반승용,기아,EV5 GT,232,238,470,46,14
경북,일반승용,기아,EV5 롱레인지 2WD,552,568,"1,120",100,30
경북,일반승용,기아,EV5 롱레인지 4WD 18인치,499,513,"1,012",100,30
경북,일반승용,기아,EV5 롱레인지 4WD 19인치,493,507,"1,000",99,30
경북,일반승용,기아,EV9 GT,245,252,497,49,15
경북,일반승용,기아,EV9 롱레인지 2WD 19인치,270,278,548,54,16
경북,일반승용,기아,EV9 롱레인지 2WD 20인치,268,276,544,54,16
경북,일반승용,기아,EV9 롱레인지 4WD 19인치,254,261,515,51,15
경북,일반승용,기아,EV9 롱레인지 4WD 21인치,260,267,527,52,16
경북,일반승용,기아,EV9 롱레인지 GTL 4WD 21인치,252,259,511,50,15
경북,일반승용,기아,EV9 스탠다드,237,244,481,47,14
경북,일반승용,기아,PV5 패신저 5인승 롱레인지,458,471,929,92,28
경북,일반승용,기아,Pv5 WAV(비용 미지원),648,667,"1,315",100,30
경북,일반승용,기아,Pv5 WAV(비용 지원),448,461,909,90,27
경북,일반승용,기아,(단종)The all-new Kia Niro EV,489,503,992,98,29
경북,일반승용,기아,더뉴EV6 롱레인지 2WD 19인치,570,587,"1,157",100,30
경북,일반승용,기아,더뉴EV6 롱레인지 2WD 20인치,559,575,"1,134",100,30
경북,일반승용,기아,더뉴EV6 롱레인지 4WD 19인치,561,577,"1,138",100,30
경북,일반승용,기아,더뉴EV6 롱레인지 4WD 20인치,532,547,"1,079",100,30
경북,일반승용,기아,더뉴EV6 스탠다드,501,516,"1,017",100,30
경북,경·소형,기아,레이 EV 2WD 14인치 1인승 밴,457,516,973,91,27
경북,경·소형,기아,레이 EV 2WD 14인치 2인승 밴,457,516,973,91,27
경북,경·소형,기아,레이 EV 2WD 14인치 4인승 승용,457,516,973,91,27
경북,일반승용,메르세데스벤츠코리아,EQA 250(Facelift),190,195,385,38,11
경북,일반승용,메르세데스벤츠코리아,EQB 300 4MATIC(Facelift),154,158,312,31,9
경북,일반승용,메르세데스벤츠코리아,EQB 300 4MATIC(Facelift)(CY25/2),162,166,328,32,10
경북,일반승용,볼보자동차코리아,볼보 EX30 Single Motor ER,247,254,501,49,15
경북,일반승용,볼보자동차코리아,볼보 EX30CC Twin Motor Perf,222,228,450,44,13
경북,일반승용,비와이디코리아,(단종)BYD ATTO 3,126,129,255,25,8
경북,일반승용,비와이디코리아,(단종)BYD DOLPHIN,109,112,221,22,7
경북,일반승용,비와이디코리아,(단종)BYD DOLPHIN Active,132,135,267,26,8
경북,일반승용,비와이디코리아,(단종)BYD SEAL,169,174,343,34,10
경북,일반승용,비와이디코리아,(단종)BYD SEAL Dynamic AWD,151,155,306,30,9
경북,일반승용,비와이디코리아,(단종)BYD SEALION 7,152,156,308,30,9
경북,일반승용,케이지모빌리티,토레스 EVX 18인치,354,364,718,71,21
경북,일반승용,케이지모빌리티,토레스 EVX 18인치(2026),361,371,732,72,22
경북,일반승용,케이지모빌리티,토레스 EVX 20인치,344,354,698,69,21
경북,일반승용,케이지모빌리티,토레스 EVX 20인치(2026),354,364,718,71,21
경북,일반승용,케이지모빌리티,(단종)토레스 EVX 2WD 18인치,327,336,663,65,20
경북,일반승용,케이지모빌리티,(단종)토레스 EVX 2WD 20인치,312,321,633,62,19
경북,일반승용,테슬라코리아,Model 3 Performance,200,206,406,40,12
경북,일반승용,테슬라코리아,Model 3 Premium Long Range RWD,420,216,636,84,25
경북,일반승용,테슬라코리아,Model 3 Premium Long Range RWD(5999만원),210,221,431,42,13
경북,일반승용,테슬라코리아,Model 3 RWD,168,173,341,34,10
경북,일반승용,테슬라코리아,Model 3 RWD(2025),168,173,341,34,10
경북,일반승용,테슬라코리아,Model Y L AWD,215,221,436,43,13
경북,일반승용,테슬라코리아,Model Y Long Range(2025),210,216,426,42,13
경북,일반승용,테슬라코리아,Model Y Premium Long Range,210,216,426,42,13
경북,일반승용,테슬라코리아,Model Y Premium RWD,170,175,345,34,10
경북,일반승용,테슬라코리아,Model Y RWD(2025),170,175,345,34,10
경북,일반승용,폭스바겐그룹코리아,ID.4 Pro,432,444,876,86,26
경북,일반승용,폭스바겐그룹코리아,Q4 45 e-tron,206,212,418,41,12
경북,일반승용,폭스바겐그룹코리아,Q4 Sportback 45 e-tron,206,212,418,41,12
경북,일반승용,폭스바겐그룹코리아,(단종)Q6 e-tron performance,220,226,446,44,13
경북,일반승용,폭스바겐그룹코리아,iD.5 Pro,473,487,960,95,29
경북,일반승용,폴스타오토모티브코리아,Polestar 4 Coupe Dual Motor,168,173,341,34,10
경북,일반승용,폴스타오토모티브코리아,Polestar 4 Coupe Rear Motor,181,186,367,36,11
경북,일반승용,현대자동차,ELECTRIFIED G80,270,278,548,54,16
경북,일반승용,현대자동차,ELECTRIFIED GV70 AWD 19인치,261,268,529,52,16
경북,일반승용,현대자동차,ELECTRIFIED GV70 AWD 20인치,245,252,497,49,15
경북,일반승용,현대자동차,GV60 스탠다드 2WD 19인치,285,293,578,57,17
경북,일반승용,현대자동차,GV60 스탠다드 AWD 19인치,272,280,552,54,16
경북,일반승용,현대자동차,GV60 스탠다드 AWD 20인치,261,268,529,52,16
경북,일반승용,현대자동차,더 뉴 아이오닉5 2WD 롱레인지 19인치,564,580,"1,144",100,30
경북,일반승용,현대자동차,더 뉴 아이오닉5 2WD 롱레인지 19인치 빌트인 캠 미적용,567,584,"1,151",100,30
경북,일반승용,현대자동차,더 뉴 아이오닉5 2WD 롱레인지 20인치,559,575,"1,134",100,30
경북,일반승용,현대자동차,더 뉴 아이오닉5 2WD 롱레인지 N라인 20인치,541,557,"1,098",100,30
경북,일반승용,현대자동차,더 뉴 아이오닉5 2WD 스탠다드 19인치,483,497,980,97,29
경북,일반승용,현대자동차,더 뉴 아이오닉5 AWD 롱레인지 19인치,558,574,"1,132",100,30
경북,일반승용,현대자동차,더 뉴 아이오닉5 AWD 롱레인지 20인치,532,547,"1,079",100,30
경북,일반승용,현대자동차,더 뉴 아이오닉5 AWD 롱레인지 N라인 20인치,510,525,"1,035",100,30
경북,일반승용,현대자동차,더 뉴 아이오닉6 2WD 롱레인지 18인치,570,587,"1,157",100,30
경북,일반승용,현대자동차,더 뉴 아이오닉6 2WD 롱레인지 20인치,570,587,"1,157",100,30
경북,일반승용,현대자동차,더 뉴 아이오닉6 2WD 롱레인지 N라인 20인치,570,587,"1,157",100,30
경북,일반승용,현대자동차,더 뉴 아이오닉6 2WD 스탠다드 18인치,560,576,"1,136",100,30
경북,일반승용,현대자동차,더 뉴 아이오닉6 AWD 롱레인지 18인치,570,587,"1,157",100,30
경북,일반승용,현대자동차,더 뉴 아이오닉6 AWD 롱레인지 20인치,553,569,"1,122",100,30
경북,일반승용,현대자동차,더 뉴 아이오닉6 AWD 롱레인지 N라인 20인치,537,553,"1,090",100,30
경북,일반승용,현대자동차,스타리아 라운지 일렉트릭 7인승,229,235,464,46,14
경북,일반승용,현대자동차,스타리아 리무진 일렉트릭 6인승,229,235,464,46,14
경북,일반승용,현대자동차,아이오닉6 N,250,257,507,50,15
경북,일반승용,현대자동차,아이오닉9 성능형 AWD,272,280,552,54,16
경북,일반승용,현대자동차,아이오닉9 항속형 2WD,274,282,556,55,17
경북,일반승용,현대자동차,아이오닉9 항속형 AWD,271,279,550,54,16
경북,경·소형,현대자동차,캐스퍼 일렉트릭 기본형 15인치,490,553,"1,043",98,29
경북,경·소형,현대자동차,캐스퍼 일렉트릭 크로스 17인치,487,550,"1,037",97,29
경북,경·소형,현대자동차,캐스퍼 일렉트릭 항속형 15인치,490,553,"1,043",98,29
경북,경·소형,현대자동차,캐스퍼 일렉트릭 항속형 17인치(라운지포함),490,553,"1,043",98,29
경북,일반승용,현대자동차,코나 일렉트릭 2WD 롱레인지 17인치,514,529,"1,043",100,30
경북,일반승용,현대자동차,코나 일렉트릭 2WD 롱레인지 17인치 빌트인 캠 미적용,514,529,"1,043",100,30
경북,일반승용,현대자동차,코나 일렉트릭 2WD 롱레인지 19인치,459,472,931,92,28
경북,일반승용,현대자동차,코나 일렉트릭 2WD 스탠다드 17인치,437,450,887,87,26
경북,일반승용,BMW,MINI Aceman E,400,412,812,80,24
경북,일반승용,BMW,MINI Aceman SE,400,412,812,80,24
경북,일반승용,BMW,MINI Cooper SE,396,407,803,79,24
경북,일반승용,BMW,MINI Countryman E,217,223,440,43,13
경북,일반승용,BMW,MINI Countryman SE ALL4,203,209,412,41,12
경북,일반승용,BMW,MINI JCW Aceman E,197,202,399,39,12
경북,일반승용,BMW,MINI JCW E,191,196,387,38,11
경북,일반승용,BMW,i4 M60 LCI (71HD),233,239,472,47,14
경북,일반승용,BMW,i4 eDrive 40 LCI(21HD),244,251,495,49,15
경북,일반승용,BMW,i4 eDrive 40 LCI(61HD),256,263,519,51,15
경북,일반승용,BMW,i5 eDrive 40,262,269,531,52,16
경북,일반승용,BMW,iX1 eDrive20,212,218,430,42,13
경북,일반승용,BMW,iX1 eDrive20(11HM),235,242,477,47,14
경북,일반승용,BMW,iX1 xDrive30,192,197,389,38,11
경북,일반승용,BMW,iX2 eDrive20,214,220,434,43,13
경북,일반승용,BMW,iX2 eDrive20(71GN),239,246,485,48,14
경북,일반승용,BMW,iX3 50 xDrive,275,283,558,55,17
경북,일반승용,기아,EV3 GT,248,255,503,50,15
경북,일반승용,기아,EV3 롱레인지 2WD 17인치,555,571,"1,126",100,30
경북,일반승용,기아,EV3 롱레인지 2WD 19인치,555,571,"1,126",100,30
경북,일반승용,기아,EV3 롱레인지 4WD 19인치,539,555,"1,094",100,30
경북,일반승용,기아,EV3 스탠다드 2WD,469,483,952,94,28
경북,일반승용,기아,EV4 GT,255,262,517,51,15
경북,일반승용,기아,EV4 롱레인지 2WD 17인치,555,571,"1,126",100,30
경북,일반승용,기아,EV4 롱레인지 2WD 19인치,555,571,"1,126",100,30
경북,일반승용,기아,EV4 롱레인지 4WD 19인치,554,570,"1,124",100,30
경북,일반승용,기아,EV4 롱레인지 GTL 2WD 19인치,555,571,"1,126",100,30
경북,일반승용,기아,EV4 스탠다드 2WD 17인치,512,527,"1,039",100,30
경북,일반승용,기아,EV4 스탠다드 2WD 19인치,481,495,976,96,29
경북,일반승용,기아,EV5 GT,232,238,470,46,14
경북,일반승용,기아,EV5 롱레인지 2WD,552,568,"1,120",100,30
경북,일반승용,기아,EV5 롱레인지 4WD 18인치,499,513,"1,012",100,30
경북,일반승용,기아,EV5 롱레인지 4WD 19인치,493,507,"1,000",99,30
경북,일반승용,기아,EV9 GT,245,252,497,49,15
경북,일반승용,기아,EV9 롱레인지 2WD 19인치,270,278,548,54,16
경북,일반승용,기아,EV9 롱레인지 2WD 20인치,268,276,544,54,16
경북,일반승용,기아,EV9 롱레인지 4WD 19인치,254,261,515,51,15
경북,일반승용,기아,EV9 롱레인지 4WD 21인치,260,267,527,52,16
경북,일반승용,기아,EV9 롱레인지 GTL 4WD 21인치,252,259,511,50,15
경북,일반승용,기아,EV9 스탠다드,237,244,481,47,14
경북,일반승용,기아,PV5 패신저 5인승 롱레인지,458,471,929,92,28
경북,일반승용,기아,Pv5 WAV(비용 미지원),648,667,"1,315",100,30
경북,일반승용,기아,Pv5 WAV(비용 지원),448,461,909,90,27
경북,일반승용,기아,(단종)The all-new Kia Niro EV,489,0,489,98,29
경북,일반승용,기아,더뉴EV6 롱레인지 2WD 19인치,570,587,"1,157",100,30
경북,일반승용,기아,더뉴EV6 롱레인지 2WD 20인치,559,575,"1,134",100,30
경북,일반승용,기아,더뉴EV6 롱레인지 4WD 19인치,561,577,"1,138",100,30
경북,일반승용,기아,더뉴EV6 롱레인지 4WD 20인치,532,547,"1,079",100,30
경북,일반승용,기아,더뉴EV6 스탠다드,501,516,"1,017",100,30
경북,경·소형,기아,레이 EV 2WD 14인치 1인승 밴,457,516,973,91,27
경북,경·소형,기아,레이 EV 2WD 14인치 2인승 밴,457,516,973,91,27
경북,경·소형,기아,레이 EV 2WD 14인치 4인승 승용,457,516,973,91,27
경북,일반승용,메르세데스벤츠코리아,EQA 250(Facelift),190,195,385,38,11
경북,일반승용,메르세데스벤츠코리아,EQB 300 4MATIC(Facelift),154,158,312,31,9
경북,일반승용,메르세데스벤츠코리아,EQB 300 4MATIC(Facelift)(CY25/2),162,166,328,32,10
경북,일반승용,볼보자동차코리아,볼보 EX30 Single Motor ER,247,254,501,49,15
경북,일반승용,볼보자동차코리아,볼보 EX30CC Twin Motor Perf,222,228,450,44,13
경북,일반승용,비와이디코리아,(단종)BYD ATTO 3,126,129,255,25,8
경북,일반승용,비와이디코리아,(단종)BYD DOLPHIN,109,112,221,22,7
경북,일반승용,비와이디코리아,(단종)BYD DOLPHIN Active,132,135,267,26,8
경북,일반승용,비와이디코리아,(단종)BYD SEAL,169,174,343,34,10
경북,일반승용,비와이디코리아,(단종)BYD SEAL Dynamic AWD,151,155,306,30,9
경북,일반승용,비와이디코리아,(단종)BYD SEALION 7,152,156,308,30,9
경북,일반승용,케이지모빌리티,토레스 EVX 18인치,354,364,718,71,21
경북,일반승용,케이지모빌리티,토레스 EVX 18인치(2026),361,371,732,72,22
경북,일반승용,케이지모빌리티,토레스 EVX 20인치,344,354,698,69,21
경북,일반승용,케이지모빌리티,토레스 EVX 20인치(2026),354,364,718,71,21
경북,일반승용,케이지모빌리티,(단종)토레스 EVX 2WD 18인치,327,0,327,65,20
경북,일반승용,케이지모빌리티,(단종)토레스 EVX 2WD 20인치,312,0,312,62,19
경북,일반승용,테슬라코리아,Model 3 Performance,200,206,406,40,12
경북,일반승용,테슬라코리아,Model 3 Premium Long Range RWD,420,432,852,84,25
경북,일반승용,테슬라코리아,Model 3 Premium Long Range RWD(5999만원),210,216,426,42,13
경북,일반승용,테슬라코리아,Model 3 RWD,168,173,341,34,10
경북,일반승용,테슬라코리아,Model 3 RWD(2025),168,173,341,34,10
경북,일반승용,테슬라코리아,Model Y L AWD,215,221,436,43,13
경북,일반승용,테슬라코리아,Model Y Long Range(2025),210,216,426,42,13
경북,일반승용,테슬라코리아,Model Y Premium Long Range,210,216,426,42,13
경북,일반승용,테슬라코리아,Model Y Premium RWD,170,175,345,34,10
경북,일반승용,테슬라코리아,Model Y RWD(2025),170,175,345,34,10
경북,일반승용,폭스바겐그룹코리아,ID.4 Pro,432,444,876,86,26
경북,일반승용,폭스바겐그룹코리아,Q4 45 e-tron,206,212,418,41,12
경북,일반승용,폭스바겐그룹코리아,Q4 Sportback 45 e-tron,206,212,418,41,12
경북,일반승용,폭스바겐그룹코리아,(단종)Q6 e-tron performance,220,226,446,44,13
경북,일반승용,폭스바겐그룹코리아,iD.5 Pro,473,487,960,95,29
경북,일반승용,폴스타오토모티브코리아,Polestar 4 Coupe Dual Motor,168,173,341,34,10
경북,일반승용,폴스타오토모티브코리아,Polestar 4 Coupe Rear Motor,181,186,367,36,11
경북,일반승용,현대자동차,ELECTRIFIED G80,270,278,548,54,16
경북,일반승용,현대자동차,ELECTRIFIED GV70 AWD 19인치,261,268,529,52,16
경북,일반승용,현대자동차,ELECTRIFIED GV70 AWD 20인치,245,252,497,49,15
경북,일반승용,현대자동차,GV60 스탠다드 2WD 19인치,285,293,578,57,17
경북,일반승용,현대자동차,GV60 스탠다드 AWD 19인치,272,280,552,54,16
경북,일반승용,현대자동차,GV60 스탠다드 AWD 20인치,261,268,529,52,16
경북,일반승용,현대자동차,더 뉴 아이오닉5 2WD 롱레인지 19인치,564,580,"1,144",100,30
경북,일반승용,현대자동차,더 뉴 아이오닉5 2WD 롱레인지 19인치 빌트인 캠 미적용,567,584,"1,151",100,30
경북,일반승용,현대자동차,더 뉴 아이오닉5 2WD 롱레인지 20인치,559,575,"1,134",100,30
경북,일반승용,현대자동차,더 뉴 아이오닉5 2WD 롱레인지 N라인 20인치,541,557,"1,098",100,30
경북,일반승용,현대자동차,더 뉴 아이오닉5 2WD 스탠다드 19인치,483,497,980,97,29
경북,일반승용,현대자동차,더 뉴 아이오닉5 AWD 롱레인지 19인치,558,574,"1,132",100,30
경북,일반승용,현대자동차,더 뉴 아이오닉5 AWD 롱레인지 20인치,532,547,"1,079",100,30
경북,일반승용,현대자동차,더 뉴 아이오닉5 AWD 롱레인지 N라인 20인치,510,525,"1,035",100,30
경북,일반승용,현대자동차,더 뉴 아이오닉6 2WD 롱레인지 18인치,570,587,"1,157",100,30
경북,일반승용,현대자동차,더 뉴 아이오닉6 2WD 롱레인지 20인치,570,587,"1,157",100,30
경북,일반승용,현대자동차,더 뉴 아이오닉6 2WD 롱레인지 N라인 20인치,570,587,"1,157",100,30
경북,일반승용,현대자동차,더 뉴 아이오닉6 2WD 스탠다드 18인치,560,576,"1,136",100,30
경북,일반승용,현대자동차,더 뉴 아이오닉6 AWD 롱레인지 18인치,570,587,"1,157",100,30
경북,일반승용,현대자동차,더 뉴 아이오닉6 AWD 롱레인지 20인치,553,569,"1,122",100,30
경북,일반승용,현대자동차,더 뉴 아이오닉6 AWD 롱레인지 N라인 20인치,537,553,"1,090",100,30
경북,일반승용,현대자동차,스타리아 라운지 일렉트릭 7인승,229,235,464,46,14
경북,일반승용,현대자동차,스타리아 리무진 일렉트릭 6인승,229,235,464,46,14
경북,일반승용,현대자동차,아이오닉6 N,250,257,507,50,15
경북,일반승용,현대자동차,아이오닉9 성능형 AWD,272,280,552,54,16
경북,일반승용,현대자동차,아이오닉9 항속형 2WD,274,282,556,55,17
경북,일반승용,현대자동차,아이오닉9 항속형 AWD,271,279,550,54,16
경북,경·소형,현대자동차,캐스퍼 일렉트릭 기본형 15인치,490,553,"1,043",98,29
경북,경·소형,현대자동차,캐스퍼 일렉트릭 크로스 17인치,487,550,"1,037",97,29
경북,경·소형,현대자동차,캐스퍼 일렉트릭 항속형 15인치,490,553,"1,043",98,29
경북,경·소형,현대자동차,캐스퍼 일렉트릭 항속형 17인치(라운지포함),490,553,"1,043",98,29
경북,일반승용,현대자동차,코나 일렉트릭 2WD 롱레인지 17인치,514,529,"1,043",100,30
경북,일반승용,현대자동차,코나 일렉트릭 2WD 롱레인지 17인치 빌트인 캠 미적용,514,529,"1,043",100,30
경북,일반승용,현대자동차,코나 일렉트릭 2WD 롱레인지 19인치,459,472,931,92,28
경북,일반승용,현대자동차,코나 일렉트릭 2WD 스탠다드 17인치,437,450,887,87,26
경북,일반승용,BMW,MINI Aceman E,400,412,812,80,24
경북,일반승용,BMW,MINI Aceman SE,400,412,812,80,24
경북,일반승용,BMW,MINI Cooper SE,396,407,803,79,24
경북,일반승용,BMW,MINI Countryman E,217,223,440,43,13
경북,일반승용,BMW,MINI Countryman SE ALL4,203,209,412,41,12
경북,일반승용,BMW,MINI JCW Aceman E,197,202,399,39,12
경북,일반승용,BMW,MINI JCW E,191,196,387,38,11
경북,일반승용,BMW,i4 M60 LCI (71HD),233,239,472,47,14
경북,일반승용,BMW,i4 eDrive 40 LCI(21HD),244,251,495,49,15
경북,일반승용,BMW,i4 eDrive 40 LCI(61HD),256,263,519,51,15
경북,일반승용,BMW,i5 eDrive 40,262,269,531,52,16
경북,일반승용,BMW,iX1 eDrive20,212,218,430,42,13
경북,일반승용,BMW,iX1 xDrive30,192,197,389,38,11
경북,일반승용,BMW,iX2 eDrive20,214,220,434,43,13
경북,일반승용,BMW,iX3 50 xDrive,275,283,558,55,17
경북,일반승용,기아,EV3 GT,248,255,503,50,15
경북,일반승용,기아,EV3 롱레인지 2WD 17인치,555,571,"1,126",100,30
경북,일반승용,기아,EV3 롱레인지 2WD 19인치,555,571,"1,126",100,30
경북,일반승용,기아,EV3 롱레인지 4WD 19인치,539,555,"1,094",100,30
경북,일반승용,기아,EV3 스탠다드 2WD,469,483,952,94,28
경북,일반승용,기아,EV4 GT,255,262,517,51,15
경북,일반승용,기아,EV4 롱레인지 2WD 17인치,555,571,"1,126",100,30
경북,일반승용,기아,EV4 롱레인지 2WD 19인치,555,571,"1,126",100,30
경북,일반승용,기아,EV4 롱레인지 4WD 19인치,554,571,"1,125",100,30
경북,일반승용,기아,EV4 롱레인지 GTL 2WD 19인치,555,571,"1,126",100,30
경북,일반승용,기아,EV4 스탠다드 2WD 17인치,512,527,"1,039",100,30
경북,일반승용,기아,EV4 스탠다드 2WD 19인치,481,495,976,96,29
경북,일반승용,기아,EV5 GT,232,238,470,46,14
경북,일반승용,기아,EV5 롱레인지 2WD,552,568,"1,120",100,30
경북,일반승용,기아,EV5 롱레인지 4WD 18인치,499,513,"1,012",100,30
경북,일반승용,기아,EV5 롱레인지 4WD 19인치,493,507,"1,000",99,30
경북,일반승용,기아,EV9 GT,245,252,497,49,15
경북,일반승용,기아,EV9 롱레인지 2WD 19인치,270,278,548,54,16
경북,일반승용,기아,EV9 롱레인지 2WD 20인치,268,276,544,54,16
경북,일반승용,기아,EV9 롱레인지 4WD 19인치,254,261,515,51,15
경북,일반승용,기아,EV9 롱레인지 4WD 21인치,260,267,527,52,16
경북,일반승용,기아,EV9 롱레인지 GTL 4WD 21인치,252,259,511,50,15
경북,일반승용,기아,EV9 스탠다드,237,244,481,47,14
경북,일반승용,기아,PV5 패신저 5인승 롱레인지,458,471,929,92,28
경북,일반승용,기아,Pv5 WAV(비용 미지원),648,667,"1,315",100,30
경북,일반승용,기아,Pv5 WAV(비용 지원),448,461,909,90,27
경북,일반승용,기아,(단종)The all-new Kia Niro EV,489,0,489,98,29
경북,일반승용,기아,더뉴EV6 롱레인지 2WD 19인치,570,587,"1,157",100,30
경북,일반승용,기아,더뉴EV6 롱레인지 2WD 20인치,559,575,"1,134",100,30
경북,일반승용,기아,더뉴EV6 롱레인지 4WD 19인치,561,577,"1,138",100,30
경북,일반승용,기아,더뉴EV6 롱레인지 4WD 20인치,532,547,"1,079",100,30
경북,일반승용,기아,더뉴EV6 스탠다드,501,516,"1,017",100,30
경북,경·소형,기아,레이 EV 2WD 14인치 1인승 밴,457,516,973,91,27
경북,경·소형,기아,레이 EV 2WD 14인치 2인승 밴,457,516,973,91,27
경북,경·소형,기아,레이 EV 2WD 14인치 4인승 승용,457,516,973,91,27
경북,일반승용,메르세데스벤츠코리아,EQA 250(Facelift),190,195,385,38,11
경북,일반승용,메르세데스벤츠코리아,EQB 300 4MATIC(Facelift),154,158,312,31,9
경북,일반승용,메르세데스벤츠코리아,EQB 300 4MATIC(Facelift)(CY25/2),162,166,328,32,10
경북,일반승용,볼보자동차코리아,볼보 EX30 Single Motor ER,247,254,501,49,15
경북,일반승용,볼보자동차코리아,볼보 EX30CC Twin Motor Perf,222,228,450,44,13
경북,일반승용,비와이디코리아,(단종)BYD ATTO 3,126,129,255,25,8
경북,일반승용,비와이디코리아,(단종)BYD DOLPHIN,109,112,221,22,7
경북,일반승용,비와이디코리아,(단종)BYD DOLPHIN Active,132,135,267,26,8
경북,일반승용,비와이디코리아,(단종)BYD SEAL,169,174,343,34,10
경북,일반승용,비와이디코리아,(단종)BYD SEAL Dynamic AWD,151,155,306,30,9
경북,일반승용,비와이디코리아,(단종)BYD SEALION 7,152,156,308,30,9
경북,일반승용,케이지모빌리티,토레스 EVX 18인치,354,364,718,71,21
경북,일반승용,케이지모빌리티,토레스 EVX 18인치(2026),361,371,732,72,22
경북,일반승용,케이지모빌리티,토레스 EVX 20인치,344,354,698,69,21
경북,일반승용,케이지모빌리티,토레스 EVX 20인치(2026),354,364,718,71,21
경북,일반승용,케이지모빌리티,(단종)토레스 EVX 2WD 18인치,327,0,327,65,20
경북,일반승용,케이지모빌리티,(단종)토레스 EVX 2WD 20인치,312,0,312,62,19
경북,일반승용,테슬라코리아,Model 3 Performance,200,206,406,40,12
경북,일반승용,테슬라코리아,Model 3 Premium Long Range RWD,420,432,852,84,25
경북,일반승용,테슬라코리아,Model 3 Premium Long Range RWD(5999만원),210,216,426,42,13
경북,일반승용,테슬라코리아,Model 3 RWD,168,173,341,34,10
경북,일반승용,테슬라코리아,Model 3 RWD(2025),168,173,341,34,10
경북,일반승용,테슬라코리아,Model Y L AWD,215,216,431,43,13
경북,일반승용,테슬라코리아,Model Y Long Range(2025),210,216,426,42,13
경북,일반승용,테슬라코리아,Model Y Premium Long Range,210,216,426,42,13
경북,일반승용,테슬라코리아,Model Y Premium RWD,170,175,345,34,10
경북,일반승용,테슬라코리아,Model Y RWD(2025),170,175,345,34,10
경북,일반승용,폭스바겐그룹코리아,ID.4 Pro,432,444,876,86,26
경북,일반승용,폭스바겐그룹코리아,Q4 45 e-tron,206,212,418,41,12
경북,일반승용,폭스바겐그룹코리아,Q4 Sportback 45 e-tron,206,212,418,41,12
경북,일반승용,폭스바겐그룹코리아,(단종)Q6 e-tron performance,220,226,446,44,13
경북,일반승용,폭스바겐그룹코리아,iD.5 Pro,473,487,960,95,29
경북,일반승용,현대자동차,ELECTRIFIED G80,270,278,548,54,16
경북,일반승용,현대자동차,ELECTRIFIED GV70 AWD 19인치,261,268,529,52,16
경북,일반승용,현대자동차,ELECTRIFIED GV70 AWD 20인치,245,252,497,49,15
경북,일반승용,현대자동차,GV60 스탠다드 2WD 19인치,285,293,578,57,17
경북,일반승용,현대자동차,GV60 스탠다드 AWD 19인치,272,280,552,54,16
경북,일반승용,현대자동차,GV60 스탠다드 AWD 20인치,261,268,529,52,16
경북,일반승용,현대자동차,더 뉴 아이오닉5 2WD 롱레인지 19인치,564,580,"1,144",100,30
경북,일반승용,현대자동차,더 뉴 아이오닉5 2WD 롱레인지 19인치 빌트인 캠 미적용,567,584,"1,151",100,30
경북,일반승용,현대자동차,더 뉴 아이오닉5 2WD 롱레인지 20인치,559,575,"1,134",100,30
경북,일반승용,현대자동차,더 뉴 아이오닉5 2WD 롱레인지 N라인 20인치,541,557,"1,098",100,30
경북,일반승용,현대자동차,더 뉴 아이오닉5 2WD 스탠다드 19인치,483,497,980,97,29
경북,일반승용,현대자동차,더 뉴 아이오닉5 AWD 롱레인지 19인치,558,574,"1,132",100,30
경북,일반승용,현대자동차,더 뉴 아이오닉5 AWD 롱레인지 20인치,532,547,"1,079",100,30
경북,일반승용,현대자동차,더 뉴 아이오닉5 AWD 롱레인지 N라인 20인치,510,525,"1,035",100,30
경북,일반승용,현대자동차,더 뉴 아이오닉6 2WD 롱레인지 18인치,570,587,"1,157",100,30
경북,일반승용,현대자동차,더 뉴 아이오닉6 2WD 롱레인지 20인치,570,587,"1,157",100,30
경북,일반승용,현대자동차,더 뉴 아이오닉6 2WD 롱레인지 N라인 20인치,570,587,"1,157",100,30
경북,일반승용,현대자동차,더 뉴 아이오닉6 2WD 스탠다드 18인치,560,576,"1,136",100,30
경북,일반승용,현대자동차,더 뉴 아이오닉6 AWD 롱레인지 18인치,570,587,"1,157",100,30
경북,일반승용,현대자동차,더 뉴 아이오닉6 AWD 롱레인지 20인치,553,569,"1,122",100,30
경북,일반승용,현대자동차,더 뉴 아이오닉6 AWD 롱레인지 N라인 20인치,537,553,"1,090",100,30
경북,일반승용,현대자동차,스타리아 라운지 일렉트릭 7인승,229,235,464,46,14
경북,일반승용,현대자동차,스타리아 리무진 일렉트릭 6인승,229,235,464,46,14
경북,일반승용,현대자동차,아이오닉6 N,250,257,507,50,15
경북,일반승용,현대자동차,아이오닉9 성능형 AWD,272,280,552,54,16
경북,일반승용,현대자동차,아이오닉9 항속형 2WD,274,282,556,55,17
경북,일반승용,현대자동차,아이오닉9 항속형 AWD,271,279,550,54,16
경북,경·소형,현대자동차,캐스퍼 일렉트릭 기본형 15인치,490,553,"1,043",98,29
경북,경·소형,현대자동차,캐스퍼 일렉트릭 크로스 17인치,487,550,"1,037",97,29
경북,경·소형,현대자동차,캐스퍼 일렉트릭 항속형 15인치,490,553,"1,043",98,29
경북,경·소형,현대자동차,캐스퍼 일렉트릭 항속형 17인치(라운지포함),490,553,"1,043",98,29
경북,일반승용,현대자동차,코나 일렉트릭 2WD 롱레인지 17인치,514,529,"1,043",100,30
경북,일반승용,현대자동차,코나 일렉트릭 2WD 롱레인지 17인치 빌트인 캠 미적용,514,529,"1,043",100,30
경북,일반승용,현대자동차,코나 일렉트릭 2WD 롱레인지 19인치,459,472,931,92,28
경북,일반승용,현대자동차,코나 일렉트릭 2WD 스탠다드 17인치,437,450,887,87,26
경북,일반승용,BMW,MINI Aceman E,400,412,812,80,24
경북,일반승용,BMW,MINI Aceman SE,400,412,812,80,24
경북,일반승용,BMW,MINI Cooper SE,396,407,803,79,24
경북,일반승용,BMW,MINI Countryman E,217,223,440,43,13
경북,일반승용,BMW,MINI Countryman SE ALL4,203,209,412,41,12
경북,일반승용,BMW,MINI JCW Aceman E,197,202,399,39,12
경북,일반승용,BMW,MINI JCW E,191,196,387,38,11
경북,일반승용,BMW,i4 M60 LCI (71HD),233,239,472,47,14
경북,일반승용,BMW,i4 eDrive 40 LCI(21HD),244,251,495,49,15
경북,일반승용,BMW,i4 eDrive 40 LCI(61HD),256,263,519,51,15
경북,일반승용,BMW,i5 eDrive 40,262,269,531,52,16
경북,일반승용,BMW,iX1 eDrive20,212,218,430,42,13
경북,일반승용,BMW,iX1 xDrive30,192,197,389,38,11
경북,일반승용,BMW,iX2 eDrive20,214,220,434,43,13
경북,일반승용,BMW,iX3 50 xDrive,275,283,558,55,17
경북,일반승용,기아,EV3 GT,248,255,503,50,15
경북,일반승용,기아,EV3 롱레인지 2WD 17인치,555,571,"1,126",100,30
경북,일반승용,기아,EV3 롱레인지 2WD 19인치,555,571,"1,126",100,30
경북,일반승용,기아,EV3 롱레인지 4WD 19인치,539,555,"1,094",100,30
경북,일반승용,기아,EV3 스탠다드 2WD,469,483,952,94,28
경북,일반승용,기아,EV4 GT,255,262,517,51,15
경북,일반승용,기아,EV4 롱레인지 2WD 17인치,555,571,"1,126",100,30
경북,일반승용,기아,EV4 롱레인지 2WD 19인치,555,571,"1,126",100,30
경북,일반승용,기아,EV4 롱레인지 4WD 19인치,554,570,"1,124",100,30
경북,일반승용,기아,EV4 롱레인지 GTL 2WD 19인치,555,571,"1,126",100,30
경북,일반승용,기아,EV4 스탠다드 2WD 17인치,512,527,"1,039",100,30
경북,일반승용,기아,EV4 스탠다드 2WD 19인치,481,495,976,96,29
경북,일반승용,기아,EV5 GT,232,238,470,46,14
경북,일반승용,기아,EV5 롱레인지 2WD,552,568,"1,120",100,30
경북,일반승용,기아,EV5 롱레인지 4WD 18인치,499,513,"1,012",100,30
경북,일반승용,기아,EV5 롱레인지 4WD 19인치,493,507,"1,000",99,30
경북,일반승용,기아,EV9 GT,245,252,497,49,15
경북,일반승용,기아,EV9 롱레인지 2WD 19인치,270,278,548,54,16
경북,일반승용,기아,EV9 롱레인지 2WD 20인치,268,276,544,54,16
경북,일반승용,기아,EV9 롱레인지 4WD 19인치,254,261,515,51,15
경북,일반승용,기아,EV9 롱레인지 4WD 21인치,260,267,527,52,16
경북,일반승용,기아,EV9 롱레인지 GTL 4WD 21인치,252,259,511,50,15
경북,일반승용,기아,EV9 스탠다드,237,244,481,47,14
경북,일반승용,기아,PV5 패신저 5인승 롱레인지,458,471,929,92,28
경북,일반승용,기아,Pv5 WAV(비용 미지원),648,667,"1,315",100,30
경북,일반승용,기아,Pv5 WAV(비용 지원),448,461,909,90,27
경북,일반승용,기아,(단종)The all-new Kia Niro EV,489,503,992,98,29
경북,일반승용,기아,더뉴EV6 롱레인지 2WD 19인치,570,587,"1,157",100,30
경북,일반승용,기아,더뉴EV6 롱레인지 2WD 20인치,559,575,"1,134",100,30
경북,일반승용,기아,더뉴EV6 롱레인지 4WD 19인치,561,577,"1,138",100,30
경북,일반승용,기아,더뉴EV6 롱레인지 4WD 20인치,532,547,"1,079",100,30
경북,일반승용,기아,더뉴EV6 스탠다드,501,516,"1,017",100,30
경북,경·소형,기아,레이 EV 2WD 14인치 1인승 밴,457,516,973,91,27
경북,경·소형,기아,레이 EV 2WD 14인치 2인승 밴,457,516,973,91,27
경북,경·소형,기아,레이 EV 2WD 14인치 4인승 승용,457,516,973,91,27
경북,일반승용,메르세데스벤츠코리아,EQA 250(Facelift),190,195,385,38,11
경북,일반승용,메르세데스벤츠코리아,EQB 300 4MATIC(Facelift),154,158,312,31,9
경북,일반승용,메르세데스벤츠코리아,EQB 300 4MATIC(Facelift)(CY25/2),162,166,328,32,10
경북,일반승용,볼보자동차코리아,볼보 EX30 Single Motor ER,247,254,501,49,15
경북,일반승용,볼보자동차코리아,볼보 EX30CC Twin Motor Perf,222,228,450,44,13
경북,일반승용,비와이디코리아,(단종)BYD ATTO 3,126,129,255,25,8
경북,일반승용,비와이디코리아,(단종)BYD DOLPHIN,109,112,221,22,7
경북,일반승용,비와이디코리아,(단종)BYD DOLPHIN Active,132,135,267,26,8
경북,일반승용,비와이디코리아,(단종)BYD SEAL,169,174,343,34,10
경북,일반승용,비와이디코리아,(단종)BYD SEAL Dynamic AWD,151,155,306,30,9
경북,일반승용,비와이디코리아,(단종)BYD SEALION 7,152,156,308,30,9
경북,일반승용,케이지모빌리티,토레스 EVX 18인치,354,364,718,71,21
경북,일반승용,케이지모빌리티,토레스 EVX 18인치(2026),361,371,732,72,22
경북,일반승용,케이지모빌리티,토레스 EVX 20인치,344,354,698,69,21
경북,일반승용,케이지모빌리티,토레스 EVX 20인치(2026),354,364,718,71,21
경북,일반승용,케이지모빌리티,(단종)토레스 EVX 2WD 18인치,327,336,663,65,20
경북,일반승용,케이지모빌리티,(단종)토레스 EVX 2WD 20인치,312,321,633,62,19
경북,일반승용,테슬라코리아,Model 3 Performance,200,206,406,40,12
경북,일반승용,테슬라코리아,Model 3 Premium Long Range RWD,420,432,852,84,25
경북,일반승용,테슬라코리아,Model 3 Premium Long Range RWD(5999만원),210,216,426,42,13
경북,일반승용,테슬라코리아,Model 3 RWD,168,173,341,34,10
경북,일반승용,테슬라코리아,Model 3 RWD(2025),168,173,341,34,10
경북,일반승용,테슬라코리아,Model Y L AWD,215,221,436,43,13
경북,일반승용,테슬라코리아,Model Y Long Range(2025),210,216,426,42,13
경북,일반승용,테슬라코리아,Model Y Premium Long Range,210,216,426,42,13
경북,일반승용,테슬라코리아,Model Y Premium RWD,170,175,345,34,10
경북,일반승용,테슬라코리아,Model Y RWD(2025),170,175,345,34,10
경북,일반승용,폭스바겐그룹코리아,ID.4 Pro,432,444,876,86,26
경북,일반승용,폭스바겐그룹코리아,Q4 45 e-tron,206,212,418,41,12
경북,일반승용,폭스바겐그룹코리아,Q4 Sportback 45 e-tron,206,212,418,41,12
경북,일반승용,폭스바겐그룹코리아,(단종)Q6 e-tron performance,220,226,446,44,13
경북,일반승용,폭스바겐그룹코리아,iD.5 Pro,473,487,960,95,29
경북,일반승용,현대자동차,ELECTRIFIED G80,270,278,548,54,16
경북,일반승용,현대자동차,ELECTRIFIED GV70 AWD 19인치,261,268,529,52,16
경북,일반승용,현대자동차,ELECTRIFIED GV70 AWD 20인치,245,252,497,49,15
경북,일반승용,현대자동차,GV60 스탠다드 2WD 19인치,285,293,578,57,17
경북,일반승용,현대자동차,GV60 스탠다드 AWD 19인치,272,280,552,54,16
경북,일반승용,현대자동차,GV60 스탠다드 AWD 20인치,261,268,529,52,16
경북,일반승용,현대자동차,더 뉴 아이오닉5 2WD 롱레인지 19인치,564,580,"1,144",100,30
경북,일반승용,현대자동차,더 뉴 아이오닉5 2WD 롱레인지 19인치 빌트인 캠 미적용,567,584,"1,151",100,30
경북,일반승용,현대자동차,더 뉴 아이오닉5 2WD 롱레인지 20인치,559,575,"1,134",100,30
경북,일반승용,현대자동차,더 뉴 아이오닉5 2WD 롱레인지 N라인 20인치,541,557,"1,098",100,30
경북,일반승용,현대자동차,더 뉴 아이오닉5 2WD 스탠다드 19인치,483,497,980,97,29
경북,일반승용,현대자동차,더 뉴 아이오닉5 AWD 롱레인지 19인치,558,574,"1,132",100,30
경북,일반승용,현대자동차,더 뉴 아이오닉5 AWD 롱레인지 20인치,532,547,"1,079",100,30
경북,일반승용,현대자동차,더 뉴 아이오닉5 AWD 롱레인지 N라인 20인치,510,525,"1,035",100,30
경북,일반승용,현대자동차,더 뉴 아이오닉6 2WD 롱레인지 18인치,570,587,"1,157",100,30
경북,일반승용,현대자동차,더 뉴 아이오닉6 2WD 롱레인지 20인치,570,587,"1,157",100,30
경북,일반승용,현대자동차,더 뉴 아이오닉6 2WD 롱레인지 N라인 20인치,570,587,"1,157",100,30
경북,일반승용,현대자동차,더 뉴 아이오닉6 2WD 스탠다드 18인치,560,576,"1,136",100,30
경북,일반승용,현대자동차,더 뉴 아이오닉6 AWD 롱레인지 18인치,570,587,"1,157",100,30
경북,일반승용,현대자동차,더 뉴 아이오닉6 AWD 롱레인지 20인치,553,569,"1,122",100,30
경북,일반승용,현대자동차,더 뉴 아이오닉6 AWD 롱레인지 N라인 20인치,537,553,"1,090",100,30
경북,일반승용,현대자동차,스타리아 라운지 일렉트릭 7인승,229,235,464,46,14
경북,일반승용,현대자동차,스타리아 리무진 일렉트릭 6인승,229,235,464,46,14
경북,일반승용,현대자동차,아이오닉6 N,250,257,507,50,15
경북,일반승용,현대자동차,아이오닉9 성능형 AWD,272,280,552,54,16
경북,일반승용,현대자동차,아이오닉9 항속형 2WD,274,282,556,55,17
경북,일반승용,현대자동차,아이오닉9 항속형 AWD,271,279,550,54,16
경북,경·소형,현대자동차,캐스퍼 일렉트릭 기본형 15인치,490,553,"1,043",98,29
경북,경·소형,현대자동차,캐스퍼 일렉트릭 크로스 17인치,487,550,"1,037",97,29
경북,경·소형,현대자동차,캐스퍼 일렉트릭 항속형 15인치,490,553,"1,043",98,29
경북,경·소형,현대자동차,캐스퍼 일렉트릭 항속형 17인치(라운지포함),490,553,"1,043",98,29
경북,일반승용,현대자동차,코나 일렉트릭 2WD 롱레인지 17인치,514,529,"1,043",100,30
경북,일반승용,현대자동차,코나 일렉트릭 2WD 롱레인지 17인치 빌트인 캠 미적용,514,529,"1,043",100,30
경북,일반승용,현대자동차,코나 일렉트릭 2WD 롱레인지 19인치,459,472,931,92,28
경북,일반승용,현대자동차,코나 일렉트릭 2WD 스탠다드 17인치,437,450,887,87,26
경북,일반승용,BMW,MINI Aceman E,400,412,812,80,24
경북,일반승용,BMW,MINI Aceman SE,400,412,812,80,24
경북,일반승용,BMW,MINI Cooper SE,396,407,803,79,24
경북,일반승용,BMW,MINI Countryman E,217,223,440,43,13
경북,일반승용,BMW,MINI Countryman SE ALL4,203,209,412,41,12
경북,일반승용,BMW,MINI JCW Aceman E,197,202,399,39,12
경북,일반승용,BMW,MINI JCW E,191,196,387,38,11
경북,일반승용,BMW,i4 M60 LCI (71HD),233,239,472,47,14
경북,일반승용,BMW,i4 eDrive 40 LCI(21HD),244,251,495,49,15
경북,일반승용,BMW,i4 eDrive 40 LCI(61HD),256,263,519,51,15
경북,일반승용,BMW,i5 eDrive 40,262,269,531,52,16
경북,일반승용,BMW,iX1 eDrive20,212,218,430,42,13
경북,일반승용,BMW,iX1 xDrive30,192,197,389,38,11
경북,일반승용,BMW,iX2 eDrive20,214,220,434,43,13
경북,일반승용,BMW,iX3 50 xDrive,275,283,558,55,17
경북,일반승용,기아,EV3 GT,248,255,503,50,15
경북,일반승용,기아,EV3 롱레인지 2WD 17인치,555,571,"1,126",100,30
경북,일반승용,기아,EV3 롱레인지 2WD 19인치,555,571,"1,126",100,30
경북,일반승용,기아,EV3 롱레인지 4WD 19인치,539,555,"1,094",100,30
경북,일반승용,기아,EV3 스탠다드 2WD,469,483,952,94,28
경북,일반승용,기아,EV4 GT,255,262,517,51,15
경북,일반승용,기아,EV4 롱레인지 2WD 17인치,555,571,"1,126",100,30
경북,일반승용,기아,EV4 롱레인지 2WD 19인치,555,571,"1,126",100,30
경북,일반승용,기아,EV4 롱레인지 4WD 19인치,554,570,"1,124",100,30
경북,일반승용,기아,EV4 롱레인지 GTL 2WD 19인치,555,571,"1,126",100,30
경북,일반승용,기아,EV4 스탠다드 2WD 17인치,512,527,"1,039",100,30
경북,일반승용,기아,EV4 스탠다드 2WD 19인치,481,495,976,96,29
경북,일반승용,기아,EV5 GT,232,238,470,46,14
경북,일반승용,기아,EV5 롱레인지 2WD,552,568,"1,120",100,30
경북,일반승용,기아,EV5 롱레인지 4WD 18인치,499,513,"1,012",100,30
경북,일반승용,기아,EV5 롱레인지 4WD 19인치,493,507,"1,000",99,30
경북,일반승용,기아,EV9 GT,245,252,497,49,15
경북,일반승용,기아,EV9 롱레인지 2WD 19인치,270,278,548,54,16
경북,일반승용,기아,EV9 롱레인지 2WD 20인치,268,276,544,54,16
경북,일반승용,기아,EV9 롱레인지 4WD 19인치,254,261,515,51,15
경북,일반승용,기아,EV9 롱레인지 4WD 21인치,260,267,527,52,16
경북,일반승용,기아,EV9 롱레인지 GTL 4WD 21인치,252,259,511,50,15
경북,일반승용,기아,EV9 스탠다드,237,244,481,47,14
경북,일반승용,기아,PV5 패신저 5인승 롱레인지,458,471,929,92,28
경북,일반승용,기아,Pv5 WAV(비용 미지원),648,667,"1,315",100,30
경북,일반승용,기아,Pv5 WAV(비용 지원),448,461,909,90,27
경북,일반승용,기아,(단종)The all-new Kia Niro EV,489,503,992,98,29
경북,일반승용,기아,더뉴EV6 롱레인지 2WD 19인치,570,587,"1,157",100,30
경북,일반승용,기아,더뉴EV6 롱레인지 2WD 20인치,559,575,"1,134",100,30
경북,일반승용,기아,더뉴EV6 롱레인지 4WD 19인치,561,577,"1,138",100,30
경북,일반승용,기아,더뉴EV6 롱레인지 4WD 20인치,532,547,"1,079",100,30
경북,일반승용,기아,더뉴EV6 스탠다드,501,516,"1,017",100,30
경북,경·소형,기아,레이 EV 2WD 14인치 1인승 밴,457,516,973,91,27
경북,경·소형,기아,레이 EV 2WD 14인치 2인승 밴,457,516,973,91,27
경북,경·소형,기아,레이 EV 2WD 14인치 4인승 승용,457,516,973,91,27
경북,일반승용,메르세데스벤츠코리아,EQA 250(Facelift),190,195,385,38,11
경북,일반승용,메르세데스벤츠코리아,EQB 300 4MATIC(Facelift),154,158,312,31,9
경북,일반승용,메르세데스벤츠코리아,EQB 300 4MATIC(Facelift)(CY25/2),162,166,328,32,10
경북,일반승용,볼보자동차코리아,볼보 EX30 Single Motor ER,247,254,501,49,15
경북,일반승용,볼보자동차코리아,볼보 EX30CC Twin Motor Perf,222,228,450,44,13
경북,일반승용,비와이디코리아,(단종)BYD ATTO 3,126,129,255,25,8
경북,일반승용,비와이디코리아,(단종)BYD DOLPHIN,109,112,221,22,7
경북,일반승용,비와이디코리아,(단종)BYD DOLPHIN Active,132,135,267,26,8
경북,일반승용,비와이디코리아,(단종)BYD SEAL,169,174,343,34,10
경북,일반승용,비와이디코리아,(단종)BYD SEAL Dynamic AWD,151,155,306,30,9
경북,일반승용,비와이디코리아,(단종)BYD SEALION 7,152,156,308,30,9
경북,일반승용,케이지모빌리티,토레스 EVX 18인치,354,364,718,71,21
경북,일반승용,케이지모빌리티,토레스 EVX 18인치(2026),361,371,732,72,22
경북,일반승용,케이지모빌리티,토레스 EVX 20인치,344,354,698,69,21
경북,일반승용,케이지모빌리티,토레스 EVX 20인치(2026),354,364,718,71,21
경북,일반승용,케이지모빌리티,(단종)토레스 EVX 2WD 18인치,327,336,663,65,20
경북,일반승용,케이지모빌리티,(단종)토레스 EVX 2WD 20인치,312,321,633,62,19
경북,일반승용,테슬라코리아,Model 3 Performance,200,206,406,40,12
경북,일반승용,테슬라코리아,Model 3 Premium Long Range RWD,420,432,852,84,25
경북,일반승용,테슬라코리아,Model 3 Premium Long Range RWD(5999만원),210,216,426,42,13
경북,일반승용,테슬라코리아,Model 3 RWD,168,173,341,34,10
경북,일반승용,테슬라코리아,Model 3 RWD(2025),168,173,341,34,10
경북,일반승용,테슬라코리아,Model Y L AWD,215,221,436,43,13
경북,일반승용,테슬라코리아,Model Y Long Range(2025),210,216,426,42,13
경북,일반승용,테슬라코리아,Model Y Premium Long Range,210,216,426,42,13
경북,일반승용,테슬라코리아,Model Y Premium RWD,170,175,345,34,10
경북,일반승용,테슬라코리아,Model Y RWD(2025),170,175,345,34,10
경북,일반승용,폭스바겐그룹코리아,ID.4 Pro,432,444,876,86,26
경북,일반승용,폭스바겐그룹코리아,Q4 45 e-tron,206,212,418,41,12
경북,일반승용,폭스바겐그룹코리아,Q4 Sportback 45 e-tron,206,212,418,41,12
경북,일반승용,폭스바겐그룹코리아,(단종)Q6 e-tron performance,220,226,446,44,13
경북,일반승용,폭스바겐그룹코리아,iD.5 Pro,473,487,960,95,29
경북,일반승용,현대자동차,ELECTRIFIED G80,270,278,548,54,16
경북,일반승용,현대자동차,ELECTRIFIED GV70 AWD 19인치,261,268,529,52,16
경북,일반승용,현대자동차,ELECTRIFIED GV70 AWD 20인치,245,252,497,49,15
경북,일반승용,현대자동차,GV60 스탠다드 2WD 19인치,285,293,578,57,17
경북,일반승용,현대자동차,GV60 스탠다드 AWD 19인치,272,280,552,54,16
경북,일반승용,현대자동차,GV60 스탠다드 AWD 20인치,261,268,529,52,16
경북,일반승용,현대자동차,더 뉴 아이오닉5 2WD 롱레인지 19인치,564,580,"1,144",100,30
경북,일반승용,현대자동차,더 뉴 아이오닉5 2WD 롱레인지 19인치 빌트인 캠 미적용,567,584,"1,151",100,30
경북,일반승용,현대자동차,더 뉴 아이오닉5 2WD 롱레인지 20인치,559,575,"1,134",100,30
경북,일반승용,현대자동차,더 뉴 아이오닉5 2WD 롱레인지 N라인 20인치,541,557,"1,098",100,30
경북,일반승용,현대자동차,더 뉴 아이오닉5 2WD 스탠다드 19인치,483,497,980,97,29
경북,일반승용,현대자동차,더 뉴 아이오닉5 AWD 롱레인지 19인치,558,574,"1,132",100,30
경북,일반승용,현대자동차,더 뉴 아이오닉5 AWD 롱레인지 20인치,532,547,"1,079",100,30
경북,일반승용,현대자동차,더 뉴 아이오닉5 AWD 롱레인지 N라인 20인치,510,525,"1,035",100,30
경북,일반승용,현대자동차,더 뉴 아이오닉6 2WD 롱레인지 18인치,570,587,"1,157",100,30
경북,일반승용,현대자동차,더 뉴 아이오닉6 2WD 롱레인지 20인치,570,587,"1,157",100,30
경북,일반승용,현대자동차,더 뉴 아이오닉6 2WD 롱레인지 N라인 20인치,570,587,"1,157",100,30
경북,일반승용,현대자동차,더 뉴 아이오닉6 2WD 스탠다드 18인치,560,576,"1,136",100,30
경북,일반승용,현대자동차,더 뉴 아이오닉6 AWD 롱레인지 18인치,570,587,"1,157",100,30
경북,일반승용,현대자동차,더 뉴 아이오닉6 AWD 롱레인지 20인치,553,569,"1,122",100,30
경북,일반승용,현대자동차,더 뉴 아이오닉6 AWD 롱레인지 N라인 20인치,537,553,"1,090",100,30
경북,일반승용,현대자동차,스타리아 라운지 일렉트릭 7인승,229,235,464,46,14
경북,일반승용,현대자동차,스타리아 리무진 일렉트릭 6인승,229,235,464,46,14
경북,일반승용,현대자동차,아이오닉6 N,250,257,507,50,15
경북,일반승용,현대자동차,아이오닉9 성능형 AWD,272,280,552,54,16
경북,일반승용,현대자동차,아이오닉9 항속형 2WD,274,282,556,55,17
경북,일반승용,현대자동차,아이오닉9 항속형 AWD,271,279,550,54,16
경북,경·소형,현대자동차,캐스퍼 일렉트릭 기본형 15인치,490,553,"1,043",98,29
경북,경·소형,현대자동차,캐스퍼 일렉트릭 크로스 17인치,487,550,"1,037",97,29
경북,경·소형,현대자동차,캐스퍼 일렉트릭 항속형 15인치,490,553,"1,043",98,29
경북,경·소형,현대자동차,캐스퍼 일렉트릭 항속형 17인치(라운지포함),490,553,"1,043",98,29
경북,일반승용,현대자동차,코나 일렉트릭 2WD 롱레인지 17인치,514,529,"1,043",100,30
경북,일반승용,현대자동차,코나 일렉트릭 2WD 롱레인지 17인치 빌트인 캠 미적용,514,529,"1,043",100,30
경북,일반승용,현대자동차,코나 일렉트릭 2WD 롱레인지 19인치,459,472,931,92,28
경북,일반승용,현대자동차,코나 일렉트릭 2WD 스탠다드 17인치,437,450,887,87,26
경북,일반승용,BMW,MINI Aceman E,400,412,812,80,24
경북,일반승용,BMW,MINI Aceman SE,400,412,812,80,24
경북,일반승용,BMW,MINI Cooper SE,396,407,803,79,24
경북,일반승용,BMW,MINI Countryman E,217,223,440,43,13
경북,일반승용,BMW,MINI Countryman SE ALL4,203,209,412,41,12
경북,일반승용,BMW,MINI JCW Aceman E,197,202,399,39,12
경북,일반승용,BMW,MINI JCW E,191,196,387,38,11
경북,일반승용,BMW,i4 M60 LCI (71HD),233,239,472,47,14
경북,일반승용,BMW,i4 eDrive 40 LCI(21HD),244,251,495,49,15
경북,일반승용,BMW,i4 eDrive 40 LCI(61HD),256,263,519,51,15
경북,일반승용,BMW,i5 eDrive 40,262,269,531,52,16
경북,일반승용,BMW,iX1 eDrive20,212,218,430,42,13
경북,일반승용,BMW,iX1 eDrive20(11HM),235,242,477,47,14
경북,일반승용,BMW,iX1 xDrive30,192,197,389,38,11
경북,일반승용,BMW,iX2 eDrive20,214,220,434,43,13
경북,일반승용,BMW,iX2 eDrive20(71GN),239,246,485,48,14
경북,일반승용,BMW,iX3 50 xDrive,275,283,558,55,17
경북,일반승용,기아,EV3 GT,248,255,503,50,15
경북,일반승용,기아,EV3 롱레인지 2WD 17인치,555,571,"1,126",100,30
경북,일반승용,기아,EV3 롱레인지 2WD 19인치,555,571,"1,126",100,30
경북,일반승용,기아,EV3 롱레인지 4WD 19인치,539,555,"1,094",100,30
경북,일반승용,기아,EV3 스탠다드 2WD,469,483,952,94,28
경북,일반승용,기아,EV4 GT,255,262,517,51,15
경북,일반승용,기아,EV4 롱레인지 2WD 17인치,555,571,"1,126",100,30
경북,일반승용,기아,EV4 롱레인지 2WD 19인치,555,571,"1,126",100,30
경북,일반승용,기아,EV4 롱레인지 4WD 19인치,554,570,"1,124",100,30
경북,일반승용,기아,EV4 롱레인지 GTL 2WD 19인치,555,571,"1,126",100,30
경북,일반승용,기아,EV4 스탠다드 2WD 17인치,512,527,"1,039",100,30
경북,일반승용,기아,EV4 스탠다드 2WD 19인치,481,495,976,96,29
경북,일반승용,기아,EV5 GT,232,238,470,46,14
경북,일반승용,기아,EV5 롱레인지 2WD,552,568,"1,120",100,30
경북,일반승용,기아,EV5 롱레인지 4WD 18인치,499,513,"1,012",100,30
경북,일반승용,기아,EV5 롱레인지 4WD 19인치,493,507,"1,000",99,30
경북,일반승용,기아,EV9 GT,245,252,497,49,15
경북,일반승용,기아,EV9 롱레인지 2WD 19인치,270,278,548,54,16
경북,일반승용,기아,EV9 롱레인지 2WD 20인치,268,276,544,54,16
경북,일반승용,기아,EV9 롱레인지 4WD 19인치,254,261,515,51,15
경북,일반승용,기아,EV9 롱레인지 4WD 21인치,260,267,527,52,16
경북,일반승용,기아,EV9 롱레인지 GTL 4WD 21인치,252,259,511,50,15
경북,일반승용,기아,EV9 스탠다드,237,244,481,47,14
경북,일반승용,기아,PV5 패신저 5인승 롱레인지,458,471,929,92,28
경북,일반승용,기아,Pv5 WAV(비용 미지원),648,667,"1,315",100,30
경북,일반승용,기아,Pv5 WAV(비용 지원),448,461,909,90,27
경북,일반승용,기아,(단종)The all-new Kia Niro EV,489,503,992,98,29
경북,일반승용,기아,더뉴EV6 롱레인지 2WD 19인치,570,587,"1,157",100,30
경북,일반승용,기아,더뉴EV6 롱레인지 2WD 20인치,559,575,"1,134",100,30
경북,일반승용,기아,더뉴EV6 롱레인지 4WD 19인치,561,577,"1,138",100,30
경북,일반승용,기아,더뉴EV6 롱레인지 4WD 20인치,532,547,"1,079",100,30
경북,일반승용,기아,더뉴EV6 스탠다드,501,516,"1,017",100,30
경북,경·소형,기아,레이 EV 2WD 14인치 1인승 밴,457,516,973,91,27
경북,경·소형,기아,레이 EV 2WD 14인치 2인승 밴,457,516,973,91,27
경북,경·소형,기아,레이 EV 2WD 14인치 4인승 승용,457,516,973,91,27
경북,일반승용,메르세데스벤츠코리아,EQA 250(Facelift),190,195,385,38,11
경북,일반승용,메르세데스벤츠코리아,EQB 300 4MATIC(Facelift),154,158,312,31,9
경북,일반승용,메르세데스벤츠코리아,EQB 300 4MATIC(Facelift)(CY25/2),162,166,328,32,10
경북,일반승용,볼보자동차코리아,볼보 EX30 Single Motor ER,247,254,501,49,15
경북,일반승용,볼보자동차코리아,볼보 EX30CC Twin Motor Perf,222,228,450,44,13
경북,일반승용,비와이디코리아,(단종)BYD ATTO 3,126,129,255,25,8
경북,일반승용,비와이디코리아,(단종)BYD DOLPHIN,109,112,221,22,7
경북,일반승용,비와이디코리아,(단종)BYD DOLPHIN Active,132,135,267,26,8
경북,일반승용,비와이디코리아,(단종)BYD SEAL,169,174,343,34,10
경북,일반승용,비와이디코리아,(단종)BYD SEAL Dynamic AWD,151,155,306,30,9
경북,일반승용,비와이디코리아,(단종)BYD SEALION 7,152,156,308,30,9
경북,일반승용,케이지모빌리티,토레스 EVX 18인치,354,364,718,71,21
경북,일반승용,케이지모빌리티,토레스 EVX 18인치(2026),361,371,732,72,22
경북,일반승용,케이지모빌리티,토레스 EVX 20인치,344,354,698,69,21
경북,일반승용,케이지모빌리티,토레스 EVX 20인치(2026),354,364,718,71,21
경북,일반승용,케이지모빌리티,(단종)토레스 EVX 2WD 18인치,327,336,663,65,20
경북,일반승용,케이지모빌리티,(단종)토레스 EVX 2WD 20인치,312,321,633,62,19
경북,일반승용,테슬라코리아,Model 3 Performance,200,206,406,40,12
경북,일반승용,테슬라코리아,Model 3 Premium Long Range RWD,420,432,852,84,25
경북,일반승용,테슬라코리아,Model 3 Premium Long Range RWD(5999만원),210,216,426,42,13
경북,일반승용,테슬라코리아,Model 3 RWD,168,173,341,34,10
경북,일반승용,테슬라코리아,Model 3 RWD(2025),168,173,341,34,10
경북,일반승용,테슬라코리아,Model Y L AWD,215,216,431,43,13
경북,일반승용,테슬라코리아,Model Y Long Range(2025),210,216,426,42,13
경북,일반승용,테슬라코리아,Model Y Premium Long Range,210,216,426,42,13
경북,일반승용,테슬라코리아,Model Y Premium RWD,170,175,345,34,10
경북,일반승용,테슬라코리아,Model Y RWD(2025),170,175,345,34,10
경북,일반승용,폭스바겐그룹코리아,ID.4 Pro,432,444,876,86,26
경북,일반승용,폭스바겐그룹코리아,Q4 45 e-tron,206,212,418,41,12
경북,일반승용,폭스바겐그룹코리아,Q4 Sportback 45 e-tron,206,212,418,41,12
경북,일반승용,폭스바겐그룹코리아,(단종)Q6 e-tron performance,220,226,446,44,13
경북,일반승용,폭스바겐그룹코리아,iD.5 Pro,473,487,960,95,29
경북,일반승용,폴스타오토모티브코리아,Polestar 4 Coupe Dual Motor,168,173,341,34,10
경북,일반승용,폴스타오토모티브코리아,Polestar 4 Coupe Rear Motor,181,186,367,36,11
경북,일반승용,현대자동차,ELECTRIFIED G80,270,278,548,54,16
경북,일반승용,현대자동차,ELECTRIFIED GV70 AWD 19인치,261,268,529,52,16
경북,일반승용,현대자동차,ELECTRIFIED GV70 AWD 20인치,245,252,497,49,15
경북,일반승용,현대자동차,GV60 스탠다드 2WD 19인치,285,293,578,57,17
경북,일반승용,현대자동차,GV60 스탠다드 AWD 19인치,272,280,552,54,16
경북,일반승용,현대자동차,GV60 스탠다드 AWD 20인치,261,268,529,52,16
경북,일반승용,현대자동차,더 뉴 아이오닉5 2WD 롱레인지 19인치,564,580,"1,144",100,30
경북,일반승용,현대자동차,더 뉴 아이오닉5 2WD 롱레인지 19인치 빌트인 캠 미적용,567,584,"1,151",100,30
경북,일반승용,현대자동차,더 뉴 아이오닉5 2WD 롱레인지 20인치,559,575,"1,134",100,30
경북,일반승용,현대자동차,더 뉴 아이오닉5 2WD 롱레인지 N라인 20인치,541,557,"1,098",100,30
경북,일반승용,현대자동차,더 뉴 아이오닉5 2WD 스탠다드 19인치,483,497,980,97,29
경북,일반승용,현대자동차,더 뉴 아이오닉5 AWD 롱레인지 19인치,558,574,"1,132",100,30
경북,일반승용,현대자동차,더 뉴 아이오닉5 AWD 롱레인지 20인치,532,547,"1,079",100,30
경북,일반승용,현대자동차,더 뉴 아이오닉5 AWD 롱레인지 N라인 20인치,510,525,"1,035",100,30
경북,일반승용,현대자동차,더 뉴 아이오닉6 2WD 롱레인지 18인치,570,587,"1,157",100,30
경북,일반승용,현대자동차,더 뉴 아이오닉6 2WD 롱레인지 20인치,570,587,"1,157",100,30
경북,일반승용,현대자동차,더 뉴 아이오닉6 2WD 롱레인지 N라인 20인치,570,587,"1,157",100,30
경북,일반승용,현대자동차,더 뉴 아이오닉6 2WD 스탠다드 18인치,560,576,"1,136",100,30
경북,일반승용,현대자동차,더 뉴 아이오닉6 AWD 롱레인지 18인치,570,587,"1,157",100,30
경북,일반승용,현대자동차,더 뉴 아이오닉6 AWD 롱레인지 20인치,553,569,"1,122",100,30
경북,일반승용,현대자동차,더 뉴 아이오닉6 AWD 롱레인지 N라인 20인치,537,553,"1,090",100,30
경북,일반승용,현대자동차,스타리아 라운지 일렉트릭 7인승,229,235,464,46,14
경북,일반승용,현대자동차,스타리아 리무진 일렉트릭 6인승,229,235,464,46,14
경북,일반승용,현대자동차,아이오닉6 N,250,257,507,50,15
경북,일반승용,현대자동차,아이오닉9 성능형 AWD,272,280,552,54,16
경북,일반승용,현대자동차,아이오닉9 항속형 2WD,274,282,556,55,17
경북,일반승용,현대자동차,아이오닉9 항속형 AWD,271,279,550,54,16
경북,경·소형,현대자동차,캐스퍼 일렉트릭 기본형 15인치,490,553,"1,043",98,29
경북,경·소형,현대자동차,캐스퍼 일렉트릭 크로스 17인치,487,550,"1,037",97,29
경북,경·소형,현대자동차,캐스퍼 일렉트릭 항속형 15인치,490,553,"1,043",98,29
경북,경·소형,현대자동차,캐스퍼 일렉트릭 항속형 17인치(라운지포함),490,553,"1,043",98,29
경북,일반승용,현대자동차,코나 일렉트릭 2WD 롱레인지 17인치,514,529,"1,043",100,30
경북,일반승용,현대자동차,코나 일렉트릭 2WD 롱레인지 17인치 빌트인 캠 미적용,514,529,"1,043",100,30
경북,일반승용,현대자동차,코나 일렉트릭 2WD 롱레인지 19인치,459,472,931,92,28
경북,일반승용,현대자동차,코나 일렉트릭 2WD 스탠다드 17인치,437,450,887,87,26
경북,일반승용,BMW,MINI Aceman E,400,412,812,80,24
경북,일반승용,BMW,MINI Aceman SE,400,412,812,80,24
경북,일반승용,BMW,MINI Cooper SE,396,407,803,79,24
경북,일반승용,BMW,MINI Countryman E,217,223,440,43,13
경북,일반승용,BMW,MINI Countryman SE ALL4,203,209,412,41,12
경북,일반승용,BMW,MINI JCW Aceman E,197,202,399,39,12
경북,일반승용,BMW,MINI JCW E,191,196,387,38,11
경북,일반승용,BMW,i4 M60 LCI (71HD),233,239,472,47,14
경북,일반승용,BMW,i4 eDrive 40 LCI(21HD),244,251,495,49,15
경북,일반승용,BMW,i4 eDrive 40 LCI(61HD),256,263,519,51,15
경북,일반승용,BMW,i5 eDrive 40,262,269,531,52,16
경북,일반승용,BMW,iX1 eDrive20,212,218,430,42,13
경북,일반승용,BMW,iX1 xDrive30,192,197,389,38,11
경북,일반승용,BMW,iX2 eDrive20,214,220,434,43,13
경북,일반승용,BMW,iX3 50 xDrive,275,283,558,55,17
경북,일반승용,기아,EV3 GT,248,255,503,50,15
경북,일반승용,기아,EV3 롱레인지 2WD 17인치,555,571,"1,126",100,30
경북,일반승용,기아,EV3 롱레인지 2WD 19인치,555,571,"1,126",100,30
경북,일반승용,기아,EV3 롱레인지 4WD 19인치,539,555,"1,094",100,30
경북,일반승용,기아,EV3 스탠다드 2WD,469,483,952,94,28
경북,일반승용,기아,EV4 GT,255,262,517,51,15
경북,일반승용,기아,EV4 롱레인지 2WD 17인치,555,571,"1,126",100,30
경북,일반승용,기아,EV4 롱레인지 2WD 19인치,555,571,"1,126",100,30
경북,일반승용,기아,EV4 롱레인지 4WD 19인치,554,570,"1,124",100,30
경북,일반승용,기아,EV4 롱레인지 GTL 2WD 19인치,555,571,"1,126",100,30
경북,일반승용,기아,EV4 스탠다드 2WD 17인치,512,527,"1,039",100,30
경북,일반승용,기아,EV4 스탠다드 2WD 19인치,481,495,976,96,29
경북,일반승용,기아,EV5 GT,232,238,470,46,14
경북,일반승용,기아,EV5 롱레인지 2WD,552,568,"1,120",100,30
경북,일반승용,기아,EV5 롱레인지 4WD 18인치,499,513,"1,012",100,30
경북,일반승용,기아,EV5 롱레인지 4WD 19인치,493,507,"1,000",99,30
경북,일반승용,기아,EV9 GT,245,252,497,49,15
경북,일반승용,기아,EV9 롱레인지 2WD 19인치,270,278,548,54,16
경북,일반승용,기아,EV9 롱레인지 2WD 20인치,268,276,544,54,16
경북,일반승용,기아,EV9 롱레인지 4WD 19인치,254,261,515,51,15
경북,일반승용,기아,EV9 롱레인지 4WD 21인치,260,267,527,52,16
경북,일반승용,기아,EV9 롱레인지 GTL 4WD 21인치,252,259,511,50,15
경북,일반승용,기아,EV9 스탠다드,237,244,481,47,14
경북,일반승용,기아,PV5 패신저 5인승 롱레인지,458,471,929,92,28
경북,일반승용,기아,Pv5 WAV(비용 미지원),648,667,"1,315",100,30
경북,일반승용,기아,Pv5 WAV(비용 지원),448,461,909,90,27
경북,일반승용,기아,(단종)The all-new Kia Niro EV,489,503,992,98,29
경북,일반승용,기아,더뉴EV6 롱레인지 2WD 19인치,570,587,"1,157",100,30
경북,일반승용,기아,더뉴EV6 롱레인지 2WD 20인치,559,575,"1,134",100,30
경북,일반승용,기아,더뉴EV6 롱레인지 4WD 19인치,561,577,"1,138",100,30
경북,일반승용,기아,더뉴EV6 롱레인지 4WD 20인치,532,547,"1,079",100,30
경북,일반승용,기아,더뉴EV6 스탠다드,501,516,"1,017",100,30
경북,경·소형,기아,레이 EV 2WD 14인치 1인승 밴,457,516,973,91,27
경북,경·소형,기아,레이 EV 2WD 14인치 2인승 밴,457,516,973,91,27
경북,경·소형,기아,레이 EV 2WD 14인치 4인승 승용,457,516,973,91,27
경북,일반승용,메르세데스벤츠코리아,EQA 250(Facelift),190,195,385,38,11
경북,일반승용,메르세데스벤츠코리아,EQB 300 4MATIC(Facelift),154,158,312,31,9
경북,일반승용,메르세데스벤츠코리아,EQB 300 4MATIC(Facelift)(CY25/2),162,0,162,32,10
경북,일반승용,볼보자동차코리아,볼보 EX30 Single Motor ER,247,0,247,49,15
경북,일반승용,볼보자동차코리아,볼보 EX30CC Twin Motor Perf,222,0,222,44,13
경북,일반승용,비와이디코리아,(단종)BYD ATTO 3,126,129,255,25,8
경북,일반승용,비와이디코리아,(단종)BYD DOLPHIN,109,112,221,22,7
경북,일반승용,비와이디코리아,(단종)BYD DOLPHIN Active,132,135,267,26,8
경북,일반승용,비와이디코리아,(단종)BYD SEAL,169,174,343,34,10
경북,일반승용,비와이디코리아,(단종)BYD SEAL Dynamic AWD,151,155,306,30,9
경북,일반승용,비와이디코리아,(단종)BYD SEALION 7,152,156,308,30,9
경북,일반승용,케이지모빌리티,토레스 EVX 18인치,354,364,718,71,21
경북,일반승용,케이지모빌리티,토레스 EVX 18인치(2026),361,371,732,72,22
경북,일반승용,케이지모빌리티,토레스 EVX 20인치,344,354,698,69,21
경북,일반승용,케이지모빌리티,토레스 EVX 20인치(2026),354,364,718,71,21
경북,일반승용,케이지모빌리티,(단종)토레스 EVX 2WD 18인치,327,336,663,65,20
경북,일반승용,케이지모빌리티,(단종)토레스 EVX 2WD 20인치,312,321,633,62,19
경북,일반승용,테슬라코리아,Model 3 Performance,200,206,406,40,12
경북,일반승용,테슬라코리아,Model 3 Premium Long Range RWD,420,432,852,84,25
경북,일반승용,테슬라코리아,Model 3 Premium Long Range RWD(5999만원),210,432,642,42,13
경북,일반승용,테슬라코리아,Model 3 RWD,168,173,341,34,10
경북,일반승용,테슬라코리아,Model 3 RWD(2025),168,173,341,34,10
경북,일반승용,테슬라코리아,Model Y L AWD,215,216,431,43,13
경북,일반승용,테슬라코리아,Model Y Long Range(2025),210,216,426,42,13
경북,일반승용,테슬라코리아,Model Y Premium Long Range,210,216,426,42,13
경북,일반승용,테슬라코리아,Model Y Premium RWD,170,175,345,34,10
경북,일반승용,테슬라코리아,Model Y RWD(2025),170,175,345,34,10
경북,일반승용,폭스바겐그룹코리아,ID.4 Pro,432,444,876,86,26
경북,일반승용,폭스바겐그룹코리아,Q4 45 e-tron,206,212,418,41,12
경북,일반승용,폭스바겐그룹코리아,Q4 Sportback 45 e-tron,206,212,418,41,12
경북,일반승용,폭스바겐그룹코리아,(단종)Q6 e-tron performance,220,226,446,44,13
경북,일반승용,폭스바겐그룹코리아,iD.5 Pro,473,487,960,95,29
경북,일반승용,현대자동차,ELECTRIFIED G80,270,278,548,54,16
경북,일반승용,현대자동차,ELECTRIFIED GV70 AWD 19인치,261,268,529,52,16
경북,일반승용,현대자동차,ELECTRIFIED GV70 AWD 20인치,245,252,497,49,15
경북,일반승용,현대자동차,GV60 스탠다드 2WD 19인치,285,293,578,57,17
경북,일반승용,현대자동차,GV60 스탠다드 AWD 19인치,272,280,552,54,16
경북,일반승용,현대자동차,GV60 스탠다드 AWD 20인치,261,268,529,52,16
경북,일반승용,현대자동차,더 뉴 아이오닉5 2WD 롱레인지 19인치,564,580,"1,144",100,30
경북,일반승용,현대자동차,더 뉴 아이오닉5 2WD 롱레인지 19인치 빌트인 캠 미적용,567,584,"1,151",100,30
경북,일반승용,현대자동차,더 뉴 아이오닉5 2WD 롱레인지 20인치,559,575,"1,134",100,30
경북,일반승용,현대자동차,더 뉴 아이오닉5 2WD 롱레인지 N라인 20인치,541,557,"1,098",100,30
경북,일반승용,현대자동차,더 뉴 아이오닉5 2WD 스탠다드 19인치,483,497,980,97,29
경북,일반승용,현대자동차,더 뉴 아이오닉5 AWD 롱레인지 19인치,558,574,"1,132",100,30
경북,일반승용,현대자동차,더 뉴 아이오닉5 AWD 롱레인지 20인치,532,547,"1,079",100,30
경북,일반승용,현대자동차,더 뉴 아이오닉5 AWD 롱레인지 N라인 20인치,510,525,"1,035",100,30
경북,일반승용,현대자동차,더 뉴 아이오닉6 2WD 롱레인지 18인치,570,587,"1,157",100,30
경북,일반승용,현대자동차,더 뉴 아이오닉6 2WD 롱레인지 20인치,570,587,"1,157",100,30
경북,일반승용,현대자동차,더 뉴 아이오닉6 2WD 롱레인지 N라인 20인치,570,587,"1,157",100,30
경북,일반승용,현대자동차,더 뉴 아이오닉6 2WD 스탠다드 18인치,560,576,"1,136",100,30
경북,일반승용,현대자동차,더 뉴 아이오닉6 AWD 롱레인지 18인치,570,587,"1,157",100,30
경북,일반승용,현대자동차,더 뉴 아이오닉6 AWD 롱레인지 20인치,553,569,"1,122",100,30
경북,일반승용,현대자동차,더 뉴 아이오닉6 AWD 롱레인지 N라인 20인치,537,553,"1,090",100,30
경북,일반승용,현대자동차,스타리아 라운지 일렉트릭 7인승,229,235,464,46,14
경북,일반승용,현대자동차,스타리아 리무진 일렉트릭 6인승,229,235,464,46,14
경북,일반승용,현대자동차,아이오닉6 N,250,257,507,50,15
경북,일반승용,현대자동차,아이오닉9 성능형 AWD,272,280,552,54,16
경북,일반승용,현대자동차,아이오닉9 항속형 2WD,274,282,556,55,17
경북,일반승용,현대자동차,아이오닉9 항속형 AWD,271,279,550,54,16
경북,경·소형,현대자동차,캐스퍼 일렉트릭 기본형 15인치,490,553,"1,043",98,29
경북,경·소형,현대자동차,캐스퍼 일렉트릭 크로스 17인치,487,550,"1,037",97,29
경북,경·소형,현대자동차,캐스퍼 일렉트릭 항속형 15인치,490,553,"1,043",98,29
경북,경·소형,현대자동차,캐스퍼 일렉트릭 항속형 17인치(라운지포함),490,553,"1,043",98,29
경북,일반승용,현대자동차,코나 일렉트릭 2WD 롱레인지 17인치,514,529,"1,043",100,30
경북,일반승용,현대자동차,코나 일렉트릭 2WD 롱레인지 17인치 빌트인 캠 미적용,514,529,"1,043",100,30
경북,일반승용,현대자동차,코나 일렉트릭 2WD 롱레인지 19인치,459,472,931,92,28
경북,일반승용,현대자동차,코나 일렉트릭 2WD 스탠다드 17인치,437,450,887,87,26
경북,일반승용,BMW,MINI Aceman E,400,412,812,80,24
경북,일반승용,BMW,MINI Aceman SE,400,412,812,80,24
경북,일반승용,BMW,MINI Cooper SE,396,407,803,79,24
경북,일반승용,BMW,MINI Countryman E,217,223,440,43,13
경북,일반승용,BMW,MINI Countryman SE ALL4,203,209,412,41,12
경북,일반승용,BMW,MINI JCW Aceman E,197,202,399,39,12
경북,일반승용,BMW,MINI JCW E,191,196,387,38,11
경북,일반승용,BMW,i4 M60 LCI (71HD),233,239,472,47,14
경북,일반승용,BMW,i4 eDrive 40 LCI(21HD),244,251,495,49,15
경북,일반승용,BMW,i4 eDrive 40 LCI(61HD),256,263,519,51,15
경북,일반승용,BMW,i5 eDrive 40,262,269,531,52,16
경북,일반승용,BMW,iX1 eDrive20,212,218,430,42,13
경북,일반승용,BMW,iX1 xDrive30,192,197,389,38,11
경북,일반승용,BMW,iX2 eDrive20,214,220,434,43,13
경북,일반승용,BMW,iX3 50 xDrive,275,283,558,55,17
경북,일반승용,기아,EV3 GT,248,255,503,50,15
경북,일반승용,기아,EV3 롱레인지 2WD 17인치,555,571,"1,126",100,30
경북,일반승용,기아,EV3 롱레인지 2WD 19인치,555,571,"1,126",100,30
경북,일반승용,기아,EV3 롱레인지 4WD 19인치,539,555,"1,094",100,30
경북,일반승용,기아,EV3 스탠다드 2WD,469,483,952,94,28
경북,일반승용,기아,EV4 GT,255,262,517,51,15
경북,일반승용,기아,EV4 롱레인지 2WD 17인치,555,571,"1,126",100,30
경북,일반승용,기아,EV4 롱레인지 2WD 19인치,555,571,"1,126",100,30
경북,일반승용,기아,EV4 롱레인지 4WD 19인치,554,570,"1,124",100,30
경북,일반승용,기아,EV4 롱레인지 GTL 2WD 19인치,555,571,"1,126",100,30
경북,일반승용,기아,EV4 스탠다드 2WD 17인치,512,527,"1,039",100,30
경북,일반승용,기아,EV4 스탠다드 2WD 19인치,481,495,976,96,29
경북,일반승용,기아,EV5 GT,232,238,470,46,14
경북,일반승용,기아,EV5 롱레인지 2WD,552,568,"1,120",100,30
경북,일반승용,기아,EV5 롱레인지 4WD 18인치,499,513,"1,012",100,30
경북,일반승용,기아,EV5 롱레인지 4WD 19인치,493,507,"1,000",99,30
경북,일반승용,기아,EV9 GT,245,252,497,49,15
경북,일반승용,기아,EV9 롱레인지 2WD 19인치,270,278,548,54,16
경북,일반승용,기아,EV9 롱레인지 2WD 20인치,268,276,544,54,16
경북,일반승용,기아,EV9 롱레인지 4WD 19인치,254,261,515,51,15
경북,일반승용,기아,EV9 롱레인지 4WD 21인치,260,267,527,52,16
경북,일반승용,기아,EV9 롱레인지 GTL 4WD 21인치,252,259,511,50,15
경북,일반승용,기아,EV9 스탠다드,237,244,481,47,14
경북,일반승용,기아,PV5 패신저 5인승 롱레인지,458,471,929,92,28
경북,일반승용,기아,Pv5 WAV(비용 미지원),648,667,"1,315",100,30
경북,일반승용,기아,Pv5 WAV(비용 지원),448,461,909,90,27
경북,일반승용,기아,(단종)The all-new Kia Niro EV,489,0,489,98,29
경북,일반승용,기아,더뉴EV6 롱레인지 2WD 19인치,570,587,"1,157",100,30
경북,일반승용,기아,더뉴EV6 롱레인지 2WD 20인치,559,575,"1,134",100,30
경북,일반승용,기아,더뉴EV6 롱레인지 4WD 19인치,561,577,"1,138",100,30
경북,일반승용,기아,더뉴EV6 롱레인지 4WD 20인치,532,547,"1,079",100,30
경북,일반승용,기아,더뉴EV6 스탠다드,501,516,"1,017",100,30
경북,경·소형,기아,레이 EV 2WD 14인치 1인승 밴,457,516,973,91,27
경북,경·소형,기아,레이 EV 2WD 14인치 2인승 밴,457,516,973,91,27
경북,경·소형,기아,레이 EV 2WD 14인치 4인승 승용,457,516,973,91,27
경북,일반승용,메르세데스벤츠코리아,EQA 250(Facelift),190,195,385,38,11
경북,일반승용,메르세데스벤츠코리아,EQB 300 4MATIC(Facelift),154,158,312,31,9
경북,일반승용,메르세데스벤츠코리아,EQB 300 4MATIC(Facelift)(CY25/2),162,166,328,32,10
경북,일반승용,볼보자동차코리아,볼보 EX30 Single Motor ER,247,254,501,49,15
경북,일반승용,볼보자동차코리아,볼보 EX30CC Twin Motor Perf,222,228,450,44,13
경북,일반승용,비와이디코리아,(단종)BYD ATTO 3,126,129,255,25,8
경북,일반승용,비와이디코리아,(단종)BYD DOLPHIN,109,112,221,22,7
경북,일반승용,비와이디코리아,(단종)BYD DOLPHIN Active,132,135,267,26,8
경북,일반승용,비와이디코리아,(단종)BYD SEAL,169,174,343,34,10
경북,일반승용,비와이디코리아,(단종)BYD SEAL Dynamic AWD,151,155,306,30,9
경북,일반승용,비와이디코리아,(단종)BYD SEALION 7,152,156,308,30,9
경북,일반승용,케이지모빌리티,토레스 EVX 18인치,354,364,718,71,21
경북,일반승용,케이지모빌리티,토레스 EVX 18인치(2026),361,371,732,72,22
경북,일반승용,케이지모빌리티,토레스 EVX 20인치,344,354,698,69,21
경북,일반승용,케이지모빌리티,토레스 EVX 20인치(2026),354,364,718,71,21
경북,일반승용,케이지모빌리티,(단종)토레스 EVX 2WD 18인치,327,0,327,65,20
경북,일반승용,케이지모빌리티,(단종)토레스 EVX 2WD 20인치,312,0,312,62,19
경북,일반승용,테슬라코리아,Model 3 Performance,200,206,406,40,12
경북,일반승용,테슬라코리아,Model 3 Premium Long Range RWD,420,0,420,84,25
경북,일반승용,테슬라코리아,Model 3 Premium Long Range RWD(5999만원),210,216,426,42,13
경북,일반승용,테슬라코리아,Model 3 RWD,168,173,341,34,10
경북,일반승용,테슬라코리아,Model 3 RWD(2025),168,173,341,34,10
경북,일반승용,테슬라코리아,Model Y L AWD,215,221,436,43,13
경북,일반승용,테슬라코리아,Model Y Long Range(2025),210,216,426,42,13
경북,일반승용,테슬라코리아,Model Y Premium Long Range,210,216,426,42,13
경북,일반승용,테슬라코리아,Model Y Premium RWD,170,175,345,34,10
경북,일반승용,테슬라코리아,Model Y RWD(2025),170,175,345,34,10
경북,일반승용,폭스바겐그룹코리아,ID.4 Pro,432,444,876,86,26
경북,일반승용,폭스바겐그룹코리아,Q4 45 e-tron,206,212,418,41,12
경북,일반승용,폭스바겐그룹코리아,Q4 Sportback 45 e-tron,206,212,418,41,12
경북,일반승용,폭스바겐그룹코리아,(단종)Q6 e-tron performance,220,226,446,44,13
경북,일반승용,폭스바겐그룹코리아,iD.5 Pro,473,487,960,95,29
경북,일반승용,현대자동차,ELECTRIFIED G80,270,278,548,54,16
경북,일반승용,현대자동차,ELECTRIFIED GV70 AWD 19인치,261,268,529,52,16
경북,일반승용,현대자동차,ELECTRIFIED GV70 AWD 20인치,245,252,497,49,15
경북,일반승용,현대자동차,GV60 스탠다드 2WD 19인치,285,293,578,57,17
경북,일반승용,현대자동차,GV60 스탠다드 AWD 19인치,272,280,552,54,16
경북,일반승용,현대자동차,GV60 스탠다드 AWD 20인치,261,268,529,52,16
경북,일반승용,현대자동차,더 뉴 아이오닉5 2WD 롱레인지 19인치,564,580,"1,144",100,30
경북,일반승용,현대자동차,더 뉴 아이오닉5 2WD 롱레인지 19인치 빌트인 캠 미적용,567,584,"1,151",100,30
경북,일반승용,현대자동차,더 뉴 아이오닉5 2WD 롱레인지 20인치,559,575,"1,134",100,30
경북,일반승용,현대자동차,더 뉴 아이오닉5 2WD 롱레인지 N라인 20인치,541,557,"1,098",100,30
경북,일반승용,현대자동차,더 뉴 아이오닉5 2WD 스탠다드 19인치,483,497,980,97,29
경북,일반승용,현대자동차,더 뉴 아이오닉5 AWD 롱레인지 19인치,558,574,"1,132",100,30
경북,일반승용,현대자동차,더 뉴 아이오닉5 AWD 롱레인지 20인치,532,547,"1,079",100,30
경북,일반승용,현대자동차,더 뉴 아이오닉5 AWD 롱레인지 N라인 20인치,510,525,"1,035",100,30
경북,일반승용,현대자동차,더 뉴 아이오닉6 2WD 롱레인지 18인치,570,587,"1,157",100,30
경북,일반승용,현대자동차,더 뉴 아이오닉6 2WD 롱레인지 20인치,570,587,"1,157",100,30
경북,일반승용,현대자동차,더 뉴 아이오닉6 2WD 롱레인지 N라인 20인치,570,587,"1,157",100,30
경북,일반승용,현대자동차,더 뉴 아이오닉6 2WD 스탠다드 18인치,560,576,"1,136",100,30
경북,일반승용,현대자동차,더 뉴 아이오닉6 AWD 롱레인지 18인치,570,587,"1,157",100,30
경북,일반승용,현대자동차,더 뉴 아이오닉6 AWD 롱레인지 20인치,553,569,"1,122",100,30
경북,일반승용,현대자동차,더 뉴 아이오닉6 AWD 롱레인지 N라인 20인치,537,553,"1,090",100,30
경북,일반승용,현대자동차,스타리아 라운지 일렉트릭 7인승,229,235,464,46,14
경북,일반승용,현대자동차,스타리아 리무진 일렉트릭 6인승,229,235,464,46,14
경북,일반승용,현대자동차,아이오닉6 N,250,257,507,50,15
경북,일반승용,현대자동차,아이오닉9 성능형 AWD,272,280,552,54,16
경북,일반승용,현대자동차,아이오닉9 항속형 2WD,274,282,556,55,17
경북,일반승용,현대자동차,아이오닉9 항속형 AWD,271,279,550,54,16
경북,경·소형,현대자동차,캐스퍼 일렉트릭 기본형 15인치,490,553,"1,043",98,29
경북,경·소형,현대자동차,캐스퍼 일렉트릭 크로스 17인치,487,550,"1,037",97,29
경북,경·소형,현대자동차,캐스퍼 일렉트릭 항속형 15인치,490,553,"1,043",98,29
경북,경·소형,현대자동차,캐스퍼 일렉트릭 항속형 17인치(라운지포함),490,553,"1,043",98,29
경북,일반승용,현대자동차,코나 일렉트릭 2WD 롱레인지 17인치,514,529,"1,043",100,30
경북,일반승용,현대자동차,코나 일렉트릭 2WD 롱레인지 17인치 빌트인 캠 미적용,514,529,"1,043",100,30
경북,일반승용,현대자동차,코나 일렉트릭 2WD 롱레인지 19인치,459,472,931,92,28
경북,일반승용,현대자동차,코나 일렉트릭 2WD 스탠다드 17인치,437,450,887,87,26
경북,일반승용,BMW,MINI Aceman E,400,412,812,80,24
경북,일반승용,BMW,MINI Aceman SE,400,412,812,80,24
경북,일반승용,BMW,MINI Cooper SE,396,407,803,79,24
경북,일반승용,BMW,MINI Countryman E,217,223,440,43,13
경북,일반승용,BMW,MINI Countryman SE ALL4,203,209,412,41,12
경북,일반승용,BMW,MINI JCW Aceman E,197,202,399,39,12
경북,일반승용,BMW,MINI JCW E,191,196,387,38,11
경북,일반승용,BMW,i4 M60 LCI (71HD),233,239,472,47,14
경북,일반승용,BMW,i4 eDrive 40 LCI(21HD),244,251,495,49,15
경북,일반승용,BMW,i4 eDrive 40 LCI(61HD),256,263,519,51,15
경북,일반승용,BMW,i5 eDrive 40,262,269,531,52,16
경북,일반승용,BMW,iX1 eDrive20,212,218,430,42,13
경북,일반승용,BMW,iX1 xDrive30,192,197,389,38,11
경북,일반승용,BMW,iX2 eDrive20,214,220,434,43,13
경북,일반승용,BMW,iX3 50 xDrive,275,283,558,55,17
경북,일반승용,기아,EV3 GT,248,255,503,50,15
경북,일반승용,기아,EV3 롱레인지 2WD 17인치,555,571,"1,126",100,30
경북,일반승용,기아,EV3 롱레인지 2WD 19인치,555,571,"1,126",100,30
경북,일반승용,기아,EV3 롱레인지 4WD 19인치,539,555,"1,094",100,30
경북,일반승용,기아,EV3 스탠다드 2WD,469,483,952,94,28
경북,일반승용,기아,EV4 GT,255,262,517,51,15
경북,일반승용,기아,EV4 롱레인지 2WD 17인치,555,571,"1,126",100,30
경북,일반승용,기아,EV4 롱레인지 2WD 19인치,555,571,"1,126",100,30
경북,일반승용,기아,EV4 롱레인지 4WD 19인치,554,570,"1,124",100,30
경북,일반승용,기아,EV4 롱레인지 GTL 2WD 19인치,555,571,"1,126",100,30
경북,일반승용,기아,EV4 스탠다드 2WD 17인치,512,527,"1,039",100,30
경북,일반승용,기아,EV4 스탠다드 2WD 19인치,481,495,976,96,29
경북,일반승용,기아,EV5 GT,232,238,470,46,14
경북,일반승용,기아,EV5 롱레인지 2WD,552,568,"1,120",100,30
경북,일반승용,기아,EV5 롱레인지 4WD 18인치,499,513,"1,012",100,30
경북,일반승용,기아,EV5 롱레인지 4WD 19인치,493,507,"1,000",99,30
경북,일반승용,기아,EV9 GT,245,252,497,49,15
경북,일반승용,기아,EV9 롱레인지 2WD 19인치,270,278,548,54,16
경북,일반승용,기아,EV9 롱레인지 2WD 20인치,268,276,544,54,16
경북,일반승용,기아,EV9 롱레인지 4WD 19인치,254,261,515,51,15
경북,일반승용,기아,EV9 롱레인지 4WD 21인치,260,267,527,52,16
경북,일반승용,기아,EV9 롱레인지 GTL 4WD 21인치,252,259,511,50,15
경북,일반승용,기아,EV9 스탠다드,237,244,481,47,14
경북,일반승용,기아,PV5 패신저 5인승 롱레인지,458,471,929,92,28
경북,일반승용,기아,Pv5 WAV(비용 미지원),648,667,"1,315",100,30
경북,일반승용,기아,Pv5 WAV(비용 지원),448,461,909,90,27
경북,일반승용,기아,(단종)The all-new Kia Niro EV,489,503,992,98,29
경북,일반승용,기아,더뉴EV6 롱레인지 2WD 19인치,570,587,"1,157",100,30
경북,일반승용,기아,더뉴EV6 롱레인지 2WD 20인치,559,575,"1,134",100,30
경북,일반승용,기아,더뉴EV6 롱레인지 4WD 19인치,561,577,"1,138",100,30
경북,일반승용,기아,더뉴EV6 롱레인지 4WD 20인치,532,547,"1,079",100,30
경북,일반승용,기아,더뉴EV6 스탠다드,501,516,"1,017",100,30
경북,경·소형,기아,레이 EV 2WD 14인치 1인승 밴,457,516,973,91,27
경북,경·소형,기아,레이 EV 2WD 14인치 2인승 밴,457,516,973,91,27
경북,경·소형,기아,레이 EV 2WD 14인치 4인승 승용,457,516,973,91,27
경북,일반승용,메르세데스벤츠코리아,EQA 250(Facelift),190,195,385,38,11
경북,일반승용,메르세데스벤츠코리아,EQB 300 4MATIC(Facelift),154,158,312,31,9
경북,일반승용,메르세데스벤츠코리아,EQB 300 4MATIC(Facelift)(CY25/2),162,166,328,32,10
경북,일반승용,볼보자동차코리아,볼보 EX30 Single Motor ER,247,254,501,49,15
경북,일반승용,볼보자동차코리아,볼보 EX30CC Twin Motor Perf,222,228,450,44,13
경북,일반승용,비와이디코리아,(단종)BYD ATTO 3,126,129,255,25,8
경북,일반승용,비와이디코리아,(단종)BYD DOLPHIN,109,112,221,22,7
경북,일반승용,비와이디코리아,(단종)BYD DOLPHIN Active,132,135,267,26,8
경북,일반승용,비와이디코리아,(단종)BYD SEAL,169,174,343,34,10
경북,일반승용,비와이디코리아,(단종)BYD SEAL Dynamic AWD,151,155,306,30,9
경북,일반승용,비와이디코리아,(단종)BYD SEALION 7,152,156,308,30,9
경북,일반승용,케이지모빌리티,토레스 EVX 18인치,354,364,718,71,21
경북,일반승용,케이지모빌리티,토레스 EVX 18인치(2026),361,371,732,72,22
경북,일반승용,케이지모빌리티,토레스 EVX 20인치,344,354,698,69,21
경북,일반승용,케이지모빌리티,토레스 EVX 20인치(2026),354,364,718,71,21
경북,일반승용,케이지모빌리티,(단종)토레스 EVX 2WD 18인치,327,336,663,65,20
경북,일반승용,케이지모빌리티,(단종)토레스 EVX 2WD 20인치,312,321,633,62,19
경북,일반승용,테슬라코리아,Model 3 Performance,200,206,406,40,12
경북,일반승용,테슬라코리아,Model 3 Premium Long Range RWD,420,432,852,84,25
경북,일반승용,테슬라코리아,Model 3 RWD,168,173,341,34,10
경북,일반승용,테슬라코리아,Model 3 RWD(2025),168,173,341,34,10
경북,일반승용,테슬라코리아,Model Y L AWD,215,216,431,43,13
경북,일반승용,테슬라코리아,Model Y Long Range(2025),210,216,426,42,13
경북,일반승용,테슬라코리아,Model Y Premium Long Range,210,216,426,42,13
경북,일반승용,테슬라코리아,Model Y Premium RWD,170,175,345,34,10
경북,일반승용,테슬라코리아,Model Y RWD(2025),170,175,345,34,10
경북,일반승용,폭스바겐그룹코리아,ID.4 Pro,432,444,876,86,26
경북,일반승용,폭스바겐그룹코리아,Q4 45 e-tron,206,212,418,41,12
경북,일반승용,폭스바겐그룹코리아,Q4 Sportback 45 e-tron,206,212,418,41,12
경북,일반승용,폭스바겐그룹코리아,(단종)Q6 e-tron performance,220,226,446,44,13
경북,일반승용,폭스바겐그룹코리아,iD.5 Pro,473,487,960,95,29
경북,일반승용,현대자동차,ELECTRIFIED G80,270,278,548,54,16
경북,일반승용,현대자동차,ELECTRIFIED GV70 AWD 19인치,261,268,529,52,16
경북,일반승용,현대자동차,ELECTRIFIED GV70 AWD 20인치,245,252,497,49,15
경북,일반승용,현대자동차,GV60 스탠다드 2WD 19인치,285,293,578,57,17
경북,일반승용,현대자동차,GV60 스탠다드 AWD 19인치,272,280,552,54,16
경북,일반승용,현대자동차,GV60 스탠다드 AWD 20인치,261,268,529,52,16
경북,일반승용,현대자동차,더 뉴 아이오닉5 2WD 롱레인지 19인치,564,580,"1,144",100,30
경북,일반승용,현대자동차,더 뉴 아이오닉5 2WD 롱레인지 19인치 빌트인 캠 미적용,567,584,"1,151",100,30
경북,일반승용,현대자동차,더 뉴 아이오닉5 2WD 롱레인지 20인치,559,575,"1,134",100,30
경북,일반승용,현대자동차,더 뉴 아이오닉5 2WD 롱레인지 N라인 20인치,541,557,"1,098",100,30
경북,일반승용,현대자동차,더 뉴 아이오닉5 2WD 스탠다드 19인치,483,497,980,97,29
경북,일반승용,현대자동차,더 뉴 아이오닉5 AWD 롱레인지 19인치,558,574,"1,132",100,30
경북,일반승용,현대자동차,더 뉴 아이오닉5 AWD 롱레인지 20인치,532,547,"1,079",100,30
경북,일반승용,현대자동차,더 뉴 아이오닉5 AWD 롱레인지 N라인 20인치,510,525,"1,035",100,30
경북,일반승용,현대자동차,더 뉴 아이오닉6 2WD 롱레인지 18인치,570,587,"1,157",100,30
경북,일반승용,현대자동차,더 뉴 아이오닉6 2WD 롱레인지 20인치,570,587,"1,157",100,30
경북,일반승용,현대자동차,더 뉴 아이오닉6 2WD 롱레인지 N라인 20인치,570,587,"1,157",100,30
경북,일반승용,현대자동차,더 뉴 아이오닉6 2WD 스탠다드 18인치,560,576,"1,136",100,30
경북,일반승용,현대자동차,더 뉴 아이오닉6 AWD 롱레인지 18인치,570,587,"1,157",100,30
경북,일반승용,현대자동차,더 뉴 아이오닉6 AWD 롱레인지 20인치,553,569,"1,122",100,30
경북,일반승용,현대자동차,더 뉴 아이오닉6 AWD 롱레인지 N라인 20인치,537,553,"1,090",100,30
경북,일반승용,현대자동차,스타리아 라운지 일렉트릭 7인승,229,235,464,46,14
경북,일반승용,현대자동차,스타리아 리무진 일렉트릭 6인승,229,235,464,46,14
경북,일반승용,현대자동차,아이오닉6 N,250,257,507,50,15
경북,일반승용,현대자동차,아이오닉9 성능형 AWD,272,280,552,54,16
경북,일반승용,현대자동차,아이오닉9 항속형 2WD,274,282,556,55,17
경북,일반승용,현대자동차,아이오닉9 항속형 AWD,271,279,550,54,16
경북,경·소형,현대자동차,캐스퍼 일렉트릭 기본형 15인치,490,553,"1,043",98,29
경북,경·소형,현대자동차,캐스퍼 일렉트릭 크로스 17인치,487,550,"1,037",97,29
경북,경·소형,현대자동차,캐스퍼 일렉트릭 항속형 15인치,490,553,"1,043",98,29
경북,경·소형,현대자동차,캐스퍼 일렉트릭 항속형 17인치(라운지포함),490,553,"1,043",98,29
경북,일반승용,현대자동차,코나 일렉트릭 2WD 롱레인지 17인치,514,529,"1,043",100,30
경북,일반승용,현대자동차,코나 일렉트릭 2WD 롱레인지 17인치 빌트인 캠 미적용,514,529,"1,043",100,30
경북,일반승용,현대자동차,코나 일렉트릭 2WD 롱레인지 19인치,459,472,931,92,28
경북,일반승용,현대자동차,코나 일렉트릭 2WD 스탠다드 17인치,437,450,887,87,26
경북,일반승용,BMW,MINI Aceman E,400,412,812,80,24
경북,일반승용,BMW,MINI Aceman SE,400,412,812,80,24
경북,일반승용,BMW,MINI Cooper SE,396,407,803,79,24
경북,일반승용,BMW,MINI Countryman E,217,223,440,43,13
경북,일반승용,BMW,MINI Countryman SE ALL4,203,209,412,41,12
경북,일반승용,BMW,MINI JCW Aceman E,197,202,399,39,12
경북,일반승용,BMW,MINI JCW E,191,196,387,38,11
경북,일반승용,BMW,i4 M60 LCI (71HD),233,239,472,47,14
경북,일반승용,BMW,i4 eDrive 40 LCI(21HD),244,251,495,49,15
경북,일반승용,BMW,i4 eDrive 40 LCI(61HD),256,263,519,51,15
경북,일반승용,BMW,i5 eDrive 40,262,269,531,52,16
경북,일반승용,BMW,iX1 eDrive20,212,218,430,42,13
경북,일반승용,BMW,iX1 eDrive20(11HM),235,242,477,47,14
경북,일반승용,BMW,iX1 xDrive30,192,197,389,38,11
경북,일반승용,BMW,iX2 eDrive20,214,220,434,43,13
경북,일반승용,BMW,iX2 eDrive20(71GN),239,246,485,48,14
경북,일반승용,BMW,iX3 50 xDrive,275,283,558,55,17
경북,일반승용,기아,EV3 GT,248,255,503,50,15
경북,일반승용,기아,EV3 롱레인지 2WD 17인치,555,571,"1,126",100,30
경북,일반승용,기아,EV3 롱레인지 2WD 19인치,555,571,"1,126",100,30
경북,일반승용,기아,EV3 롱레인지 4WD 19인치,539,555,"1,094",100,30
경북,일반승용,기아,EV3 스탠다드 2WD,469,483,952,94,28
경북,일반승용,기아,EV4 GT,255,262,517,51,15
경북,일반승용,기아,EV4 롱레인지 2WD 17인치,555,571,"1,126",100,30
경북,일반승용,기아,EV4 롱레인지 2WD 19인치,555,571,"1,126",100,30
경북,일반승용,기아,EV4 롱레인지 4WD 19인치,554,570,"1,124",100,30
경북,일반승용,기아,EV4 롱레인지 GTL 2WD 19인치,555,571,"1,126",100,30
경북,일반승용,기아,EV4 스탠다드 2WD 17인치,512,527,"1,039",100,30
경북,일반승용,기아,EV4 스탠다드 2WD 19인치,481,495,976,96,29
경북,일반승용,기아,EV5 GT,232,238,470,46,14
경북,일반승용,기아,EV5 롱레인지 2WD,552,568,"1,120",100,30
경북,일반승용,기아,EV5 롱레인지 4WD 18인치,499,513,"1,012",100,30
경북,일반승용,기아,EV5 롱레인지 4WD 19인치,493,507,"1,000",99,30
경북,일반승용,기아,EV9 GT,245,252,497,49,15
경북,일반승용,기아,EV9 롱레인지 2WD 19인치,270,278,548,54,16
경북,일반승용,기아,EV9 롱레인지 2WD 20인치,268,276,544,54,16
경북,일반승용,기아,EV9 롱레인지 4WD 19인치,254,261,515,51,15
경북,일반승용,기아,EV9 롱레인지 4WD 21인치,260,267,527,52,16
경북,일반승용,기아,EV9 롱레인지 GTL 4WD 21인치,252,259,511,50,15
경북,일반승용,기아,EV9 스탠다드,237,244,481,47,14
경북,일반승용,기아,PV5 패신저 5인승 롱레인지,458,471,929,92,28
경북,일반승용,기아,Pv5 WAV(비용 미지원),648,667,"1,315",100,30
경북,일반승용,기아,Pv5 WAV(비용 지원),448,461,909,90,27
경북,일반승용,기아,(단종)The all-new Kia Niro EV,489,0,489,98,29
경북,일반승용,기아,더뉴EV6 롱레인지 2WD 19인치,570,587,"1,157",100,30
경북,일반승용,기아,더뉴EV6 롱레인지 2WD 20인치,559,575,"1,134",100,30
경북,일반승용,기아,더뉴EV6 롱레인지 4WD 19인치,561,577,"1,138",100,30
경북,일반승용,기아,더뉴EV6 롱레인지 4WD 20인치,532,547,"1,079",100,30
경북,일반승용,기아,더뉴EV6 스탠다드,501,516,"1,017",100,30
경북,경·소형,기아,레이 EV 2WD 14인치 1인승 밴,457,516,973,91,27
경북,경·소형,기아,레이 EV 2WD 14인치 2인승 밴,457,516,973,91,27
경북,경·소형,기아,레이 EV 2WD 14인치 4인승 승용,457,516,973,91,27
경북,일반승용,메르세데스벤츠코리아,EQA 250(Facelift),190,195,385,38,11
경북,일반승용,메르세데스벤츠코리아,EQB 300 4MATIC(Facelift),154,158,312,31,9
경북,일반승용,메르세데스벤츠코리아,EQB 300 4MATIC(Facelift)(CY25/2),162,166,328,32,10
경북,일반승용,볼보자동차코리아,볼보 EX30 Single Motor ER,247,254,501,49,15
경북,일반승용,볼보자동차코리아,볼보 EX30CC Twin Motor Perf,222,228,450,44,13
경북,일반승용,비와이디코리아,(단종)BYD ATTO 3,126,129,255,25,8
경북,일반승용,비와이디코리아,(단종)BYD DOLPHIN,109,0,109,22,7
경북,일반승용,비와이디코리아,(단종)BYD DOLPHIN Active,132,0,132,26,8
경북,일반승용,비와이디코리아,(단종)BYD SEAL,169,174,343,34,10
경북,일반승용,비와이디코리아,(단종)BYD SEAL Dynamic AWD,151,0,151,30,9
경북,일반승용,비와이디코리아,(단종)BYD SEALION 7,152,156,308,30,9
경북,일반승용,케이지모빌리티,토레스 EVX 18인치,354,364,718,71,21
경북,일반승용,케이지모빌리티,토레스 EVX 18인치(2026),361,371,732,72,22
경북,일반승용,케이지모빌리티,토레스 EVX 20인치,344,354,698,69,21
경북,일반승용,케이지모빌리티,토레스 EVX 20인치(2026),354,364,718,71,21
경북,일반승용,케이지모빌리티,(단종)토레스 EVX 2WD 18인치,327,0,327,65,20
경북,일반승용,케이지모빌리티,(단종)토레스 EVX 2WD 20인치,312,0,312,62,19
경북,일반승용,테슬라코리아,Model 3 Performance,200,206,406,40,12
경북,일반승용,테슬라코리아,Model 3 Premium Long Range RWD,420,432,852,84,25
경북,일반승용,테슬라코리아,Model 3 Premium Long Range RWD(5999만원),210,216,426,42,13
경북,일반승용,테슬라코리아,Model 3 RWD,168,173,341,34,10
경북,일반승용,테슬라코리아,Model 3 RWD(2025),168,173,341,34,10
경북,일반승용,테슬라코리아,Model Y L AWD,215,221,436,43,13
경북,일반승용,테슬라코리아,Model Y Long Range(2025),210,216,426,42,13
경북,일반승용,테슬라코리아,Model Y Premium Long Range,210,216,426,42,13
경북,일반승용,테슬라코리아,Model Y Premium RWD,170,175,345,34,10
경북,일반승용,테슬라코리아,Model Y RWD(2025),170,175,345,34,10
경북,일반승용,폭스바겐그룹코리아,ID.4 Pro,432,444,876,86,26
경북,일반승용,폭스바겐그룹코리아,Q4 45 e-tron,206,212,418,41,12
경북,일반승용,폭스바겐그룹코리아,Q4 Sportback 45 e-tron,206,212,418,41,12
경북,일반승용,폭스바겐그룹코리아,(단종)Q6 e-tron performance,220,226,446,44,13
경북,일반승용,폭스바겐그룹코리아,iD.5 Pro,473,487,960,95,29
경북,일반승용,폴스타오토모티브코리아,Polestar 4 Coupe Dual Motor,168,173,341,34,10
경북,일반승용,폴스타오토모티브코리아,Polestar 4 Coupe Rear Motor,181,186,367,36,11
경북,일반승용,현대자동차,ELECTRIFIED G80,270,278,548,54,16
경북,일반승용,현대자동차,ELECTRIFIED GV70 AWD 19인치,261,268,529,52,16
경북,일반승용,현대자동차,ELECTRIFIED GV70 AWD 20인치,245,252,497,49,15
경북,일반승용,현대자동차,GV60 스탠다드 2WD 19인치,285,293,578,57,17
경북,일반승용,현대자동차,GV60 스탠다드 AWD 19인치,272,280,552,54,16
경북,일반승용,현대자동차,GV60 스탠다드 AWD 20인치,261,268,529,52,16
경북,일반승용,현대자동차,더 뉴 아이오닉5 2WD 롱레인지 19인치,564,580,"1,144",100,30
경북,일반승용,현대자동차,더 뉴 아이오닉5 2WD 롱레인지 19인치 빌트인 캠 미적용,567,584,"1,151",100,30
경북,일반승용,현대자동차,더 뉴 아이오닉5 2WD 롱레인지 20인치,559,575,"1,134",100,30
경북,일반승용,현대자동차,더 뉴 아이오닉5 2WD 롱레인지 N라인 20인치,541,557,"1,098",100,30
경북,일반승용,현대자동차,더 뉴 아이오닉5 2WD 스탠다드 19인치,483,497,980,97,29
경북,일반승용,현대자동차,더 뉴 아이오닉5 AWD 롱레인지 19인치,558,574,"1,132",100,30
경북,일반승용,현대자동차,더 뉴 아이오닉5 AWD 롱레인지 20인치,532,547,"1,079",100,30
경북,일반승용,현대자동차,더 뉴 아이오닉5 AWD 롱레인지 N라인 20인치,510,525,"1,035",100,30
경북,일반승용,현대자동차,더 뉴 아이오닉6 2WD 롱레인지 18인치,570,587,"1,157",100,30
경북,일반승용,현대자동차,더 뉴 아이오닉6 2WD 롱레인지 20인치,570,587,"1,157",100,30
경북,일반승용,현대자동차,더 뉴 아이오닉6 2WD 롱레인지 N라인 20인치,570,587,"1,157",100,30
경북,일반승용,현대자동차,더 뉴 아이오닉6 2WD 스탠다드 18인치,560,576,"1,136",100,30
경북,일반승용,현대자동차,더 뉴 아이오닉6 AWD 롱레인지 18인치,570,587,"1,157",100,30
경북,일반승용,현대자동차,더 뉴 아이오닉6 AWD 롱레인지 20인치,553,569,"1,122",100,30
경북,일반승용,현대자동차,더 뉴 아이오닉6 AWD 롱레인지 N라인 20인치,537,553,"1,090",100,30
경북,일반승용,현대자동차,스타리아 라운지 일렉트릭 7인승,229,235,464,46,14
경북,일반승용,현대자동차,스타리아 리무진 일렉트릭 6인승,229,235,464,46,14
경북,일반승용,현대자동차,아이오닉6 N,250,257,507,50,15
경북,일반승용,현대자동차,아이오닉9 성능형 AWD,272,280,552,54,16
경북,일반승용,현대자동차,아이오닉9 항속형 2WD,274,282,556,55,17
경북,일반승용,현대자동차,아이오닉9 항속형 AWD,271,279,550,54,16
경북,경·소형,현대자동차,캐스퍼 일렉트릭 기본형 15인치,490,553,"1,043",98,29
경북,경·소형,현대자동차,캐스퍼 일렉트릭 크로스 17인치,487,550,"1,037",97,29
경북,경·소형,현대자동차,캐스퍼 일렉트릭 항속형 15인치,490,553,"1,043",98,29
경북,경·소형,현대자동차,캐스퍼 일렉트릭 항속형 17인치(라운지포함),490,553,"1,043",98,29
경북,일반승용,현대자동차,코나 일렉트릭 2WD 롱레인지 17인치,514,529,"1,043",100,30
경북,일반승용,현대자동차,코나 일렉트릭 2WD 롱레인지 17인치 빌트인 캠 미적용,514,529,"1,043",100,30
경북,일반승용,현대자동차,코나 일렉트릭 2WD 롱레인지 19인치,459,472,931,92,28
경북,일반승용,현대자동차,코나 일렉트릭 2WD 스탠다드 17인치,437,450,887,87,26
경북,일반승용,BMW,MINI Aceman E,400,412,812,80,24
경북,일반승용,BMW,MINI Aceman SE,400,412,812,80,24
경북,일반승용,BMW,MINI Cooper SE,396,407,803,79,24
경북,일반승용,BMW,MINI Countryman E,217,223,440,43,13
경북,일반승용,BMW,MINI Countryman SE ALL4,203,209,412,41,12
경북,일반승용,BMW,MINI JCW Aceman E,197,202,399,39,12
경북,일반승용,BMW,MINI JCW E,191,196,387,38,11
경북,일반승용,BMW,i4 M60 LCI (71HD),233,239,472,47,14
경북,일반승용,BMW,i4 eDrive 40 LCI(21HD),244,251,495,49,15
경북,일반승용,BMW,i4 eDrive 40 LCI(61HD),256,263,519,51,15
경북,일반승용,BMW,i5 eDrive 40,262,269,531,52,16
경북,일반승용,BMW,iX1 eDrive20,212,218,430,42,13
경북,일반승용,BMW,iX1 xDrive30,192,197,389,38,11
경북,일반승용,BMW,iX2 eDrive20,214,220,434,43,13
경북,일반승용,BMW,iX3 50 xDrive,275,283,558,55,17
경북,일반승용,기아,EV3 GT,248,255,503,50,15
경북,일반승용,기아,EV3 롱레인지 2WD 17인치,555,571,"1,126",100,30
경북,일반승용,기아,EV3 롱레인지 2WD 19인치,555,571,"1,126",100,30
경북,일반승용,기아,EV3 롱레인지 4WD 19인치,539,555,"1,094",100,30
경북,일반승용,기아,EV3 스탠다드 2WD,469,483,952,94,28
경북,일반승용,기아,EV4 GT,255,262,517,51,15
경북,일반승용,기아,EV4 롱레인지 2WD 17인치,555,571,"1,126",100,30
경북,일반승용,기아,EV4 롱레인지 2WD 19인치,555,571,"1,126",100,30
경북,일반승용,기아,EV4 롱레인지 4WD 19인치,554,570,"1,124",100,30
경북,일반승용,기아,EV4 롱레인지 GTL 2WD 19인치,555,571,"1,126",100,30
경북,일반승용,기아,EV4 스탠다드 2WD 17인치,512,527,"1,039",100,30
경북,일반승용,기아,EV4 스탠다드 2WD 19인치,481,495,976,96,29
경북,일반승용,기아,EV5 GT,232,238,470,46,14
경북,일반승용,기아,EV5 롱레인지 2WD,552,568,"1,120",100,30
경북,일반승용,기아,EV5 롱레인지 4WD 18인치,499,513,"1,012",100,30
경북,일반승용,기아,EV5 롱레인지 4WD 19인치,493,507,"1,000",99,30
경북,일반승용,기아,EV9 GT,245,252,497,49,15
경북,일반승용,기아,EV9 롱레인지 2WD 19인치,270,278,548,54,16
경북,일반승용,기아,EV9 롱레인지 2WD 20인치,268,276,544,54,16
경북,일반승용,기아,EV9 롱레인지 4WD 19인치,254,261,515,51,15
경북,일반승용,기아,EV9 롱레인지 4WD 21인치,260,267,527,52,16
경북,일반승용,기아,EV9 롱레인지 GTL 4WD 21인치,252,259,511,50,15
경북,일반승용,기아,EV9 스탠다드,237,244,481,47,14
경북,일반승용,기아,PV5 패신저 5인승 롱레인지,458,471,929,92,28
경북,일반승용,기아,Pv5 WAV(비용 미지원),648,667,"1,315",100,30
경북,일반승용,기아,Pv5 WAV(비용 지원),448,461,909,90,27
경북,일반승용,기아,(단종)The all-new Kia Niro EV,489,0,489,98,29
경북,일반승용,기아,더뉴EV6 롱레인지 2WD 19인치,570,587,"1,157",100,30
경북,일반승용,기아,더뉴EV6 롱레인지 2WD 20인치,559,575,"1,134",100,30
경북,일반승용,기아,더뉴EV6 롱레인지 4WD 19인치,561,577,"1,138",100,30
경북,일반승용,기아,더뉴EV6 롱레인지 4WD 20인치,532,547,"1,079",100,30
경북,일반승용,기아,더뉴EV6 스탠다드,501,516,"1,017",100,30
경북,경·소형,기아,레이 EV 2WD 14인치 1인승 밴,457,516,973,91,27
경북,경·소형,기아,레이 EV 2WD 14인치 2인승 밴,457,516,973,91,27
경북,경·소형,기아,레이 EV 2WD 14인치 4인승 승용,457,516,973,91,27
경북,일반승용,메르세데스벤츠코리아,EQA 250(Facelift),190,195,385,38,11
경북,일반승용,메르세데스벤츠코리아,EQB 300 4MATIC(Facelift),154,158,312,31,9
경북,일반승용,메르세데스벤츠코리아,EQB 300 4MATIC(Facelift)(CY25/2),162,166,328,32,10
경북,일반승용,볼보자동차코리아,볼보 EX30 Single Motor ER,247,254,501,49,15
경북,일반승용,볼보자동차코리아,볼보 EX30CC Twin Motor Perf,222,228,450,44,13
경북,일반승용,비와이디코리아,(단종)BYD ATTO 3,126,0,126,25,8
경북,일반승용,비와이디코리아,(단종)BYD DOLPHIN,109,0,109,22,7
경북,일반승용,비와이디코리아,(단종)BYD DOLPHIN Active,132,0,132,26,8
경북,일반승용,비와이디코리아,(단종)BYD SEAL,169,0,169,34,10
경북,일반승용,비와이디코리아,(단종)BYD SEAL Dynamic AWD,151,0,151,30,9
경북,일반승용,비와이디코리아,(단종)BYD SEALION 7,152,0,152,30,9
경북,일반승용,케이지모빌리티,토레스 EVX 18인치,354,364,718,71,21
경북,일반승용,케이지모빌리티,토레스 EVX 18인치(2026),361,371,732,72,22
경북,일반승용,케이지모빌리티,토레스 EVX 20인치,344,354,698,69,21
경북,일반승용,케이지모빌리티,토레스 EVX 20인치(2026),354,364,718,71,21
경북,일반승용,케이지모빌리티,(단종)토레스 EVX 2WD 18인치,327,0,327,65,20
경북,일반승용,케이지모빌리티,(단종)토레스 EVX 2WD 20인치,312,0,312,62,19
경북,일반승용,테슬라코리아,Model 3 Performance,200,206,406,40,12
경북,일반승용,테슬라코리아,Model 3 Premium Long Range RWD,420,216,636,84,25
경북,일반승용,테슬라코리아,Model 3 Premium Long Range RWD(5999만원),210,0,210,42,13
경북,일반승용,테슬라코리아,Model 3 RWD,168,173,341,34,10
경북,일반승용,테슬라코리아,Model 3 RWD(2025),168,173,341,34,10
경북,일반승용,테슬라코리아,Model Y L AWD,215,221,436,43,13
경북,일반승용,테슬라코리아,Model Y Long Range(2025),210,216,426,42,13
경북,일반승용,테슬라코리아,Model Y Premium Long Range,210,216,426,42,13
경북,일반승용,테슬라코리아,Model Y Premium RWD,170,175,345,34,10
경북,일반승용,테슬라코리아,Model Y RWD(2025),170,175,345,34,10
경북,일반승용,폭스바겐그룹코리아,ID.4 Pro,432,444,876,86,26
경북,일반승용,폭스바겐그룹코리아,Q4 45 e-tron,206,212,418,41,12
경북,일반승용,폭스바겐그룹코리아,Q4 Sportback 45 e-tron,206,212,418,41,12
경북,일반승용,폭스바겐그룹코리아,(단종)Q6 e-tron performance,220,226,446,44,13
경북,일반승용,폭스바겐그룹코리아,iD.5 Pro,473,487,960,95,29
경북,일반승용,현대자동차,ELECTRIFIED G80,270,278,548,54,16
경북,일반승용,현대자동차,ELECTRIFIED GV70 AWD 19인치,261,268,529,52,16
경북,일반승용,현대자동차,ELECTRIFIED GV70 AWD 20인치,245,252,497,49,15
경북,일반승용,현대자동차,GV60 스탠다드 2WD 19인치,285,293,578,57,17
경북,일반승용,현대자동차,GV60 스탠다드 AWD 19인치,272,280,552,54,16
경북,일반승용,현대자동차,GV60 스탠다드 AWD 20인치,261,268,529,52,16
경북,일반승용,현대자동차,더 뉴 아이오닉5 2WD 롱레인지 19인치,564,580,"1,144",100,30
경북,일반승용,현대자동차,더 뉴 아이오닉5 2WD 롱레인지 19인치 빌트인 캠 미적용,567,584,"1,151",100,30
경북,일반승용,현대자동차,더 뉴 아이오닉5 2WD 롱레인지 20인치,559,575,"1,134",100,30
경북,일반승용,현대자동차,더 뉴 아이오닉5 2WD 롱레인지 N라인 20인치,541,557,"1,098",100,30
경북,일반승용,현대자동차,더 뉴 아이오닉5 2WD 스탠다드 19인치,483,497,980,97,29
경북,일반승용,현대자동차,더 뉴 아이오닉5 AWD 롱레인지 19인치,558,574,"1,132",100,30
경북,일반승용,현대자동차,더 뉴 아이오닉5 AWD 롱레인지 20인치,532,547,"1,079",100,30
경북,일반승용,현대자동차,더 뉴 아이오닉5 AWD 롱레인지 N라인 20인치,510,525,"1,035",100,30
경북,일반승용,현대자동차,더 뉴 아이오닉6 2WD 롱레인지 18인치,570,587,"1,157",100,30
경북,일반승용,현대자동차,더 뉴 아이오닉6 2WD 롱레인지 20인치,570,587,"1,157",100,30
경북,일반승용,현대자동차,더 뉴 아이오닉6 2WD 롱레인지 N라인 20인치,570,587,"1,157",100,30
경북,일반승용,현대자동차,더 뉴 아이오닉6 2WD 스탠다드 18인치,560,576,"1,136",100,30
경북,일반승용,현대자동차,더 뉴 아이오닉6 AWD 롱레인지 18인치,570,587,"1,157",100,30
경북,일반승용,현대자동차,더 뉴 아이오닉6 AWD 롱레인지 20인치,553,569,"1,122",100,30
경북,일반승용,현대자동차,더 뉴 아이오닉6 AWD 롱레인지 N라인 20인치,537,553,"1,090",100,30
경북,일반승용,현대자동차,스타리아 라운지 일렉트릭 7인승,229,235,464,46,14
경북,일반승용,현대자동차,스타리아 리무진 일렉트릭 6인승,229,235,464,46,14
경북,일반승용,현대자동차,아이오닉6 N,250,257,507,50,15
경북,일반승용,현대자동차,아이오닉9 성능형 AWD,272,280,552,54,16
경북,일반승용,현대자동차,아이오닉9 항속형 2WD,274,282,556,55,17
경북,일반승용,현대자동차,아이오닉9 항속형 AWD,271,279,550,54,16
경북,경·소형,현대자동차,캐스퍼 일렉트릭 기본형 15인치,490,553,"1,043",98,29
경북,경·소형,현대자동차,캐스퍼 일렉트릭 크로스 17인치,487,550,"1,037",97,29
경북,경·소형,현대자동차,캐스퍼 일렉트릭 항속형 15인치,490,553,"1,043",98,29
경북,경·소형,현대자동차,캐스퍼 일렉트릭 항속형 17인치(라운지포함),490,553,"1,043",98,29
경북,일반승용,현대자동차,코나 일렉트릭 2WD 롱레인지 17인치,514,529,"1,043",100,30
경북,일반승용,현대자동차,코나 일렉트릭 2WD 롱레인지 17인치 빌트인 캠 미적용,514,529,"1,043",100,30
경북,일반승용,현대자동차,코나 일렉트릭 2WD 롱레인지 19인치,459,472,931,92,28
경북,일반승용,현대자동차,코나 일렉트릭 2WD 스탠다드 17인치,437,450,887,87,26
경북,일반승용,BMW,MINI Aceman E,400,412,812,80,24
경북,일반승용,BMW,MINI Aceman SE,400,412,812,80,24
경북,일반승용,BMW,MINI Cooper SE,396,407,803,79,24
경북,일반승용,BMW,MINI Countryman E,217,223,440,43,13
경북,일반승용,BMW,MINI Countryman SE ALL4,203,209,412,41,12
경북,일반승용,BMW,MINI JCW Aceman E,197,202,399,39,12
경북,일반승용,BMW,MINI JCW E,191,196,387,38,11
경북,일반승용,BMW,i4 M60 LCI (71HD),233,239,472,47,14
경북,일반승용,BMW,i4 eDrive 40 LCI(21HD),244,251,495,49,15
경북,일반승용,BMW,i4 eDrive 40 LCI(61HD),256,263,519,51,15
경북,일반승용,BMW,i5 eDrive 40,262,269,531,52,16
경북,일반승용,BMW,iX1 eDrive20,212,218,430,42,13
경북,일반승용,BMW,iX1 eDrive20(11HM),235,242,477,47,14
경북,일반승용,BMW,iX1 xDrive30,192,197,389,38,11
경북,일반승용,BMW,iX2 eDrive20,214,220,434,43,13
경북,일반승용,BMW,iX2 eDrive20(71GN),239,246,485,48,14
경북,일반승용,BMW,iX3 50 xDrive,275,283,558,55,17
경북,일반승용,기아,EV3 GT,248,255,503,50,15
경북,일반승용,기아,EV3 롱레인지 2WD 17인치,555,571,"1,126",100,30
경북,일반승용,기아,EV3 롱레인지 2WD 19인치,555,571,"1,126",100,30
경북,일반승용,기아,EV3 롱레인지 4WD 19인치,539,555,"1,094",100,30
경북,일반승용,기아,EV3 스탠다드 2WD,469,483,952,94,28
경북,일반승용,기아,EV4 GT,255,262,517,51,15
경북,일반승용,기아,EV4 롱레인지 2WD 17인치,555,571,"1,126",100,30
경북,일반승용,기아,EV4 롱레인지 2WD 19인치,555,571,"1,126",100,30
경북,일반승용,기아,EV4 롱레인지 4WD 19인치,554,570,"1,124",100,30
경북,일반승용,기아,EV4 롱레인지 GTL 2WD 19인치,555,571,"1,126",100,30
경북,일반승용,기아,EV4 스탠다드 2WD 17인치,512,527,"1,039",100,30
경북,일반승용,기아,EV4 스탠다드 2WD 19인치,481,495,976,96,29
경북,일반승용,기아,EV5 GT,232,238,470,46,14
경북,일반승용,기아,EV5 롱레인지 2WD,552,568,"1,120",100,30
경북,일반승용,기아,EV5 롱레인지 4WD 18인치,499,513,"1,012",100,30
경북,일반승용,기아,EV5 롱레인지 4WD 19인치,493,507,"1,000",99,30
경북,일반승용,기아,EV9 GT,245,252,497,49,15
경북,일반승용,기아,EV9 롱레인지 2WD 19인치,270,278,548,54,16
경북,일반승용,기아,EV9 롱레인지 2WD 20인치,268,276,544,54,16
경북,일반승용,기아,EV9 롱레인지 4WD 19인치,254,261,515,51,15
경북,일반승용,기아,EV9 롱레인지 4WD 21인치,260,267,527,52,16
경북,일반승용,기아,EV9 롱레인지 GTL 4WD 21인치,252,259,511,50,15
경북,일반승용,기아,EV9 스탠다드,237,244,481,47,14
경북,일반승용,기아,PV5 패신저 5인승 롱레인지,458,471,929,92,28
경북,일반승용,기아,Pv5 WAV(비용 미지원),648,667,"1,315",100,30
경북,일반승용,기아,Pv5 WAV(비용 지원),448,461,909,90,27
경북,일반승용,기아,(단종)The all-new Kia Niro EV,489,503,992,98,29
경북,일반승용,기아,더뉴EV6 롱레인지 2WD 19인치,570,587,"1,157",100,30
경북,일반승용,기아,더뉴EV6 롱레인지 2WD 20인치,559,575,"1,134",100,30
경북,일반승용,기아,더뉴EV6 롱레인지 4WD 19인치,561,577,"1,138",100,30
경북,일반승용,기아,더뉴EV6 롱레인지 4WD 20인치,532,547,"1,079",100,30
경북,일반승용,기아,더뉴EV6 스탠다드,501,516,"1,017",100,30
경북,경·소형,기아,레이 EV 2WD 14인치 1인승 밴,457,516,973,91,27
경북,경·소형,기아,레이 EV 2WD 14인치 2인승 밴,457,516,973,91,27
경북,경·소형,기아,레이 EV 2WD 14인치 4인승 승용,457,516,973,91,27
경북,일반승용,메르세데스벤츠코리아,EQA 250(Facelift),190,195,385,38,11
경북,일반승용,메르세데스벤츠코리아,EQB 300 4MATIC(Facelift),154,158,312,31,9
경북,일반승용,메르세데스벤츠코리아,EQB 300 4MATIC(Facelift)(CY25/2),162,166,328,32,10
경북,일반승용,볼보자동차코리아,볼보 EX30 Single Motor ER,247,254,501,49,15
경북,일반승용,볼보자동차코리아,볼보 EX30CC Twin Motor Perf,222,228,450,44,13
경북,일반승용,비와이디코리아,(단종)BYD ATTO 3,126,129,255,25,8
경북,일반승용,비와이디코리아,(단종)BYD DOLPHIN,109,112,221,22,7
경북,일반승용,비와이디코리아,(단종)BYD DOLPHIN Active,132,135,267,26,8
경북,일반승용,비와이디코리아,(단종)BYD SEAL,169,174,343,34,10
경북,일반승용,비와이디코리아,(단종)BYD SEAL Dynamic AWD,151,155,306,30,9
경북,일반승용,비와이디코리아,(단종)BYD SEALION 7,152,156,308,30,9
경북,일반승용,케이지모빌리티,토레스 EVX 18인치,354,364,718,71,21
경북,일반승용,케이지모빌리티,토레스 EVX 18인치(2026),361,371,732,72,22
경북,일반승용,케이지모빌리티,토레스 EVX 20인치,344,354,698,69,21
경북,일반승용,케이지모빌리티,토레스 EVX 20인치(2026),354,364,718,71,21
경북,일반승용,케이지모빌리티,(단종)토레스 EVX 2WD 18인치,327,336,663,65,20
경북,일반승용,케이지모빌리티,(단종)토레스 EVX 2WD 20인치,312,321,633,62,19
경북,일반승용,테슬라코리아,Model 3 Performance,200,206,406,40,12
경북,일반승용,테슬라코리아,Model 3 Premium Long Range RWD,420,432,852,84,25
경북,일반승용,테슬라코리아,Model 3 Premium Long Range RWD(5999만원),210,216,426,42,13
경북,일반승용,테슬라코리아,Model 3 RWD,168,173,341,34,10
경북,일반승용,테슬라코리아,Model 3 RWD(2025),168,173,341,34,10
경북,일반승용,테슬라코리아,Model Y L AWD,215,216,431,43,13
경북,일반승용,테슬라코리아,Model Y Long Range(2025),210,216,426,42,13
경북,일반승용,테슬라코리아,Model Y Premium Long Range,210,216,426,42,13
경북,일반승용,테슬라코리아,Model Y Premium RWD,170,175,345,34,10
경북,일반승용,테슬라코리아,Model Y RWD(2025),170,175,345,34,10
경북,일반승용,폭스바겐그룹코리아,ID.4 Pro,432,444,876,86,26
경북,일반승용,폭스바겐그룹코리아,Q4 45 e-tron,206,212,418,41,12
경북,일반승용,폭스바겐그룹코리아,Q4 Sportback 45 e-tron,206,212,418,41,12
경북,일반승용,폭스바겐그룹코리아,(단종)Q6 e-tron performance,220,226,446,44,13
경북,일반승용,폭스바겐그룹코리아,iD.5 Pro,473,487,960,95,29
경북,일반승용,폴스타오토모티브코리아,Polestar 4 Coupe Dual Motor,168,173,341,34,10
경북,일반승용,폴스타오토모티브코리아,Polestar 4 Coupe Rear Motor,181,186,367,36,11
경북,일반승용,현대자동차,ELECTRIFIED G80,270,278,548,54,16
경북,일반승용,현대자동차,ELECTRIFIED GV70 AWD 19인치,261,268,529,52,16
경북,일반승용,현대자동차,ELECTRIFIED GV70 AWD 20인치,245,252,497,49,15
경북,일반승용,현대자동차,GV60 스탠다드 2WD 19인치,285,293,578,57,17
경북,일반승용,현대자동차,GV60 스탠다드 AWD 19인치,272,280,552,54,16
경북,일반승용,현대자동차,GV60 스탠다드 AWD 20인치,261,268,529,52,16
경북,일반승용,현대자동차,더 뉴 아이오닉5 2WD 롱레인지 19인치,564,580,"1,144",100,30
경북,일반승용,현대자동차,더 뉴 아이오닉5 2WD 롱레인지 19인치 빌트인 캠 미적용,567,584,"1,151",100,30
경북,일반승용,현대자동차,더 뉴 아이오닉5 2WD 롱레인지 20인치,559,575,"1,134",100,30
경북,일반승용,현대자동차,더 뉴 아이오닉5 2WD 롱레인지 N라인 20인치,541,557,"1,098",100,30
경북,일반승용,현대자동차,더 뉴 아이오닉5 2WD 스탠다드 19인치,483,497,980,97,29
경북,일반승용,현대자동차,더 뉴 아이오닉5 AWD 롱레인지 19인치,558,574,"1,132",100,30
경북,일반승용,현대자동차,더 뉴 아이오닉5 AWD 롱레인지 20인치,532,547,"1,079",100,30
경북,일반승용,현대자동차,더 뉴 아이오닉5 AWD 롱레인지 N라인 20인치,510,525,"1,035",100,30
경북,일반승용,현대자동차,더 뉴 아이오닉6 2WD 롱레인지 18인치,570,587,"1,157",100,30
경북,일반승용,현대자동차,더 뉴 아이오닉6 2WD 롱레인지 20인치,570,587,"1,157",100,30
경북,일반승용,현대자동차,더 뉴 아이오닉6 2WD 롱레인지 N라인 20인치,570,587,"1,157",100,30
경북,일반승용,현대자동차,더 뉴 아이오닉6 2WD 스탠다드 18인치,560,576,"1,136",100,30
경북,일반승용,현대자동차,더 뉴 아이오닉6 AWD 롱레인지 18인치,570,587,"1,157",100,30
경북,일반승용,현대자동차,더 뉴 아이오닉6 AWD 롱레인지 20인치,553,569,"1,122",100,30
경북,일반승용,현대자동차,더 뉴 아이오닉6 AWD 롱레인지 N라인 20인치,537,553,"1,090",100,30
경북,일반승용,현대자동차,스타리아 라운지 일렉트릭 7인승,229,235,464,46,14
경북,일반승용,현대자동차,스타리아 리무진 일렉트릭 6인승,229,235,464,46,14
경북,일반승용,현대자동차,아이오닉6 N,250,257,507,50,15
경북,일반승용,현대자동차,아이오닉9 성능형 AWD,272,280,552,54,16
경북,일반승용,현대자동차,아이오닉9 항속형 2WD,274,282,556,55,17
경북,일반승용,현대자동차,아이오닉9 항속형 AWD,271,279,550,54,16
경북,경·소형,현대자동차,캐스퍼 일렉트릭 기본형 15인치,490,553,"1,043",98,29
경북,경·소형,현대자동차,캐스퍼 일렉트릭 크로스 17인치,487,550,"1,037",97,29
경북,경·소형,현대자동차,캐스퍼 일렉트릭 항속형 15인치,490,553,"1,043",98,29
경북,경·소형,현대자동차,캐스퍼 일렉트릭 항속형 17인치(라운지포함),490,553,"1,043",98,29
경북,일반승용,현대자동차,코나 일렉트릭 2WD 롱레인지 17인치,514,529,"1,043",100,30
경북,일반승용,현대자동차,코나 일렉트릭 2WD 롱레인지 17인치 빌트인 캠 미적용,514,529,"1,043",100,30
경북,일반승용,현대자동차,코나 일렉트릭 2WD 롱레인지 19인치,459,472,931,92,28
경북,일반승용,현대자동차,코나 일렉트릭 2WD 스탠다드 17인치,437,450,887,87,26
경북,일반승용,BMW,MINI Aceman E,400,412,812,80,24
경북,일반승용,BMW,MINI Aceman SE,400,412,812,80,24
경북,일반승용,BMW,MINI Cooper SE,396,407,803,79,24
경북,일반승용,BMW,MINI Countryman E,217,223,440,43,13
경북,일반승용,BMW,MINI Countryman SE ALL4,203,209,412,41,12
경북,일반승용,BMW,MINI JCW Aceman E,197,202,399,39,12
경북,일반승용,BMW,MINI JCW E,191,196,387,38,11
경북,일반승용,BMW,i4 M60 LCI (71HD),233,239,472,47,14
경북,일반승용,BMW,i4 eDrive 40 LCI(21HD),244,251,495,49,15
경북,일반승용,BMW,i4 eDrive 40 LCI(61HD),256,263,519,51,15
경북,일반승용,BMW,i5 eDrive 40,262,269,531,52,16
경북,일반승용,BMW,iX1 eDrive20,212,218,430,42,13
경북,일반승용,BMW,iX1 eDrive20(11HM),235,242,477,47,14
경북,일반승용,BMW,iX1 xDrive30,192,197,389,38,11
경북,일반승용,BMW,iX2 eDrive20,214,220,434,43,13
경북,일반승용,BMW,iX2 eDrive20(71GN),239,246,485,48,14
경북,일반승용,BMW,iX3 50 xDrive,275,283,558,55,17
경북,일반승용,기아,EV3 GT,248,255,503,50,15
경북,일반승용,기아,EV3 롱레인지 2WD 17인치,555,571,"1,126",100,30
경북,일반승용,기아,EV3 롱레인지 2WD 19인치,555,571,"1,126",100,30
경북,일반승용,기아,EV3 롱레인지 4WD 19인치,539,555,"1,094",100,30
경북,일반승용,기아,EV3 스탠다드 2WD,469,483,952,94,28
경북,일반승용,기아,EV4 GT,255,262,517,51,15
경북,일반승용,기아,EV4 롱레인지 2WD 17인치,555,571,"1,126",100,30
경북,일반승용,기아,EV4 롱레인지 2WD 19인치,555,571,"1,126",100,30
경북,일반승용,기아,EV4 롱레인지 4WD 19인치,554,570,"1,124",100,30
경북,일반승용,기아,EV4 롱레인지 GTL 2WD 19인치,555,571,"1,126",100,30
경북,일반승용,기아,EV4 스탠다드 2WD 17인치,512,527,"1,039",100,30
경북,일반승용,기아,EV4 스탠다드 2WD 19인치,481,495,976,96,29
경북,일반승용,기아,EV5 GT,232,238,470,46,14
경북,일반승용,기아,EV5 롱레인지 2WD,552,568,"1,120",100,30
경북,일반승용,기아,EV5 롱레인지 4WD 18인치,499,513,"1,012",100,30
경북,일반승용,기아,EV5 롱레인지 4WD 19인치,493,507,"1,000",99,30
경북,일반승용,기아,EV9 GT,245,252,497,49,15
경북,일반승용,기아,EV9 롱레인지 2WD 19인치,270,278,548,54,16
경북,일반승용,기아,EV9 롱레인지 2WD 20인치,268,276,544,54,16
경북,일반승용,기아,EV9 롱레인지 4WD 19인치,254,261,515,51,15
경북,일반승용,기아,EV9 롱레인지 4WD 21인치,260,267,527,52,16
경북,일반승용,기아,EV9 롱레인지 GTL 4WD 21인치,252,259,511,50,15
경북,일반승용,기아,EV9 스탠다드,237,244,481,47,14
경북,일반승용,기아,PV5 패신저 5인승 롱레인지,458,471,929,92,28
경북,일반승용,기아,Pv5 WAV(비용 미지원),648,667,"1,315",100,30
경북,일반승용,기아,Pv5 WAV(비용 지원),448,461,909,90,27
경북,일반승용,기아,(단종)The all-new Kia Niro EV,489,0,489,98,29
경북,일반승용,기아,더뉴EV6 롱레인지 2WD 19인치,570,587,"1,157",100,30
경북,일반승용,기아,더뉴EV6 롱레인지 2WD 20인치,559,575,"1,134",100,30
경북,일반승용,기아,더뉴EV6 롱레인지 4WD 19인치,561,577,"1,138",100,30
경북,일반승용,기아,더뉴EV6 롱레인지 4WD 20인치,532,547,"1,079",100,30
경북,일반승용,기아,더뉴EV6 스탠다드,501,516,"1,017",100,30
경북,경·소형,기아,레이 EV 2WD 14인치 1인승 밴,457,516,973,91,27
경북,경·소형,기아,레이 EV 2WD 14인치 2인승 밴,457,516,973,91,27
경북,경·소형,기아,레이 EV 2WD 14인치 4인승 승용,457,516,973,91,27
경북,일반승용,메르세데스벤츠코리아,EQA 250(Facelift),190,195,385,38,11
경북,일반승용,메르세데스벤츠코리아,EQB 300 4MATIC(Facelift),154,158,312,31,9
경북,일반승용,메르세데스벤츠코리아,EQB 300 4MATIC(Facelift)(CY25/2),162,166,328,32,10
경북,일반승용,볼보자동차코리아,볼보 EX30 Single Motor ER,247,254,501,49,15
경북,일반승용,볼보자동차코리아,볼보 EX30CC Twin Motor Perf,222,228,450,44,13
경북,일반승용,비와이디코리아,(단종)BYD ATTO 3,126,129,255,25,8
경북,일반승용,비와이디코리아,(단종)BYD DOLPHIN,109,112,221,22,7
경북,일반승용,비와이디코리아,(단종)BYD DOLPHIN Active,132,135,267,26,8
경북,일반승용,비와이디코리아,(단종)BYD SEAL,169,174,343,34,10
경북,일반승용,비와이디코리아,(단종)BYD SEAL Dynamic AWD,151,155,306,30,9
경북,일반승용,비와이디코리아,(단종)BYD SEALION 7,152,156,308,30,9
경북,일반승용,케이지모빌리티,토레스 EVX 18인치,354,364,718,71,21
경북,일반승용,케이지모빌리티,토레스 EVX 18인치(2026),361,371,732,72,22
경북,일반승용,케이지모빌리티,토레스 EVX 20인치,344,354,698,69,21
경북,일반승용,케이지모빌리티,토레스 EVX 20인치(2026),354,364,718,71,21
경북,일반승용,케이지모빌리티,(단종)토레스 EVX 2WD 18인치,327,0,327,65,20
경북,일반승용,케이지모빌리티,(단종)토레스 EVX 2WD 20인치,312,0,312,62,19
경북,일반승용,테슬라코리아,Model 3 Performance,200,206,406,40,12
경북,일반승용,테슬라코리아,Model 3 Premium Long Range RWD,420,432,852,84,25
경북,일반승용,테슬라코리아,Model 3 Premium Long Range RWD(5999만원),210,0,210,42,13
경북,일반승용,테슬라코리아,Model 3 RWD,168,0,168,34,10
경북,일반승용,테슬라코리아,Model 3 RWD(2025),168,0,168,34,10
경북,일반승용,테슬라코리아,Model Y L AWD,215,0,215,43,13
경북,일반승용,테슬라코리아,Model Y Long Range(2025),210,0,210,42,13
경북,일반승용,테슬라코리아,Model Y Premium Long Range,210,216,426,42,13
경북,일반승용,테슬라코리아,Model Y Premium RWD,170,175,345,34,10
경북,일반승용,테슬라코리아,Model Y RWD(2025),170,0,170,34,10
경북,일반승용,폭스바겐그룹코리아,ID.4 Pro,432,444,876,86,26
경북,일반승용,폭스바겐그룹코리아,Q4 45 e-tron,206,212,418,41,12
경북,일반승용,폭스바겐그룹코리아,Q4 Sportback 45 e-tron,206,212,418,41,12
경북,일반승용,폭스바겐그룹코리아,(단종)Q6 e-tron performance,220,226,446,44,13
경북,일반승용,폭스바겐그룹코리아,iD.5 Pro,473,487,960,95,29
경북,일반승용,폴스타오토모티브코리아,Polestar 4 Coupe Dual Motor,168,173,341,34,10
경북,일반승용,폴스타오토모티브코리아,Polestar 4 Coupe Rear Motor,181,186,367,36,11
경북,일반승용,현대자동차,ELECTRIFIED G80,270,278,548,54,16
경북,일반승용,현대자동차,ELECTRIFIED GV70 AWD 19인치,261,268,529,52,16
경북,일반승용,현대자동차,ELECTRIFIED GV70 AWD 20인치,245,252,497,49,15
경북,일반승용,현대자동차,GV60 스탠다드 2WD 19인치,285,293,578,57,17
경북,일반승용,현대자동차,GV60 스탠다드 AWD 19인치,272,280,552,54,16
경북,일반승용,현대자동차,GV60 스탠다드 AWD 20인치,261,268,529,52,16
경북,일반승용,현대자동차,더 뉴 아이오닉5 2WD 롱레인지 19인치,564,580,"1,144",100,30
경북,일반승용,현대자동차,더 뉴 아이오닉5 2WD 롱레인지 19인치 빌트인 캠 미적용,567,584,"1,151",100,30
경북,일반승용,현대자동차,더 뉴 아이오닉5 2WD 롱레인지 20인치,559,575,"1,134",100,30
경북,일반승용,현대자동차,더 뉴 아이오닉5 2WD 롱레인지 N라인 20인치,541,557,"1,098",100,30
경북,일반승용,현대자동차,더 뉴 아이오닉5 2WD 스탠다드 19인치,483,497,980,97,29
경북,일반승용,현대자동차,더 뉴 아이오닉5 AWD 롱레인지 19인치,558,574,"1,132",100,30
경북,일반승용,현대자동차,더 뉴 아이오닉5 AWD 롱레인지 20인치,532,547,"1,079",100,30
경북,일반승용,현대자동차,더 뉴 아이오닉5 AWD 롱레인지 N라인 20인치,510,525,"1,035",100,30
경북,일반승용,현대자동차,더 뉴 아이오닉6 2WD 롱레인지 18인치,570,587,"1,157",100,30
경북,일반승용,현대자동차,더 뉴 아이오닉6 2WD 롱레인지 20인치,570,587,"1,157",100,30
경북,일반승용,현대자동차,더 뉴 아이오닉6 2WD 롱레인지 N라인 20인치,570,587,"1,157",100,30
경북,일반승용,현대자동차,더 뉴 아이오닉6 2WD 스탠다드 18인치,560,576,"1,136",100,30
경북,일반승용,현대자동차,더 뉴 아이오닉6 AWD 롱레인지 18인치,570,587,"1,157",100,30
경북,일반승용,현대자동차,더 뉴 아이오닉6 AWD 롱레인지 20인치,553,569,"1,122",100,30
경북,일반승용,현대자동차,더 뉴 아이오닉6 AWD 롱레인지 N라인 20인치,537,553,"1,090",100,30
경북,일반승용,현대자동차,스타리아 라운지 일렉트릭 7인승,229,235,464,46,14
경북,일반승용,현대자동차,스타리아 리무진 일렉트릭 6인승,229,235,464,46,14
경북,일반승용,현대자동차,아이오닉6 N,250,257,507,50,15
경북,일반승용,현대자동차,아이오닉9 성능형 AWD,272,280,552,54,16
경북,일반승용,현대자동차,아이오닉9 항속형 2WD,274,282,556,55,17
경북,일반승용,현대자동차,아이오닉9 항속형 AWD,271,279,550,54,16
경북,경·소형,현대자동차,캐스퍼 일렉트릭 기본형 15인치,490,553,"1,043",98,29
경북,경·소형,현대자동차,캐스퍼 일렉트릭 크로스 17인치,487,550,"1,037",97,29
경북,경·소형,현대자동차,캐스퍼 일렉트릭 항속형 15인치,490,553,"1,043",98,29
경북,경·소형,현대자동차,캐스퍼 일렉트릭 항속형 17인치(라운지포함),490,553,"1,043",98,29
경북,일반승용,현대자동차,코나 일렉트릭 2WD 롱레인지 17인치,514,529,"1,043",100,30
경북,일반승용,현대자동차,코나 일렉트릭 2WD 롱레인지 17인치 빌트인 캠 미적용,514,529,"1,043",100,30
경북,일반승용,현대자동차,코나 일렉트릭 2WD 롱레인지 19인치,459,472,931,92,28
경북,일반승용,현대자동차,코나 일렉트릭 2WD 스탠다드 17인치,437,450,887,87,26
경북,일반승용,BMW,MINI Aceman E,400,412,812,80,24
경북,일반승용,BMW,MINI Aceman SE,400,412,812,80,24
경북,일반승용,BMW,MINI Cooper SE,396,407,803,79,24
경북,일반승용,BMW,MINI Countryman E,217,223,440,43,13
경북,일반승용,BMW,MINI Countryman SE ALL4,203,209,412,41,12
경북,일반승용,BMW,MINI JCW Aceman E,197,202,399,39,12
경북,일반승용,BMW,MINI JCW E,191,196,387,38,11
경북,일반승용,BMW,i4 M60 LCI (71HD),233,239,472,47,14
경북,일반승용,BMW,i4 eDrive 40 LCI(21HD),244,251,495,49,15
경북,일반승용,BMW,i4 eDrive 40 LCI(61HD),256,263,519,51,15
경북,일반승용,BMW,i5 eDrive 40,262,269,531,52,16
경북,일반승용,BMW,iX1 eDrive20,212,218,430,42,13
경북,일반승용,BMW,iX1 xDrive30,192,197,389,38,11
경북,일반승용,BMW,iX2 eDrive20,214,220,434,43,13
경북,일반승용,기아,EV3 GT,248,255,503,50,15
경북,일반승용,기아,EV3 롱레인지 2WD 17인치,555,571,"1,126",100,30
경북,일반승용,기아,EV3 롱레인지 2WD 19인치,555,571,"1,126",100,30
경북,일반승용,기아,EV3 롱레인지 4WD 19인치,539,555,"1,094",100,30
경북,일반승용,기아,EV3 스탠다드 2WD,469,483,952,94,28
경북,일반승용,기아,EV4 GT,255,262,517,51,15
경북,일반승용,기아,EV4 롱레인지 2WD 17인치,555,571,"1,126",100,30
경북,일반승용,기아,EV4 롱레인지 2WD 19인치,555,571,"1,126",100,30
경북,일반승용,기아,EV4 롱레인지 4WD 19인치,554,570,"1,124",100,30
경북,일반승용,기아,EV4 롱레인지 GTL 2WD 19인치,555,571,"1,126",100,30
경북,일반승용,기아,EV4 스탠다드 2WD 17인치,512,527,"1,039",100,30
경북,일반승용,기아,EV4 스탠다드 2WD 19인치,481,495,976,96,29
경북,일반승용,기아,EV5 GT,232,238,470,46,14
경북,일반승용,기아,EV5 롱레인지 2WD,552,568,"1,120",100,30
경북,일반승용,기아,EV5 롱레인지 4WD 18인치,499,513,"1,012",100,30
경북,일반승용,기아,EV5 롱레인지 4WD 19인치,493,507,"1,000",99,30
경북,일반승용,기아,EV9 GT,245,252,497,49,15
경북,일반승용,기아,EV9 롱레인지 2WD 19인치,270,278,548,54,16
경북,일반승용,기아,EV9 롱레인지 2WD 20인치,268,276,544,54,16
경북,일반승용,기아,EV9 롱레인지 4WD 19인치,254,261,515,51,15
경북,일반승용,기아,EV9 롱레인지 4WD 21인치,260,267,527,52,16
경북,일반승용,기아,EV9 롱레인지 GTL 4WD 21인치,252,259,511,50,15
경북,일반승용,기아,EV9 스탠다드,237,244,481,47,14
경북,일반승용,기아,PV5 패신저 5인승 롱레인지,458,471,929,92,28
경북,일반승용,기아,Pv5 WAV(비용 미지원),648,667,"1,315",100,30
경북,일반승용,기아,Pv5 WAV(비용 지원),448,461,909,90,27
경북,일반승용,기아,(단종)The all-new Kia Niro EV,489,503,992,98,29
경북,일반승용,기아,더뉴EV6 롱레인지 2WD 19인치,570,587,"1,157",100,30
경북,일반승용,기아,더뉴EV6 롱레인지 2WD 20인치,559,575,"1,134",100,30
경북,일반승용,기아,더뉴EV6 롱레인지 4WD 19인치,561,577,"1,138",100,30
경북,일반승용,기아,더뉴EV6 롱레인지 4WD 20인치,532,547,"1,079",100,30
경북,일반승용,기아,더뉴EV6 스탠다드,501,516,"1,017",100,30
경북,경·소형,기아,레이 EV 2WD 14인치 1인승 밴,457,516,973,91,27
경북,경·소형,기아,레이 EV 2WD 14인치 2인승 밴,457,516,973,91,27
경북,경·소형,기아,레이 EV 2WD 14인치 4인승 승용,457,516,973,91,27
경북,일반승용,메르세데스벤츠코리아,EQA 250(Facelift),190,195,385,38,11
경북,일반승용,메르세데스벤츠코리아,EQB 300 4MATIC(Facelift),154,158,312,31,9
경북,일반승용,메르세데스벤츠코리아,EQB 300 4MATIC(Facelift)(CY25/2),162,166,328,32,10
경북,일반승용,비와이디코리아,(단종)BYD ATTO 3,126,129,255,25,8
경북,일반승용,비와이디코리아,(단종)BYD DOLPHIN,109,112,221,22,7
경북,일반승용,비와이디코리아,(단종)BYD DOLPHIN Active,132,135,267,26,8
경북,일반승용,비와이디코리아,(단종)BYD SEAL,169,174,343,34,10
경북,일반승용,비와이디코리아,(단종)BYD SEAL Dynamic AWD,151,155,306,30,9
경북,일반승용,비와이디코리아,(단종)BYD SEALION 7,152,156,308,30,9
경북,일반승용,케이지모빌리티,토레스 EVX 18인치,354,364,718,71,21
경북,일반승용,케이지모빌리티,토레스 EVX 18인치(2026),361,371,732,72,22
경북,일반승용,케이지모빌리티,토레스 EVX 20인치,344,354,698,69,21
경북,일반승용,케이지모빌리티,토레스 EVX 20인치(2026),354,364,718,71,21
경북,일반승용,케이지모빌리티,(단종)토레스 EVX 2WD 18인치,327,336,663,65,20
경북,일반승용,케이지모빌리티,(단종)토레스 EVX 2WD 20인치,312,321,633,62,19
경북,일반승용,테슬라코리아,Model 3 Performance,200,206,406,40,12
경북,일반승용,테슬라코리아,Model 3 Premium Long Range RWD,420,432,852,84,25
경북,일반승용,테슬라코리아,Model 3 RWD,168,173,341,34,10
경북,일반승용,테슬라코리아,Model 3 RWD(2025),168,173,341,34,10
경북,일반승용,테슬라코리아,Model Y L AWD,215,216,431,43,13
경북,일반승용,테슬라코리아,Model Y Long Range(2025),210,216,426,42,13
경북,일반승용,테슬라코리아,Model Y Premium Long Range,210,216,426,42,13
경북,일반승용,테슬라코리아,Model Y Premium RWD,170,175,345,34,10
경북,일반승용,테슬라코리아,Model Y RWD(2025),170,175,345,34,10
경북,일반승용,폭스바겐그룹코리아,ID.4 Pro,432,444,876,86,26
경북,일반승용,폭스바겐그룹코리아,Q4 45 e-tron,206,212,418,41,12
경북,일반승용,폭스바겐그룹코리아,Q4 Sportback 45 e-tron,206,212,418,41,12
경북,일반승용,폭스바겐그룹코리아,(단종)Q6 e-tron performance,220,226,446,44,13
경북,일반승용,현대자동차,ELECTRIFIED G80,270,278,548,54,16
경북,일반승용,현대자동차,ELECTRIFIED GV70 AWD 19인치,261,268,529,52,16
경북,일반승용,현대자동차,ELECTRIFIED GV70 AWD 20인치,245,252,497,49,15
경북,일반승용,현대자동차,GV60 스탠다드 2WD 19인치,285,293,578,57,17
경북,일반승용,현대자동차,GV60 스탠다드 AWD 19인치,272,280,552,54,16
경북,일반승용,현대자동차,GV60 스탠다드 AWD 20인치,261,268,529,52,16
경북,일반승용,현대자동차,더 뉴 아이오닉5 2WD 롱레인지 19인치,564,580,"1,144",100,30
경북,일반승용,현대자동차,더 뉴 아이오닉5 2WD 롱레인지 19인치 빌트인 캠 미적용,567,584,"1,151",100,30
경북,일반승용,현대자동차,더 뉴 아이오닉5 2WD 롱레인지 20인치,559,575,"1,134",100,30
경북,일반승용,현대자동차,더 뉴 아이오닉5 2WD 롱레인지 N라인 20인치,541,557,"1,098",100,30
경북,일반승용,현대자동차,더 뉴 아이오닉5 2WD 스탠다드 19인치,483,497,980,97,29
경북,일반승용,현대자동차,더 뉴 아이오닉5 AWD 롱레인지 19인치,558,574,"1,132",100,30
경북,일반승용,현대자동차,더 뉴 아이오닉5 AWD 롱레인지 20인치,532,547,"1,079",100,30
경북,일반승용,현대자동차,더 뉴 아이오닉5 AWD 롱레인지 N라인 20인치,510,525,"1,035",100,30
경북,일반승용,현대자동차,더 뉴 아이오닉6 2WD 롱레인지 18인치,570,587,"1,157",100,30
경북,일반승용,현대자동차,더 뉴 아이오닉6 2WD 롱레인지 20인치,570,587,"1,157",100,30
경북,일반승용,현대자동차,더 뉴 아이오닉6 2WD 롱레인지 N라인 20인치,570,587,"1,157",100,30
경북,일반승용,현대자동차,더 뉴 아이오닉6 2WD 스탠다드 18인치,560,576,"1,136",100,30
경북,일반승용,현대자동차,더 뉴 아이오닉6 AWD 롱레인지 18인치,570,587,"1,157",100,30
경북,일반승용,현대자동차,더 뉴 아이오닉6 AWD 롱레인지 20인치,553,569,"1,122",100,30
경북,일반승용,현대자동차,더 뉴 아이오닉6 AWD 롱레인지 N라인 20인치,537,553,"1,090",100,30
경북,일반승용,현대자동차,아이오닉6 N,250,257,507,50,15
경북,일반승용,현대자동차,아이오닉9 성능형 AWD,272,280,552,54,16
경북,일반승용,현대자동차,아이오닉9 항속형 2WD,274,282,556,55,17
경북,일반승용,현대자동차,아이오닉9 항속형 AWD,271,279,550,54,16
경북,경·소형,현대자동차,캐스퍼 일렉트릭 기본형 15인치,490,553,"1,043",98,29
경북,경·소형,현대자동차,캐스퍼 일렉트릭 크로스 17인치,487,550,"1,037",97,29
경북,경·소형,현대자동차,캐스퍼 일렉트릭 항속형 15인치,490,553,"1,043",98,29
경북,경·소형,현대자동차,캐스퍼 일렉트릭 항속형 17인치(라운지포함),490,553,"1,043",98,29
경북,일반승용,현대자동차,코나 일렉트릭 2WD 롱레인지 17인치,514,529,"1,043",100,30
경북,일반승용,현대자동차,코나 일렉트릭 2WD 롱레인지 17인치 빌트인 캠 미적용,514,529,"1,043",100,30
경북,일반승용,현대자동차,코나 일렉트릭 2WD 롱레인지 19인치,459,472,931,92,28
경북,일반승용,현대자동차,코나 일렉트릭 2WD 스탠다드 17인치,437,450,887,87,26
경북,일반승용,BMW,MINI Aceman E,400,412,812,80,24
경북,일반승용,BMW,MINI Aceman SE,400,412,812,80,24
경북,일반승용,BMW,MINI Cooper SE,396,407,803,79,24
경북,일반승용,BMW,MINI Countryman E,217,223,440,43,13
경북,일반승용,BMW,MINI Countryman SE ALL4,203,209,412,41,12
경북,일반승용,BMW,MINI JCW Aceman E,197,202,399,39,12
경북,일반승용,BMW,MINI JCW E,191,196,387,38,11
경북,일반승용,BMW,i4 M60 LCI (71HD),233,239,472,47,14
경북,일반승용,BMW,i4 eDrive 40 LCI(21HD),244,251,495,49,15
경북,일반승용,BMW,i4 eDrive 40 LCI(61HD),256,263,519,51,15
경북,일반승용,BMW,i5 eDrive 40,262,269,531,52,16
경북,일반승용,BMW,iX1 eDrive20,212,218,430,42,13
경북,일반승용,BMW,iX1 eDrive20(11HM),235,242,477,47,14
경북,일반승용,BMW,iX1 xDrive30,192,197,389,38,11
경북,일반승용,BMW,iX2 eDrive20,214,220,434,43,13
경북,일반승용,BMW,iX2 eDrive20(71GN),239,246,485,48,14
경북,일반승용,BMW,iX3 50 xDrive,275,283,558,55,17
경북,일반승용,기아,EV3 GT,248,255,503,50,15
경북,일반승용,기아,EV3 롱레인지 2WD 17인치,555,571,"1,126",100,30
경북,일반승용,기아,EV3 롱레인지 2WD 19인치,555,571,"1,126",100,30
경북,일반승용,기아,EV3 롱레인지 4WD 19인치,539,555,"1,094",100,30
경북,일반승용,기아,EV3 스탠다드 2WD,469,483,952,94,28
경북,일반승용,기아,EV4 GT,255,262,517,51,15
경북,일반승용,기아,EV4 롱레인지 2WD 17인치,555,571,"1,126",100,30
경북,일반승용,기아,EV4 롱레인지 2WD 19인치,555,571,"1,126",100,30
경북,일반승용,기아,EV4 롱레인지 4WD 19인치,554,570,"1,124",100,30
경북,일반승용,기아,EV4 롱레인지 GTL 2WD 19인치,555,571,"1,126",100,30
경북,일반승용,기아,EV4 스탠다드 2WD 17인치,512,527,"1,039",100,30
경북,일반승용,기아,EV4 스탠다드 2WD 19인치,481,495,976,96,29
경북,일반승용,기아,EV5 GT,232,238,470,46,14
경북,일반승용,기아,EV5 롱레인지 2WD,552,568,"1,120",100,30
경북,일반승용,기아,EV5 롱레인지 4WD 18인치,499,513,"1,012",100,30
경북,일반승용,기아,EV5 롱레인지 4WD 19인치,493,507,"1,000",99,30
경북,일반승용,기아,EV9 GT,245,252,497,49,15
경북,일반승용,기아,EV9 롱레인지 2WD 19인치,270,278,548,54,16
경북,일반승용,기아,EV9 롱레인지 2WD 20인치,268,276,544,54,16
경북,일반승용,기아,EV9 롱레인지 4WD 19인치,254,261,515,51,15
경북,일반승용,기아,EV9 롱레인지 4WD 21인치,260,267,527,52,16
경북,일반승용,기아,EV9 롱레인지 GTL 4WD 21인치,252,259,511,50,15
경북,일반승용,기아,EV9 스탠다드,237,244,481,47,14
경북,일반승용,기아,PV5 패신저 5인승 롱레인지,458,471,929,92,28
경북,일반승용,기아,Pv5 WAV(비용 미지원),648,667,"1,315",100,30
경북,일반승용,기아,Pv5 WAV(비용 지원),448,461,909,90,27
경북,일반승용,기아,(단종)The all-new Kia Niro EV,489,503,992,98,29
경북,일반승용,기아,더뉴EV6 롱레인지 2WD 19인치,570,587,"1,157",100,30
경북,일반승용,기아,더뉴EV6 롱레인지 2WD 20인치,559,575,"1,134",100,30
경북,일반승용,기아,더뉴EV6 롱레인지 4WD 19인치,561,577,"1,138",100,30
경북,일반승용,기아,더뉴EV6 롱레인지 4WD 20인치,532,547,"1,079",100,30
경북,일반승용,기아,더뉴EV6 스탠다드,501,516,"1,017",100,30
경북,경·소형,기아,레이 EV 2WD 14인치 1인승 밴,457,516,973,91,27
경북,경·소형,기아,레이 EV 2WD 14인치 2인승 밴,457,516,973,91,27
경북,경·소형,기아,레이 EV 2WD 14인치 4인승 승용,457,516,973,91,27
경북,일반승용,메르세데스벤츠코리아,EQA 250(Facelift),190,195,385,38,11
경북,일반승용,메르세데스벤츠코리아,EQB 300 4MATIC(Facelift),154,158,312,31,9
경북,일반승용,메르세데스벤츠코리아,EQB 300 4MATIC(Facelift)(CY25/2),162,166,328,32,10
경북,일반승용,볼보자동차코리아,볼보 EX30 Single Motor ER,247,254,501,49,15
경북,일반승용,볼보자동차코리아,볼보 EX30CC Twin Motor Perf,222,228,450,44,13
경북,일반승용,비와이디코리아,(단종)BYD ATTO 3,126,129,255,25,8
경북,일반승용,비와이디코리아,(단종)BYD DOLPHIN,109,112,221,22,7
경북,일반승용,비와이디코리아,(단종)BYD DOLPHIN Active,132,135,267,26,8
경북,일반승용,비와이디코리아,(단종)BYD SEAL,169,174,343,34,10
경북,일반승용,비와이디코리아,(단종)BYD SEAL Dynamic AWD,151,155,306,30,9
경북,일반승용,비와이디코리아,(단종)BYD SEALION 7,152,156,308,30,9
경북,일반승용,케이지모빌리티,토레스 EVX 18인치,354,364,718,71,21
경북,일반승용,케이지모빌리티,토레스 EVX 18인치(2026),361,371,732,72,22
경북,일반승용,케이지모빌리티,토레스 EVX 20인치,344,354,698,69,21
경북,일반승용,케이지모빌리티,토레스 EVX 20인치(2026),354,364,718,71,21
경북,일반승용,케이지모빌리티,(단종)토레스 EVX 2WD 18인치,327,336,663,65,20
경북,일반승용,케이지모빌리티,(단종)토레스 EVX 2WD 20인치,312,321,633,62,19
경북,일반승용,테슬라코리아,Model 3 Performance,200,206,406,40,12
경북,일반승용,테슬라코리아,Model 3 Premium Long Range RWD,420,432,852,84,25
경북,일반승용,테슬라코리아,Model 3 Premium Long Range RWD(5999만원),210,216,426,42,13
경북,일반승용,테슬라코리아,Model 3 RWD,168,173,341,34,10
경북,일반승용,테슬라코리아,Model 3 RWD(2025),168,173,341,34,10
경북,일반승용,테슬라코리아,Model Y L AWD,215,216,431,43,13
경북,일반승용,테슬라코리아,Model Y Long Range(2025),210,216,426,42,13
경북,일반승용,테슬라코리아,Model Y Premium Long Range,210,216,426,42,13
경북,일반승용,테슬라코리아,Model Y Premium RWD,170,175,345,34,10
경북,일반승용,테슬라코리아,Model Y RWD(2025),170,175,345,34,10
경북,일반승용,폭스바겐그룹코리아,ID.4 Pro,432,444,876,86,26
경북,일반승용,폭스바겐그룹코리아,Q4 45 e-tron,206,212,418,41,12
경북,일반승용,폭스바겐그룹코리아,Q4 Sportback 45 e-tron,206,212,418,41,12
경북,일반승용,폭스바겐그룹코리아,(단종)Q6 e-tron performance,220,226,446,44,13
경북,일반승용,폭스바겐그룹코리아,iD.5 Pro,473,487,960,95,29
경북,일반승용,폴스타오토모티브코리아,Polestar 4 Coupe Dual Motor,168,173,341,34,10
경북,일반승용,폴스타오토모티브코리아,Polestar 4 Coupe Rear Motor,181,186,367,36,11
경북,일반승용,현대자동차,ELECTRIFIED G80,270,278,548,54,16
경북,일반승용,현대자동차,ELECTRIFIED GV70 AWD 19인치,261,268,529,52,16
경북,일반승용,현대자동차,ELECTRIFIED GV70 AWD 20인치,245,252,497,49,15
경북,일반승용,현대자동차,GV60 스탠다드 2WD 19인치,285,293,578,57,17
경북,일반승용,현대자동차,GV60 스탠다드 AWD 19인치,272,280,552,54,16
경북,일반승용,현대자동차,GV60 스탠다드 AWD 20인치,261,268,529,52,16
경북,일반승용,현대자동차,더 뉴 아이오닉5 2WD 롱레인지 19인치,564,580,"1,144",100,30
경북,일반승용,현대자동차,더 뉴 아이오닉5 2WD 롱레인지 19인치 빌트인 캠 미적용,567,584,"1,151",100,30
경북,일반승용,현대자동차,더 뉴 아이오닉5 2WD 롱레인지 20인치,559,575,"1,134",100,30
경북,일반승용,현대자동차,더 뉴 아이오닉5 2WD 롱레인지 N라인 20인치,541,557,"1,098",100,30
경북,일반승용,현대자동차,더 뉴 아이오닉5 2WD 스탠다드 19인치,483,497,980,97,29
경북,일반승용,현대자동차,더 뉴 아이오닉5 AWD 롱레인지 19인치,558,574,"1,132",100,30
경북,일반승용,현대자동차,더 뉴 아이오닉5 AWD 롱레인지 20인치,532,547,"1,079",100,30
경북,일반승용,현대자동차,더 뉴 아이오닉5 AWD 롱레인지 N라인 20인치,510,525,"1,035",100,30
경북,일반승용,현대자동차,더 뉴 아이오닉6 2WD 롱레인지 18인치,570,587,"1,157",100,30
경북,일반승용,현대자동차,더 뉴 아이오닉6 2WD 롱레인지 20인치,570,587,"1,157",100,30
경북,일반승용,현대자동차,더 뉴 아이오닉6 2WD 롱레인지 N라인 20인치,570,587,"1,157",100,30
경북,일반승용,현대자동차,더 뉴 아이오닉6 2WD 스탠다드 18인치,560,576,"1,136",100,30
경북,일반승용,현대자동차,더 뉴 아이오닉6 AWD 롱레인지 18인치,570,587,"1,157",100,30
경북,일반승용,현대자동차,더 뉴 아이오닉6 AWD 롱레인지 20인치,553,569,"1,122",100,30
경북,일반승용,현대자동차,더 뉴 아이오닉6 AWD 롱레인지 N라인 20인치,537,553,"1,090",100,30
경북,일반승용,현대자동차,스타리아 라운지 일렉트릭 7인승,229,235,464,46,14
경북,일반승용,현대자동차,스타리아 리무진 일렉트릭 6인승,229,235,464,46,14
경북,일반승용,현대자동차,아이오닉6 N,250,257,507,50,15
경북,일반승용,현대자동차,아이오닉9 성능형 AWD,272,280,552,54,16
경북,일반승용,현대자동차,아이오닉9 항속형 2WD,274,282,556,55,17
경북,일반승용,현대자동차,아이오닉9 항속형 AWD,271,279,550,54,16
경북,경·소형,현대자동차,캐스퍼 일렉트릭 기본형 15인치,490,553,"1,043",98,29
경북,경·소형,현대자동차,캐스퍼 일렉트릭 크로스 17인치,487,550,"1,037",97,29
경북,경·소형,현대자동차,캐스퍼 일렉트릭 항속형 15인치,490,553,"1,043",98,29
경북,경·소형,현대자동차,캐스퍼 일렉트릭 항속형 17인치(라운지포함),490,553,"1,043",98,29
경북,일반승용,현대자동차,코나 일렉트릭 2WD 롱레인지 17인치,514,529,"1,043",100,30
경북,일반승용,현대자동차,코나 일렉트릭 2WD 롱레인지 17인치 빌트인 캠 미적용,514,529,"1,043",100,30
경북,일반승용,현대자동차,코나 일렉트릭 2WD 롱레인지 19인치,459,472,931,92,28
경북,일반승용,현대자동차,코나 일렉트릭 2WD 스탠다드 17인치,437,450,887,87,26
경북,일반승용,BMW,MINI Aceman E,400,756,"1,156",80,24
경북,일반승용,BMW,MINI Aceman SE,400,756,"1,156",80,24
경북,일반승용,BMW,MINI Cooper SE,396,748,"1,144",79,24
경북,일반승용,BMW,MINI Countryman E,217,410,627,43,13
경북,일반승용,BMW,MINI Countryman SE ALL4,203,383,586,41,12
경북,일반승용,BMW,MINI JCW Aceman E,197,372,569,39,12
경북,일반승용,BMW,MINI JCW E,191,360,551,38,11
경북,일반승용,BMW,i4 M60 LCI (71HD),233,440,673,47,14
경북,일반승용,BMW,i4 eDrive 40 LCI(21HD),244,461,705,49,15
경북,일반승용,BMW,i4 eDrive 40 LCI(61HD),256,483,739,51,15
경북,일반승용,BMW,i5 eDrive 40,262,495,757,52,16
경북,일반승용,BMW,iX1 eDrive20,212,400,612,42,13
경북,일반승용,BMW,iX1 eDrive20(11HM),235,444,679,47,14
경북,일반승용,BMW,iX1 xDrive30,192,362,554,38,11
경북,일반승용,BMW,iX2 eDrive20,214,404,618,43,13
경북,일반승용,BMW,iX2 eDrive20(71GN),239,451,690,48,14
경북,일반승용,BMW,iX3 50 xDrive,275,519,794,55,17
경북,일반승용,기아,EV3 GT,248,468,716,50,15
경북,일반승용,기아,EV3 롱레인지 2WD 17인치,555,"1,048","1,603",100,30
경북,일반승용,기아,EV3 롱레인지 2WD 19인치,555,"1,048","1,603",100,30
경북,일반승용,기아,EV3 롱레인지 4WD 19인치,539,"1,018","1,557",100,30
경북,일반승용,기아,EV3 스탠다드 2WD,469,886,"1,355",94,28
경북,일반승용,기아,EV4 GT,255,481,736,51,15
경북,일반승용,기아,EV4 롱레인지 2WD 17인치,555,"1,048","1,603",100,30
경북,일반승용,기아,EV4 롱레인지 2WD 19인치,555,"1,048","1,603",100,30
경북,일반승용,기아,EV4 롱레인지 4WD 19인치,554,"1,047","1,601",100,30
경북,일반승용,기아,EV4 롱레인지 GTL 2WD 19인치,555,"1,048","1,603",100,30
경북,일반승용,기아,EV4 스탠다드 2WD 17인치,512,967,"1,479",100,30
경북,일반승용,기아,EV4 스탠다드 2WD 19인치,481,909,"1,390",96,29
경북,일반승용,기아,EV5 GT,232,438,670,46,14
경북,일반승용,기아,EV5 롱레인지 2WD,552,"1,043","1,595",100,30
경북,일반승용,기아,EV5 롱레인지 4WD 18인치,499,943,"1,442",100,30
경북,일반승용,기아,EV5 롱레인지 4WD 19인치,493,931,"1,424",99,30
경북,일반승용,기아,EV9 GT,245,463,708,49,15
경북,일반승용,기아,EV9 롱레인지 2WD 19인치,270,510,780,54,16
경북,일반승용,기아,EV9 롱레인지 2WD 20인치,268,506,774,54,16
경북,일반승용,기아,EV9 롱레인지 4WD 19인치,254,480,734,51,15
경북,일반승용,기아,EV9 롱레인지 4WD 21인치,260,491,751,52,16
경북,일반승용,기아,EV9 롱레인지 GTL 4WD 21인치,252,476,728,50,15
경북,일반승용,기아,EV9 스탠다드,237,447,684,47,14
경북,일반승용,기아,PV5 패신저 5인승 롱레인지,458,865,"1,323",92,28
경북,일반승용,기아,Pv5 WAV(비용 미지원),648,"1,224","1,872",100,30
경북,일반승용,기아,Pv5 WAV(비용 지원),448,846,"1,294",90,27
경북,일반승용,기아,(단종)The all-new Kia Niro EV,489,924,"1,413",98,29
경북,일반승용,기아,더뉴EV6 롱레인지 2WD 19인치,570,"1,077","1,647",100,30
경북,일반승용,기아,더뉴EV6 롱레인지 2WD 20인치,559,"1,056","1,615",100,30
경북,일반승용,기아,더뉴EV6 롱레인지 4WD 19인치,561,"1,060","1,621",100,30
경북,일반승용,기아,더뉴EV6 롱레인지 4WD 20인치,532,"1,005","1,537",100,30
경북,일반승용,기아,더뉴EV6 스탠다드,501,946,"1,447",100,30
경북,경·소형,기아,레이 EV 2WD 14인치 1인승 밴,457,945,"1,402",91,27
경북,경·소형,기아,레이 EV 2WD 14인치 2인승 밴,457,945,"1,402",91,27
경북,경·소형,기아,레이 EV 2WD 14인치 4인승 승용,457,945,"1,402",91,27
경북,일반승용,메르세데스벤츠코리아,EQA 250(Facelift),190,359,549,38,11
경북,일반승용,메르세데스벤츠코리아,EQB 300 4MATIC(Facelift),154,291,445,31,9
경북,일반승용,메르세데스벤츠코리아,EQB 300 4MATIC(Facelift)(CY25/2),162,306,468,32,10
경북,일반승용,볼보자동차코리아,볼보 EX30 Single Motor ER,247,466,713,49,15
경북,일반승용,볼보자동차코리아,볼보 EX30CC Twin Motor Perf,222,419,641,44,13
경북,일반승용,비와이디코리아,(단종)BYD ATTO 3,126,238,364,25,8
경북,일반승용,비와이디코리아,(단종)BYD DOLPHIN,109,206,315,22,7
경북,일반승용,비와이디코리아,(단종)BYD DOLPHIN Active,132,249,381,26,8
경북,일반승용,비와이디코리아,(단종)BYD SEAL,169,319,488,34,10
경북,일반승용,비와이디코리아,(단종)BYD SEAL Dynamic AWD,151,285,436,30,9
경북,일반승용,비와이디코리아,(단종)BYD SEALION 7,152,287,439,30,9
경북,일반승용,케이지모빌리티,토레스 EVX 18인치,354,669,"1,023",71,21
경북,일반승용,케이지모빌리티,토레스 EVX 18인치(2026),361,682,"1,043",72,22
경북,일반승용,케이지모빌리티,토레스 EVX 20인치,344,650,994,69,21
경북,일반승용,케이지모빌리티,토레스 EVX 20인치(2026),354,669,"1,023",71,21
경북,일반승용,케이지모빌리티,(단종)토레스 EVX 2WD 18인치,327,618,945,65,20
경북,일반승용,케이지모빌리티,(단종)토레스 EVX 2WD 20인치,312,589,901,62,19
경북,일반승용,테슬라코리아,Model 3 Performance,200,378,578,40,12
경북,일반승용,테슬라코리아,Model 3 Premium Long Range RWD,420,793,"1,213",84,25
경북,일반승용,테슬라코리아,Model 3 Premium Long Range RWD(5999만원),210,396,606,42,13
경북,일반승용,테슬라코리아,Model 3 RWD,168,317,485,34,10
경북,일반승용,테슬라코리아,Model 3 RWD(2025),168,317,485,34,10
경북,일반승용,테슬라코리아,Model Y L AWD,215,406,621,43,13
경북,일반승용,테슬라코리아,Model Y Long Range(2025),210,396,606,42,13
경북,일반승용,테슬라코리아,Model Y Premium Long Range,210,396,606,42,13
경북,일반승용,테슬라코리아,Model Y Premium RWD,170,321,491,34,10
경북,일반승용,테슬라코리아,Model Y RWD(2025),170,321,491,34,10
경북,일반승용,폭스바겐그룹코리아,ID.4 Pro,432,816,"1,248",86,26
경북,일반승용,폭스바겐그룹코리아,Q4 45 e-tron,206,389,595,41,12
경북,일반승용,폭스바겐그룹코리아,Q4 Sportback 45 e-tron,206,389,595,41,12
경북,일반승용,폭스바겐그룹코리아,(단종)Q6 e-tron performance,220,415,635,44,13
경북,일반승용,폭스바겐그룹코리아,iD.5 Pro,473,893,"1,366",95,29
경북,일반승용,폴스타오토모티브코리아,Polestar 4 Coupe Dual Motor,168,317,485,34,10
경북,일반승용,폴스타오토모티브코리아,Polestar 4 Coupe Rear Motor,181,342,523,36,11
경북,일반승용,현대자동차,ELECTRIFIED G80,270,510,780,54,16
경북,일반승용,현대자동차,ELECTRIFIED GV70 AWD 19인치,261,493,754,52,16
경북,일반승용,현대자동차,ELECTRIFIED GV70 AWD 20인치,245,463,708,49,15
경북,일반승용,현대자동차,GV60 스탠다드 2WD 19인치,285,538,823,57,17
경북,일반승용,현대자동차,GV60 스탠다드 AWD 19인치,272,514,786,54,16
경북,일반승용,현대자동차,GV60 스탠다드 AWD 20인치,261,493,754,52,16
경북,일반승용,현대자동차,더 뉴 아이오닉5 2WD 롱레인지 19인치,564,"1,065","1,629",100,30
경북,일반승용,현대자동차,더 뉴 아이오닉5 2WD 롱레인지 19인치 빌트인 캠 미적용,567,"1,071","1,638",100,30
경북,일반승용,현대자동차,더 뉴 아이오닉5 2WD 롱레인지 20인치,559,"1,056","1,615",100,30
경북,일반승용,현대자동차,더 뉴 아이오닉5 2WD 롱레인지 N라인 20인치,541,"1,022","1,563",100,30
경북,일반승용,현대자동차,더 뉴 아이오닉5 2WD 스탠다드 19인치,483,912,"1,395",97,29
경북,일반승용,현대자동차,더 뉴 아이오닉5 AWD 롱레인지 19인치,558,"1,054","1,612",100,30
경북,일반승용,현대자동차,더 뉴 아이오닉5 AWD 롱레인지 20인치,532,"1,005","1,537",100,30
경북,일반승용,현대자동차,더 뉴 아이오닉5 AWD 롱레인지 N라인 20인치,510,963,"1,473",100,30
경북,일반승용,현대자동차,더 뉴 아이오닉6 2WD 롱레인지 18인치,570,"1,077","1,647",100,30
경북,일반승용,현대자동차,더 뉴 아이오닉6 2WD 롱레인지 20인치,570,"1,077","1,647",100,30
경북,일반승용,현대자동차,더 뉴 아이오닉6 2WD 롱레인지 N라인 20인치,570,"1,077","1,647",100,30
경북,일반승용,현대자동차,더 뉴 아이오닉6 2WD 스탠다드 18인치,560,"1,058","1,618",100,30
경북,일반승용,현대자동차,더 뉴 아이오닉6 AWD 롱레인지 18인치,570,"1,077","1,647",100,30
경북,일반승용,현대자동차,더 뉴 아이오닉6 AWD 롱레인지 20인치,553,"1,045","1,598",100,30
경북,일반승용,현대자동차,더 뉴 아이오닉6 AWD 롱레인지 N라인 20인치,537,"1,014","1,551",100,30
경북,일반승용,현대자동차,스타리아 라운지 일렉트릭 7인승,229,432,661,46,14
경북,일반승용,현대자동차,스타리아 리무진 일렉트릭 6인승,229,432,661,46,14
경북,일반승용,현대자동차,아이오닉6 N,250,472,722,50,15
경북,일반승용,현대자동차,아이오닉9 성능형 AWD,272,514,786,54,16
경북,일반승용,현대자동차,아이오닉9 항속형 2WD,274,517,791,55,17
경북,일반승용,현대자동차,아이오닉9 항속형 AWD,271,512,783,54,16
경북,경·소형,현대자동차,캐스퍼 일렉트릭 기본형 15인치,490,"1,014","1,504",98,29
경북,경·소형,현대자동차,캐스퍼 일렉트릭 크로스 17인치,487,"1,008","1,495",97,29
경북,경·소형,현대자동차,캐스퍼 일렉트릭 항속형 15인치,490,"1,014","1,504",98,29
경북,경·소형,현대자동차,캐스퍼 일렉트릭 항속형 17인치(라운지포함),490,"1,014","1,504",98,29
경북,일반승용,현대자동차,코나 일렉트릭 2WD 롱레인지 17인치,514,971,"1,485",100,30
경북,일반승용,현대자동차,코나 일렉트릭 2WD 롱레인지 17인치 빌트인 캠 미적용,514,971,"1,485",100,30
경북,일반승용,현대자동차,코나 일렉트릭 2WD 롱레인지 19인치,459,867,"1,326",92,28
경북,일반승용,현대자동차,코나 일렉트릭 2WD 스탠다드 17인치,437,825,"1,262",87,26
경남,일반승용,BMW,MINI Aceman E,400,120,520,80,24
경남,일반승용,BMW,MINI Aceman SE,400,120,520,80,24
경남,일반승용,BMW,MINI Cooper SE,396,119,515,79,24
경남,일반승용,BMW,MINI Countryman E,217,66,283,43,13
경남,일반승용,BMW,MINI Countryman SE ALL4,203,61,264,41,12
경남,일반승용,BMW,MINI JCW Aceman E,197,60,257,39,12
경남,일반승용,BMW,MINI JCW E,191,58,249,38,11
경남,일반승용,BMW,i4 M60 LCI (71HD),233,70,303,47,14
경남,일반승용,BMW,i4 eDrive 40 LCI(21HD),244,74,318,49,15
경남,일반승용,BMW,i4 eDrive 40 LCI(61HD),256,77,333,51,15
경남,일반승용,BMW,i5 eDrive 40,262,79,341,52,16
경남,일반승용,BMW,iX1 eDrive20,212,64,276,42,13
경남,일반승용,BMW,iX1 xDrive30,192,58,250,38,11
경남,일반승용,BMW,iX2 eDrive20,214,65,279,43,13
경남,일반승용,BMW,iX3 50 xDrive,275,83,358,55,17
경남,일반승용,기아,EV3 GT,248,75,323,50,15
경남,일반승용,기아,EV3 롱레인지 2WD 17인치,555,167,722,100,30
경남,일반승용,기아,EV3 롱레인지 2WD 19인치,555,167,722,100,30
경남,일반승용,기아,EV3 롱레인지 4WD 19인치,539,162,701,100,30
경남,일반승용,기아,EV3 스탠다드 2WD,469,141,610,94,28
경남,일반승용,기아,EV4 GT,255,77,332,51,15
경남,일반승용,기아,EV4 롱레인지 2WD 17인치,555,167,722,100,30
경남,일반승용,기아,EV4 롱레인지 2WD 19인치,555,167,722,100,30
경남,일반승용,기아,EV4 롱레인지 4WD 19인치,554,167,721,100,30
경남,일반승용,기아,EV4 롱레인지 GTL 2WD 19인치,555,167,722,100,30
경남,일반승용,기아,EV4 스탠다드 2WD 17인치,512,154,666,100,30
경남,일반승용,기아,EV4 스탠다드 2WD 19인치,481,145,626,96,29
경남,일반승용,기아,EV5 GT,232,70,302,46,14
경남,일반승용,기아,EV5 롱레인지 2WD,552,166,718,100,30
경남,일반승용,기아,EV5 롱레인지 4WD 18인치,499,150,649,100,30
경남,일반승용,기아,EV5 롱레인지 4WD 19인치,493,148,641,99,30
경남,일반승용,기아,EV9 GT,245,74,319,49,15
경남,일반승용,기아,EV9 롱레인지 2WD 19인치,270,81,351,54,16
경남,일반승용,기아,EV9 롱레인지 2WD 20인치,268,81,349,54,16
경남,일반승용,기아,EV9 롱레인지 4WD 19인치,254,77,331,51,15
경남,일반승용,기아,EV9 롱레인지 4WD 21인치,260,78,338,52,16
경남,일반승용,기아,EV9 롱레인지 GTL 4WD 21인치,252,76,328,50,15
경남,일반승용,기아,EV9 스탠다드,237,72,309,47,14
경남,일반승용,기아,PV5 패신저 5인승 롱레인지,458,138,596,92,28
경남,일반승용,기아,Pv5 WAV(비용 미지원),648,195,843,100,30
경남,일반승용,기아,Pv5 WAV(비용 지원),448,135,583,90,27
경남,일반승용,기아,(단종)The all-new Kia Niro EV,489,147,636,98,29
경남,일반승용,기아,더뉴EV6 롱레인지 2WD 19인치,570,171,741,100,30
경남,일반승용,기아,더뉴EV6 롱레인지 2WD 20인치,559,168,727,100,30
경남,일반승용,기아,더뉴EV6 롱레인지 4WD 19인치,561,169,730,100,30
경남,일반승용,기아,더뉴EV6 롱레인지 4WD 20인치,532,160,692,100,30
경남,일반승용,기아,더뉴EV6 스탠다드,501,151,652,100,30
경남,경·소형,기아,레이 EV 2WD 14인치 1인승 밴,457,138,595,91,27
경남,경·소형,기아,레이 EV 2WD 14인치 2인승 밴,457,138,595,91,27
경남,경·소형,기아,레이 EV 2WD 14인치 4인승 승용,457,138,595,91,27
경남,일반승용,메르세데스벤츠코리아,EQA 250(Facelift),190,57,247,38,11
경남,일반승용,메르세데스벤츠코리아,EQB 300 4MATIC(Facelift),154,47,201,31,9
경남,일반승용,메르세데스벤츠코리아,EQB 300 4MATIC(Facelift)(CY25/2),162,49,211,32,10
경남,일반승용,볼보자동차코리아,볼보 EX30 Single Motor ER,247,75,322,49,15
경남,일반승용,볼보자동차코리아,볼보 EX30CC Twin Motor Perf,222,67,289,44,13
경남,일반승용,비와이디코리아,(단종)BYD ATTO 3,126,38,164,25,8
경남,일반승용,비와이디코리아,(단종)BYD DOLPHIN,109,33,142,22,7
경남,일반승용,비와이디코리아,(단종)BYD DOLPHIN Active,132,40,172,26,8
경남,일반승용,비와이디코리아,(단종)BYD SEAL,169,51,220,34,10
경남,일반승용,비와이디코리아,(단종)BYD SEAL Dynamic AWD,151,46,197,30,9
경남,일반승용,비와이디코리아,(단종)BYD SEALION 7,152,46,198,30,9
경남,일반승용,케이지모빌리티,토레스 EVX 18인치,354,107,461,71,21
경남,일반승용,케이지모빌리티,토레스 EVX 18인치(2026),361,109,470,72,22
경남,일반승용,케이지모빌리티,토레스 EVX 20인치,344,104,448,69,21
경남,일반승용,케이지모빌리티,토레스 EVX 20인치(2026),354,107,461,71,21
경남,일반승용,케이지모빌리티,(단종)토레스 EVX 2WD 18인치,327,99,426,65,20
경남,일반승용,케이지모빌리티,(단종)토레스 EVX 2WD 20인치,312,94,406,62,19
경남,일반승용,테슬라코리아,Model 3 Performance,200,60,260,40,12
경남,일반승용,테슬라코리아,Model 3 Premium Long Range RWD,420,126,546,84,25
경남,일반승용,테슬라코리아,Model 3 Premium Long Range RWD(5999만원),210,63,273,42,13
경남,일반승용,테슬라코리아,Model 3 RWD,168,51,219,34,10
경남,일반승용,테슬라코리아,Model 3 RWD(2025),168,51,219,34,10
경남,일반승용,테슬라코리아,Model Y L AWD,215,65,280,43,13
경남,일반승용,테슬라코리아,Model Y Long Range(2025),210,63,273,42,13
경남,일반승용,테슬라코리아,Model Y Premium Long Range,210,63,273,42,13
경남,일반승용,테슬라코리아,Model Y Premium RWD,170,51,221,34,10
경남,일반승용,테슬라코리아,Model Y RWD(2025),170,51,221,34,10
경남,일반승용,폭스바겐그룹코리아,ID.4 Pro,432,130,562,86,26
경남,일반승용,폭스바겐그룹코리아,Q4 45 e-tron,206,62,268,41,12
경남,일반승용,폭스바겐그룹코리아,Q4 Sportback 45 e-tron,206,62,268,41,12
경남,일반승용,폭스바겐그룹코리아,(단종)Q6 e-tron performance,220,66,286,44,13
경남,일반승용,폭스바겐그룹코리아,iD.5 Pro,473,142,615,95,29
경남,일반승용,현대자동차,ELECTRIFIED G80,270,81,351,54,16
경남,일반승용,현대자동차,ELECTRIFIED GV70 AWD 19인치,261,79,340,52,16
경남,일반승용,현대자동차,ELECTRIFIED GV70 AWD 20인치,245,74,319,49,15
경남,일반승용,현대자동차,GV60 스탠다드 2WD 19인치,285,86,371,57,17
경남,일반승용,현대자동차,GV60 스탠다드 AWD 19인치,272,82,354,54,16
경남,일반승용,현대자동차,GV60 스탠다드 AWD 20인치,261,79,340,52,16
경남,일반승용,현대자동차,더 뉴 아이오닉5 2WD 롱레인지 19인치,564,170,734,100,30
경남,일반승용,현대자동차,더 뉴 아이오닉5 2WD 롱레인지 19인치 빌트인 캠 미적용,567,171,738,100,30
경남,일반승용,현대자동차,더 뉴 아이오닉5 2WD 롱레인지 20인치,559,168,727,100,30
경남,일반승용,현대자동차,더 뉴 아이오닉5 2WD 롱레인지 N라인 20인치,541,163,704,100,30
경남,일반승용,현대자동차,더 뉴 아이오닉5 2WD 스탠다드 19인치,483,145,628,97,29
경남,일반승용,현대자동차,더 뉴 아이오닉5 AWD 롱레인지 19인치,558,168,726,100,30
경남,일반승용,현대자동차,더 뉴 아이오닉5 AWD 롱레인지 20인치,532,160,692,100,30
경남,일반승용,현대자동차,더 뉴 아이오닉5 AWD 롱레인지 N라인 20인치,510,153,663,100,30
경남,일반승용,현대자동차,더 뉴 아이오닉6 2WD 롱레인지 18인치,570,171,741,100,30
경남,일반승용,현대자동차,더 뉴 아이오닉6 2WD 롱레인지 20인치,570,171,741,100,30
경남,일반승용,현대자동차,더 뉴 아이오닉6 2WD 롱레인지 N라인 20인치,570,171,741,100,30
경남,일반승용,현대자동차,더 뉴 아이오닉6 2WD 스탠다드 18인치,560,168,728,100,30
경남,일반승용,현대자동차,더 뉴 아이오닉6 AWD 롱레인지 18인치,570,171,741,100,30
경남,일반승용,현대자동차,더 뉴 아이오닉6 AWD 롱레인지 20인치,553,166,719,100,30
경남,일반승용,현대자동차,더 뉴 아이오닉6 AWD 롱레인지 N라인 20인치,537,162,699,100,30
경남,일반승용,현대자동차,스타리아 라운지 일렉트릭 7인승,229,69,298,46,14
경남,일반승용,현대자동차,스타리아 리무진 일렉트릭 6인승,229,69,298,46,14
경남,일반승용,현대자동차,아이오닉6 N,250,75,325,50,15
경남,일반승용,현대자동차,아이오닉9 성능형 AWD,272,82,354,54,16
경남,일반승용,현대자동차,아이오닉9 항속형 2WD,274,83,357,55,17
경남,일반승용,현대자동차,아이오닉9 항속형 AWD,271,82,353,54,16
경남,경·소형,현대자동차,캐스퍼 일렉트릭 기본형 15인치,490,147,637,98,29
경남,경·소형,현대자동차,캐스퍼 일렉트릭 크로스 17인치,487,147,634,97,29
경남,경·소형,현대자동차,캐스퍼 일렉트릭 항속형 15인치,490,147,637,98,29
경남,경·소형,현대자동차,캐스퍼 일렉트릭 항속형 17인치(라운지포함),490,147,637,98,29
경남,일반승용,현대자동차,코나 일렉트릭 2WD 롱레인지 17인치,514,155,669,100,30
경남,일반승용,현대자동차,코나 일렉트릭 2WD 롱레인지 17인치 빌트인 캠 미적용,514,155,669,100,30
경남,일반승용,현대자동차,코나 일렉트릭 2WD 롱레인지 19인치,459,138,597,92,28
경남,일반승용,현대자동차,코나 일렉트릭 2WD 스탠다드 17인치,437,132,569,87,26
경남,일반승용,BMW,MINI Aceman E,400,120,520,80,24
경남,일반승용,BMW,MINI Aceman SE,400,120,520,80,24
경남,일반승용,BMW,MINI Cooper SE,396,119,515,79,24
경남,일반승용,BMW,MINI Countryman E,217,66,283,43,13
경남,일반승용,BMW,MINI Countryman SE ALL4,203,61,264,41,12
경남,일반승용,BMW,MINI JCW Aceman E,197,60,257,39,12
경남,일반승용,BMW,MINI JCW E,191,58,249,38,11
경남,일반승용,BMW,i4 M60 LCI (71HD),233,70,303,47,14
경남,일반승용,BMW,i4 eDrive 40 LCI(21HD),244,74,318,49,15
경남,일반승용,BMW,i4 eDrive 40 LCI(61HD),256,77,333,51,15
경남,일반승용,BMW,i5 eDrive 40,262,79,341,52,16
경남,일반승용,BMW,iX1 eDrive20,212,64,276,42,13
경남,일반승용,BMW,iX1 eDrive20(11HM),235,71,306,47,14
경남,일반승용,BMW,iX1 xDrive30,192,58,250,38,11
경남,일반승용,BMW,iX2 eDrive20,214,65,279,43,13
경남,일반승용,BMW,iX2 eDrive20(71GN),239,72,311,48,14
경남,일반승용,BMW,iX3 50 xDrive,275,83,358,55,17
경남,일반승용,기아,EV3 GT,248,75,323,50,15
경남,일반승용,기아,EV3 롱레인지 2WD 17인치,555,167,722,100,30
경남,일반승용,기아,EV3 롱레인지 2WD 19인치,555,167,722,100,30
경남,일반승용,기아,EV3 롱레인지 4WD 19인치,539,162,701,100,30
경남,일반승용,기아,EV3 스탠다드 2WD,469,141,610,94,28
경남,일반승용,기아,EV4 GT,255,77,332,51,15
경남,일반승용,기아,EV4 롱레인지 2WD 17인치,555,167,722,100,30
경남,일반승용,기아,EV4 롱레인지 2WD 19인치,555,167,722,100,30
경남,일반승용,기아,EV4 롱레인지 4WD 19인치,554,167,721,100,30
경남,일반승용,기아,EV4 롱레인지 GTL 2WD 19인치,555,167,722,100,30
경남,일반승용,기아,EV4 스탠다드 2WD 17인치,512,154,666,100,30
경남,일반승용,기아,EV4 스탠다드 2WD 19인치,481,145,626,96,29
경남,일반승용,기아,EV5 GT,232,70,302,46,14
경남,일반승용,기아,EV5 롱레인지 2WD,552,166,718,100,30
경남,일반승용,기아,EV5 롱레인지 4WD 18인치,499,150,649,100,30
경남,일반승용,기아,EV5 롱레인지 4WD 19인치,493,148,641,99,30
경남,일반승용,기아,EV9 GT,245,74,319,49,15
경남,일반승용,기아,EV9 롱레인지 2WD 19인치,270,81,351,54,16
경남,일반승용,기아,EV9 롱레인지 2WD 20인치,268,81,349,54,16
경남,일반승용,기아,EV9 롱레인지 4WD 19인치,254,77,331,51,15
경남,일반승용,기아,EV9 롱레인지 4WD 21인치,260,78,338,52,16
경남,일반승용,기아,EV9 롱레인지 GTL 4WD 21인치,252,76,328,50,15
경남,일반승용,기아,EV9 스탠다드,237,72,309,47,14
경남,일반승용,기아,PV5 패신저 5인승 롱레인지,458,138,596,92,28
경남,일반승용,기아,Pv5 WAV(비용 미지원),648,195,843,100,30
경남,일반승용,기아,Pv5 WAV(비용 지원),448,135,583,90,27
경남,일반승용,기아,(단종)The all-new Kia Niro EV,489,0,489,98,29
경남,일반승용,기아,더뉴EV6 롱레인지 2WD 19인치,570,171,741,100,30
경남,일반승용,기아,더뉴EV6 롱레인지 2WD 20인치,559,168,727,100,30
경남,일반승용,기아,더뉴EV6 롱레인지 4WD 19인치,561,169,730,100,30
경남,일반승용,기아,더뉴EV6 롱레인지 4WD 20인치,532,160,692,100,30
경남,일반승용,기아,더뉴EV6 스탠다드,501,151,652,100,30
경남,경·소형,기아,레이 EV 2WD 14인치 1인승 밴,457,138,595,91,27
경남,경·소형,기아,레이 EV 2WD 14인치 2인승 밴,457,138,595,91,27
경남,경·소형,기아,레이 EV 2WD 14인치 4인승 승용,457,138,595,91,27
경남,일반승용,메르세데스벤츠코리아,EQA 250(Facelift),190,57,247,38,11
경남,일반승용,메르세데스벤츠코리아,EQB 300 4MATIC(Facelift),154,47,201,31,9
경남,일반승용,메르세데스벤츠코리아,EQB 300 4MATIC(Facelift)(CY25/2),162,49,211,32,10
경남,일반승용,볼보자동차코리아,볼보 EX30 Single Motor ER,247,75,322,49,15
경남,일반승용,볼보자동차코리아,볼보 EX30CC Twin Motor Perf,222,67,289,44,13
경남,일반승용,비와이디코리아,(단종)BYD ATTO 3,126,0,126,25,8
경남,일반승용,비와이디코리아,(단종)BYD DOLPHIN,109,0,109,22,7
경남,일반승용,비와이디코리아,(단종)BYD DOLPHIN Active,132,0,132,26,8
경남,일반승용,비와이디코리아,(단종)BYD SEAL,169,0,169,34,10
경남,일반승용,비와이디코리아,(단종)BYD SEAL Dynamic AWD,151,0,151,30,9
경남,일반승용,비와이디코리아,(단종)BYD SEALION 7,152,0,152,30,9
경남,일반승용,케이지모빌리티,토레스 EVX 18인치,354,107,461,71,21
경남,일반승용,케이지모빌리티,토레스 EVX 18인치(2026),361,109,470,72,22
경남,일반승용,케이지모빌리티,토레스 EVX 20인치,344,104,448,69,21
경남,일반승용,케이지모빌리티,토레스 EVX 20인치(2026),354,107,461,71,21
경남,일반승용,케이지모빌리티,(단종)토레스 EVX 2WD 18인치,327,0,327,65,20
경남,일반승용,케이지모빌리티,(단종)토레스 EVX 2WD 20인치,312,0,312,62,19
경남,일반승용,테슬라코리아,Model 3 Performance,200,60,260,40,12
경남,일반승용,테슬라코리아,Model 3 Premium Long Range RWD,420,126,546,84,25
경남,일반승용,테슬라코리아,Model 3 Premium Long Range RWD(5999만원),210,63,273,42,13
경남,일반승용,테슬라코리아,Model 3 RWD,168,51,219,34,10
경남,일반승용,테슬라코리아,Model 3 RWD(2025),168,51,219,34,10
경남,일반승용,테슬라코리아,Model Y L AWD,215,65,280,43,13
경남,일반승용,테슬라코리아,Model Y Long Range(2025),210,63,273,42,13
경남,일반승용,테슬라코리아,Model Y Premium Long Range,210,63,273,42,13
경남,일반승용,테슬라코리아,Model Y Premium RWD,170,51,221,34,10
경남,일반승용,테슬라코리아,Model Y RWD(2025),170,51,221,34,10
경남,일반승용,폭스바겐그룹코리아,ID.4 Pro,432,130,562,86,26
경남,일반승용,폭스바겐그룹코리아,Q4 45 e-tron,206,62,268,41,12
경남,일반승용,폭스바겐그룹코리아,Q4 Sportback 45 e-tron,206,62,268,41,12
경남,일반승용,폭스바겐그룹코리아,(단종)Q6 e-tron performance,220,0,220,44,13
경남,일반승용,폭스바겐그룹코리아,iD.5 Pro,473,142,615,95,29
경남,일반승용,폴스타오토모티브코리아,Polestar 4 Coupe Dual Motor,168,51,219,34,10
경남,일반승용,폴스타오토모티브코리아,Polestar 4 Coupe Rear Motor,181,55,236,36,11
경남,일반승용,현대자동차,ELECTRIFIED G80,270,81,351,54,16
경남,일반승용,현대자동차,ELECTRIFIED GV70 AWD 19인치,261,79,340,52,16
경남,일반승용,현대자동차,ELECTRIFIED GV70 AWD 20인치,245,74,319,49,15
경남,일반승용,현대자동차,GV60 스탠다드 2WD 19인치,285,86,371,57,17
경남,일반승용,현대자동차,GV60 스탠다드 AWD 19인치,272,82,354,54,16
경남,일반승용,현대자동차,GV60 스탠다드 AWD 20인치,261,79,340,52,16
경남,일반승용,현대자동차,더 뉴 아이오닉5 2WD 롱레인지 19인치,564,170,734,100,30
경남,일반승용,현대자동차,더 뉴 아이오닉5 2WD 롱레인지 19인치 빌트인 캠 미적용,567,171,738,100,30
경남,일반승용,현대자동차,더 뉴 아이오닉5 2WD 롱레인지 20인치,559,168,727,100,30
경남,일반승용,현대자동차,더 뉴 아이오닉5 2WD 롱레인지 N라인 20인치,541,163,704,100,30
경남,일반승용,현대자동차,더 뉴 아이오닉5 2WD 스탠다드 19인치,483,145,628,97,29
경남,일반승용,현대자동차,더 뉴 아이오닉5 AWD 롱레인지 19인치,558,168,726,100,30
경남,일반승용,현대자동차,더 뉴 아이오닉5 AWD 롱레인지 20인치,532,160,692,100,30
경남,일반승용,현대자동차,더 뉴 아이오닉5 AWD 롱레인지 N라인 20인치,510,153,663,100,30
경남,일반승용,현대자동차,더 뉴 아이오닉6 2WD 롱레인지 18인치,570,171,741,100,30
경남,일반승용,현대자동차,더 뉴 아이오닉6 2WD 롱레인지 20인치,570,171,741,100,30
경남,일반승용,현대자동차,더 뉴 아이오닉6 2WD 롱레인지 N라인 20인치,570,171,741,100,30
경남,일반승용,현대자동차,더 뉴 아이오닉6 2WD 스탠다드 18인치,560,168,728,100,30
경남,일반승용,현대자동차,더 뉴 아이오닉6 AWD 롱레인지 18인치,570,171,741,100,30
경남,일반승용,현대자동차,더 뉴 아이오닉6 AWD 롱레인지 20인치,553,166,719,100,30
경남,일반승용,현대자동차,더 뉴 아이오닉6 AWD 롱레인지 N라인 20인치,537,162,699,100,30
경남,일반승용,현대자동차,스타리아 라운지 일렉트릭 7인승,229,69,298,46,14
경남,일반승용,현대자동차,스타리아 리무진 일렉트릭 6인승,229,69,298,46,14
경남,일반승용,현대자동차,아이오닉6 N,250,75,325,50,15
경남,일반승용,현대자동차,아이오닉9 성능형 AWD,272,82,354,54,16
경남,일반승용,현대자동차,아이오닉9 항속형 2WD,274,83,357,55,17
경남,일반승용,현대자동차,아이오닉9 항속형 AWD,271,82,353,54,16
경남,경·소형,현대자동차,캐스퍼 일렉트릭 기본형 15인치,490,147,637,98,29
경남,경·소형,현대자동차,캐스퍼 일렉트릭 크로스 17인치,487,147,634,97,29
경남,경·소형,현대자동차,캐스퍼 일렉트릭 항속형 15인치,490,147,637,98,29
경남,경·소형,현대자동차,캐스퍼 일렉트릭 항속형 17인치(라운지포함),490,147,637,98,29
경남,일반승용,현대자동차,코나 일렉트릭 2WD 롱레인지 17인치,514,155,669,100,30
경남,일반승용,현대자동차,코나 일렉트릭 2WD 롱레인지 17인치 빌트인 캠 미적용,514,155,669,100,30
경남,일반승용,현대자동차,코나 일렉트릭 2WD 롱레인지 19인치,459,138,597,92,28
경남,일반승용,현대자동차,코나 일렉트릭 2WD 스탠다드 17인치,437,132,569,87,26
경남,일반승용,BMW,MINI Aceman E,400,380,780,80,24
경남,일반승용,BMW,MINI Aceman SE,400,380,780,80,24
경남,일반승용,BMW,MINI Cooper SE,396,377,773,79,24
경남,일반승용,BMW,MINI Countryman E,217,206,423,43,13
경남,일반승용,BMW,MINI Countryman SE ALL4,203,193,396,41,12
경남,일반승용,BMW,MINI JCW Aceman E,197,187,384,39,12
경남,일반승용,BMW,MINI JCW E,191,181,372,38,11
경남,일반승용,BMW,i4 M60 LCI (71HD),233,221,454,47,14
경남,일반승용,BMW,i4 eDrive 40 LCI(21HD),244,231,475,49,15
경남,일반승용,BMW,i4 eDrive 40 LCI(61HD),256,244,500,51,15
경남,일반승용,BMW,i5 eDrive 40,262,249,511,52,16
경남,일반승용,BMW,iX1 eDrive20,212,201,413,42,13
경남,일반승용,BMW,iX1 eDrive20(11HM),235,224,459,47,14
경남,일반승용,BMW,iX1 xDrive30,192,182,374,38,11
경남,일반승용,BMW,iX2 eDrive20,214,203,417,43,13
경남,일반승용,BMW,iX2 eDrive20(71GN),239,227,466,48,14
경남,일반승용,BMW,iX3 50 xDrive,275,262,537,55,17
경남,일반승용,기아,EV3 GT,248,236,484,50,15
경남,일반승용,기아,EV3 롱레인지 2WD 17인치,555,528,"1,083",100,30
경남,일반승용,기아,EV3 롱레인지 2WD 19인치,555,528,"1,083",100,30
경남,일반승용,기아,EV3 롱레인지 4WD 19인치,539,512,"1,051",100,30
경남,일반승용,기아,EV3 스탠다드 2WD,469,446,915,94,28
경남,일반승용,기아,EV4 GT,255,243,498,51,15
경남,일반승용,기아,EV4 롱레인지 2WD 17인치,555,528,"1,083",100,30
경남,일반승용,기아,EV4 롱레인지 2WD 19인치,555,528,"1,083",100,30
경남,일반승용,기아,EV4 롱레인지 4WD 19인치,554,526,"1,080",100,30
경남,일반승용,기아,EV4 롱레인지 GTL 2WD 19인치,555,528,"1,083",100,30
경남,일반승용,기아,EV4 스탠다드 2WD 17인치,512,486,998,100,30
경남,일반승용,기아,EV4 스탠다드 2WD 19인치,481,457,938,96,29
경남,일반승용,기아,EV5 GT,232,220,452,46,14
경남,일반승용,기아,EV5 롱레인지 2WD,552,524,"1,076",100,30
경남,일반승용,기아,EV5 롱레인지 4WD 18인치,499,474,973,100,30
경남,일반승용,기아,EV5 롱레인지 4WD 19인치,493,468,961,99,30
경남,일반승용,기아,EV9 GT,245,233,478,49,15
경남,일반승용,기아,EV9 롱레인지 2WD 19인치,270,257,527,54,16
경남,일반승용,기아,EV9 롱레인지 2WD 20인치,268,255,523,54,16
경남,일반승용,기아,EV9 롱레인지 4WD 19인치,254,241,495,51,15
경남,일반승용,기아,EV9 롱레인지 4WD 21인치,260,247,507,52,16
경남,일반승용,기아,EV9 롱레인지 GTL 4WD 21인치,252,239,491,50,15
경남,일반승용,기아,EV9 스탠다드,237,225,462,47,14
경남,일반승용,기아,PV5 패신저 5인승 롱레인지,458,435,893,92,28
경남,일반승용,기아,Pv5 WAV(비용 미지원),648,616,"1,264",100,30
경남,일반승용,기아,Pv5 WAV(비용 지원),448,426,874,90,27
경남,일반승용,기아,(단종)The all-new Kia Niro EV,489,465,954,98,29
경남,일반승용,기아,더뉴EV6 롱레인지 2WD 19인치,570,542,"1,112",100,30
경남,일반승용,기아,더뉴EV6 롱레인지 2WD 20인치,559,531,"1,090",100,30
경남,일반승용,기아,더뉴EV6 롱레인지 4WD 19인치,561,533,"1,094",100,30
경남,일반승용,기아,더뉴EV6 롱레인지 4WD 20인치,532,505,"1,037",100,30
경남,일반승용,기아,더뉴EV6 스탠다드,501,476,977,100,30
경남,경·소형,기아,레이 EV 2WD 14인치 1인승 밴,457,434,891,91,27
경남,경·소형,기아,레이 EV 2WD 14인치 2인승 밴,457,434,891,91,27
경남,경·소형,기아,레이 EV 2WD 14인치 4인승 승용,457,434,891,91,27
경남,일반승용,메르세데스벤츠코리아,EQA 250(Facelift),190,181,371,38,11
경남,일반승용,메르세데스벤츠코리아,EQB 300 4MATIC(Facelift),154,146,300,31,9
경남,일반승용,메르세데스벤츠코리아,EQB 300 4MATIC(Facelift)(CY25/2),162,154,316,32,10
경남,일반승용,볼보자동차코리아,볼보 EX30 Single Motor ER,247,235,482,49,15
경남,일반승용,볼보자동차코리아,볼보 EX30CC Twin Motor Perf,222,211,433,44,13
경남,일반승용,비와이디코리아,(단종)BYD ATTO 3,126,120,246,25,8
경남,일반승용,비와이디코리아,(단종)BYD DOLPHIN,109,104,213,22,7
경남,일반승용,비와이디코리아,(단종)BYD DOLPHIN Active,132,125,257,26,8
경남,일반승용,비와이디코리아,(단종)BYD SEAL,169,161,330,34,10
경남,일반승용,비와이디코리아,(단종)BYD SEAL Dynamic AWD,151,143,294,30,9
경남,일반승용,비와이디코리아,(단종)BYD SEALION 7,152,144,296,30,9
경남,일반승용,케이지모빌리티,토레스 EVX 18인치,354,336,690,71,21
경남,일반승용,케이지모빌리티,토레스 EVX 18인치(2026),361,343,704,72,22
경남,일반승용,케이지모빌리티,토레스 EVX 20인치,344,326,670,69,21
경남,일반승용,케이지모빌리티,토레스 EVX 20인치(2026),354,336,690,71,21
경남,일반승용,케이지모빌리티,(단종)토레스 EVX 2WD 18인치,327,311,638,65,20
경남,일반승용,케이지모빌리티,(단종)토레스 EVX 2WD 20인치,312,296,608,62,19
경남,일반승용,테슬라코리아,Model 3 Performance,200,190,390,40,12
경남,일반승용,테슬라코리아,Model 3 Premium Long Range RWD,420,399,819,84,25
경남,일반승용,테슬라코리아,Model 3 Premium Long Range RWD(5999만원),210,200,410,42,13
경남,일반승용,테슬라코리아,Model 3 RWD,168,160,328,34,10
경남,일반승용,테슬라코리아,Model 3 RWD(2025),168,160,328,34,10
경남,일반승용,테슬라코리아,Model Y L AWD,215,205,420,43,13
경남,일반승용,테슬라코리아,Model Y Long Range(2025),210,200,410,42,13
경남,일반승용,테슬라코리아,Model Y Premium Long Range,210,200,410,42,13
경남,일반승용,테슬라코리아,Model Y Premium RWD,170,162,332,34,10
경남,일반승용,테슬라코리아,Model Y RWD(2025),170,162,332,34,10
경남,일반승용,폭스바겐그룹코리아,ID.4 Pro,432,410,842,86,26
경남,일반승용,폭스바겐그룹코리아,Q4 45 e-tron,206,196,402,41,12
경남,일반승용,폭스바겐그룹코리아,Q4 Sportback 45 e-tron,206,196,402,41,12
경남,일반승용,폭스바겐그룹코리아,(단종)Q6 e-tron performance,220,209,429,44,13
경남,일반승용,폭스바겐그룹코리아,iD.5 Pro,473,449,922,95,29
경남,일반승용,폴스타오토모티브코리아,Polestar 4 Coupe Dual Motor,168,160,328,34,10
경남,일반승용,폴스타오토모티브코리아,Polestar 4 Coupe Rear Motor,181,172,353,36,11
경남,일반승용,현대자동차,ELECTRIFIED G80,270,257,527,54,16
경남,일반승용,현대자동차,ELECTRIFIED GV70 AWD 19인치,261,248,509,52,16
경남,일반승용,현대자동차,ELECTRIFIED GV70 AWD 20인치,245,233,478,49,15
경남,일반승용,현대자동차,GV60 스탠다드 2WD 19인치,285,271,556,57,17
경남,일반승용,현대자동차,GV60 스탠다드 AWD 19인치,272,258,530,54,16
경남,일반승용,현대자동차,GV60 스탠다드 AWD 20인치,261,248,509,52,16
경남,일반승용,현대자동차,더 뉴 아이오닉5 2WD 롱레인지 19인치,564,535,"1,099",100,30
경남,일반승용,현대자동차,더 뉴 아이오닉5 2WD 롱레인지 19인치 빌트인 캠 미적용,567,539,"1,106",100,30
경남,일반승용,현대자동차,더 뉴 아이오닉5 2WD 롱레인지 20인치,559,531,"1,090",100,30
경남,일반승용,현대자동차,더 뉴 아이오닉5 2WD 롱레인지 N라인 20인치,541,514,"1,055",100,30
경남,일반승용,현대자동차,더 뉴 아이오닉5 2WD 스탠다드 19인치,483,459,942,97,29
경남,일반승용,현대자동차,더 뉴 아이오닉5 AWD 롱레인지 19인치,558,530,"1,088",100,30
경남,일반승용,현대자동차,더 뉴 아이오닉5 AWD 롱레인지 20인치,532,505,"1,037",100,30
경남,일반승용,현대자동차,더 뉴 아이오닉5 AWD 롱레인지 N라인 20인치,510,485,995,100,30
경남,일반승용,현대자동차,더 뉴 아이오닉6 2WD 롱레인지 18인치,570,542,"1,112",100,30
경남,일반승용,현대자동차,더 뉴 아이오닉6 2WD 롱레인지 20인치,570,542,"1,112",100,30
경남,일반승용,현대자동차,더 뉴 아이오닉6 2WD 롱레인지 N라인 20인치,570,542,"1,112",100,30
경남,일반승용,현대자동차,더 뉴 아이오닉6 2WD 스탠다드 18인치,560,532,"1,092",100,30
경남,일반승용,현대자동차,더 뉴 아이오닉6 AWD 롱레인지 18인치,570,542,"1,112",100,30
경남,일반승용,현대자동차,더 뉴 아이오닉6 AWD 롱레인지 20인치,553,525,"1,078",100,30
경남,일반승용,현대자동차,더 뉴 아이오닉6 AWD 롱레인지 N라인 20인치,537,510,"1,047",100,30
경남,일반승용,현대자동차,스타리아 라운지 일렉트릭 7인승,229,218,447,46,14
경남,일반승용,현대자동차,스타리아 리무진 일렉트릭 6인승,229,218,447,46,14
경남,일반승용,현대자동차,아이오닉6 N,250,238,488,50,15
경남,일반승용,현대자동차,아이오닉9 성능형 AWD,272,258,530,54,16
경남,일반승용,현대자동차,아이오닉9 항속형 2WD,274,260,534,55,17
경남,일반승용,현대자동차,아이오닉9 항속형 AWD,271,257,528,54,16
경남,경·소형,현대자동차,캐스퍼 일렉트릭 기본형 15인치,490,466,956,98,29
경남,경·소형,현대자동차,캐스퍼 일렉트릭 크로스 17인치,487,463,950,97,29
경남,경·소형,현대자동차,캐스퍼 일렉트릭 항속형 15인치,490,466,956,98,29
경남,경·소형,현대자동차,캐스퍼 일렉트릭 항속형 17인치(라운지포함),490,466,956,98,29
경남,일반승용,현대자동차,코나 일렉트릭 2WD 롱레인지 17인치,514,488,"1,002",100,30
경남,일반승용,현대자동차,코나 일렉트릭 2WD 롱레인지 17인치 빌트인 캠 미적용,514,488,"1,002",100,30
경남,일반승용,현대자동차,코나 일렉트릭 2WD 롱레인지 19인치,459,436,895,92,28
경남,일반승용,현대자동차,코나 일렉트릭 2WD 스탠다드 17인치,437,415,852,87,26
경남,일반승용,BMW,MINI Aceman E,400,140,540,80,24
경남,일반승용,BMW,MINI Aceman SE,400,140,540,80,24
경남,일반승용,BMW,MINI Cooper SE,396,139,535,79,24
경남,일반승용,BMW,MINI Countryman E,217,76,293,43,13
경남,일반승용,BMW,MINI Countryman SE ALL4,203,72,275,41,12
경남,일반승용,BMW,MINI JCW Aceman E,197,69,266,39,12
경남,일반승용,BMW,MINI JCW E,191,67,258,38,11
경남,일반승용,BMW,i4 M60 LCI (71HD),233,82,315,47,14
경남,일반승용,BMW,i4 eDrive 40 LCI(21HD),244,86,330,49,15
경남,일반승용,BMW,i4 eDrive 40 LCI(61HD),256,90,346,51,15
경남,일반승용,BMW,i5 eDrive 40,262,92,354,52,16
경남,일반승용,BMW,iX1 eDrive20,212,75,287,42,13
경남,일반승용,BMW,iX1 xDrive30,192,68,260,38,11
경남,일반승용,BMW,iX2 eDrive20,214,75,289,43,13
경남,일반승용,BMW,iX3 50 xDrive,275,97,372,55,17
경남,일반승용,기아,EV3 GT,248,87,335,50,15
경남,일반승용,기아,EV3 롱레인지 2WD 17인치,555,195,750,100,30
경남,일반승용,기아,EV3 롱레인지 2WD 19인치,555,195,750,100,30
경남,일반승용,기아,EV3 롱레인지 4WD 19인치,539,189,728,100,30
경남,일반승용,기아,EV3 스탠다드 2WD,469,165,634,94,28
경남,일반승용,기아,EV4 GT,255,90,345,51,15
경남,일반승용,기아,EV4 롱레인지 2WD 17인치,555,195,750,100,30
경남,일반승용,기아,EV4 롱레인지 2WD 19인치,555,195,750,100,30
경남,일반승용,기아,EV4 롱레인지 4WD 19인치,554,194,748,100,30
경남,일반승용,기아,EV4 롱레인지 GTL 2WD 19인치,555,195,750,100,30
경남,일반승용,기아,EV4 스탠다드 2WD 17인치,512,180,692,100,30
경남,일반승용,기아,EV4 스탠다드 2WD 19인치,481,169,650,96,29
경남,일반승용,기아,EV5 GT,232,82,314,46,14
경남,일반승용,기아,EV5 롱레인지 2WD,552,194,746,100,30
경남,일반승용,기아,EV5 롱레인지 4WD 18인치,499,175,674,100,30
경남,일반승용,기아,EV5 롱레인지 4WD 19인치,493,173,666,99,30
경남,일반승용,기아,EV9 GT,245,86,331,49,15
경남,일반승용,기아,EV9 롱레인지 2WD 19인치,270,95,365,54,16
경남,일반승용,기아,EV9 롱레인지 2WD 20인치,268,94,362,54,16
경남,일반승용,기아,EV9 롱레인지 4WD 19인치,254,89,343,51,15
경남,일반승용,기아,EV9 롱레인지 4WD 21인치,260,91,351,52,16
경남,일반승용,기아,EV9 롱레인지 GTL 4WD 21인치,252,89,341,50,15
경남,일반승용,기아,EV9 스탠다드,237,83,320,47,14
경남,일반승용,기아,PV5 패신저 5인승 롱레인지,458,161,619,92,28
경남,일반승용,기아,Pv5 WAV(비용 미지원),648,227,875,100,30
경남,일반승용,기아,Pv5 WAV(비용 지원),448,157,605,90,27
경남,일반승용,기아,(단종)The all-new Kia Niro EV,489,172,661,98,29
경남,일반승용,기아,더뉴EV6 롱레인지 2WD 19인치,570,200,770,100,30
경남,일반승용,기아,더뉴EV6 롱레인지 2WD 20인치,559,196,755,100,30
경남,일반승용,기아,더뉴EV6 롱레인지 4WD 19인치,561,197,758,100,30
경남,일반승용,기아,더뉴EV6 롱레인지 4WD 20인치,532,187,719,100,30
경남,일반승용,기아,더뉴EV6 스탠다드,501,176,677,100,30
경남,경·소형,기아,레이 EV 2WD 14인치 1인승 밴,457,160,617,91,27
경남,경·소형,기아,레이 EV 2WD 14인치 2인승 밴,457,160,617,91,27
경남,경·소형,기아,레이 EV 2WD 14인치 4인승 승용,457,160,617,91,27
경남,일반승용,메르세데스벤츠코리아,EQA 250(Facelift),190,67,257,38,11
경남,일반승용,메르세데스벤츠코리아,EQB 300 4MATIC(Facelift),154,54,208,31,9
경남,일반승용,메르세데스벤츠코리아,EQB 300 4MATIC(Facelift)(CY25/2),162,57,219,32,10
경남,일반승용,볼보자동차코리아,볼보 EX30 Single Motor ER,247,87,334,49,15
경남,일반승용,볼보자동차코리아,볼보 EX30CC Twin Motor Perf,222,78,300,44,13
경남,일반승용,비와이디코리아,(단종)BYD ATTO 3,126,45,171,25,8
경남,일반승용,비와이디코리아,(단종)BYD DOLPHIN,109,39,148,22,7
경남,일반승용,비와이디코리아,(단종)BYD DOLPHIN Active,132,47,179,26,8
경남,일반승용,비와이디코리아,(단종)BYD SEAL,169,60,229,34,10
경남,일반승용,비와이디코리아,(단종)BYD SEAL Dynamic AWD,151,53,204,30,9
경남,일반승용,비와이디코리아,(단종)BYD SEALION 7,152,54,206,30,9
경남,일반승용,케이지모빌리티,토레스 EVX 18인치,354,124,478,71,21
경남,일반승용,케이지모빌리티,토레스 EVX 18인치(2026),361,127,488,72,22
경남,일반승용,케이지모빌리티,토레스 EVX 20인치,344,121,465,69,21
경남,일반승용,케이지모빌리티,토레스 EVX 20인치(2026),354,124,478,71,21
경남,일반승용,케이지모빌리티,(단종)토레스 EVX 2WD 18인치,327,115,442,65,20
경남,일반승용,케이지모빌리티,(단종)토레스 EVX 2WD 20인치,312,110,422,62,19
경남,일반승용,테슬라코리아,Model 3 Performance,200,70,270,40,12
경남,일반승용,테슬라코리아,Model 3 Premium Long Range RWD,420,147,567,84,25
경남,일반승용,테슬라코리아,Model 3 Premium Long Range RWD(5999만원),210,74,284,42,13
경남,일반승용,테슬라코리아,Model 3 RWD,168,59,227,34,10
경남,일반승용,테슬라코리아,Model 3 RWD(2025),168,59,227,34,10
경남,일반승용,테슬라코리아,Model Y L AWD,215,74,289,43,13
경남,일반승용,테슬라코리아,Model Y Long Range(2025),210,74,284,42,13
경남,일반승용,테슬라코리아,Model Y Premium Long Range,210,74,284,42,13
경남,일반승용,테슬라코리아,Model Y Premium RWD,170,60,230,34,10
경남,일반승용,테슬라코리아,Model Y RWD(2025),170,60,230,34,10
경남,일반승용,폭스바겐그룹코리아,ID.4 Pro,432,152,584,86,26
경남,일반승용,폭스바겐그룹코리아,Q4 45 e-tron,206,73,279,41,12
경남,일반승용,폭스바겐그룹코리아,Q4 Sportback 45 e-tron,206,73,279,41,12
경남,일반승용,폭스바겐그룹코리아,(단종)Q6 e-tron performance,220,77,297,44,13
경남,일반승용,폭스바겐그룹코리아,iD.5 Pro,473,166,639,95,29
경남,일반승용,현대자동차,ELECTRIFIED G80,270,95,365,54,16
경남,일반승용,현대자동차,ELECTRIFIED GV70 AWD 19인치,261,92,353,52,16
경남,일반승용,현대자동차,ELECTRIFIED GV70 AWD 20인치,245,86,331,49,15
경남,일반승용,현대자동차,GV60 스탠다드 2WD 19인치,285,100,385,57,17
경남,일반승용,현대자동차,GV60 스탠다드 AWD 19인치,272,96,368,54,16
경남,일반승용,현대자동차,GV60 스탠다드 AWD 20인치,261,92,353,52,16
경남,일반승용,현대자동차,더 뉴 아이오닉5 2WD 롱레인지 19인치,564,198,762,100,30
경남,일반승용,현대자동차,더 뉴 아이오닉5 2WD 롱레인지 19인치 빌트인 캠 미적용,567,199,766,100,30
경남,일반승용,현대자동차,더 뉴 아이오닉5 2WD 롱레인지 20인치,559,196,755,100,30
경남,일반승용,현대자동차,더 뉴 아이오닉5 2WD 롱레인지 N라인 20인치,541,190,731,100,30
경남,일반승용,현대자동차,더 뉴 아이오닉5 2WD 스탠다드 19인치,483,170,653,97,29
경남,일반승용,현대자동차,더 뉴 아이오닉5 AWD 롱레인지 19인치,558,196,754,100,30
경남,일반승용,현대자동차,더 뉴 아이오닉5 AWD 롱레인지 20인치,532,187,719,100,30
경남,일반승용,현대자동차,더 뉴 아이오닉5 AWD 롱레인지 N라인 20인치,510,179,689,100,30
경남,일반승용,현대자동차,더 뉴 아이오닉6 2WD 롱레인지 18인치,570,200,770,100,30
경남,일반승용,현대자동차,더 뉴 아이오닉6 2WD 롱레인지 20인치,570,200,770,100,30
경남,일반승용,현대자동차,더 뉴 아이오닉6 2WD 롱레인지 N라인 20인치,570,200,770,100,30
경남,일반승용,현대자동차,더 뉴 아이오닉6 2WD 스탠다드 18인치,560,196,756,100,30
경남,일반승용,현대자동차,더 뉴 아이오닉6 AWD 롱레인지 18인치,570,200,770,100,30
경남,일반승용,현대자동차,더 뉴 아이오닉6 AWD 롱레인지 20인치,553,194,747,100,30
경남,일반승용,현대자동차,더 뉴 아이오닉6 AWD 롱레인지 N라인 20인치,537,188,725,100,30
경남,일반승용,현대자동차,스타리아 라운지 일렉트릭 7인승,229,81,310,46,14
경남,일반승용,현대자동차,스타리아 리무진 일렉트릭 6인승,229,81,310,46,14
경남,일반승용,현대자동차,아이오닉6 N,250,88,338,50,15
경남,일반승용,현대자동차,아이오닉9 성능형 AWD,272,96,368,54,16
경남,일반승용,현대자동차,아이오닉9 항속형 2WD,274,96,370,55,17
경남,일반승용,현대자동차,아이오닉9 항속형 AWD,271,95,366,54,16
경남,경·소형,현대자동차,캐스퍼 일렉트릭 기본형 15인치,490,172,662,98,29
경남,경·소형,현대자동차,캐스퍼 일렉트릭 크로스 17인치,487,171,658,97,29
경남,경·소형,현대자동차,캐스퍼 일렉트릭 항속형 15인치,490,172,662,98,29
경남,경·소형,현대자동차,캐스퍼 일렉트릭 항속형 17인치(라운지포함),490,172,662,98,29
경남,일반승용,현대자동차,코나 일렉트릭 2WD 롱레인지 17인치,514,180,694,100,30
경남,일반승용,현대자동차,코나 일렉트릭 2WD 롱레인지 17인치 빌트인 캠 미적용,514,180,694,100,30
경남,일반승용,현대자동차,코나 일렉트릭 2WD 롱레인지 19인치,459,161,620,92,28
경남,일반승용,현대자동차,코나 일렉트릭 2WD 스탠다드 17인치,437,153,590,87,26
경남,일반승용,BMW,MINI Aceman E,400,120,520,80,24
경남,일반승용,BMW,MINI Aceman SE,400,120,520,80,24
경남,일반승용,BMW,MINI Cooper SE,396,119,515,79,24
경남,일반승용,BMW,MINI Countryman E,217,66,283,43,13
경남,일반승용,BMW,MINI Countryman SE ALL4,203,61,264,41,12
경남,일반승용,BMW,MINI JCW Aceman E,197,60,257,39,12
경남,일반승용,BMW,MINI JCW E,191,58,249,38,11
경남,일반승용,BMW,i4 M60 LCI (71HD),233,70,303,47,14
경남,일반승용,BMW,i4 eDrive 40 LCI(21HD),244,74,318,49,15
경남,일반승용,BMW,i4 eDrive 40 LCI(61HD),256,77,333,51,15
경남,일반승용,BMW,i5 eDrive 40,262,79,341,52,16
경남,일반승용,BMW,iX1 eDrive20,212,64,276,42,13
경남,일반승용,BMW,iX1 eDrive20(11HM),235,70,305,47,14
경남,일반승용,BMW,iX1 xDrive30,192,58,250,38,11
경남,일반승용,BMW,iX2 eDrive20,214,65,279,43,13
경남,일반승용,BMW,iX2 eDrive20(71GN),239,72,311,48,14
경남,일반승용,BMW,iX3 50 xDrive,275,83,358,55,17
경남,일반승용,기아,EV3 GT,248,75,323,50,15
경남,일반승용,기아,EV3 롱레인지 2WD 17인치,555,167,722,100,30
경남,일반승용,기아,EV3 롱레인지 2WD 19인치,555,167,722,100,30
경남,일반승용,기아,EV3 롱레인지 4WD 19인치,539,162,701,100,30
경남,일반승용,기아,EV3 스탠다드 2WD,469,141,610,94,28
경남,일반승용,기아,EV4 GT,255,77,332,51,15
경남,일반승용,기아,EV4 롱레인지 2WD 17인치,555,167,722,100,30
경남,일반승용,기아,EV4 롱레인지 2WD 19인치,555,167,722,100,30
경남,일반승용,기아,EV4 롱레인지 4WD 19인치,554,166,720,100,30
경남,일반승용,기아,EV4 롱레인지 GTL 2WD 19인치,555,167,722,100,30
경남,일반승용,기아,EV4 스탠다드 2WD 17인치,512,154,666,100,30
경남,일반승용,기아,EV4 스탠다드 2WD 19인치,481,145,626,96,29
경남,일반승용,기아,EV5 GT,232,69,301,46,14
경남,일반승용,기아,EV5 롱레인지 2WD,552,166,718,100,30
경남,일반승용,기아,EV5 롱레인지 4WD 18인치,499,150,649,100,30
경남,일반승용,기아,EV5 롱레인지 4WD 19인치,493,148,641,99,30
경남,일반승용,기아,EV9 GT,245,74,319,49,15
경남,일반승용,기아,EV9 롱레인지 2WD 19인치,270,81,351,54,16
경남,일반승용,기아,EV9 롱레인지 2WD 20인치,268,81,349,54,16
경남,일반승용,기아,EV9 롱레인지 4WD 19인치,254,77,331,51,15
경남,일반승용,기아,EV9 롱레인지 4WD 21인치,260,78,338,52,16
경남,일반승용,기아,EV9 롱레인지 GTL 4WD 21인치,252,76,328,50,15
경남,일반승용,기아,EV9 스탠다드,237,72,309,47,14
경남,일반승용,기아,PV5 패신저 5인승 롱레인지,458,138,596,92,28
경남,일반승용,기아,Pv5 WAV(비용 미지원),648,195,843,100,30
경남,일반승용,기아,Pv5 WAV(비용 지원),448,135,583,90,27
경남,일반승용,기아,(단종)The all-new Kia Niro EV,489,147,636,98,29
경남,일반승용,기아,더뉴EV6 롱레인지 2WD 19인치,570,171,741,100,30
경남,일반승용,기아,더뉴EV6 롱레인지 2WD 20인치,559,168,727,100,30
경남,일반승용,기아,더뉴EV6 롱레인지 4WD 19인치,561,169,730,100,30
경남,일반승용,기아,더뉴EV6 롱레인지 4WD 20인치,532,160,692,100,30
경남,일반승용,기아,더뉴EV6 스탠다드,501,151,652,100,30
경남,경·소형,기아,레이 EV 2WD 14인치 1인승 밴,457,138,595,91,27
경남,경·소형,기아,레이 EV 2WD 14인치 2인승 밴,457,138,595,91,27
경남,경·소형,기아,레이 EV 2WD 14인치 4인승 승용,457,138,595,91,27
경남,일반승용,메르세데스벤츠코리아,EQA 250(Facelift),190,57,247,38,11
경남,일반승용,메르세데스벤츠코리아,EQB 300 4MATIC(Facelift),154,47,201,31,9
경남,일반승용,메르세데스벤츠코리아,EQB 300 4MATIC(Facelift)(CY25/2),162,48,210,32,10
경남,일반승용,볼보자동차코리아,볼보 EX30 Single Motor ER,247,75,322,49,15
경남,일반승용,볼보자동차코리아,볼보 EX30CC Twin Motor Perf,222,67,289,44,13
경남,일반승용,비와이디코리아,(단종)BYD ATTO 3,126,38,164,25,8
경남,일반승용,비와이디코리아,(단종)BYD DOLPHIN,109,33,142,22,7
경남,일반승용,비와이디코리아,(단종)BYD DOLPHIN Active,132,40,172,26,8
경남,일반승용,비와이디코리아,(단종)BYD SEAL,169,51,220,34,10
경남,일반승용,비와이디코리아,(단종)BYD SEAL Dynamic AWD,151,46,197,30,9
경남,일반승용,비와이디코리아,(단종)BYD SEALION 7,152,46,198,30,9
경남,일반승용,케이지모빌리티,토레스 EVX 18인치,354,107,461,71,21
경남,일반승용,케이지모빌리티,토레스 EVX 18인치(2026),361,109,470,72,22
경남,일반승용,케이지모빌리티,토레스 EVX 20인치,344,104,448,69,21
경남,일반승용,케이지모빌리티,토레스 EVX 20인치(2026),354,107,461,71,21
경남,일반승용,케이지모빌리티,(단종)토레스 EVX 2WD 18인치,327,99,426,65,20
경남,일반승용,케이지모빌리티,(단종)토레스 EVX 2WD 20인치,312,94,406,62,19
경남,일반승용,테슬라코리아,Model 3 Performance,200,60,260,40,12
경남,일반승용,테슬라코리아,Model 3 Premium Long Range RWD,420,126,546,84,25
경남,일반승용,테슬라코리아,Model 3 Premium Long Range RWD(5999만원),210,63,273,42,13
경남,일반승용,테슬라코리아,Model 3 RWD,168,51,219,34,10
경남,일반승용,테슬라코리아,Model 3 RWD(2025),168,51,219,34,10
경남,일반승용,테슬라코리아,Model Y L AWD,215,65,280,43,13
경남,일반승용,테슬라코리아,Model Y Long Range(2025),210,63,273,42,13
경남,일반승용,테슬라코리아,Model Y Premium Long Range,210,63,273,42,13
경남,일반승용,테슬라코리아,Model Y Premium RWD,170,51,221,34,10
경남,일반승용,테슬라코리아,Model Y RWD(2025),170,51,221,34,10
경남,일반승용,폭스바겐그룹코리아,ID.4 Pro,432,130,562,86,26
경남,일반승용,폭스바겐그룹코리아,Q4 45 e-tron,206,62,268,41,12
경남,일반승용,폭스바겐그룹코리아,Q4 Sportback 45 e-tron,206,62,268,41,12
경남,일반승용,폭스바겐그룹코리아,(단종)Q6 e-tron performance,220,66,286,44,13
경남,일반승용,폭스바겐그룹코리아,iD.5 Pro,473,142,615,95,29
경남,일반승용,폴스타오토모티브코리아,Polestar 4 Coupe Dual Motor,168,50,218,34,10
경남,일반승용,폴스타오토모티브코리아,Polestar 4 Coupe Rear Motor,181,55,236,36,11
경남,일반승용,현대자동차,ELECTRIFIED G80,270,81,351,54,16
경남,일반승용,현대자동차,ELECTRIFIED GV70 AWD 19인치,261,79,340,52,16
경남,일반승용,현대자동차,ELECTRIFIED GV70 AWD 20인치,245,74,319,49,15
경남,일반승용,현대자동차,GV60 스탠다드 2WD 19인치,285,86,371,57,17
경남,일반승용,현대자동차,GV60 스탠다드 AWD 19인치,272,82,354,54,16
경남,일반승용,현대자동차,GV60 스탠다드 AWD 20인치,261,79,340,52,16
경남,일반승용,현대자동차,더 뉴 아이오닉5 2WD 롱레인지 19인치,564,170,734,100,30
경남,일반승용,현대자동차,더 뉴 아이오닉5 2WD 롱레인지 19인치 빌트인 캠 미적용,567,171,738,100,30
경남,일반승용,현대자동차,더 뉴 아이오닉5 2WD 롱레인지 20인치,559,168,727,100,30
경남,일반승용,현대자동차,더 뉴 아이오닉5 2WD 롱레인지 N라인 20인치,541,163,704,100,30
경남,일반승용,현대자동차,더 뉴 아이오닉5 2WD 스탠다드 19인치,483,145,628,97,29
경남,일반승용,현대자동차,더 뉴 아이오닉5 AWD 롱레인지 19인치,558,168,726,100,30
경남,일반승용,현대자동차,더 뉴 아이오닉5 AWD 롱레인지 20인치,532,160,692,100,30
경남,일반승용,현대자동차,더 뉴 아이오닉5 AWD 롱레인지 N라인 20인치,510,153,663,100,30
경남,일반승용,현대자동차,더 뉴 아이오닉6 2WD 롱레인지 18인치,570,171,741,100,30
경남,일반승용,현대자동차,더 뉴 아이오닉6 2WD 롱레인지 20인치,570,171,741,100,30
경남,일반승용,현대자동차,더 뉴 아이오닉6 2WD 롱레인지 N라인 20인치,570,171,741,100,30
경남,일반승용,현대자동차,더 뉴 아이오닉6 2WD 스탠다드 18인치,560,168,728,100,30
경남,일반승용,현대자동차,더 뉴 아이오닉6 AWD 롱레인지 18인치,570,171,741,100,30
경남,일반승용,현대자동차,더 뉴 아이오닉6 AWD 롱레인지 20인치,553,166,719,100,30
경남,일반승용,현대자동차,더 뉴 아이오닉6 AWD 롱레인지 N라인 20인치,537,162,699,100,30
경남,일반승용,현대자동차,스타리아 라운지 일렉트릭 7인승,229,69,298,46,14
경남,일반승용,현대자동차,스타리아 리무진 일렉트릭 6인승,229,69,298,46,14
경남,일반승용,현대자동차,아이오닉6 N,250,75,325,50,15
경남,일반승용,현대자동차,아이오닉9 성능형 AWD,272,82,354,54,16
경남,일반승용,현대자동차,아이오닉9 항속형 2WD,274,83,357,55,17
경남,일반승용,현대자동차,아이오닉9 항속형 AWD,271,82,353,54,16
경남,경·소형,현대자동차,캐스퍼 일렉트릭 기본형 15인치,490,147,637,98,29
경남,경·소형,현대자동차,캐스퍼 일렉트릭 크로스 17인치,487,147,634,97,29
경남,경·소형,현대자동차,캐스퍼 일렉트릭 항속형 15인치,490,147,637,98,29
경남,경·소형,현대자동차,캐스퍼 일렉트릭 항속형 17인치(라운지포함),490,147,637,98,29
경남,일반승용,현대자동차,코나 일렉트릭 2WD 롱레인지 17인치,514,155,669,100,30
경남,일반승용,현대자동차,코나 일렉트릭 2WD 롱레인지 17인치 빌트인 캠 미적용,514,155,669,100,30
경남,일반승용,현대자동차,코나 일렉트릭 2WD 롱레인지 19인치,459,138,597,92,28
경남,일반승용,현대자동차,코나 일렉트릭 2WD 스탠다드 17인치,437,132,569,87,26
경남,일반승용,BMW,MINI Aceman E,400,160,560,80,24
경남,일반승용,BMW,MINI Aceman SE,400,160,560,80,24
경남,일반승용,BMW,MINI Cooper SE,396,160,556,79,24
경남,일반승용,BMW,MINI Countryman E,217,88,305,43,13
경남,일반승용,BMW,MINI Countryman SE ALL4,203,80,283,41,12
경남,일반승용,BMW,MINI JCW Aceman E,197,80,277,39,12
경남,일반승용,BMW,MINI JCW E,191,76,267,38,11
경남,일반승용,BMW,i4 M60 LCI (71HD),233,92,325,47,14
경남,일반승용,BMW,i4 eDrive 40 LCI(21HD),244,96,340,49,15
경남,일반승용,BMW,i4 eDrive 40 LCI(61HD),256,104,360,51,15
경남,일반승용,BMW,i5 eDrive 40,262,104,366,52,16
경남,일반승용,BMW,iX1 eDrive20,212,84,296,42,13
경남,일반승용,BMW,iX1 eDrive20(11HM),235,96,331,47,14
경남,일반승용,BMW,iX1 xDrive30,192,76,268,38,11
경남,일반승용,BMW,iX2 eDrive20,214,84,298,43,13
경남,일반승용,BMW,iX2 eDrive20(71GN),239,96,335,48,14
경남,일반승용,BMW,iX3 50 xDrive,275,112,387,55,17
경남,일반승용,기아,EV3 GT,248,100,348,50,15
경남,일반승용,기아,EV3 롱레인지 2WD 17인치,555,224,779,100,30
경남,일반승용,기아,EV3 롱레인지 2WD 19인치,555,224,779,100,30
경남,일반승용,기아,EV3 롱레인지 4WD 19인치,539,216,755,100,30
경남,일반승용,기아,EV3 스탠다드 2WD,469,188,657,94,28
경남,일반승용,기아,EV4 GT,255,104,359,51,15
경남,일반승용,기아,EV4 롱레인지 2WD 17인치,555,224,779,100,30
경남,일반승용,기아,EV4 롱레인지 2WD 19인치,555,224,779,100,30
경남,일반승용,기아,EV4 롱레인지 4WD 19인치,554,220,774,100,30
경남,일반승용,기아,EV4 롱레인지 GTL 2WD 19인치,555,224,779,100,30
경남,일반승용,기아,EV4 스탠다드 2WD 17인치,512,204,716,100,30
경남,일반승용,기아,EV4 스탠다드 2WD 19인치,481,192,673,96,29
경남,일반승용,기아,EV5 GT,232,92,324,46,14
경남,일반승용,기아,EV5 롱레인지 2WD,552,220,772,100,30
경남,일반승용,기아,EV5 롱레인지 4WD 18인치,499,200,699,100,30
경남,일반승용,기아,EV5 롱레인지 4WD 19인치,493,196,689,99,30
경남,일반승용,기아,EV9 GT,245,100,345,49,15
경남,일반승용,기아,EV9 롱레인지 2WD 19인치,270,108,378,54,16
경남,일반승용,기아,EV9 롱레인지 2WD 20인치,268,108,376,54,16
경남,일반승용,기아,EV9 롱레인지 4WD 19인치,254,100,354,51,15
경남,일반승용,기아,EV9 롱레인지 4WD 21인치,260,104,364,52,16
경남,일반승용,기아,EV9 롱레인지 GTL 4WD 21인치,252,100,352,50,15
경남,일반승용,기아,EV9 스탠다드,237,96,333,47,14
경남,일반승용,기아,PV5 패신저 5인승 롱레인지,458,184,642,92,28
경남,일반승용,기아,Pv5 WAV(비용 미지원),648,260,908,100,30
경남,일반승용,기아,Pv5 WAV(비용 지원),448,180,628,90,27
경남,일반승용,기아,(단종)The all-new Kia Niro EV,489,196,685,98,29
경남,일반승용,기아,더뉴EV6 롱레인지 2WD 19인치,570,228,798,100,30
경남,일반승용,기아,더뉴EV6 롱레인지 2WD 20인치,559,224,783,100,30
경남,일반승용,기아,더뉴EV6 롱레인지 4WD 19인치,561,224,785,100,30
경남,일반승용,기아,더뉴EV6 롱레인지 4WD 20인치,532,212,744,100,30
경남,일반승용,기아,더뉴EV6 스탠다드,501,200,701,100,30
경남,경·소형,기아,레이 EV 2WD 14인치 1인승 밴,457,184,641,91,27
경남,경·소형,기아,레이 EV 2WD 14인치 2인승 밴,457,184,641,91,27
경남,경·소형,기아,레이 EV 2WD 14인치 4인승 승용,457,184,641,91,27
경남,일반승용,메르세데스벤츠코리아,EQA 250(Facelift),190,76,266,38,11
경남,일반승용,메르세데스벤츠코리아,EQB 300 4MATIC(Facelift),154,60,214,31,9
경남,일반승용,메르세데스벤츠코리아,EQB 300 4MATIC(Facelift)(CY25/2),162,64,226,32,10
경남,일반승용,볼보자동차코리아,볼보 EX30 Single Motor ER,247,100,347,49,15
경남,일반승용,볼보자동차코리아,볼보 EX30CC Twin Motor Perf,222,88,310,44,13
경남,일반승용,비와이디코리아,(단종)BYD ATTO 3,126,52,178,25,8
경남,일반승용,비와이디코리아,(단종)BYD DOLPHIN,109,44,153,22,7
경남,일반승용,비와이디코리아,(단종)BYD DOLPHIN Active,132,52,184,26,8
경남,일반승용,비와이디코리아,(단종)BYD SEAL,169,68,237,34,10
경남,일반승용,비와이디코리아,(단종)BYD SEAL Dynamic AWD,151,60,211,30,9
경남,일반승용,비와이디코리아,(단종)BYD SEALION 7,152,60,212,30,9
경남,일반승용,케이지모빌리티,토레스 EVX 18인치,354,140,494,71,21
경남,일반승용,케이지모빌리티,토레스 EVX 18인치(2026),361,144,505,72,22
경남,일반승용,케이지모빌리티,토레스 EVX 20인치,344,136,480,69,21
경남,일반승용,케이지모빌리티,토레스 EVX 20인치(2026),354,140,494,71,21
경남,일반승용,케이지모빌리티,(단종)토레스 EVX 2WD 18인치,327,132,459,65,20
경남,일반승용,케이지모빌리티,(단종)토레스 EVX 2WD 20인치,312,124,436,62,19
경남,일반승용,테슬라코리아,Model 3 Performance,200,80,280,40,12
경남,일반승용,테슬라코리아,Model 3 Premium Long Range RWD,420,168,588,84,25
경남,일반승용,테슬라코리아,Model 3 Premium Long Range RWD(5999만원),210,84,294,42,13
경남,일반승용,테슬라코리아,Model 3 RWD,168,68,236,34,10
경남,일반승용,테슬라코리아,Model 3 RWD(2025),168,68,236,34,10
경남,일반승용,테슬라코리아,Model Y L AWD,215,88,303,43,13
경남,일반승용,테슬라코리아,Model Y Long Range(2025),210,84,294,42,13
경남,일반승용,테슬라코리아,Model Y Premium Long Range,210,84,294,42,13
경남,일반승용,테슬라코리아,Model Y Premium RWD,170,68,238,34,10
경남,일반승용,테슬라코리아,Model Y RWD(2025),170,68,238,34,10
경남,일반승용,폭스바겐그룹코리아,ID.4 Pro,432,172,604,86,26
경남,일반승용,폭스바겐그룹코리아,Q4 45 e-tron,206,84,290,41,12
경남,일반승용,폭스바겐그룹코리아,Q4 Sportback 45 e-tron,206,84,290,41,12
경남,일반승용,폭스바겐그룹코리아,(단종)Q6 e-tron performance,220,88,308,44,13
경남,일반승용,폭스바겐그룹코리아,iD.5 Pro,473,188,661,95,29
경남,일반승용,폴스타오토모티브코리아,Polestar 4 Coupe Dual Motor,168,68,236,34,10
경남,일반승용,폴스타오토모티브코리아,Polestar 4 Coupe Rear Motor,181,72,253,36,11
경남,일반승용,현대자동차,ELECTRIFIED G80,270,108,378,54,16
경남,일반승용,현대자동차,ELECTRIFIED GV70 AWD 19인치,261,104,365,52,16
경남,일반승용,현대자동차,ELECTRIFIED GV70 AWD 20인치,245,100,345,49,15
경남,일반승용,현대자동차,GV60 스탠다드 2WD 19인치,285,116,401,57,17
경남,일반승용,현대자동차,GV60 스탠다드 AWD 19인치,272,108,380,54,16
경남,일반승용,현대자동차,GV60 스탠다드 AWD 20인치,261,104,365,52,16
경남,일반승용,현대자동차,더 뉴 아이오닉5 2WD 롱레인지 19인치,564,224,788,100,30
경남,일반승용,현대자동차,더 뉴 아이오닉5 2WD 롱레인지 19인치 빌트인 캠 미적용,567,228,795,100,30
경남,일반승용,현대자동차,더 뉴 아이오닉5 2WD 롱레인지 20인치,559,224,783,100,30
경남,일반승용,현대자동차,더 뉴 아이오닉5 2WD 롱레인지 N라인 20인치,541,216,757,100,30
경남,일반승용,현대자동차,더 뉴 아이오닉5 2WD 스탠다드 19인치,483,192,675,97,29
경남,일반승용,현대자동차,더 뉴 아이오닉5 AWD 롱레인지 19인치,558,224,782,100,30
경남,일반승용,현대자동차,더 뉴 아이오닉5 AWD 롱레인지 20인치,532,212,744,100,30
경남,일반승용,현대자동차,더 뉴 아이오닉5 AWD 롱레인지 N라인 20인치,510,204,714,100,30
경남,일반승용,현대자동차,더 뉴 아이오닉6 2WD 롱레인지 18인치,570,228,798,100,30
경남,일반승용,현대자동차,더 뉴 아이오닉6 2WD 롱레인지 20인치,570,228,798,100,30
경남,일반승용,현대자동차,더 뉴 아이오닉6 2WD 롱레인지 N라인 20인치,570,228,798,100,30
경남,일반승용,현대자동차,더 뉴 아이오닉6 2WD 스탠다드 18인치,560,224,784,100,30
경남,일반승용,현대자동차,더 뉴 아이오닉6 AWD 롱레인지 18인치,570,228,798,100,30
경남,일반승용,현대자동차,더 뉴 아이오닉6 AWD 롱레인지 20인치,553,220,773,100,30
경남,일반승용,현대자동차,더 뉴 아이오닉6 AWD 롱레인지 N라인 20인치,537,216,753,100,30
경남,일반승용,현대자동차,스타리아 라운지 일렉트릭 7인승,229,92,321,46,14
경남,일반승용,현대자동차,스타리아 리무진 일렉트릭 6인승,229,92,321,46,14
경남,일반승용,현대자동차,아이오닉6 N,250,100,350,50,15
경남,일반승용,현대자동차,아이오닉9 성능형 AWD,272,108,380,54,16
경남,일반승용,현대자동차,아이오닉9 항속형 2WD,274,108,382,55,17
경남,일반승용,현대자동차,아이오닉9 항속형 AWD,271,108,379,54,16
경남,경·소형,현대자동차,캐스퍼 일렉트릭 기본형 15인치,490,196,686,98,29
경남,경·소형,현대자동차,캐스퍼 일렉트릭 크로스 17인치,487,196,683,97,29
경남,경·소형,현대자동차,캐스퍼 일렉트릭 항속형 15인치,490,196,686,98,29
경남,경·소형,현대자동차,캐스퍼 일렉트릭 항속형 17인치(라운지포함),490,196,686,98,29
경남,일반승용,현대자동차,코나 일렉트릭 2WD 롱레인지 17인치,514,204,718,100,30
경남,일반승용,현대자동차,코나 일렉트릭 2WD 롱레인지 17인치 빌트인 캠 미적용,514,204,718,100,30
경남,일반승용,현대자동차,코나 일렉트릭 2WD 롱레인지 19인치,459,184,643,92,28
경남,일반승용,현대자동차,코나 일렉트릭 2WD 스탠다드 17인치,437,176,613,87,26
경남,일반승용,BMW,MINI Aceman E,400,140,540,80,24
경남,일반승용,BMW,MINI Aceman SE,400,140,540,80,24
경남,일반승용,BMW,MINI Cooper SE,396,139,535,79,24
경남,일반승용,BMW,MINI Countryman E,217,76,293,43,13
경남,일반승용,BMW,MINI Countryman SE ALL4,203,72,275,41,12
경남,일반승용,BMW,MINI JCW Aceman E,197,69,266,39,12
경남,일반승용,BMW,MINI JCW E,191,67,258,38,11
경남,일반승용,BMW,i4 M60 LCI (71HD),233,82,315,47,14
경남,일반승용,BMW,i4 eDrive 40 LCI(21HD),244,86,330,49,15
경남,일반승용,BMW,i4 eDrive 40 LCI(61HD),256,90,346,51,15
경남,일반승용,BMW,i5 eDrive 40,262,92,354,52,16
경남,일반승용,BMW,iX1 eDrive20,212,75,287,42,13
경남,일반승용,BMW,iX1 eDrive20(11HM),235,83,318,47,14
경남,일반승용,BMW,iX1 xDrive30,192,68,260,38,11
경남,일반승용,BMW,iX2 eDrive20,214,75,289,43,13
경남,일반승용,BMW,iX2 eDrive20(71GN),239,84,323,48,14
경남,일반승용,BMW,iX3 50 xDrive,275,97,372,55,17
경남,일반승용,기아,EV3 GT,248,87,335,50,15
경남,일반승용,기아,EV3 롱레인지 2WD 17인치,555,195,750,100,30
경남,일반승용,기아,EV3 롱레인지 2WD 19인치,555,195,750,100,30
경남,일반승용,기아,EV3 롱레인지 4WD 19인치,539,189,728,100,30
경남,일반승용,기아,EV3 스탠다드 2WD,469,165,634,94,28
경남,일반승용,기아,EV4 GT,255,90,345,51,15
경남,일반승용,기아,EV4 롱레인지 2WD 17인치,555,195,750,100,30
경남,일반승용,기아,EV4 롱레인지 2WD 19인치,555,195,750,100,30
경남,일반승용,기아,EV4 롱레인지 4WD 19인치,554,194,748,100,30
경남,일반승용,기아,EV4 롱레인지 GTL 2WD 19인치,555,195,750,100,30
경남,일반승용,기아,EV4 스탠다드 2WD 17인치,512,180,692,100,30
경남,일반승용,기아,EV4 스탠다드 2WD 19인치,481,169,650,96,29
경남,일반승용,기아,EV5 GT,232,82,314,46,14
경남,일반승용,기아,EV5 롱레인지 2WD,552,194,746,100,30
경남,일반승용,기아,EV5 롱레인지 4WD 18인치,499,175,674,100,30
경남,일반승용,기아,EV5 롱레인지 4WD 19인치,493,173,666,99,30
경남,일반승용,기아,EV9 GT,245,86,331,49,15
경남,일반승용,기아,EV9 롱레인지 2WD 19인치,270,95,365,54,16
경남,일반승용,기아,EV9 롱레인지 2WD 20인치,268,94,362,54,16
경남,일반승용,기아,EV9 롱레인지 4WD 19인치,254,89,343,51,15
경남,일반승용,기아,EV9 롱레인지 4WD 21인치,260,91,351,52,16
경남,일반승용,기아,EV9 롱레인지 GTL 4WD 21인치,252,89,341,50,15
경남,일반승용,기아,EV9 스탠다드,237,83,320,47,14
경남,일반승용,기아,PV5 패신저 5인승 롱레인지,458,161,619,92,28
경남,일반승용,기아,Pv5 WAV(비용 미지원),648,227,875,100,30
경남,일반승용,기아,Pv5 WAV(비용 지원),448,157,605,90,27
경남,일반승용,기아,(단종)The all-new Kia Niro EV,489,172,661,98,29
경남,일반승용,기아,더뉴EV6 롱레인지 2WD 19인치,570,200,770,100,30
경남,일반승용,기아,더뉴EV6 롱레인지 2WD 20인치,559,196,755,100,30
경남,일반승용,기아,더뉴EV6 롱레인지 4WD 19인치,561,197,758,100,30
경남,일반승용,기아,더뉴EV6 롱레인지 4WD 20인치,532,187,719,100,30
경남,일반승용,기아,더뉴EV6 스탠다드,501,176,677,100,30
경남,경·소형,기아,레이 EV 2WD 14인치 1인승 밴,457,160,617,91,27
경남,경·소형,기아,레이 EV 2WD 14인치 2인승 밴,457,160,617,91,27
경남,경·소형,기아,레이 EV 2WD 14인치 4인승 승용,457,160,617,91,27
경남,일반승용,메르세데스벤츠코리아,EQA 250(Facelift),190,67,257,38,11
경남,일반승용,메르세데스벤츠코리아,EQB 300 4MATIC(Facelift),154,54,208,31,9
경남,일반승용,메르세데스벤츠코리아,EQB 300 4MATIC(Facelift)(CY25/2),162,57,219,32,10
경남,일반승용,볼보자동차코리아,볼보 EX30 Single Motor ER,247,87,334,49,15
경남,일반승용,볼보자동차코리아,볼보 EX30CC Twin Motor Perf,222,78,300,44,13
경남,일반승용,비와이디코리아,(단종)BYD ATTO 3,126,45,171,25,8
경남,일반승용,비와이디코리아,(단종)BYD DOLPHIN,109,39,148,22,7
경남,일반승용,비와이디코리아,(단종)BYD DOLPHIN Active,132,47,179,26,8
경남,일반승용,비와이디코리아,(단종)BYD SEAL,169,60,229,34,10
경남,일반승용,비와이디코리아,(단종)BYD SEAL Dynamic AWD,151,53,204,30,9
경남,일반승용,비와이디코리아,(단종)BYD SEALION 7,152,54,206,30,9
경남,일반승용,케이지모빌리티,토레스 EVX 18인치,354,124,478,71,21
경남,일반승용,케이지모빌리티,토레스 EVX 18인치(2026),361,127,488,72,22
경남,일반승용,케이지모빌리티,토레스 EVX 20인치,344,121,465,69,21
경남,일반승용,케이지모빌리티,토레스 EVX 20인치(2026),354,124,478,71,21
경남,일반승용,케이지모빌리티,(단종)토레스 EVX 2WD 18인치,327,115,442,65,20
경남,일반승용,케이지모빌리티,(단종)토레스 EVX 2WD 20인치,312,110,422,62,19
경남,일반승용,테슬라코리아,Model 3 Performance,200,70,270,40,12
경남,일반승용,테슬라코리아,Model 3 Premium Long Range RWD,420,147,567,84,25
경남,일반승용,테슬라코리아,Model 3 Premium Long Range RWD(5999만원),210,74,284,42,13
경남,일반승용,테슬라코리아,Model 3 RWD,168,59,227,34,10
경남,일반승용,테슬라코리아,Model 3 RWD(2025),168,59,227,34,10
경남,일반승용,테슬라코리아,Model Y L AWD,215,76,291,43,13
경남,일반승용,테슬라코리아,Model Y Long Range(2025),210,74,284,42,13
경남,일반승용,테슬라코리아,Model Y Premium Long Range,210,74,284,42,13
경남,일반승용,테슬라코리아,Model Y Premium RWD,170,60,230,34,10
경남,일반승용,테슬라코리아,Model Y RWD(2025),170,60,230,34,10
경남,일반승용,폭스바겐그룹코리아,ID.4 Pro,432,152,584,86,26
경남,일반승용,폭스바겐그룹코리아,Q4 45 e-tron,206,73,279,41,12
경남,일반승용,폭스바겐그룹코리아,Q4 Sportback 45 e-tron,206,73,279,41,12
경남,일반승용,폭스바겐그룹코리아,(단종)Q6 e-tron performance,220,77,297,44,13
경남,일반승용,폭스바겐그룹코리아,iD.5 Pro,473,166,639,95,29
경남,일반승용,폴스타오토모티브코리아,Polestar 4 Coupe Dual Motor,168,59,227,34,10
경남,일반승용,폴스타오토모티브코리아,Polestar 4 Coupe Rear Motor,181,64,245,36,11
경남,일반승용,현대자동차,ELECTRIFIED G80,270,95,365,54,16
경남,일반승용,현대자동차,ELECTRIFIED GV70 AWD 19인치,261,92,353,52,16
경남,일반승용,현대자동차,ELECTRIFIED GV70 AWD 20인치,245,86,331,49,15
경남,일반승용,현대자동차,GV60 스탠다드 2WD 19인치,285,100,385,57,17
경남,일반승용,현대자동차,GV60 스탠다드 AWD 19인치,272,96,368,54,16
경남,일반승용,현대자동차,GV60 스탠다드 AWD 20인치,261,92,353,52,16
경남,일반승용,현대자동차,더 뉴 아이오닉5 2WD 롱레인지 19인치,564,198,762,100,30
경남,일반승용,현대자동차,더 뉴 아이오닉5 2WD 롱레인지 19인치 빌트인 캠 미적용,567,199,766,100,30
경남,일반승용,현대자동차,더 뉴 아이오닉5 2WD 롱레인지 20인치,559,196,755,100,30
경남,일반승용,현대자동차,더 뉴 아이오닉5 2WD 롱레인지 N라인 20인치,541,190,731,100,30
경남,일반승용,현대자동차,더 뉴 아이오닉5 2WD 스탠다드 19인치,483,170,653,97,29
경남,일반승용,현대자동차,더 뉴 아이오닉5 AWD 롱레인지 19인치,558,196,754,100,30
경남,일반승용,현대자동차,더 뉴 아이오닉5 AWD 롱레인지 20인치,532,187,719,100,30
경남,일반승용,현대자동차,더 뉴 아이오닉5 AWD 롱레인지 N라인 20인치,510,179,689,100,30
경남,일반승용,현대자동차,더 뉴 아이오닉6 2WD 롱레인지 18인치,570,200,770,100,30
경남,일반승용,현대자동차,더 뉴 아이오닉6 2WD 롱레인지 20인치,570,200,770,100,30
경남,일반승용,현대자동차,더 뉴 아이오닉6 2WD 롱레인지 N라인 20인치,570,200,770,100,30
경남,일반승용,현대자동차,더 뉴 아이오닉6 2WD 스탠다드 18인치,560,196,756,100,30
경남,일반승용,현대자동차,더 뉴 아이오닉6 AWD 롱레인지 18인치,570,200,770,100,30
경남,일반승용,현대자동차,더 뉴 아이오닉6 AWD 롱레인지 20인치,553,194,747,100,30
경남,일반승용,현대자동차,더 뉴 아이오닉6 AWD 롱레인지 N라인 20인치,537,188,725,100,30
경남,일반승용,현대자동차,스타리아 라운지 일렉트릭 7인승,229,81,310,46,14
경남,일반승용,현대자동차,스타리아 리무진 일렉트릭 6인승,229,81,310,46,14
경남,일반승용,현대자동차,아이오닉6 N,250,88,338,50,15
경남,일반승용,현대자동차,아이오닉9 성능형 AWD,272,96,368,54,16
경남,일반승용,현대자동차,아이오닉9 항속형 2WD,274,96,370,55,17
경남,일반승용,현대자동차,아이오닉9 항속형 AWD,271,95,366,54,16
경남,경·소형,현대자동차,캐스퍼 일렉트릭 기본형 15인치,490,172,662,98,29
경남,경·소형,현대자동차,캐스퍼 일렉트릭 크로스 17인치,487,171,658,97,29
경남,경·소형,현대자동차,캐스퍼 일렉트릭 항속형 15인치,490,172,662,98,29
경남,경·소형,현대자동차,캐스퍼 일렉트릭 항속형 17인치(라운지포함),490,172,662,98,29
경남,일반승용,현대자동차,코나 일렉트릭 2WD 롱레인지 17인치,514,180,694,100,30
경남,일반승용,현대자동차,코나 일렉트릭 2WD 롱레인지 17인치 빌트인 캠 미적용,514,180,694,100,30
경남,일반승용,현대자동차,코나 일렉트릭 2WD 롱레인지 19인치,459,161,620,92,28
경남,일반승용,현대자동차,코나 일렉트릭 2WD 스탠다드 17인치,437,153,590,87,26
경남,일반승용,BMW,MINI Aceman E,400,120,520,80,24
경남,일반승용,BMW,MINI Aceman SE,400,120,520,80,24
경남,일반승용,BMW,MINI Cooper SE,396,119,515,79,24
경남,일반승용,BMW,MINI Countryman E,217,65,282,43,13
경남,일반승용,BMW,MINI Countryman SE ALL4,203,61,264,41,12
경남,일반승용,BMW,MINI JCW Aceman E,197,59,256,39,12
경남,일반승용,BMW,MINI JCW E,191,57,248,38,11
경남,일반승용,BMW,i4 M60 LCI (71HD),233,70,303,47,14
경남,일반승용,BMW,i4 eDrive 40 LCI(21HD),244,73,317,49,15
경남,일반승용,BMW,i4 eDrive 40 LCI(61HD),256,77,333,51,15
경남,일반승용,BMW,i5 eDrive 40,262,79,341,52,16
경남,일반승용,BMW,iX1 eDrive20,212,64,276,42,13
경남,일반승용,BMW,iX1 eDrive20(11HM),235,71,306,47,14
경남,일반승용,BMW,iX1 xDrive30,192,58,250,38,11
경남,일반승용,BMW,iX2 eDrive20,214,64,278,43,13
경남,일반승용,BMW,iX2 eDrive20(71GN),239,72,311,48,14
경남,일반승용,BMW,iX3 50 xDrive,275,83,358,55,17
경남,일반승용,기아,EV3 GT,248,75,323,50,15
경남,일반승용,기아,EV3 롱레인지 2WD 17인치,555,167,722,100,30
경남,일반승용,기아,EV3 롱레인지 2WD 19인치,555,167,722,100,30
경남,일반승용,기아,EV3 롱레인지 4WD 19인치,539,162,701,100,30
경남,일반승용,기아,EV3 스탠다드 2WD,469,141,610,94,28
경남,일반승용,기아,EV4 GT,255,77,332,51,15
경남,일반승용,기아,EV4 롱레인지 2WD 17인치,555,167,722,100,30
경남,일반승용,기아,EV4 롱레인지 2WD 19인치,555,167,722,100,30
경남,일반승용,기아,EV4 롱레인지 4WD 19인치,554,167,721,100,30
경남,일반승용,기아,EV4 롱레인지 GTL 2WD 19인치,555,167,722,100,30
경남,일반승용,기아,EV4 스탠다드 2WD 17인치,512,154,666,100,30
경남,일반승용,기아,EV4 스탠다드 2WD 19인치,481,144,625,96,29
경남,일반승용,기아,EV5 GT,232,70,302,46,14
경남,일반승용,기아,EV5 롱레인지 2WD,552,166,718,100,30
경남,일반승용,기아,EV5 롱레인지 4WD 18인치,499,150,649,100,30
경남,일반승용,기아,EV5 롱레인지 4WD 19인치,493,148,641,99,30
경남,일반승용,기아,EV9 GT,245,74,319,49,15
경남,일반승용,기아,EV9 롱레인지 2WD 19인치,270,81,351,54,16
경남,일반승용,기아,EV9 롱레인지 2WD 20인치,268,80,348,54,16
경남,일반승용,기아,EV9 롱레인지 4WD 19인치,254,76,330,51,15
경남,일반승용,기아,EV9 롱레인지 4WD 21인치,260,78,338,52,16
경남,일반승용,기아,EV9 롱레인지 GTL 4WD 21인치,252,76,328,50,15
경남,일반승용,기아,EV9 스탠다드,237,71,308,47,14
경남,일반승용,기아,PV5 패신저 5인승 롱레인지,458,137,595,92,28
경남,일반승용,기아,Pv5 WAV(비용 미지원),648,194,842,100,30
경남,일반승용,기아,Pv5 WAV(비용 지원),448,134,582,90,27
경남,일반승용,기아,(단종)The all-new Kia Niro EV,489,0,489,98,29
경남,일반승용,기아,더뉴EV6 롱레인지 2WD 19인치,570,171,741,100,30
경남,일반승용,기아,더뉴EV6 롱레인지 2WD 20인치,559,168,727,100,30
경남,일반승용,기아,더뉴EV6 롱레인지 4WD 19인치,561,168,729,100,30
경남,일반승용,기아,더뉴EV6 롱레인지 4WD 20인치,532,160,692,100,30
경남,일반승용,기아,더뉴EV6 스탠다드,501,150,651,100,30
경남,경·소형,기아,레이 EV 2WD 14인치 1인승 밴,457,137,594,91,27
경남,경·소형,기아,레이 EV 2WD 14인치 2인승 밴,457,137,594,91,27
경남,경·소형,기아,레이 EV 2WD 14인치 4인승 승용,457,137,594,91,27
경남,일반승용,메르세데스벤츠코리아,EQA 250(Facelift),190,57,247,38,11
경남,일반승용,메르세데스벤츠코리아,EQB 300 4MATIC(Facelift),154,46,200,31,9
경남,일반승용,메르세데스벤츠코리아,EQB 300 4MATIC(Facelift)(CY25/2),162,49,211,32,10
경남,일반승용,볼보자동차코리아,볼보 EX30 Single Motor ER,247,75,322,49,15
경남,일반승용,볼보자동차코리아,볼보 EX30CC Twin Motor Perf,222,67,289,44,13
경남,일반승용,비와이디코리아,(단종)BYD ATTO 3,126,0,126,25,8
경남,일반승용,비와이디코리아,(단종)BYD DOLPHIN,109,0,109,22,7
경남,일반승용,비와이디코리아,(단종)BYD DOLPHIN Active,132,0,132,26,8
경남,일반승용,비와이디코리아,(단종)BYD SEAL,169,0,169,34,10
경남,일반승용,비와이디코리아,(단종)BYD SEAL Dynamic AWD,151,0,151,30,9
경남,일반승용,비와이디코리아,(단종)BYD SEALION 7,152,0,152,30,9
경남,일반승용,케이지모빌리티,토레스 EVX 18인치,354,106,460,71,21
경남,일반승용,케이지모빌리티,토레스 EVX 18인치(2026),361,108,469,72,22
경남,일반승용,케이지모빌리티,토레스 EVX 20인치,344,103,447,69,21
경남,일반승용,케이지모빌리티,토레스 EVX 20인치(2026),354,106,460,71,21
경남,일반승용,케이지모빌리티,(단종)토레스 EVX 2WD 18인치,327,0,327,65,20
경남,일반승용,케이지모빌리티,(단종)토레스 EVX 2WD 20인치,312,0,312,62,19
경남,일반승용,테슬라코리아,Model 3 Performance,200,60,260,40,12
경남,일반승용,테슬라코리아,Model 3 Premium Long Range RWD,420,126,546,84,25
경남,일반승용,테슬라코리아,Model 3 Premium Long Range RWD(5999만원),210,63,273,42,13
경남,일반승용,테슬라코리아,Model 3 RWD,168,50,218,34,10
경남,일반승용,테슬라코리아,Model 3 RWD(2025),168,51,219,34,10
경남,일반승용,테슬라코리아,Model Y L AWD,215,65,280,43,13
경남,일반승용,테슬라코리아,Model Y Long Range(2025),210,63,273,42,13
경남,일반승용,테슬라코리아,Model Y Premium Long Range,210,63,273,42,13
경남,일반승용,테슬라코리아,Model Y Premium RWD,170,51,221,34,10
경남,일반승용,테슬라코리아,Model Y RWD(2025),170,51,221,34,10
경남,일반승용,폭스바겐그룹코리아,ID.4 Pro,432,130,562,86,26
경남,일반승용,폭스바겐그룹코리아,Q4 45 e-tron,206,62,268,41,12
경남,일반승용,폭스바겐그룹코리아,Q4 Sportback 45 e-tron,206,62,268,41,12
경남,일반승용,폭스바겐그룹코리아,(단종)Q6 e-tron performance,220,0,220,44,13
경남,일반승용,폭스바겐그룹코리아,iD.5 Pro,473,142,615,95,29
경남,일반승용,폴스타오토모티브코리아,Polestar 4 Coupe Dual Motor,168,51,219,34,10
경남,일반승용,폴스타오토모티브코리아,Polestar 4 Coupe Rear Motor,181,55,236,36,11
경남,일반승용,현대자동차,ELECTRIFIED G80,270,81,351,54,16
경남,일반승용,현대자동차,ELECTRIFIED GV70 AWD 19인치,261,78,339,52,16
경남,일반승용,현대자동차,ELECTRIFIED GV70 AWD 20인치,245,74,319,49,15
경남,일반승용,현대자동차,GV60 스탠다드 2WD 19인치,285,86,371,57,17
경남,일반승용,현대자동차,GV60 스탠다드 AWD 19인치,272,82,354,54,16
경남,일반승용,현대자동차,GV60 스탠다드 AWD 20인치,261,78,339,52,16
경남,일반승용,현대자동차,더 뉴 아이오닉5 2WD 롱레인지 19인치,564,169,733,100,30
경남,일반승용,현대자동차,더 뉴 아이오닉5 2WD 롱레인지 19인치 빌트인 캠 미적용,567,170,737,100,30
경남,일반승용,현대자동차,더 뉴 아이오닉5 2WD 롱레인지 20인치,559,168,727,100,30
경남,일반승용,현대자동차,더 뉴 아이오닉5 2WD 롱레인지 N라인 20인치,541,162,703,100,30
경남,일반승용,현대자동차,더 뉴 아이오닉5 2WD 스탠다드 19인치,483,145,628,97,29
경남,일반승용,현대자동차,더 뉴 아이오닉5 AWD 롱레인지 19인치,558,167,725,100,30
경남,일반승용,현대자동차,더 뉴 아이오닉5 AWD 롱레인지 20인치,532,160,692,100,30
경남,일반승용,현대자동차,더 뉴 아이오닉5 AWD 롱레인지 N라인 20인치,510,153,663,100,30
경남,일반승용,현대자동차,더 뉴 아이오닉6 2WD 롱레인지 18인치,570,171,741,100,30
경남,일반승용,현대자동차,더 뉴 아이오닉6 2WD 롱레인지 20인치,570,171,741,100,30
경남,일반승용,현대자동차,더 뉴 아이오닉6 2WD 롱레인지 N라인 20인치,570,171,741,100,30
경남,일반승용,현대자동차,더 뉴 아이오닉6 2WD 스탠다드 18인치,560,168,728,100,30
경남,일반승용,현대자동차,더 뉴 아이오닉6 AWD 롱레인지 18인치,570,171,741,100,30
경남,일반승용,현대자동차,더 뉴 아이오닉6 AWD 롱레인지 20인치,553,166,719,100,30
경남,일반승용,현대자동차,더 뉴 아이오닉6 AWD 롱레인지 N라인 20인치,537,161,698,100,30
경남,일반승용,현대자동차,스타리아 라운지 일렉트릭 7인승,229,69,298,46,14
경남,일반승용,현대자동차,스타리아 리무진 일렉트릭 6인승,229,69,298,46,14
경남,일반승용,현대자동차,아이오닉6 N,250,75,325,50,15
경남,일반승용,현대자동차,아이오닉9 성능형 AWD,272,82,354,54,16
경남,일반승용,현대자동차,아이오닉9 항속형 2WD,274,82,356,55,17
경남,일반승용,현대자동차,아이오닉9 항속형 AWD,271,81,352,54,16
경남,경·소형,현대자동차,캐스퍼 일렉트릭 기본형 15인치,490,147,637,98,29
경남,경·소형,현대자동차,캐스퍼 일렉트릭 크로스 17인치,487,146,633,97,29
경남,경·소형,현대자동차,캐스퍼 일렉트릭 항속형 15인치,490,147,637,98,29
경남,경·소형,현대자동차,캐스퍼 일렉트릭 항속형 17인치(라운지포함),490,147,637,98,29
경남,일반승용,현대자동차,코나 일렉트릭 2WD 롱레인지 17인치,514,154,668,100,30
경남,일반승용,현대자동차,코나 일렉트릭 2WD 롱레인지 17인치 빌트인 캠 미적용,514,154,668,100,30
경남,일반승용,현대자동차,코나 일렉트릭 2WD 롱레인지 19인치,459,138,597,92,28
경남,일반승용,현대자동차,코나 일렉트릭 2WD 스탠다드 17인치,437,131,568,87,26
경남,일반승용,BMW,MINI Aceman E,400,120,520,80,24
경남,일반승용,BMW,MINI Aceman SE,400,120,520,80,24
경남,일반승용,BMW,MINI Cooper SE,396,119,515,79,24
경남,일반승용,BMW,MINI Countryman E,217,66,283,43,13
경남,일반승용,BMW,MINI Countryman SE ALL4,203,61,264,41,12
경남,일반승용,BMW,MINI JCW Aceman E,197,60,257,39,12
경남,일반승용,BMW,MINI JCW E,191,58,249,38,11
경남,일반승용,BMW,i4 M60 LCI (71HD),233,70,303,47,14
경남,일반승용,BMW,i4 eDrive 40 LCI(21HD),244,74,318,49,15
경남,일반승용,BMW,i4 eDrive 40 LCI(61HD),256,77,333,51,15
경남,일반승용,BMW,i5 eDrive 40,262,79,341,52,16
경남,일반승용,BMW,iX1 eDrive20,212,64,276,42,13
경남,일반승용,BMW,iX1 eDrive20(11HM),235,71,306,47,14
경남,일반승용,BMW,iX1 xDrive30,192,58,250,38,11
경남,일반승용,BMW,iX2 eDrive20,214,65,279,43,13
경남,일반승용,BMW,iX2 eDrive20(71GN),239,72,311,48,14
경남,일반승용,BMW,iX3 50 xDrive,275,83,358,55,17
경남,일반승용,기아,EV3 GT,248,75,323,50,15
경남,일반승용,기아,EV3 롱레인지 2WD 17인치,555,167,722,100,30
경남,일반승용,기아,EV3 롱레인지 2WD 19인치,555,167,722,100,30
경남,일반승용,기아,EV3 롱레인지 4WD 19인치,539,162,701,100,30
경남,일반승용,기아,EV3 스탠다드 2WD,469,141,610,94,28
경남,일반승용,기아,EV4 GT,255,77,332,51,15
경남,일반승용,기아,EV4 롱레인지 2WD 17인치,555,167,722,100,30
경남,일반승용,기아,EV4 롱레인지 2WD 19인치,555,167,722,100,30
경남,일반승용,기아,EV4 롱레인지 4WD 19인치,554,167,721,100,30
경남,일반승용,기아,EV4 롱레인지 GTL 2WD 19인치,555,167,722,100,30
경남,일반승용,기아,EV4 스탠다드 2WD 17인치,512,154,666,100,30
경남,일반승용,기아,EV4 스탠다드 2WD 19인치,481,145,626,96,29
경남,일반승용,기아,EV5 GT,232,70,302,46,14
경남,일반승용,기아,EV5 롱레인지 2WD,552,166,718,100,30
경남,일반승용,기아,EV5 롱레인지 4WD 18인치,499,150,649,100,30
경남,일반승용,기아,EV5 롱레인지 4WD 19인치,493,148,641,99,30
경남,일반승용,기아,EV9 GT,245,74,319,49,15
경남,일반승용,기아,EV9 롱레인지 2WD 19인치,270,81,351,54,16
경남,일반승용,기아,EV9 롱레인지 2WD 20인치,268,81,349,54,16
경남,일반승용,기아,EV9 롱레인지 4WD 19인치,254,77,331,51,15
경남,일반승용,기아,EV9 롱레인지 4WD 21인치,260,78,338,52,16
경남,일반승용,기아,EV9 롱레인지 GTL 4WD 21인치,252,76,328,50,15
경남,일반승용,기아,EV9 스탠다드,237,72,309,47,14
경남,일반승용,기아,PV5 패신저 5인승 롱레인지,458,138,596,92,28
경남,일반승용,기아,Pv5 WAV(비용 미지원),648,195,843,100,30
경남,일반승용,기아,Pv5 WAV(비용 지원),448,135,583,90,27
경남,일반승용,기아,(단종)The all-new Kia Niro EV,489,147,636,98,29
경남,일반승용,기아,더뉴EV6 롱레인지 2WD 19인치,570,171,741,100,30
경남,일반승용,기아,더뉴EV6 롱레인지 2WD 20인치,559,168,727,100,30
경남,일반승용,기아,더뉴EV6 롱레인지 4WD 19인치,561,169,730,100,30
경남,일반승용,기아,더뉴EV6 롱레인지 4WD 20인치,532,160,692,100,30
경남,일반승용,기아,더뉴EV6 스탠다드,501,151,652,100,30
경남,경·소형,기아,레이 EV 2WD 14인치 1인승 밴,457,138,595,91,27
경남,경·소형,기아,레이 EV 2WD 14인치 2인승 밴,457,138,595,91,27
경남,경·소형,기아,레이 EV 2WD 14인치 4인승 승용,457,138,595,91,27
경남,일반승용,메르세데스벤츠코리아,EQA 250(Facelift),190,57,247,38,11
경남,일반승용,메르세데스벤츠코리아,EQB 300 4MATIC(Facelift),154,47,201,31,9
경남,일반승용,메르세데스벤츠코리아,EQB 300 4MATIC(Facelift)(CY25/2),162,49,211,32,10
경남,일반승용,볼보자동차코리아,볼보 EX30 Single Motor ER,247,75,322,49,15
경남,일반승용,볼보자동차코리아,볼보 EX30CC Twin Motor Perf,222,67,289,44,13
경남,일반승용,비와이디코리아,(단종)BYD ATTO 3,126,38,164,25,8
경남,일반승용,비와이디코리아,(단종)BYD DOLPHIN,109,33,142,22,7
경남,일반승용,비와이디코리아,(단종)BYD DOLPHIN Active,132,40,172,26,8
경남,일반승용,비와이디코리아,(단종)BYD SEAL,169,51,220,34,10
경남,일반승용,비와이디코리아,(단종)BYD SEAL Dynamic AWD,151,46,197,30,9
경남,일반승용,비와이디코리아,(단종)BYD SEALION 7,152,46,198,30,9
경남,일반승용,케이지모빌리티,토레스 EVX 18인치,354,107,461,71,21
경남,일반승용,케이지모빌리티,토레스 EVX 18인치(2026),361,109,470,72,22
경남,일반승용,케이지모빌리티,토레스 EVX 20인치,344,104,448,69,21
경남,일반승용,케이지모빌리티,토레스 EVX 20인치(2026),354,107,461,71,21
경남,일반승용,케이지모빌리티,(단종)토레스 EVX 2WD 18인치,327,99,426,65,20
경남,일반승용,케이지모빌리티,(단종)토레스 EVX 2WD 20인치,312,94,406,62,19
경남,일반승용,테슬라코리아,Model 3 Performance,200,60,260,40,12
경남,일반승용,테슬라코리아,Model 3 Premium Long Range RWD,420,126,546,84,25
경남,일반승용,테슬라코리아,Model 3 Premium Long Range RWD(5999만원),210,0,210,42,13
경남,일반승용,테슬라코리아,Model 3 RWD,168,51,219,34,10
경남,일반승용,테슬라코리아,Model 3 RWD(2025),168,51,219,34,10
경남,일반승용,테슬라코리아,Model Y L AWD,215,63,278,43,13
경남,일반승용,테슬라코리아,Model Y Long Range(2025),210,63,273,42,13
경남,일반승용,테슬라코리아,Model Y Premium Long Range,210,63,273,42,13
경남,일반승용,테슬라코리아,Model Y Premium RWD,170,51,221,34,10
경남,일반승용,테슬라코리아,Model Y RWD(2025),170,51,221,34,10
경남,일반승용,폭스바겐그룹코리아,ID.4 Pro,432,130,562,86,26
경남,일반승용,폭스바겐그룹코리아,Q4 45 e-tron,206,62,268,41,12
경남,일반승용,폭스바겐그룹코리아,Q4 Sportback 45 e-tron,206,62,268,41,12
경남,일반승용,폭스바겐그룹코리아,(단종)Q6 e-tron performance,220,66,286,44,13
경남,일반승용,폭스바겐그룹코리아,iD.5 Pro,473,142,615,95,29
경남,일반승용,폴스타오토모티브코리아,Polestar 4 Coupe Dual Motor,168,51,219,34,10
경남,일반승용,폴스타오토모티브코리아,Polestar 4 Coupe Rear Motor,181,55,236,36,11
경남,일반승용,현대자동차,ELECTRIFIED G80,270,81,351,54,16
경남,일반승용,현대자동차,ELECTRIFIED GV70 AWD 19인치,261,79,340,52,16
경남,일반승용,현대자동차,ELECTRIFIED GV70 AWD 20인치,245,74,319,49,15
경남,일반승용,현대자동차,GV60 스탠다드 2WD 19인치,285,86,371,57,17
경남,일반승용,현대자동차,GV60 스탠다드 AWD 19인치,272,82,354,54,16
경남,일반승용,현대자동차,GV60 스탠다드 AWD 20인치,261,79,340,52,16
경남,일반승용,현대자동차,더 뉴 아이오닉5 2WD 롱레인지 19인치,564,170,734,100,30
경남,일반승용,현대자동차,더 뉴 아이오닉5 2WD 롱레인지 19인치 빌트인 캠 미적용,567,171,738,100,30
경남,일반승용,현대자동차,더 뉴 아이오닉5 2WD 롱레인지 20인치,559,168,727,100,30
경남,일반승용,현대자동차,더 뉴 아이오닉5 2WD 롱레인지 N라인 20인치,541,163,704,100,30
경남,일반승용,현대자동차,더 뉴 아이오닉5 2WD 스탠다드 19인치,483,145,628,97,29
경남,일반승용,현대자동차,더 뉴 아이오닉5 AWD 롱레인지 19인치,558,168,726,100,30
경남,일반승용,현대자동차,더 뉴 아이오닉5 AWD 롱레인지 20인치,532,160,692,100,30
경남,일반승용,현대자동차,더 뉴 아이오닉5 AWD 롱레인지 N라인 20인치,510,153,663,100,30
경남,일반승용,현대자동차,더 뉴 아이오닉6 2WD 롱레인지 18인치,570,171,741,100,30
경남,일반승용,현대자동차,더 뉴 아이오닉6 2WD 롱레인지 20인치,570,171,741,100,30
경남,일반승용,현대자동차,더 뉴 아이오닉6 2WD 롱레인지 N라인 20인치,570,171,741,100,30
경남,일반승용,현대자동차,더 뉴 아이오닉6 2WD 스탠다드 18인치,560,168,728,100,30
경남,일반승용,현대자동차,더 뉴 아이오닉6 AWD 롱레인지 18인치,570,171,741,100,30
경남,일반승용,현대자동차,더 뉴 아이오닉6 AWD 롱레인지 20인치,553,166,719,100,30
경남,일반승용,현대자동차,더 뉴 아이오닉6 AWD 롱레인지 N라인 20인치,537,162,699,100,30
경남,일반승용,현대자동차,스타리아 라운지 일렉트릭 7인승,229,69,298,46,14
경남,일반승용,현대자동차,스타리아 리무진 일렉트릭 6인승,229,69,298,46,14
경남,일반승용,현대자동차,아이오닉6 N,250,75,325,50,15
경남,일반승용,현대자동차,아이오닉9 성능형 AWD,272,82,354,54,16
경남,일반승용,현대자동차,아이오닉9 항속형 2WD,274,83,357,55,17
경남,일반승용,현대자동차,아이오닉9 항속형 AWD,271,82,353,54,16
경남,경·소형,현대자동차,캐스퍼 일렉트릭 기본형 15인치,490,147,637,98,29
경남,경·소형,현대자동차,캐스퍼 일렉트릭 크로스 17인치,487,147,634,97,29
경남,경·소형,현대자동차,캐스퍼 일렉트릭 항속형 15인치,490,147,637,98,29
경남,경·소형,현대자동차,캐스퍼 일렉트릭 항속형 17인치(라운지포함),490,147,637,98,29
경남,일반승용,현대자동차,코나 일렉트릭 2WD 롱레인지 17인치,514,155,669,100,30
경남,일반승용,현대자동차,코나 일렉트릭 2WD 롱레인지 17인치 빌트인 캠 미적용,514,155,669,100,30
경남,일반승용,현대자동차,코나 일렉트릭 2WD 롱레인지 19인치,459,138,597,92,28
경남,일반승용,현대자동차,코나 일렉트릭 2WD 스탠다드 17인치,437,132,569,87,26
경남,일반승용,BMW,MINI Aceman E,400,120,520,80,24
경남,일반승용,BMW,MINI Aceman SE,400,120,520,80,24
경남,일반승용,BMW,MINI Cooper SE,396,119,515,79,24
경남,일반승용,BMW,MINI Countryman E,217,66,283,43,13
경남,일반승용,BMW,MINI Countryman SE ALL4,203,61,264,41,12
경남,일반승용,BMW,MINI JCW Aceman E,197,60,257,39,12
경남,일반승용,BMW,MINI JCW E,191,58,249,38,11
경남,일반승용,BMW,i4 M60 LCI (71HD),233,70,303,47,14
경남,일반승용,BMW,i4 eDrive 40 LCI(21HD),244,74,318,49,15
경남,일반승용,BMW,i4 eDrive 40 LCI(61HD),256,77,333,51,15
경남,일반승용,BMW,i5 eDrive 40,262,79,341,52,16
경남,일반승용,BMW,iX1 eDrive20,212,64,276,42,13
경남,일반승용,BMW,iX1 eDrive20(11HM),235,63,298,47,14
경남,일반승용,BMW,iX1 xDrive30,192,58,250,38,11
경남,일반승용,BMW,iX2 eDrive20,214,65,279,43,13
경남,일반승용,BMW,iX2 eDrive20(71GN),239,64,303,48,14
경남,일반승용,BMW,iX3 50 xDrive,275,83,358,55,17
경남,일반승용,기아,EV3 GT,248,75,323,50,15
경남,일반승용,기아,EV3 롱레인지 2WD 17인치,555,167,722,100,30
경남,일반승용,기아,EV3 롱레인지 2WD 19인치,555,167,722,100,30
경남,일반승용,기아,EV3 롱레인지 4WD 19인치,539,162,701,100,30
경남,일반승용,기아,EV3 스탠다드 2WD,469,141,610,94,28
경남,일반승용,기아,EV4 GT,255,77,332,51,15
경남,일반승용,기아,EV4 롱레인지 2WD 17인치,555,167,722,100,30
경남,일반승용,기아,EV4 롱레인지 2WD 19인치,555,167,722,100,30
경남,일반승용,기아,EV4 롱레인지 4WD 19인치,554,167,721,100,30
경남,일반승용,기아,EV4 롱레인지 GTL 2WD 19인치,555,167,722,100,30
경남,일반승용,기아,EV4 스탠다드 2WD 17인치,512,154,666,100,30
경남,일반승용,기아,EV4 스탠다드 2WD 19인치,481,145,626,96,29
경남,일반승용,기아,EV5 GT,232,70,302,46,14
경남,일반승용,기아,EV5 롱레인지 2WD,552,166,718,100,30
경남,일반승용,기아,EV5 롱레인지 4WD 18인치,499,150,649,100,30
경남,일반승용,기아,EV5 롱레인지 4WD 19인치,493,148,641,99,30
경남,일반승용,기아,EV9 GT,245,74,319,49,15
경남,일반승용,기아,EV9 롱레인지 2WD 19인치,270,81,351,54,16
경남,일반승용,기아,EV9 롱레인지 2WD 20인치,268,81,349,54,16
경남,일반승용,기아,EV9 롱레인지 4WD 19인치,254,77,331,51,15
경남,일반승용,기아,EV9 롱레인지 4WD 21인치,260,78,338,52,16
경남,일반승용,기아,EV9 롱레인지 GTL 4WD 21인치,252,76,328,50,15
경남,일반승용,기아,EV9 스탠다드,237,72,309,47,14
경남,일반승용,기아,PV5 패신저 5인승 롱레인지,458,138,596,92,28
경남,일반승용,기아,Pv5 WAV(비용 미지원),648,195,843,100,30
경남,일반승용,기아,Pv5 WAV(비용 지원),448,135,583,90,27
경남,일반승용,기아,(단종)The all-new Kia Niro EV,489,147,636,98,29
경남,일반승용,기아,더뉴EV6 롱레인지 2WD 19인치,570,171,741,100,30
경남,일반승용,기아,더뉴EV6 롱레인지 2WD 20인치,559,168,727,100,30
경남,일반승용,기아,더뉴EV6 롱레인지 4WD 19인치,561,169,730,100,30
경남,일반승용,기아,더뉴EV6 롱레인지 4WD 20인치,532,160,692,100,30
경남,일반승용,기아,더뉴EV6 스탠다드,501,151,652,100,30
경남,경·소형,기아,레이 EV 2WD 14인치 1인승 밴,457,138,595,91,27
경남,경·소형,기아,레이 EV 2WD 14인치 2인승 밴,457,138,595,91,27
경남,경·소형,기아,레이 EV 2WD 14인치 4인승 승용,457,138,595,91,27
경남,일반승용,메르세데스벤츠코리아,EQA 250(Facelift),190,57,247,38,11
경남,일반승용,메르세데스벤츠코리아,EQB 300 4MATIC(Facelift),154,47,201,31,9
경남,일반승용,메르세데스벤츠코리아,EQB 300 4MATIC(Facelift)(CY25/2),162,49,211,32,10
경남,일반승용,볼보자동차코리아,볼보 EX30 Single Motor ER,247,75,322,49,15
경남,일반승용,볼보자동차코리아,볼보 EX30CC Twin Motor Perf,222,67,289,44,13
경남,일반승용,비와이디코리아,(단종)BYD ATTO 3,126,38,164,25,8
경남,일반승용,비와이디코리아,(단종)BYD DOLPHIN,109,33,142,22,7
경남,일반승용,비와이디코리아,(단종)BYD DOLPHIN Active,132,40,172,26,8
경남,일반승용,비와이디코리아,(단종)BYD SEAL,169,51,220,34,10
경남,일반승용,비와이디코리아,(단종)BYD SEAL Dynamic AWD,151,46,197,30,9
경남,일반승용,비와이디코리아,(단종)BYD SEALION 7,152,46,198,30,9
경남,일반승용,케이지모빌리티,토레스 EVX 18인치,354,107,461,71,21
경남,일반승용,케이지모빌리티,토레스 EVX 18인치(2026),361,109,470,72,22
경남,일반승용,케이지모빌리티,토레스 EVX 20인치,344,104,448,69,21
경남,일반승용,케이지모빌리티,토레스 EVX 20인치(2026),354,107,461,71,21
경남,일반승용,케이지모빌리티,(단종)토레스 EVX 2WD 18인치,327,99,426,65,20
경남,일반승용,케이지모빌리티,(단종)토레스 EVX 2WD 20인치,312,94,406,62,19
경남,일반승용,테슬라코리아,Model 3 Performance,200,60,260,40,12
경남,일반승용,테슬라코리아,Model 3 Premium Long Range RWD,420,126,546,84,25
경남,일반승용,테슬라코리아,Model 3 Premium Long Range RWD(5999만원),210,63,273,42,13
경남,일반승용,테슬라코리아,Model 3 RWD,168,51,219,34,10
경남,일반승용,테슬라코리아,Model 3 RWD(2025),168,51,219,34,10
경남,일반승용,테슬라코리아,Model Y L AWD,215,63,278,43,13
경남,일반승용,테슬라코리아,Model Y Long Range(2025),210,63,273,42,13
경남,일반승용,테슬라코리아,Model Y Premium Long Range,210,63,273,42,13
경남,일반승용,테슬라코리아,Model Y Premium RWD,170,51,221,34,10
경남,일반승용,테슬라코리아,Model Y RWD(2025),170,51,221,34,10
경남,일반승용,폭스바겐그룹코리아,ID.4 Pro,432,130,562,86,26
경남,일반승용,폭스바겐그룹코리아,Q4 45 e-tron,206,62,268,41,12
경남,일반승용,폭스바겐그룹코리아,Q4 Sportback 45 e-tron,206,62,268,41,12
경남,일반승용,폭스바겐그룹코리아,(단종)Q6 e-tron performance,220,66,286,44,13
경남,일반승용,폭스바겐그룹코리아,iD.5 Pro,473,142,615,95,29
경남,일반승용,폴스타오토모티브코리아,Polestar 4 Coupe Dual Motor,168,51,219,34,10
경남,일반승용,폴스타오토모티브코리아,Polestar 4 Coupe Rear Motor,181,55,236,36,11
경남,일반승용,현대자동차,ELECTRIFIED G80,270,81,351,54,16
경남,일반승용,현대자동차,ELECTRIFIED GV70 AWD 19인치,261,79,340,52,16
경남,일반승용,현대자동차,ELECTRIFIED GV70 AWD 20인치,245,74,319,49,15
경남,일반승용,현대자동차,GV60 스탠다드 2WD 19인치,285,86,371,57,17
경남,일반승용,현대자동차,GV60 스탠다드 AWD 19인치,272,84,356,54,16
경남,일반승용,현대자동차,GV60 스탠다드 AWD 20인치,261,79,340,52,16
경남,일반승용,현대자동차,더 뉴 아이오닉5 2WD 롱레인지 19인치,564,170,734,100,30
경남,일반승용,현대자동차,더 뉴 아이오닉5 2WD 롱레인지 19인치 빌트인 캠 미적용,567,171,738,100,30
경남,일반승용,현대자동차,더 뉴 아이오닉5 2WD 롱레인지 20인치,559,168,727,100,30
경남,일반승용,현대자동차,더 뉴 아이오닉5 2WD 롱레인지 N라인 20인치,541,163,704,100,30
경남,일반승용,현대자동차,더 뉴 아이오닉5 2WD 스탠다드 19인치,483,145,628,97,29
경남,일반승용,현대자동차,더 뉴 아이오닉5 AWD 롱레인지 19인치,558,168,726,100,30
경남,일반승용,현대자동차,더 뉴 아이오닉5 AWD 롱레인지 20인치,532,160,692,100,30
경남,일반승용,현대자동차,더 뉴 아이오닉5 AWD 롱레인지 N라인 20인치,510,153,663,100,30
경남,일반승용,현대자동차,더 뉴 아이오닉6 2WD 롱레인지 18인치,570,171,741,100,30
경남,일반승용,현대자동차,더 뉴 아이오닉6 2WD 롱레인지 20인치,570,171,741,100,30
경남,일반승용,현대자동차,더 뉴 아이오닉6 2WD 롱레인지 N라인 20인치,570,171,741,100,30
경남,일반승용,현대자동차,더 뉴 아이오닉6 2WD 스탠다드 18인치,560,168,728,100,30
경남,일반승용,현대자동차,더 뉴 아이오닉6 AWD 롱레인지 18인치,570,171,741,100,30
경남,일반승용,현대자동차,더 뉴 아이오닉6 AWD 롱레인지 20인치,553,166,719,100,30
경남,일반승용,현대자동차,더 뉴 아이오닉6 AWD 롱레인지 N라인 20인치,537,162,699,100,30
경남,일반승용,현대자동차,스타리아 라운지 일렉트릭 7인승,229,69,298,46,14
경남,일반승용,현대자동차,스타리아 리무진 일렉트릭 6인승,229,69,298,46,14
경남,일반승용,현대자동차,아이오닉6 N,250,75,325,50,15
경남,일반승용,현대자동차,아이오닉9 성능형 AWD,272,82,354,54,16
경남,일반승용,현대자동차,아이오닉9 항속형 2WD,274,83,357,55,17
경남,일반승용,현대자동차,아이오닉9 항속형 AWD,271,82,353,54,16
경남,경·소형,현대자동차,캐스퍼 일렉트릭 기본형 15인치,490,147,637,98,29
경남,경·소형,현대자동차,캐스퍼 일렉트릭 크로스 17인치,487,147,634,97,29
경남,경·소형,현대자동차,캐스퍼 일렉트릭 항속형 15인치,490,147,637,98,29
경남,경·소형,현대자동차,캐스퍼 일렉트릭 항속형 17인치(라운지포함),490,147,637,98,29
경남,일반승용,현대자동차,코나 일렉트릭 2WD 롱레인지 17인치,514,155,669,100,30
경남,일반승용,현대자동차,코나 일렉트릭 2WD 롱레인지 17인치 빌트인 캠 미적용,514,155,669,100,30
경남,일반승용,현대자동차,코나 일렉트릭 2WD 롱레인지 19인치,459,138,597,92,28
경남,일반승용,현대자동차,코나 일렉트릭 2WD 스탠다드 17인치,437,132,569,87,26
경남,일반승용,BMW,MINI Aceman E,400,280,680,80,24
경남,일반승용,BMW,MINI Aceman SE,400,280,680,80,24
경남,일반승용,BMW,MINI Cooper SE,396,280,676,79,24
경남,일반승용,BMW,MINI Countryman E,217,154,371,43,13
경남,일반승용,BMW,MINI Countryman SE ALL4,203,140,343,41,12
경남,일반승용,BMW,MINI JCW Aceman E,197,140,337,39,12
경남,일반승용,BMW,MINI JCW E,191,133,324,38,11
경남,일반승용,BMW,i4 M60 LCI (71HD),233,161,394,47,14
경남,일반승용,BMW,i4 eDrive 40 LCI(21HD),244,168,412,49,15
경남,일반승용,BMW,i4 eDrive 40 LCI(61HD),256,182,438,51,15
경남,일반승용,BMW,i5 eDrive 40,262,182,444,52,16
경남,일반승용,BMW,iX1 eDrive20,212,147,359,42,13
경남,일반승용,BMW,iX1 eDrive20(11HM),235,168,403,47,14
경남,일반승용,BMW,iX1 xDrive30,192,133,325,38,11
경남,일반승용,BMW,iX2 eDrive20,214,147,361,43,13
경남,일반승용,BMW,iX2 eDrive20(71GN),239,168,407,48,14
경남,일반승용,BMW,iX3 50 xDrive,275,196,471,55,17
경남,일반승용,기아,EV3 GT,248,175,423,50,15
경남,일반승용,기아,EV3 롱레인지 2WD 17인치,555,392,947,100,30
경남,일반승용,기아,EV3 롱레인지 2WD 19인치,555,392,947,100,30
경남,일반승용,기아,EV3 롱레인지 4WD 19인치,539,378,917,100,30
경남,일반승용,기아,EV3 스탠다드 2WD,469,329,798,94,28
경남,일반승용,기아,EV4 GT,255,182,437,51,15
경남,일반승용,기아,EV4 롱레인지 2WD 17인치,555,392,947,100,30
경남,일반승용,기아,EV4 롱레인지 2WD 19인치,555,392,947,100,30
경남,일반승용,기아,EV4 롱레인지 4WD 19인치,554,385,939,100,30
경남,일반승용,기아,EV4 롱레인지 GTL 2WD 19인치,555,392,947,100,30
경남,일반승용,기아,EV4 스탠다드 2WD 17인치,512,357,869,100,30
경남,일반승용,기아,EV4 스탠다드 2WD 19인치,481,336,817,96,29
경남,일반승용,기아,EV5 GT,232,161,393,46,14
경남,일반승용,기아,EV5 롱레인지 2WD,552,385,937,100,30
경남,일반승용,기아,EV5 롱레인지 4WD 18인치,499,350,849,100,30
경남,일반승용,기아,EV5 롱레인지 4WD 19인치,493,343,836,99,30
경남,일반승용,기아,EV9 GT,245,175,420,49,15
경남,일반승용,기아,EV9 롱레인지 2WD 19인치,270,189,459,54,16
경남,일반승용,기아,EV9 롱레인지 2WD 20인치,268,189,457,54,16
경남,일반승용,기아,EV9 롱레인지 4WD 19인치,254,175,429,51,15
경남,일반승용,기아,EV9 롱레인지 4WD 21인치,260,182,442,52,16
경남,일반승용,기아,EV9 롱레인지 GTL 4WD 21인치,252,175,427,50,15
경남,일반승용,기아,EV9 스탠다드,237,168,405,47,14
경남,일반승용,기아,PV5 패신저 5인승 롱레인지,458,322,780,92,28
경남,일반승용,기아,Pv5 WAV(비용 미지원),648,455,"1,103",100,30
경남,일반승용,기아,Pv5 WAV(비용 지원),448,315,763,90,27
경남,일반승용,기아,(단종)The all-new Kia Niro EV,489,343,832,98,29
경남,일반승용,기아,더뉴EV6 롱레인지 2WD 19인치,570,399,969,100,30
경남,일반승용,기아,더뉴EV6 롱레인지 2WD 20인치,559,392,951,100,30
경남,일반승용,기아,더뉴EV6 롱레인지 4WD 19인치,561,392,953,100,30
경남,일반승용,기아,더뉴EV6 롱레인지 4WD 20인치,532,371,903,100,30
경남,일반승용,기아,더뉴EV6 스탠다드,501,350,851,100,30
경남,경·소형,기아,레이 EV 2WD 14인치 1인승 밴,457,322,779,91,27
경남,경·소형,기아,레이 EV 2WD 14인치 2인승 밴,457,322,779,91,27
경남,경·소형,기아,레이 EV 2WD 14인치 4인승 승용,457,322,779,91,27
경남,일반승용,메르세데스벤츠코리아,EQA 250(Facelift),190,133,323,38,11
경남,일반승용,메르세데스벤츠코리아,EQB 300 4MATIC(Facelift),154,105,259,31,9
경남,일반승용,메르세데스벤츠코리아,EQB 300 4MATIC(Facelift)(CY25/2),162,112,274,32,10
경남,일반승용,볼보자동차코리아,볼보 EX30 Single Motor ER,247,175,422,49,15
경남,일반승용,볼보자동차코리아,볼보 EX30CC Twin Motor Perf,222,154,376,44,13
경남,일반승용,비와이디코리아,(단종)BYD ATTO 3,126,91,217,25,8
경남,일반승용,비와이디코리아,(단종)BYD DOLPHIN,109,77,186,22,7
경남,일반승용,비와이디코리아,(단종)BYD DOLPHIN Active,132,91,223,26,8
경남,일반승용,비와이디코리아,(단종)BYD SEAL,169,119,288,34,10
경남,일반승용,비와이디코리아,(단종)BYD SEAL Dynamic AWD,151,105,256,30,9
경남,일반승용,비와이디코리아,(단종)BYD SEALION 7,152,105,257,30,9
경남,일반승용,케이지모빌리티,토레스 EVX 18인치,354,245,599,71,21
경남,일반승용,케이지모빌리티,토레스 EVX 18인치(2026),361,252,613,72,22
경남,일반승용,케이지모빌리티,토레스 EVX 20인치,344,238,582,69,21
경남,일반승용,케이지모빌리티,토레스 EVX 20인치(2026),354,245,599,71,21
경남,일반승용,케이지모빌리티,(단종)토레스 EVX 2WD 18인치,327,231,558,65,20
경남,일반승용,케이지모빌리티,(단종)토레스 EVX 2WD 20인치,312,217,529,62,19
경남,일반승용,테슬라코리아,Model 3 Performance,200,140,340,40,12
경남,일반승용,테슬라코리아,Model 3 Premium Long Range RWD,420,294,714,84,25
경남,일반승용,테슬라코리아,Model 3 Premium Long Range RWD(5999만원),210,147,357,42,13
경남,일반승용,테슬라코리아,Model 3 RWD,168,119,287,34,10
경남,일반승용,테슬라코리아,Model 3 RWD(2025),168,119,287,34,10
경남,일반승용,테슬라코리아,Model Y L AWD,215,154,369,43,13
경남,일반승용,테슬라코리아,Model Y Long Range(2025),210,147,357,42,13
경남,일반승용,테슬라코리아,Model Y Premium Long Range,210,147,357,42,13
경남,일반승용,테슬라코리아,Model Y Premium RWD,170,119,289,34,10
경남,일반승용,테슬라코리아,Model Y RWD(2025),170,119,289,34,10
경남,일반승용,폭스바겐그룹코리아,ID.4 Pro,432,301,733,86,26
경남,일반승용,폭스바겐그룹코리아,Q4 45 e-tron,206,147,353,41,12
경남,일반승용,폭스바겐그룹코리아,Q4 Sportback 45 e-tron,206,147,353,41,12
경남,일반승용,폭스바겐그룹코리아,(단종)Q6 e-tron performance,220,154,374,44,13
경남,일반승용,폭스바겐그룹코리아,iD.5 Pro,473,329,802,95,29
경남,일반승용,폴스타오토모티브코리아,Polestar 4 Coupe Dual Motor,168,119,287,34,10
경남,일반승용,폴스타오토모티브코리아,Polestar 4 Coupe Rear Motor,181,126,307,36,11
경남,일반승용,현대자동차,ELECTRIFIED G80,270,189,459,54,16
경남,일반승용,현대자동차,ELECTRIFIED GV70 AWD 19인치,261,182,443,52,16
경남,일반승용,현대자동차,ELECTRIFIED GV70 AWD 20인치,245,175,420,49,15
경남,일반승용,현대자동차,GV60 스탠다드 2WD 19인치,285,203,488,57,17
경남,일반승용,현대자동차,GV60 스탠다드 AWD 19인치,272,189,461,54,16
경남,일반승용,현대자동차,GV60 스탠다드 AWD 20인치,261,182,443,52,16
경남,일반승용,현대자동차,더 뉴 아이오닉5 2WD 롱레인지 19인치,564,392,956,100,30
경남,일반승용,현대자동차,더 뉴 아이오닉5 2WD 롱레인지 19인치 빌트인 캠 미적용,567,399,966,100,30
경남,일반승용,현대자동차,더 뉴 아이오닉5 2WD 롱레인지 20인치,559,392,951,100,30
경남,일반승용,현대자동차,더 뉴 아이오닉5 2WD 롱레인지 N라인 20인치,541,378,919,100,30
경남,일반승용,현대자동차,더 뉴 아이오닉5 2WD 스탠다드 19인치,483,336,819,97,29
경남,일반승용,현대자동차,더 뉴 아이오닉5 AWD 롱레인지 19인치,558,392,950,100,30
경남,일반승용,현대자동차,더 뉴 아이오닉5 AWD 롱레인지 20인치,532,371,903,100,30
경남,일반승용,현대자동차,더 뉴 아이오닉5 AWD 롱레인지 N라인 20인치,510,357,867,100,30
경남,일반승용,현대자동차,더 뉴 아이오닉6 2WD 롱레인지 18인치,570,399,969,100,30
경남,일반승용,현대자동차,더 뉴 아이오닉6 2WD 롱레인지 20인치,570,399,969,100,30
경남,일반승용,현대자동차,더 뉴 아이오닉6 2WD 롱레인지 N라인 20인치,570,399,969,100,30
경남,일반승용,현대자동차,더 뉴 아이오닉6 2WD 스탠다드 18인치,560,392,952,100,30
경남,일반승용,현대자동차,더 뉴 아이오닉6 AWD 롱레인지 18인치,570,399,969,100,30
경남,일반승용,현대자동차,더 뉴 아이오닉6 AWD 롱레인지 20인치,553,385,938,100,30
경남,일반승용,현대자동차,더 뉴 아이오닉6 AWD 롱레인지 N라인 20인치,537,378,915,100,30
경남,일반승용,현대자동차,스타리아 라운지 일렉트릭 7인승,229,161,390,46,14
경남,일반승용,현대자동차,스타리아 리무진 일렉트릭 6인승,229,161,390,46,14
경남,일반승용,현대자동차,아이오닉6 N,250,175,425,50,15
경남,일반승용,현대자동차,아이오닉9 성능형 AWD,272,189,461,54,16
경남,일반승용,현대자동차,아이오닉9 항속형 2WD,274,189,463,55,17
경남,일반승용,현대자동차,아이오닉9 항속형 AWD,271,189,460,54,16
경남,경·소형,현대자동차,캐스퍼 일렉트릭 기본형 15인치,490,343,833,98,29
경남,경·소형,현대자동차,캐스퍼 일렉트릭 크로스 17인치,487,343,830,97,29
경남,경·소형,현대자동차,캐스퍼 일렉트릭 항속형 15인치,490,343,833,98,29
경남,경·소형,현대자동차,캐스퍼 일렉트릭 항속형 17인치(라운지포함),490,343,833,98,29
경남,일반승용,현대자동차,코나 일렉트릭 2WD 롱레인지 17인치,514,357,871,100,30
경남,일반승용,현대자동차,코나 일렉트릭 2WD 롱레인지 17인치 빌트인 캠 미적용,514,357,871,100,30
경남,일반승용,현대자동차,코나 일렉트릭 2WD 롱레인지 19인치,459,322,781,92,28
경남,일반승용,현대자동차,코나 일렉트릭 2WD 스탠다드 17인치,437,308,745,87,26
경남,일반승용,BMW,MINI Aceman E,400,120,520,80,24
경남,일반승용,BMW,MINI Aceman SE,400,120,520,80,24
경남,일반승용,BMW,MINI Cooper SE,396,119,515,79,24
경남,일반승용,BMW,MINI Countryman E,217,66,283,43,13
경남,일반승용,BMW,MINI Countryman SE ALL4,203,61,264,41,12
경남,일반승용,BMW,MINI JCW Aceman E,197,60,257,39,12
경남,일반승용,BMW,MINI JCW E,191,58,249,38,11
경남,일반승용,BMW,i4 M60 LCI (71HD),233,70,303,47,14
경남,일반승용,BMW,i4 eDrive 40 LCI(21HD),244,74,318,49,15
경남,일반승용,BMW,i4 eDrive 40 LCI(61HD),256,77,333,51,15
경남,일반승용,BMW,i5 eDrive 40,262,79,341,52,16
경남,일반승용,BMW,iX1 eDrive20,212,64,276,42,13
경남,일반승용,BMW,iX1 eDrive20(11HM),235,71,306,47,14
경남,일반승용,BMW,iX1 xDrive30,192,58,250,38,11
경남,일반승용,BMW,iX2 eDrive20,214,65,279,43,13
경남,일반승용,BMW,iX2 eDrive20(71GN),239,72,311,48,14
경남,일반승용,BMW,iX3 50 xDrive,275,83,358,55,17
경남,일반승용,기아,EV3 GT,248,75,323,50,15
경남,일반승용,기아,EV3 롱레인지 2WD 17인치,555,167,722,100,30
경남,일반승용,기아,EV3 롱레인지 2WD 19인치,555,167,722,100,30
경남,일반승용,기아,EV3 롱레인지 4WD 19인치,539,162,701,100,30
경남,일반승용,기아,EV3 스탠다드 2WD,469,141,610,94,28
경남,일반승용,기아,EV4 GT,255,77,332,51,15
경남,일반승용,기아,EV4 롱레인지 2WD 17인치,555,167,722,100,30
경남,일반승용,기아,EV4 롱레인지 2WD 19인치,555,167,722,100,30
경남,일반승용,기아,EV4 롱레인지 4WD 19인치,554,167,721,100,30
경남,일반승용,기아,EV4 롱레인지 GTL 2WD 19인치,555,167,722,100,30
경남,일반승용,기아,EV4 스탠다드 2WD 17인치,512,154,666,100,30
경남,일반승용,기아,EV4 스탠다드 2WD 19인치,481,145,626,96,29
경남,일반승용,기아,EV5 GT,232,70,302,46,14
경남,일반승용,기아,EV5 롱레인지 2WD,552,166,718,100,30
경남,일반승용,기아,EV5 롱레인지 4WD 18인치,499,150,649,100,30
경남,일반승용,기아,EV5 롱레인지 4WD 19인치,493,148,641,99,30
경남,일반승용,기아,EV9 GT,245,74,319,49,15
경남,일반승용,기아,EV9 롱레인지 2WD 19인치,270,81,351,54,16
경남,일반승용,기아,EV9 롱레인지 2WD 20인치,268,81,349,54,16
경남,일반승용,기아,EV9 롱레인지 4WD 19인치,254,77,331,51,15
경남,일반승용,기아,EV9 롱레인지 4WD 21인치,260,78,338,52,16
경남,일반승용,기아,EV9 롱레인지 GTL 4WD 21인치,252,76,328,50,15
경남,일반승용,기아,EV9 스탠다드,237,72,309,47,14
경남,일반승용,기아,PV5 패신저 5인승 롱레인지,458,138,596,92,28
경남,일반승용,기아,Pv5 WAV(비용 미지원),648,195,843,100,30
경남,일반승용,기아,Pv5 WAV(비용 지원),448,135,583,90,27
경남,일반승용,기아,(단종)The all-new Kia Niro EV,489,147,636,98,29
경남,일반승용,기아,더뉴EV6 롱레인지 2WD 19인치,570,171,741,100,30
경남,일반승용,기아,더뉴EV6 롱레인지 2WD 20인치,559,168,727,100,30
경남,일반승용,기아,더뉴EV6 롱레인지 4WD 19인치,561,169,730,100,30
경남,일반승용,기아,더뉴EV6 롱레인지 4WD 20인치,532,160,692,100,30
경남,일반승용,기아,더뉴EV6 스탠다드,501,151,652,100,30
경남,경·소형,기아,레이 EV 2WD 14인치 1인승 밴,457,138,595,91,27
경남,경·소형,기아,레이 EV 2WD 14인치 2인승 밴,457,138,595,91,27
경남,경·소형,기아,레이 EV 2WD 14인치 4인승 승용,457,138,595,91,27
경남,일반승용,메르세데스벤츠코리아,EQA 250(Facelift),190,57,247,38,11
경남,일반승용,메르세데스벤츠코리아,EQB 300 4MATIC(Facelift),154,47,201,31,9
경남,일반승용,메르세데스벤츠코리아,EQB 300 4MATIC(Facelift)(CY25/2),162,49,211,32,10
경남,일반승용,볼보자동차코리아,볼보 EX30 Single Motor ER,247,75,322,49,15
경남,일반승용,볼보자동차코리아,볼보 EX30CC Twin Motor Perf,222,67,289,44,13
경남,일반승용,비와이디코리아,(단종)BYD ATTO 3,126,38,164,25,8
경남,일반승용,비와이디코리아,(단종)BYD DOLPHIN,109,33,142,22,7
경남,일반승용,비와이디코리아,(단종)BYD DOLPHIN Active,132,40,172,26,8
경남,일반승용,비와이디코리아,(단종)BYD SEAL,169,51,220,34,10
경남,일반승용,비와이디코리아,(단종)BYD SEAL Dynamic AWD,151,46,197,30,9
경남,일반승용,비와이디코리아,(단종)BYD SEALION 7,152,46,198,30,9
경남,일반승용,케이지모빌리티,토레스 EVX 18인치,354,107,461,71,21
경남,일반승용,케이지모빌리티,토레스 EVX 18인치(2026),361,109,470,72,22
경남,일반승용,케이지모빌리티,토레스 EVX 20인치,344,104,448,69,21
경남,일반승용,케이지모빌리티,토레스 EVX 20인치(2026),354,107,461,71,21
경남,일반승용,케이지모빌리티,(단종)토레스 EVX 2WD 18인치,327,99,426,65,20
경남,일반승용,케이지모빌리티,(단종)토레스 EVX 2WD 20인치,312,94,406,62,19
경남,일반승용,테슬라코리아,Model 3 Performance,200,60,260,40,12
경남,일반승용,테슬라코리아,Model 3 Premium Long Range RWD,420,126,546,84,25
경남,일반승용,테슬라코리아,Model 3 Premium Long Range RWD(5999만원),210,63,273,42,13
경남,일반승용,테슬라코리아,Model 3 RWD,168,51,219,34,10
경남,일반승용,테슬라코리아,Model 3 RWD(2025),168,51,219,34,10
경남,일반승용,테슬라코리아,Model Y L AWD,215,63,278,43,13
경남,일반승용,테슬라코리아,Model Y Long Range(2025),210,63,273,42,13
경남,일반승용,테슬라코리아,Model Y Premium Long Range,210,63,273,42,13
경남,일반승용,테슬라코리아,Model Y Premium RWD,170,51,221,34,10
경남,일반승용,테슬라코리아,Model Y RWD(2025),170,51,221,34,10
경남,일반승용,폭스바겐그룹코리아,ID.4 Pro,432,130,562,86,26
경남,일반승용,폭스바겐그룹코리아,Q4 45 e-tron,206,62,268,41,12
경남,일반승용,폭스바겐그룹코리아,Q4 Sportback 45 e-tron,206,62,268,41,12
경남,일반승용,폭스바겐그룹코리아,(단종)Q6 e-tron performance,220,66,286,44,13
경남,일반승용,폭스바겐그룹코리아,iD.5 Pro,473,142,615,95,29
경남,일반승용,폴스타오토모티브코리아,Polestar 4 Coupe Dual Motor,168,51,219,34,10
경남,일반승용,폴스타오토모티브코리아,Polestar 4 Coupe Rear Motor,181,55,236,36,11
경남,일반승용,현대자동차,ELECTRIFIED G80,270,81,351,54,16
경남,일반승용,현대자동차,ELECTRIFIED GV70 AWD 19인치,261,79,340,52,16
경남,일반승용,현대자동차,ELECTRIFIED GV70 AWD 20인치,245,74,319,49,15
경남,일반승용,현대자동차,GV60 스탠다드 2WD 19인치,285,86,371,57,17
경남,일반승용,현대자동차,GV60 스탠다드 AWD 19인치,272,82,354,54,16
경남,일반승용,현대자동차,GV60 스탠다드 AWD 20인치,261,79,340,52,16
경남,일반승용,현대자동차,더 뉴 아이오닉5 2WD 롱레인지 19인치,564,170,734,100,30
경남,일반승용,현대자동차,더 뉴 아이오닉5 2WD 롱레인지 19인치 빌트인 캠 미적용,567,171,738,100,30
경남,일반승용,현대자동차,더 뉴 아이오닉5 2WD 롱레인지 20인치,559,168,727,100,30
경남,일반승용,현대자동차,더 뉴 아이오닉5 2WD 롱레인지 N라인 20인치,541,163,704,100,30
경남,일반승용,현대자동차,더 뉴 아이오닉5 2WD 스탠다드 19인치,483,145,628,97,29
경남,일반승용,현대자동차,더 뉴 아이오닉5 AWD 롱레인지 19인치,558,168,726,100,30
경남,일반승용,현대자동차,더 뉴 아이오닉5 AWD 롱레인지 20인치,532,160,692,100,30
경남,일반승용,현대자동차,더 뉴 아이오닉5 AWD 롱레인지 N라인 20인치,510,153,663,100,30
경남,일반승용,현대자동차,더 뉴 아이오닉6 2WD 롱레인지 18인치,570,171,741,100,30
경남,일반승용,현대자동차,더 뉴 아이오닉6 2WD 롱레인지 20인치,570,171,741,100,30
경남,일반승용,현대자동차,더 뉴 아이오닉6 2WD 롱레인지 N라인 20인치,570,171,741,100,30
경남,일반승용,현대자동차,더 뉴 아이오닉6 2WD 스탠다드 18인치,560,168,728,100,30
경남,일반승용,현대자동차,더 뉴 아이오닉6 AWD 롱레인지 18인치,570,171,741,100,30
경남,일반승용,현대자동차,더 뉴 아이오닉6 AWD 롱레인지 20인치,553,166,719,100,30
경남,일반승용,현대자동차,더 뉴 아이오닉6 AWD 롱레인지 N라인 20인치,537,162,699,100,30
경남,일반승용,현대자동차,스타리아 라운지 일렉트릭 7인승,229,69,298,46,14
경남,일반승용,현대자동차,스타리아 리무진 일렉트릭 6인승,229,69,298,46,14
경남,일반승용,현대자동차,아이오닉6 N,250,75,325,50,15
경남,일반승용,현대자동차,아이오닉9 성능형 AWD,272,82,354,54,16
경남,일반승용,현대자동차,아이오닉9 항속형 2WD,274,83,357,55,17
경남,일반승용,현대자동차,아이오닉9 항속형 AWD,271,82,353,54,16
경남,경·소형,현대자동차,캐스퍼 일렉트릭 기본형 15인치,490,147,637,98,29
경남,경·소형,현대자동차,캐스퍼 일렉트릭 크로스 17인치,487,147,634,97,29
경남,경·소형,현대자동차,캐스퍼 일렉트릭 항속형 15인치,490,147,637,98,29
경남,경·소형,현대자동차,캐스퍼 일렉트릭 항속형 17인치(라운지포함),490,147,637,98,29
경남,일반승용,현대자동차,코나 일렉트릭 2WD 롱레인지 17인치,514,155,669,100,30
경남,일반승용,현대자동차,코나 일렉트릭 2WD 롱레인지 17인치 빌트인 캠 미적용,514,155,669,100,30
경남,일반승용,현대자동차,코나 일렉트릭 2WD 롱레인지 19인치,459,138,597,92,28
경남,일반승용,현대자동차,코나 일렉트릭 2WD 스탠다드 17인치,437,132,569,87,26
경남,일반승용,BMW,MINI Aceman E,400,120,520,80,24
경남,일반승용,BMW,MINI Aceman SE,400,120,520,80,24
경남,일반승용,BMW,MINI Cooper SE,396,119,515,79,24
경남,일반승용,BMW,MINI Countryman E,217,66,283,43,13
경남,일반승용,BMW,MINI Countryman SE ALL4,203,61,264,41,12
경남,일반승용,BMW,MINI JCW Aceman E,197,60,257,39,12
경남,일반승용,BMW,MINI JCW E,191,58,249,38,11
경남,일반승용,BMW,i4 M60 LCI (71HD),233,70,303,47,14
경남,일반승용,BMW,i4 eDrive 40 LCI(21HD),244,74,318,49,15
경남,일반승용,BMW,i4 eDrive 40 LCI(61HD),256,77,333,51,15
경남,일반승용,BMW,i5 eDrive 40,262,79,341,52,16
경남,일반승용,BMW,iX1 eDrive20,212,64,276,42,13
경남,일반승용,BMW,iX1 xDrive30,192,58,250,38,11
경남,일반승용,BMW,iX2 eDrive20,214,65,279,43,13
경남,일반승용,BMW,iX3 50 xDrive,275,83,358,55,17
경남,일반승용,기아,EV3 GT,248,75,323,50,15
경남,일반승용,기아,EV3 롱레인지 2WD 17인치,555,167,722,100,30
경남,일반승용,기아,EV3 롱레인지 2WD 19인치,555,167,722,100,30
경남,일반승용,기아,EV3 롱레인지 4WD 19인치,539,162,701,100,30
경남,일반승용,기아,EV3 스탠다드 2WD,469,141,610,94,28
경남,일반승용,기아,EV4 GT,255,77,332,51,15
경남,일반승용,기아,EV4 롱레인지 2WD 17인치,555,167,722,100,30
경남,일반승용,기아,EV4 롱레인지 2WD 19인치,555,167,722,100,30
경남,일반승용,기아,EV4 롱레인지 4WD 19인치,554,167,721,100,30
경남,일반승용,기아,EV4 롱레인지 GTL 2WD 19인치,555,167,722,100,30
경남,일반승용,기아,EV4 스탠다드 2WD 17인치,512,167,679,100,30
경남,일반승용,기아,EV4 스탠다드 2WD 19인치,481,145,626,96,29
경남,일반승용,기아,EV5 GT,232,70,302,46,14
경남,일반승용,기아,EV5 롱레인지 2WD,552,166,718,100,30
경남,일반승용,기아,EV5 롱레인지 4WD 18인치,499,150,649,100,30
경남,일반승용,기아,EV5 롱레인지 4WD 19인치,493,148,641,99,30
경남,일반승용,기아,EV9 GT,245,74,319,49,15
경남,일반승용,기아,EV9 롱레인지 2WD 19인치,270,81,351,54,16
경남,일반승용,기아,EV9 롱레인지 2WD 20인치,268,81,349,54,16
경남,일반승용,기아,EV9 롱레인지 4WD 19인치,254,77,331,51,15
경남,일반승용,기아,EV9 롱레인지 4WD 21인치,260,78,338,52,16
경남,일반승용,기아,EV9 롱레인지 GTL 4WD 21인치,252,76,328,50,15
경남,일반승용,기아,EV9 스탠다드,237,72,309,47,14
경남,일반승용,기아,PV5 패신저 5인승 롱레인지,458,138,596,92,28
경남,일반승용,기아,Pv5 WAV(비용 미지원),648,195,843,100,30
경남,일반승용,기아,Pv5 WAV(비용 지원),448,135,583,90,27
경남,일반승용,기아,(단종)The all-new Kia Niro EV,489,147,636,98,29
경남,일반승용,기아,더뉴EV6 롱레인지 2WD 19인치,570,171,741,100,30
경남,일반승용,기아,더뉴EV6 롱레인지 2WD 20인치,559,168,727,100,30
경남,일반승용,기아,더뉴EV6 롱레인지 4WD 19인치,561,169,730,100,30
경남,일반승용,기아,더뉴EV6 롱레인지 4WD 20인치,532,160,692,100,30
경남,일반승용,기아,더뉴EV6 스탠다드,501,151,652,100,30
경남,경·소형,기아,레이 EV 2WD 14인치 1인승 밴,457,138,595,91,27
경남,경·소형,기아,레이 EV 2WD 14인치 2인승 밴,457,138,595,91,27
경남,경·소형,기아,레이 EV 2WD 14인치 4인승 승용,457,138,595,91,27
경남,일반승용,메르세데스벤츠코리아,EQA 250(Facelift),190,57,247,38,11
경남,일반승용,메르세데스벤츠코리아,EQB 300 4MATIC(Facelift),154,47,201,31,9
경남,일반승용,메르세데스벤츠코리아,EQB 300 4MATIC(Facelift)(CY25/2),162,49,211,32,10
경남,일반승용,볼보자동차코리아,볼보 EX30 Single Motor ER,247,75,322,49,15
경남,일반승용,볼보자동차코리아,볼보 EX30CC Twin Motor Perf,222,67,289,44,13
경남,일반승용,비와이디코리아,(단종)BYD ATTO 3,126,38,164,25,8
경남,일반승용,비와이디코리아,(단종)BYD DOLPHIN,109,33,142,22,7
경남,일반승용,비와이디코리아,(단종)BYD DOLPHIN Active,132,40,172,26,8
경남,일반승용,비와이디코리아,(단종)BYD SEAL,169,51,220,34,10
경남,일반승용,비와이디코리아,(단종)BYD SEAL Dynamic AWD,151,46,197,30,9
경남,일반승용,비와이디코리아,(단종)BYD SEALION 7,152,46,198,30,9
경남,일반승용,케이지모빌리티,토레스 EVX 18인치,354,107,461,71,21
경남,일반승용,케이지모빌리티,토레스 EVX 18인치(2026),361,109,470,72,22
경남,일반승용,케이지모빌리티,토레스 EVX 20인치,344,105,449,69,21
경남,일반승용,케이지모빌리티,토레스 EVX 20인치(2026),354,107,461,71,21
경남,일반승용,케이지모빌리티,(단종)토레스 EVX 2WD 18인치,327,99,426,65,20
경남,일반승용,케이지모빌리티,(단종)토레스 EVX 2WD 20인치,312,94,406,62,19
경남,일반승용,테슬라코리아,Model 3 Performance,200,60,260,40,12
경남,일반승용,테슬라코리아,Model 3 Premium Long Range RWD,420,126,546,84,25
경남,일반승용,테슬라코리아,Model 3 Premium Long Range RWD(5999만원),210,63,273,42,13
경남,일반승용,테슬라코리아,Model 3 RWD,168,51,219,34,10
경남,일반승용,테슬라코리아,Model 3 RWD(2025),168,51,219,34,10
경남,일반승용,테슬라코리아,Model Y L AWD,215,65,280,43,13
경남,일반승용,테슬라코리아,Model Y Long Range(2025),210,63,273,42,13
경남,일반승용,테슬라코리아,Model Y Premium Long Range,210,63,273,42,13
경남,일반승용,테슬라코리아,Model Y Premium RWD,170,51,221,34,10
경남,일반승용,테슬라코리아,Model Y RWD(2025),170,51,221,34,10
경남,일반승용,폭스바겐그룹코리아,ID.4 Pro,432,130,562,86,26
경남,일반승용,폭스바겐그룹코리아,Q4 45 e-tron,206,62,268,41,12
경남,일반승용,폭스바겐그룹코리아,Q4 Sportback 45 e-tron,206,62,268,41,12
경남,일반승용,폭스바겐그룹코리아,(단종)Q6 e-tron performance,220,66,286,44,13
경남,일반승용,폭스바겐그룹코리아,iD.5 Pro,473,142,615,95,29
경남,일반승용,현대자동차,ELECTRIFIED G80,270,81,351,54,16
경남,일반승용,현대자동차,ELECTRIFIED GV70 AWD 19인치,261,79,340,52,16
경남,일반승용,현대자동차,ELECTRIFIED GV70 AWD 20인치,245,74,319,49,15
경남,일반승용,현대자동차,GV60 스탠다드 2WD 19인치,285,86,371,57,17
경남,일반승용,현대자동차,GV60 스탠다드 AWD 19인치,272,82,354,54,16
경남,일반승용,현대자동차,GV60 스탠다드 AWD 20인치,261,79,340,52,16
경남,일반승용,현대자동차,더 뉴 아이오닉5 2WD 롱레인지 19인치,564,170,734,100,30
경남,일반승용,현대자동차,더 뉴 아이오닉5 2WD 롱레인지 19인치 빌트인 캠 미적용,567,171,738,100,30
경남,일반승용,현대자동차,더 뉴 아이오닉5 2WD 롱레인지 20인치,559,168,727,100,30
경남,일반승용,현대자동차,더 뉴 아이오닉5 2WD 롱레인지 N라인 20인치,541,163,704,100,30
경남,일반승용,현대자동차,더 뉴 아이오닉5 2WD 스탠다드 19인치,483,145,628,97,29
경남,일반승용,현대자동차,더 뉴 아이오닉5 AWD 롱레인지 19인치,558,168,726,100,30
경남,일반승용,현대자동차,더 뉴 아이오닉5 AWD 롱레인지 20인치,532,160,692,100,30
경남,일반승용,현대자동차,더 뉴 아이오닉5 AWD 롱레인지 N라인 20인치,510,153,663,100,30
경남,일반승용,현대자동차,더 뉴 아이오닉6 2WD 롱레인지 18인치,570,171,741,100,30
경남,일반승용,현대자동차,더 뉴 아이오닉6 2WD 롱레인지 20인치,570,171,741,100,30
경남,일반승용,현대자동차,더 뉴 아이오닉6 2WD 롱레인지 N라인 20인치,570,171,741,100,30
경남,일반승용,현대자동차,더 뉴 아이오닉6 2WD 스탠다드 18인치,560,168,728,100,30
경남,일반승용,현대자동차,더 뉴 아이오닉6 AWD 롱레인지 18인치,570,171,741,100,30
경남,일반승용,현대자동차,더 뉴 아이오닉6 AWD 롱레인지 20인치,553,166,719,100,30
경남,일반승용,현대자동차,더 뉴 아이오닉6 AWD 롱레인지 N라인 20인치,537,162,699,100,30
경남,일반승용,현대자동차,스타리아 라운지 일렉트릭 7인승,229,69,298,46,14
경남,일반승용,현대자동차,스타리아 리무진 일렉트릭 6인승,229,69,298,46,14
경남,일반승용,현대자동차,아이오닉6 N,250,75,325,50,15
경남,일반승용,현대자동차,아이오닉9 성능형 AWD,272,82,354,54,16
경남,일반승용,현대자동차,아이오닉9 항속형 2WD,274,83,357,55,17
경남,일반승용,현대자동차,아이오닉9 항속형 AWD,271,82,353,54,16
경남,경·소형,현대자동차,캐스퍼 일렉트릭 기본형 15인치,490,147,637,98,29
경남,경·소형,현대자동차,캐스퍼 일렉트릭 크로스 17인치,487,147,634,97,29
경남,경·소형,현대자동차,캐스퍼 일렉트릭 항속형 15인치,490,147,637,98,29
경남,경·소형,현대자동차,캐스퍼 일렉트릭 항속형 17인치(라운지포함),490,147,637,98,29
경남,일반승용,현대자동차,코나 일렉트릭 2WD 롱레인지 17인치,514,155,669,100,30
경남,일반승용,현대자동차,코나 일렉트릭 2WD 롱레인지 17인치 빌트인 캠 미적용,514,155,669,100,30
경남,일반승용,현대자동차,코나 일렉트릭 2WD 롱레인지 19인치,459,138,597,92,28
경남,일반승용,현대자동차,코나 일렉트릭 2WD 스탠다드 17인치,437,132,569,87,26
경남,일반승용,BMW,MINI Aceman E,400,120,520,80,24
경남,일반승용,BMW,MINI Aceman SE,400,120,520,80,24
경남,일반승용,BMW,MINI Cooper SE,396,119,515,79,24
경남,일반승용,BMW,MINI Countryman E,217,66,283,43,13
경남,일반승용,BMW,MINI Countryman SE ALL4,203,61,264,41,12
경남,일반승용,BMW,MINI JCW Aceman E,197,60,257,39,12
경남,일반승용,BMW,MINI JCW E,191,58,249,38,11
경남,일반승용,BMW,i4 M60 LCI (71HD),233,70,303,47,14
경남,일반승용,BMW,i4 eDrive 40 LCI(21HD),244,74,318,49,15
경남,일반승용,BMW,i4 eDrive 40 LCI(61HD),256,77,333,51,15
경남,일반승용,BMW,i5 eDrive 40,262,79,341,52,16
경남,일반승용,BMW,iX1 eDrive20,212,64,276,42,13
경남,일반승용,BMW,iX1 xDrive30,192,58,250,38,11
경남,일반승용,BMW,iX2 eDrive20,214,65,279,43,13
경남,일반승용,BMW,iX3 50 xDrive,275,0,275,55,17
경남,일반승용,기아,EV3 GT,248,75,323,50,15
경남,일반승용,기아,EV3 롱레인지 2WD 17인치,555,167,722,100,30
경남,일반승용,기아,EV3 롱레인지 2WD 19인치,555,167,722,100,30
경남,일반승용,기아,EV3 롱레인지 4WD 19인치,539,162,701,100,30
경남,일반승용,기아,EV3 스탠다드 2WD,469,141,610,94,28
경남,일반승용,기아,EV4 GT,255,77,332,51,15
경남,일반승용,기아,EV4 롱레인지 2WD 17인치,555,167,722,100,30
경남,일반승용,기아,EV4 롱레인지 2WD 19인치,555,167,722,100,30
경남,일반승용,기아,EV4 롱레인지 4WD 19인치,554,167,721,100,30
경남,일반승용,기아,EV4 롱레인지 GTL 2WD 19인치,555,167,722,100,30
경남,일반승용,기아,EV4 스탠다드 2WD 17인치,512,154,666,100,30
경남,일반승용,기아,EV4 스탠다드 2WD 19인치,481,145,626,96,29
경남,일반승용,기아,EV5 GT,232,70,302,46,14
경남,일반승용,기아,EV5 롱레인지 2WD,552,166,718,100,30
경남,일반승용,기아,EV5 롱레인지 4WD 18인치,499,150,649,100,30
경남,일반승용,기아,EV5 롱레인지 4WD 19인치,493,148,641,99,30
경남,일반승용,기아,EV9 GT,245,74,319,49,15
경남,일반승용,기아,EV9 롱레인지 2WD 19인치,270,81,351,54,16
경남,일반승용,기아,EV9 롱레인지 2WD 20인치,268,81,349,54,16
경남,일반승용,기아,EV9 롱레인지 4WD 19인치,254,77,331,51,15
경남,일반승용,기아,EV9 롱레인지 4WD 21인치,260,78,338,52,16
경남,일반승용,기아,EV9 롱레인지 GTL 4WD 21인치,252,76,328,50,15
경남,일반승용,기아,EV9 스탠다드,237,72,309,47,14
경남,일반승용,기아,PV5 패신저 5인승 롱레인지,458,138,596,92,28
경남,일반승용,기아,Pv5 WAV(비용 미지원),648,195,843,100,30
경남,일반승용,기아,Pv5 WAV(비용 지원),448,135,583,90,27
경남,일반승용,기아,(단종)The all-new Kia Niro EV,489,147,636,98,29
경남,일반승용,기아,더뉴EV6 롱레인지 2WD 19인치,570,171,741,100,30
경남,일반승용,기아,더뉴EV6 롱레인지 2WD 20인치,559,168,727,100,30
경남,일반승용,기아,더뉴EV6 롱레인지 4WD 19인치,561,169,730,100,30
경남,일반승용,기아,더뉴EV6 롱레인지 4WD 20인치,532,160,692,100,30
경남,일반승용,기아,더뉴EV6 스탠다드,501,151,652,100,30
경남,경·소형,기아,레이 EV 2WD 14인치 1인승 밴,457,138,595,91,27
경남,경·소형,기아,레이 EV 2WD 14인치 2인승 밴,457,138,595,91,27
경남,경·소형,기아,레이 EV 2WD 14인치 4인승 승용,457,138,595,91,27
경남,일반승용,메르세데스벤츠코리아,EQA 250(Facelift),190,57,247,38,11
경남,일반승용,메르세데스벤츠코리아,EQB 300 4MATIC(Facelift),154,47,201,31,9
경남,일반승용,메르세데스벤츠코리아,EQB 300 4MATIC(Facelift)(CY25/2),162,49,211,32,10
경남,일반승용,볼보자동차코리아,볼보 EX30 Single Motor ER,247,75,322,49,15
경남,일반승용,볼보자동차코리아,볼보 EX30CC Twin Motor Perf,222,67,289,44,13
경남,일반승용,비와이디코리아,(단종)BYD ATTO 3,126,0,126,25,8
경남,일반승용,비와이디코리아,(단종)BYD DOLPHIN,109,0,109,22,7
경남,일반승용,비와이디코리아,(단종)BYD DOLPHIN Active,132,0,132,26,8
경남,일반승용,비와이디코리아,(단종)BYD SEAL,169,0,169,34,10
경남,일반승용,비와이디코리아,(단종)BYD SEAL Dynamic AWD,151,0,151,30,9
경남,일반승용,비와이디코리아,(단종)BYD SEALION 7,152,0,152,30,9
경남,일반승용,케이지모빌리티,토레스 EVX 18인치,354,107,461,71,21
경남,일반승용,케이지모빌리티,토레스 EVX 18인치(2026),361,109,470,72,22
경남,일반승용,케이지모빌리티,토레스 EVX 20인치,344,104,448,69,21
경남,일반승용,케이지모빌리티,토레스 EVX 20인치(2026),354,107,461,71,21
경남,일반승용,케이지모빌리티,(단종)토레스 EVX 2WD 18인치,327,0,327,65,20
경남,일반승용,케이지모빌리티,(단종)토레스 EVX 2WD 20인치,312,0,312,62,19
경남,일반승용,테슬라코리아,Model 3 Performance,200,60,260,40,12
경남,일반승용,테슬라코리아,Model 3 Premium Long Range RWD,420,63,483,84,25
경남,일반승용,테슬라코리아,Model 3 Premium Long Range RWD(5999만원),210,63,273,42,13
경남,일반승용,테슬라코리아,Model 3 RWD,168,51,219,34,10
경남,일반승용,테슬라코리아,Model 3 RWD(2025),168,51,219,34,10
경남,일반승용,테슬라코리아,Model Y L AWD,215,65,280,43,13
경남,일반승용,테슬라코리아,Model Y Long Range(2025),210,63,273,42,13
경남,일반승용,테슬라코리아,Model Y Premium Long Range,210,63,273,42,13
경남,일반승용,테슬라코리아,Model Y Premium RWD,170,51,221,34,10
경남,일반승용,테슬라코리아,Model Y RWD(2025),170,51,221,34,10
경남,일반승용,폭스바겐그룹코리아,ID.4 Pro,432,130,562,86,26
경남,일반승용,폭스바겐그룹코리아,Q4 45 e-tron,206,62,268,41,12
경남,일반승용,폭스바겐그룹코리아,Q4 Sportback 45 e-tron,206,62,268,41,12
경남,일반승용,폭스바겐그룹코리아,(단종)Q6 e-tron performance,220,66,286,44,13
경남,일반승용,폭스바겐그룹코리아,iD.5 Pro,473,142,615,95,29
경남,일반승용,현대자동차,ELECTRIFIED G80,270,81,351,54,16
경남,일반승용,현대자동차,ELECTRIFIED GV70 AWD 19인치,261,79,340,52,16
경남,일반승용,현대자동차,ELECTRIFIED GV70 AWD 20인치,245,74,319,49,15
경남,일반승용,현대자동차,GV60 스탠다드 2WD 19인치,285,86,371,57,17
경남,일반승용,현대자동차,GV60 스탠다드 AWD 19인치,272,82,354,54,16
경남,일반승용,현대자동차,GV60 스탠다드 AWD 20인치,261,79,340,52,16
경남,일반승용,현대자동차,더 뉴 아이오닉5 2WD 롱레인지 19인치,564,170,734,100,30
경남,일반승용,현대자동차,더 뉴 아이오닉5 2WD 롱레인지 19인치 빌트인 캠 미적용,567,171,738,100,30
경남,일반승용,현대자동차,더 뉴 아이오닉5 2WD 롱레인지 20인치,559,168,727,100,30
경남,일반승용,현대자동차,더 뉴 아이오닉5 2WD 롱레인지 N라인 20인치,541,163,704,100,30
경남,일반승용,현대자동차,더 뉴 아이오닉5 2WD 스탠다드 19인치,483,145,628,97,29
경남,일반승용,현대자동차,더 뉴 아이오닉5 AWD 롱레인지 19인치,558,168,726,100,30
경남,일반승용,현대자동차,더 뉴 아이오닉5 AWD 롱레인지 20인치,532,160,692,100,30
경남,일반승용,현대자동차,더 뉴 아이오닉5 AWD 롱레인지 N라인 20인치,510,153,663,100,30
경남,일반승용,현대자동차,더 뉴 아이오닉6 2WD 롱레인지 18인치,570,171,741,100,30
경남,일반승용,현대자동차,더 뉴 아이오닉6 2WD 롱레인지 20인치,570,171,741,100,30
경남,일반승용,현대자동차,더 뉴 아이오닉6 2WD 롱레인지 N라인 20인치,570,171,741,100,30
경남,일반승용,현대자동차,더 뉴 아이오닉6 2WD 스탠다드 18인치,560,168,728,100,30
경남,일반승용,현대자동차,더 뉴 아이오닉6 AWD 롱레인지 18인치,570,171,741,100,30
경남,일반승용,현대자동차,더 뉴 아이오닉6 AWD 롱레인지 20인치,553,166,719,100,30
경남,일반승용,현대자동차,더 뉴 아이오닉6 AWD 롱레인지 N라인 20인치,537,162,699,100,30
경남,일반승용,현대자동차,스타리아 라운지 일렉트릭 7인승,229,69,298,46,14
경남,일반승용,현대자동차,스타리아 리무진 일렉트릭 6인승,229,69,298,46,14
경남,일반승용,현대자동차,아이오닉6 N,250,75,325,50,15
경남,일반승용,현대자동차,아이오닉9 성능형 AWD,272,82,354,54,16
경남,일반승용,현대자동차,아이오닉9 항속형 2WD,274,83,357,55,17
경남,일반승용,현대자동차,아이오닉9 항속형 AWD,271,82,353,54,16
경남,경·소형,현대자동차,캐스퍼 일렉트릭 기본형 15인치,490,147,637,98,29
경남,경·소형,현대자동차,캐스퍼 일렉트릭 크로스 17인치,487,147,634,97,29
경남,경·소형,현대자동차,캐스퍼 일렉트릭 항속형 15인치,490,147,637,98,29
경남,경·소형,현대자동차,캐스퍼 일렉트릭 항속형 17인치(라운지포함),490,147,637,98,29
경남,일반승용,현대자동차,코나 일렉트릭 2WD 롱레인지 17인치,514,155,669,100,30
경남,일반승용,현대자동차,코나 일렉트릭 2WD 롱레인지 17인치 빌트인 캠 미적용,514,155,669,100,30
경남,일반승용,현대자동차,코나 일렉트릭 2WD 롱레인지 19인치,459,138,597,92,28
경남,일반승용,현대자동차,코나 일렉트릭 2WD 스탠다드 17인치,437,132,569,87,26
경남,일반승용,BMW,MINI Aceman E,400,120,520,80,24
경남,일반승용,BMW,MINI Aceman SE,400,120,520,80,24
경남,일반승용,BMW,MINI Cooper SE,396,119,515,79,24
경남,일반승용,BMW,MINI Countryman E,217,66,283,43,13
경남,일반승용,BMW,MINI Countryman SE ALL4,203,61,264,41,12
경남,일반승용,BMW,MINI JCW Aceman E,197,60,257,39,12
경남,일반승용,BMW,MINI JCW E,191,58,249,38,11
경남,일반승용,BMW,i4 M60 LCI (71HD),233,70,303,47,14
경남,일반승용,BMW,i4 eDrive 40 LCI(21HD),244,74,318,49,15
경남,일반승용,BMW,i4 eDrive 40 LCI(61HD),256,77,333,51,15
경남,일반승용,BMW,i5 eDrive 40,262,79,341,52,16
경남,일반승용,BMW,iX1 eDrive20,212,64,276,42,13
경남,일반승용,BMW,iX1 eDrive20(11HM),235,71,306,47,14
경남,일반승용,BMW,iX1 xDrive30,192,58,250,38,11
경남,일반승용,BMW,iX2 eDrive20,214,65,279,43,13
경남,일반승용,BMW,iX2 eDrive20(71GN),239,72,311,48,14
경남,일반승용,BMW,iX3 50 xDrive,275,83,358,55,17
경남,일반승용,기아,EV3 GT,248,75,323,50,15
경남,일반승용,기아,EV3 롱레인지 2WD 17인치,555,167,722,100,30
경남,일반승용,기아,EV3 롱레인지 2WD 19인치,555,167,722,100,30
경남,일반승용,기아,EV3 롱레인지 4WD 19인치,539,162,701,100,30
경남,일반승용,기아,EV3 스탠다드 2WD,469,141,610,94,28
경남,일반승용,기아,EV4 GT,255,77,332,51,15
경남,일반승용,기아,EV4 롱레인지 2WD 17인치,555,167,722,100,30
경남,일반승용,기아,EV4 롱레인지 2WD 19인치,555,167,722,100,30
경남,일반승용,기아,EV4 롱레인지 4WD 19인치,554,167,721,100,30
경남,일반승용,기아,EV4 롱레인지 GTL 2WD 19인치,555,167,722,100,30
경남,일반승용,기아,EV4 스탠다드 2WD 17인치,512,154,666,100,30
경남,일반승용,기아,EV4 스탠다드 2WD 19인치,481,145,626,96,29
경남,일반승용,기아,EV5 GT,232,70,302,46,14
경남,일반승용,기아,EV5 롱레인지 2WD,552,166,718,100,30
경남,일반승용,기아,EV5 롱레인지 4WD 18인치,499,150,649,100,30
경남,일반승용,기아,EV5 롱레인지 4WD 19인치,493,148,641,99,30
경남,일반승용,기아,EV9 GT,245,74,319,49,15
경남,일반승용,기아,EV9 롱레인지 2WD 19인치,270,81,351,54,16
경남,일반승용,기아,EV9 롱레인지 2WD 20인치,268,81,349,54,16
경남,일반승용,기아,EV9 롱레인지 4WD 19인치,254,77,331,51,15
경남,일반승용,기아,EV9 롱레인지 4WD 21인치,260,78,338,52,16
경남,일반승용,기아,EV9 롱레인지 GTL 4WD 21인치,252,76,328,50,15
경남,일반승용,기아,EV9 스탠다드,237,72,309,47,14
경남,일반승용,기아,PV5 패신저 5인승 롱레인지,458,138,596,92,28
경남,일반승용,기아,Pv5 WAV(비용 미지원),648,195,843,100,30
경남,일반승용,기아,Pv5 WAV(비용 지원),448,135,583,90,27
경남,일반승용,기아,(단종)The all-new Kia Niro EV,489,147,636,98,29
경남,일반승용,기아,더뉴EV6 롱레인지 2WD 19인치,570,171,741,100,30
경남,일반승용,기아,더뉴EV6 롱레인지 2WD 20인치,559,168,727,100,30
경남,일반승용,기아,더뉴EV6 롱레인지 4WD 19인치,561,169,730,100,30
경남,일반승용,기아,더뉴EV6 롱레인지 4WD 20인치,532,160,692,100,30
경남,일반승용,기아,더뉴EV6 스탠다드,501,151,652,100,30
경남,경·소형,기아,레이 EV 2WD 14인치 1인승 밴,457,138,595,91,27
경남,경·소형,기아,레이 EV 2WD 14인치 2인승 밴,457,138,595,91,27
경남,경·소형,기아,레이 EV 2WD 14인치 4인승 승용,457,138,595,91,27
경남,일반승용,메르세데스벤츠코리아,EQA 250(Facelift),190,57,247,38,11
경남,일반승용,메르세데스벤츠코리아,EQB 300 4MATIC(Facelift),154,47,201,31,9
경남,일반승용,메르세데스벤츠코리아,EQB 300 4MATIC(Facelift)(CY25/2),162,49,211,32,10
경남,일반승용,볼보자동차코리아,볼보 EX30 Single Motor ER,247,75,322,49,15
경남,일반승용,볼보자동차코리아,볼보 EX30CC Twin Motor Perf,222,67,289,44,13
경남,일반승용,비와이디코리아,(단종)BYD ATTO 3,126,38,164,25,8
경남,일반승용,비와이디코리아,(단종)BYD DOLPHIN,109,33,142,22,7
경남,일반승용,비와이디코리아,(단종)BYD DOLPHIN Active,132,40,172,26,8
경남,일반승용,비와이디코리아,(단종)BYD SEAL,169,51,220,34,10
경남,일반승용,비와이디코리아,(단종)BYD SEAL Dynamic AWD,151,46,197,30,9
경남,일반승용,비와이디코리아,(단종)BYD SEALION 7,152,46,198,30,9
경남,일반승용,케이지모빌리티,토레스 EVX 18인치,354,107,461,71,21
경남,일반승용,케이지모빌리티,토레스 EVX 18인치(2026),361,109,470,72,22
경남,일반승용,케이지모빌리티,토레스 EVX 20인치,344,104,448,69,21
경남,일반승용,케이지모빌리티,토레스 EVX 20인치(2026),354,107,461,71,21
경남,일반승용,케이지모빌리티,(단종)토레스 EVX 2WD 18인치,327,99,426,65,20
경남,일반승용,케이지모빌리티,(단종)토레스 EVX 2WD 20인치,312,94,406,62,19
경남,일반승용,테슬라코리아,Model 3 Performance,200,60,260,40,12
경남,일반승용,테슬라코리아,Model 3 Premium Long Range RWD,420,126,546,84,25
경남,일반승용,테슬라코리아,Model 3 Premium Long Range RWD(5999만원),210,63,273,42,13
경남,일반승용,테슬라코리아,Model 3 RWD,168,51,219,34,10
경남,일반승용,테슬라코리아,Model 3 RWD(2025),168,51,219,34,10
경남,일반승용,테슬라코리아,Model Y L AWD,215,63,278,43,13
경남,일반승용,테슬라코리아,Model Y Long Range(2025),210,63,273,42,13
경남,일반승용,테슬라코리아,Model Y Premium Long Range,210,63,273,42,13
경남,일반승용,테슬라코리아,Model Y Premium RWD,170,51,221,34,10
경남,일반승용,테슬라코리아,Model Y RWD(2025),170,51,221,34,10
경남,일반승용,폭스바겐그룹코리아,ID.4 Pro,432,130,562,86,26
경남,일반승용,폭스바겐그룹코리아,Q4 45 e-tron,206,62,268,41,12
경남,일반승용,폭스바겐그룹코리아,Q4 Sportback 45 e-tron,206,62,268,41,12
경남,일반승용,폭스바겐그룹코리아,(단종)Q6 e-tron performance,220,66,286,44,13
경남,일반승용,폭스바겐그룹코리아,iD.5 Pro,473,142,615,95,29
경남,일반승용,폴스타오토모티브코리아,Polestar 4 Coupe Dual Motor,168,51,219,34,10
경남,일반승용,폴스타오토모티브코리아,Polestar 4 Coupe Rear Motor,181,55,236,36,11
경남,일반승용,현대자동차,ELECTRIFIED G80,270,81,351,54,16
경남,일반승용,현대자동차,ELECTRIFIED GV70 AWD 19인치,261,79,340,52,16
경남,일반승용,현대자동차,ELECTRIFIED GV70 AWD 20인치,245,74,319,49,15
경남,일반승용,현대자동차,GV60 스탠다드 2WD 19인치,285,86,371,57,17
경남,일반승용,현대자동차,GV60 스탠다드 AWD 19인치,272,82,354,54,16
경남,일반승용,현대자동차,GV60 스탠다드 AWD 20인치,261,79,340,52,16
경남,일반승용,현대자동차,더 뉴 아이오닉5 2WD 롱레인지 19인치,564,170,734,100,30
경남,일반승용,현대자동차,더 뉴 아이오닉5 2WD 롱레인지 19인치 빌트인 캠 미적용,567,171,738,100,30
경남,일반승용,현대자동차,더 뉴 아이오닉5 2WD 롱레인지 20인치,559,168,727,100,30
경남,일반승용,현대자동차,더 뉴 아이오닉5 2WD 롱레인지 N라인 20인치,541,163,704,100,30
경남,일반승용,현대자동차,더 뉴 아이오닉5 2WD 스탠다드 19인치,483,145,628,97,29
경남,일반승용,현대자동차,더 뉴 아이오닉5 AWD 롱레인지 19인치,558,168,726,100,30
경남,일반승용,현대자동차,더 뉴 아이오닉5 AWD 롱레인지 20인치,532,160,692,100,30
경남,일반승용,현대자동차,더 뉴 아이오닉5 AWD 롱레인지 N라인 20인치,510,153,663,100,30
경남,일반승용,현대자동차,더 뉴 아이오닉6 2WD 롱레인지 18인치,570,171,741,100,30
경남,일반승용,현대자동차,더 뉴 아이오닉6 2WD 롱레인지 20인치,570,171,741,100,30
경남,일반승용,현대자동차,더 뉴 아이오닉6 2WD 롱레인지 N라인 20인치,570,171,741,100,30
경남,일반승용,현대자동차,더 뉴 아이오닉6 2WD 스탠다드 18인치,560,168,728,100,30
경남,일반승용,현대자동차,더 뉴 아이오닉6 AWD 롱레인지 18인치,570,171,741,100,30
경남,일반승용,현대자동차,더 뉴 아이오닉6 AWD 롱레인지 20인치,553,166,719,100,30
경남,일반승용,현대자동차,더 뉴 아이오닉6 AWD 롱레인지 N라인 20인치,537,162,699,100,30
경남,일반승용,현대자동차,스타리아 라운지 일렉트릭 7인승,229,69,298,46,14
경남,일반승용,현대자동차,스타리아 리무진 일렉트릭 6인승,229,69,298,46,14
경남,일반승용,현대자동차,아이오닉6 N,250,75,325,50,15
경남,일반승용,현대자동차,아이오닉9 성능형 AWD,272,82,354,54,16
경남,일반승용,현대자동차,아이오닉9 항속형 2WD,274,83,357,55,17
경남,일반승용,현대자동차,아이오닉9 항속형 AWD,271,82,353,54,16
경남,경·소형,현대자동차,캐스퍼 일렉트릭 기본형 15인치,490,147,637,98,29
경남,경·소형,현대자동차,캐스퍼 일렉트릭 크로스 17인치,487,146,633,97,29
경남,경·소형,현대자동차,캐스퍼 일렉트릭 항속형 15인치,490,147,637,98,29
경남,경·소형,현대자동차,캐스퍼 일렉트릭 항속형 17인치(라운지포함),490,147,637,98,29
경남,일반승용,현대자동차,코나 일렉트릭 2WD 롱레인지 17인치,514,155,669,100,30
경남,일반승용,현대자동차,코나 일렉트릭 2WD 롱레인지 17인치 빌트인 캠 미적용,514,155,669,100,30
경남,일반승용,현대자동차,코나 일렉트릭 2WD 롱레인지 19인치,459,138,597,92,28
경남,일반승용,현대자동차,코나 일렉트릭 2WD 스탠다드 17인치,437,132,569,87,26
경남,일반승용,BMW,MINI Aceman E,400,152,552,80,24
경남,일반승용,BMW,MINI Aceman SE,400,152,552,80,24
경남,일반승용,BMW,MINI Cooper SE,396,151,547,79,24
경남,일반승용,BMW,MINI Countryman E,217,83,300,43,13
경남,일반승용,BMW,MINI Countryman SE ALL4,203,77,280,41,12
경남,일반승용,BMW,MINI JCW Aceman E,197,75,272,39,12
경남,일반승용,BMW,MINI JCW E,191,72,263,38,11
경남,일반승용,BMW,i4 M60 LCI (71HD),233,88,321,47,14
경남,일반승용,BMW,i4 eDrive 40 LCI(21HD),244,92,336,49,15
경남,일반승용,BMW,i4 eDrive 40 LCI(61HD),256,98,354,51,15
경남,일반승용,BMW,i5 eDrive 40,262,99,361,52,16
경남,일반승용,BMW,iX1 eDrive20,212,80,292,42,13
경남,일반승용,BMW,iX1 eDrive20(11HM),235,84,319,47,14
경남,일반승용,BMW,iX1 xDrive30,192,73,265,38,11
경남,일반승용,BMW,iX2 eDrive20,214,81,295,43,13
경남,일반승용,BMW,iX2 eDrive20(71GN),239,84,323,48,14
경남,일반승용,BMW,iX3 50 xDrive,275,105,380,55,17
경남,일반승용,기아,EV3 GT,248,94,342,50,15
경남,일반승용,기아,EV3 롱레인지 2WD 17인치,555,211,766,100,30
경남,일반승용,기아,EV3 롱레인지 2WD 19인치,555,211,766,100,30
경남,일반승용,기아,EV3 롱레인지 4WD 19인치,539,205,744,100,30
경남,일반승용,기아,EV3 스탠다드 2WD,469,178,647,94,28
경남,일반승용,기아,EV4 GT,255,97,352,51,15
경남,일반승용,기아,EV4 롱레인지 2WD 17인치,555,211,766,100,30
경남,일반승용,기아,EV4 롱레인지 2WD 19인치,555,211,766,100,30
경남,일반승용,기아,EV4 롱레인지 4WD 19인치,554,210,764,100,30
경남,일반승용,기아,EV4 롱레인지 GTL 2WD 19인치,555,211,766,100,30
경남,일반승용,기아,EV4 스탠다드 2WD 17인치,512,194,706,100,30
경남,일반승용,기아,EV4 스탠다드 2WD 19인치,481,183,664,96,29
경남,일반승용,기아,EV5 GT,232,88,320,46,14
경남,일반승용,기아,EV5 롱레인지 2WD,552,210,762,100,30
경남,일반승용,기아,EV5 롱레인지 4WD 18인치,499,190,689,100,30
경남,일반승용,기아,EV5 롱레인지 4WD 19인치,493,187,680,99,30
경남,일반승용,기아,EV9 GT,245,94,339,49,15
경남,일반승용,기아,EV9 롱레인지 2WD 19인치,270,103,373,54,16
경남,일반승용,기아,EV9 롱레인지 2WD 20인치,268,102,370,54,16
경남,일반승용,기아,EV9 롱레인지 4WD 19인치,254,96,350,51,15
경남,일반승용,기아,EV9 롱레인지 4WD 21인치,260,99,359,52,16
경남,일반승용,기아,EV9 롱레인지 GTL 4WD 21인치,252,96,348,50,15
경남,일반승용,기아,EV9 스탠다드,237,90,327,47,14
경남,일반승용,기아,PV5 패신저 5인승 롱레인지,458,174,632,92,28
경남,일반승용,기아,Pv5 WAV(비용 미지원),648,246,894,100,30
경남,일반승용,기아,Pv5 WAV(비용 지원),448,170,618,90,27
경남,일반승용,기아,(단종)The all-new Kia Niro EV,489,0,489,98,29
경남,일반승용,기아,더뉴EV6 롱레인지 2WD 19인치,570,217,787,100,30
경남,일반승용,기아,더뉴EV6 롱레인지 2WD 20인치,559,213,772,100,30
경남,일반승용,기아,더뉴EV6 롱레인지 4WD 19인치,561,213,774,100,30
경남,일반승용,기아,더뉴EV6 롱레인지 4WD 20인치,532,202,734,100,30
경남,일반승용,기아,더뉴EV6 스탠다드,501,190,691,100,30
경남,경·소형,기아,레이 EV 2WD 14인치 1인승 밴,457,174,631,91,27
경남,경·소형,기아,레이 EV 2WD 14인치 2인승 밴,457,174,631,91,27
경남,경·소형,기아,레이 EV 2WD 14인치 4인승 승용,457,174,631,91,27
경남,일반승용,메르세데스벤츠코리아,EQA 250(Facelift),190,72,262,38,11
경남,일반승용,메르세데스벤츠코리아,EQB 300 4MATIC(Facelift),154,58,212,31,9
경남,일반승용,메르세데스벤츠코리아,EQB 300 4MATIC(Facelift)(CY25/2),162,61,223,32,10
경남,일반승용,볼보자동차코리아,볼보 EX30 Single Motor ER,247,94,341,49,15
경남,일반승용,볼보자동차코리아,볼보 EX30CC Twin Motor Perf,222,84,306,44,13
경남,일반승용,비와이디코리아,(단종)BYD ATTO 3,126,0,126,25,8
경남,일반승용,비와이디코리아,(단종)BYD DOLPHIN,109,0,109,22,7
경남,일반승용,비와이디코리아,(단종)BYD DOLPHIN Active,132,0,132,26,8
경남,일반승용,비와이디코리아,(단종)BYD SEAL,169,0,169,34,10
경남,일반승용,비와이디코리아,(단종)BYD SEAL Dynamic AWD,151,0,151,30,9
경남,일반승용,비와이디코리아,(단종)BYD SEALION 7,152,0,152,30,9
경남,일반승용,케이지모빌리티,토레스 EVX 18인치,354,134,488,71,21
경남,일반승용,케이지모빌리티,토레스 EVX 18인치(2026),361,137,498,72,22
경남,일반승용,케이지모빌리티,토레스 EVX 20인치,344,130,474,69,21
경남,일반승용,케이지모빌리티,토레스 EVX 20인치(2026),354,134,488,71,21
경남,일반승용,케이지모빌리티,(단종)토레스 EVX 2WD 18인치,327,0,327,65,20
경남,일반승용,케이지모빌리티,(단종)토레스 EVX 2WD 20인치,312,0,312,62,19
경남,일반승용,테슬라코리아,Model 3 Performance,200,76,276,40,12
경남,일반승용,테슬라코리아,Model 3 Premium Long Range RWD,420,160,580,84,25
경남,일반승용,테슬라코리아,Model 3 Premium Long Range RWD(5999만원),210,80,290,42,13
경남,일반승용,테슬라코리아,Model 3 RWD,168,64,232,34,10
경남,일반승용,테슬라코리아,Model 3 RWD(2025),168,64,232,34,10
경남,일반승용,테슬라코리아,Model Y L AWD,215,82,297,43,13
경남,일반승용,테슬라코리아,Model Y Long Range(2025),210,80,290,42,13
경남,일반승용,테슬라코리아,Model Y Premium Long Range,210,80,290,42,13
경남,일반승용,테슬라코리아,Model Y Premium RWD,170,65,235,34,10
경남,일반승용,테슬라코리아,Model Y RWD(2025),170,65,235,34,10
경남,일반승용,폭스바겐그룹코리아,ID.4 Pro,432,164,596,86,26
경남,일반승용,폭스바겐그룹코리아,Q4 45 e-tron,206,79,285,41,12
경남,일반승용,폭스바겐그룹코리아,Q4 Sportback 45 e-tron,206,79,285,41,12
경남,일반승용,폭스바겐그룹코리아,(단종)Q6 e-tron performance,220,84,304,44,13
경남,일반승용,폭스바겐그룹코리아,iD.5 Pro,473,179,652,95,29
경남,일반승용,폴스타오토모티브코리아,Polestar 4 Coupe Dual Motor,168,64,232,34,10
경남,일반승용,폴스타오토모티브코리아,Polestar 4 Coupe Rear Motor,181,69,250,36,11
경남,일반승용,현대자동차,ELECTRIFIED G80,270,103,373,54,16
경남,일반승용,현대자동차,ELECTRIFIED GV70 AWD 19인치,261,99,360,52,16
경남,일반승용,현대자동차,ELECTRIFIED GV70 AWD 20인치,245,94,339,49,15
경남,일반승용,현대자동차,GV60 스탠다드 2WD 19인치,285,109,394,57,17
경남,일반승용,현대자동차,GV60 스탠다드 AWD 19인치,272,103,375,54,16
경남,일반승용,현대자동차,GV60 스탠다드 AWD 20인치,261,99,360,52,16
경남,일반승용,현대자동차,더 뉴 아이오닉5 2WD 롱레인지 19인치,564,214,778,100,30
경남,일반승용,현대자동차,더 뉴 아이오닉5 2WD 롱레인지 19인치 빌트인 캠 미적용,567,216,783,100,30
경남,일반승용,현대자동차,더 뉴 아이오닉5 2WD 롱레인지 20인치,559,213,772,100,30
경남,일반승용,현대자동차,더 뉴 아이오닉5 2WD 롱레인지 N라인 20인치,541,216,757,100,30
경남,일반승용,현대자동차,더 뉴 아이오닉5 2WD 스탠다드 19인치,483,183,666,97,29
경남,일반승용,현대자동차,더 뉴 아이오닉5 AWD 롱레인지 19인치,558,212,770,100,30
경남,일반승용,현대자동차,더 뉴 아이오닉5 AWD 롱레인지 20인치,532,202,734,100,30
경남,일반승용,현대자동차,더 뉴 아이오닉5 AWD 롱레인지 N라인 20인치,510,194,704,100,30
경남,일반승용,현대자동차,더 뉴 아이오닉6 2WD 롱레인지 18인치,570,217,787,100,30
경남,일반승용,현대자동차,더 뉴 아이오닉6 2WD 롱레인지 20인치,570,217,787,100,30
경남,일반승용,현대자동차,더 뉴 아이오닉6 2WD 롱레인지 N라인 20인치,570,217,787,100,30
경남,일반승용,현대자동차,더 뉴 아이오닉6 2WD 스탠다드 18인치,560,209,769,100,30
경남,일반승용,현대자동차,더 뉴 아이오닉6 AWD 롱레인지 18인치,570,217,787,100,30
경남,일반승용,현대자동차,더 뉴 아이오닉6 AWD 롱레인지 20인치,553,210,763,100,30
경남,일반승용,현대자동차,더 뉴 아이오닉6 AWD 롱레인지 N라인 20인치,537,204,741,100,30
경남,일반승용,현대자동차,스타리아 라운지 일렉트릭 7인승,229,87,316,46,14
경남,일반승용,현대자동차,스타리아 리무진 일렉트릭 6인승,229,87,316,46,14
경남,일반승용,현대자동차,아이오닉6 N,250,95,345,50,15
경남,일반승용,현대자동차,아이오닉9 성능형 AWD,272,103,375,54,16
경남,일반승용,현대자동차,아이오닉9 항속형 2WD,274,104,378,55,17
경남,일반승용,현대자동차,아이오닉9 항속형 AWD,271,103,374,54,16
경남,경·소형,현대자동차,캐스퍼 일렉트릭 기본형 15인치,490,186,676,98,29
경남,경·소형,현대자동차,캐스퍼 일렉트릭 크로스 17인치,487,185,672,97,29
경남,경·소형,현대자동차,캐스퍼 일렉트릭 항속형 15인치,490,186,676,98,29
경남,경·소형,현대자동차,캐스퍼 일렉트릭 항속형 17인치(라운지포함),490,186,676,98,29
경남,일반승용,현대자동차,코나 일렉트릭 2WD 롱레인지 17인치,514,195,709,100,30
경남,일반승용,현대자동차,코나 일렉트릭 2WD 롱레인지 17인치 빌트인 캠 미적용,514,195,709,100,30
경남,일반승용,현대자동차,코나 일렉트릭 2WD 롱레인지 19인치,459,175,634,92,28
경남,일반승용,현대자동차,코나 일렉트릭 2WD 스탠다드 17인치,437,166,603,87,26
경남,일반승용,BMW,MINI Aceman E,400,247,647,80,24
경남,일반승용,BMW,MINI Aceman SE,400,247,647,80,24
경남,일반승용,BMW,MINI Cooper SE,396,245,641,79,24
경남,일반승용,BMW,MINI Countryman E,217,135,352,43,13
경남,일반승용,BMW,MINI Countryman SE ALL4,203,125,328,41,12
경남,일반승용,BMW,MINI JCW Aceman E,197,122,319,39,12
경남,일반승용,BMW,MINI JCW E,191,118,309,38,11
경남,일반승용,BMW,i4 M60 LCI (71HD),233,144,377,47,14
경남,일반승용,BMW,i4 eDrive 40 LCI(21HD),244,151,395,49,15
경남,일반승용,BMW,i4 eDrive 40 LCI(61HD),256,159,415,51,15
경남,일반승용,BMW,i5 eDrive 40,262,162,424,52,16
경남,일반승용,BMW,iX1 eDrive20,212,131,343,42,13
경남,일반승용,BMW,iX1 eDrive20(11HM),235,146,381,47,14
경남,일반승용,BMW,iX1 xDrive30,192,119,311,38,11
경남,일반승용,BMW,iX2 eDrive20,214,132,346,43,13
경남,일반승용,BMW,iX2 eDrive20(71GN),239,148,387,48,14
경남,일반승용,BMW,iX3 50 xDrive,275,171,446,55,17
경남,일반승용,기아,EV3 GT,248,154,402,50,15
경남,일반승용,기아,EV3 롱레인지 2WD 17인치,555,344,899,100,30
경남,일반승용,기아,EV3 롱레인지 2WD 19인치,555,344,899,100,30
경남,일반승용,기아,EV3 롱레인지 4WD 19인치,539,333,872,100,30
경남,일반승용,기아,EV3 스탠다드 2WD,469,290,759,94,28
경남,일반승용,기아,EV4 GT,255,158,413,51,15
경남,일반승용,기아,EV4 롱레인지 2WD 17인치,555,344,899,100,30
경남,일반승용,기아,EV4 롱레인지 2WD 19인치,555,344,899,100,30
경남,일반승용,기아,EV4 롱레인지 4WD 19인치,554,342,896,100,30
경남,일반승용,기아,EV4 롱레인지 GTL 2WD 19인치,555,344,899,100,30
경남,일반승용,기아,EV4 스탠다드 2WD 17인치,512,316,828,100,30
경남,일반승용,기아,EV4 스탠다드 2WD 19인치,481,297,778,96,29
경남,일반승용,기아,EV5 GT,232,143,375,46,14
경남,일반승용,기아,EV5 롱레인지 2WD,552,341,893,100,30
경남,일반승용,기아,EV5 롱레인지 4WD 18인치,499,309,808,100,30
경남,일반승용,기아,EV5 롱레인지 4WD 19인치,493,304,797,99,30
경남,일반승용,기아,EV9 GT,245,152,397,49,15
경남,일반승용,기아,EV9 롱레인지 2WD 19인치,270,167,437,54,16
경남,일반승용,기아,EV9 롱레인지 2WD 20인치,268,166,434,54,16
경남,일반승용,기아,EV9 롱레인지 4WD 19인치,254,157,411,51,15
경남,일반승용,기아,EV9 롱레인지 4WD 21인치,260,161,421,52,16
경남,일반승용,기아,EV9 롱레인지 GTL 4WD 21인치,252,156,408,50,15
경남,일반승용,기아,EV9 스탠다드,237,147,384,47,14
경남,일반승용,기아,PV5 패신저 5인승 롱레인지,458,283,741,92,28
경남,일반승용,기아,Pv5 WAV(비용 미지원),648,365,"1,013",100,30
경남,일반승용,기아,Pv5 WAV(비용 지원),448,277,725,90,27
경남,일반승용,기아,(단종)The all-new Kia Niro EV,489,0,489,98,29
경남,일반승용,기아,더뉴EV6 롱레인지 2WD 19인치,570,352,922,100,30
경남,일반승용,기아,더뉴EV6 롱레인지 2WD 20인치,559,346,905,100,30
경남,일반승용,기아,더뉴EV6 롱레인지 4WD 19인치,561,347,908,100,30
경남,일반승용,기아,더뉴EV6 롱레인지 4WD 20인치,532,329,861,100,30
경남,일반승용,기아,더뉴EV6 스탠다드,501,310,811,100,30
경남,경·소형,기아,레이 EV 2WD 14인치 1인승 밴,457,279,736,91,27
경남,경·소형,기아,레이 EV 2WD 14인치 2인승 밴,457,279,736,91,27
경남,경·소형,기아,레이 EV 2WD 14인치 4인승 승용,457,279,736,91,27
경남,일반승용,메르세데스벤츠코리아,EQA 250(Facelift),190,118,308,38,11
경남,일반승용,메르세데스벤츠코리아,EQB 300 4MATIC(Facelift),154,95,249,31,9
경남,일반승용,메르세데스벤츠코리아,EQB 300 4MATIC(Facelift)(CY25/2),162,100,262,32,10
경남,일반승용,볼보자동차코리아,볼보 EX30 Single Motor ER,247,153,400,49,15
경남,일반승용,볼보자동차코리아,볼보 EX30CC Twin Motor Perf,222,137,359,44,13
경남,일반승용,비와이디코리아,(단종)BYD ATTO 3,126,0,126,25,8
경남,일반승용,비와이디코리아,(단종)BYD DOLPHIN,109,0,109,22,7
경남,일반승용,비와이디코리아,(단종)BYD DOLPHIN Active,132,0,132,26,8
경남,일반승용,비와이디코리아,(단종)BYD SEAL,169,0,169,34,10
경남,일반승용,비와이디코리아,(단종)BYD SEAL Dynamic AWD,151,0,151,30,9
경남,일반승용,비와이디코리아,(단종)BYD SEALION 7,152,0,152,30,9
경남,일반승용,케이지모빌리티,토레스 EVX 18인치,354,219,573,71,21
경남,일반승용,케이지모빌리티,토레스 EVX 18인치(2026),361,223,584,72,22
경남,일반승용,케이지모빌리티,토레스 EVX 20인치,344,212,556,69,21
경남,일반승용,케이지모빌리티,토레스 EVX 20인치(2026),354,219,573,71,21
경남,일반승용,케이지모빌리티,(단종)토레스 EVX 2WD 18인치,327,0,327,65,20
경남,일반승용,케이지모빌리티,(단종)토레스 EVX 2WD 20인치,312,0,312,62,19
경남,일반승용,테슬라코리아,Model 3 Performance,200,124,324,40,12
경남,일반승용,테슬라코리아,Model 3 Premium Long Range RWD,420,260,680,84,25
경남,일반승용,테슬라코리아,Model 3 Premium Long Range RWD(5999만원),210,130,340,42,13
경남,일반승용,테슬라코리아,Model 3 RWD,168,104,272,34,10
경남,일반승용,테슬라코리아,Model 3 RWD(2025),168,104,272,34,10
경남,일반승용,테슬라코리아,Model Y L AWD,215,134,349,43,13
경남,일반승용,테슬라코리아,Model Y Long Range(2025),210,130,340,42,13
경남,일반승용,테슬라코리아,Model Y Premium Long Range,210,130,340,42,13
경남,일반승용,테슬라코리아,Model Y Premium RWD,170,105,275,34,10
경남,일반승용,테슬라코리아,Model Y RWD(2025),170,105,275,34,10
경남,일반승용,폭스바겐그룹코리아,ID.4 Pro,432,267,699,86,26
경남,일반승용,폭스바겐그룹코리아,Q4 45 e-tron,206,128,334,41,12
경남,일반승용,폭스바겐그룹코리아,Q4 Sportback 45 e-tron,206,128,334,41,12
경남,일반승용,폭스바겐그룹코리아,(단종)Q6 e-tron performance,220,136,356,44,13
경남,일반승용,폭스바겐그룹코리아,iD.5 Pro,473,292,765,95,29
경남,일반승용,폴스타오토모티브코리아,Polestar 4 Coupe Dual Motor,168,104,272,34,10
경남,일반승용,폴스타오토모티브코리아,Polestar 4 Coupe Rear Motor,181,112,293,36,11
경남,일반승용,현대자동차,ELECTRIFIED G80,270,167,437,54,16
경남,일반승용,현대자동차,ELECTRIFIED GV70 AWD 19인치,261,161,422,52,16
경남,일반승용,현대자동차,ELECTRIFIED GV70 AWD 20인치,245,152,397,49,15
경남,일반승용,현대자동차,GV60 스탠다드 2WD 19인치,285,177,462,57,17
경남,일반승용,현대자동차,GV60 스탠다드 AWD 19인치,272,168,440,54,16
경남,일반승용,현대자동차,GV60 스탠다드 AWD 20인치,261,161,422,52,16
경남,일반승용,현대자동차,더 뉴 아이오닉5 2WD 롱레인지 19인치,564,348,912,100,30
경남,일반승용,현대자동차,더 뉴 아이오닉5 2WD 롱레인지 19인치 빌트인 캠 미적용,567,351,918,100,30
경남,일반승용,현대자동차,더 뉴 아이오닉5 2WD 롱레인지 20인치,559,346,905,100,30
경남,일반승용,현대자동차,더 뉴 아이오닉5 2WD 롱레인지 N라인 20인치,541,334,875,100,30
경남,일반승용,현대자동차,더 뉴 아이오닉5 2WD 스탠다드 19인치,483,298,781,97,29
경남,일반승용,현대자동차,더 뉴 아이오닉5 AWD 롱레인지 19인치,558,345,903,100,30
경남,일반승용,현대자동차,더 뉴 아이오닉5 AWD 롱레인지 20인치,532,329,861,100,30
경남,일반승용,현대자동차,더 뉴 아이오닉5 AWD 롱레인지 N라인 20인치,510,315,825,100,30
경남,일반승용,현대자동차,더 뉴 아이오닉6 2WD 롱레인지 18인치,570,352,922,100,30
경남,일반승용,현대자동차,더 뉴 아이오닉6 2WD 롱레인지 20인치,570,352,922,100,30
경남,일반승용,현대자동차,더 뉴 아이오닉6 2WD 롱레인지 N라인 20인치,570,352,922,100,30
경남,일반승용,현대자동차,더 뉴 아이오닉6 2WD 스탠다드 18인치,560,346,906,100,30
경남,일반승용,현대자동차,더 뉴 아이오닉6 AWD 롱레인지 18인치,570,352,922,100,30
경남,일반승용,현대자동차,더 뉴 아이오닉6 AWD 롱레인지 20인치,553,342,895,100,30
경남,일반승용,현대자동차,더 뉴 아이오닉6 AWD 롱레인지 N라인 20인치,537,332,869,100,30
경남,일반승용,현대자동차,스타리아 라운지 일렉트릭 7인승,229,142,371,46,14
경남,일반승용,현대자동차,스타리아 리무진 일렉트릭 6인승,229,142,371,46,14
경남,일반승용,현대자동차,아이오닉6 N,250,155,405,50,15
경남,일반승용,현대자동차,아이오닉9 성능형 AWD,272,168,440,54,16
경남,일반승용,현대자동차,아이오닉9 항속형 2WD,274,169,443,55,17
경남,일반승용,현대자동차,아이오닉9 항속형 AWD,271,168,439,54,16
경남,경·소형,현대자동차,캐스퍼 일렉트릭 기본형 15인치,490,299,789,98,29
경남,경·소형,현대자동차,캐스퍼 일렉트릭 크로스 17인치,487,298,785,97,29
경남,경·소형,현대자동차,캐스퍼 일렉트릭 항속형 15인치,490,299,789,98,29
경남,경·소형,현대자동차,캐스퍼 일렉트릭 항속형 17인치(라운지포함),490,299,789,98,29
경남,일반승용,현대자동차,코나 일렉트릭 2WD 롱레인지 17인치,514,317,831,100,30
경남,일반승용,현대자동차,코나 일렉트릭 2WD 롱레인지 17인치 빌트인 캠 미적용,514,317,831,100,30
경남,일반승용,현대자동차,코나 일렉트릭 2WD 롱레인지 19인치,459,284,743,92,28
경남,일반승용,현대자동차,코나 일렉트릭 2WD 스탠다드 17인치,437,271,708,87,26
경남,일반승용,BMW,MINI Aceman E,400,488,888,80,24
경남,일반승용,BMW,MINI Aceman SE,400,488,888,80,24
경남,일반승용,BMW,MINI Cooper SE,396,484,880,79,24
경남,일반승용,BMW,MINI Countryman E,217,265,482,43,13
경남,일반승용,BMW,MINI Countryman SE ALL4,203,248,451,41,12
경남,일반승용,BMW,MINI JCW Aceman E,197,241,438,39,12
경남,일반승용,BMW,MINI JCW E,191,233,424,38,11
경남,일반승용,BMW,i4 M60 LCI (71HD),233,284,517,47,14
경남,일반승용,BMW,i4 eDrive 40 LCI(21HD),244,297,541,49,15
경남,일반승용,BMW,i4 eDrive 40 LCI(61HD),256,313,569,51,15
경남,일반승용,BMW,i5 eDrive 40,262,320,582,52,16
경남,일반승용,BMW,iX1 eDrive20,212,259,471,42,13
경남,일반승용,BMW,iX1 eDrive20(11HM),235,287,522,47,14
경남,일반승용,BMW,iX1 xDrive30,192,234,426,38,11
경남,일반승용,BMW,iX2 eDrive20,214,261,475,43,13
경남,일반승용,BMW,iX2 eDrive20(71GN),239,292,531,48,14
경남,일반승용,BMW,iX3 50 xDrive,275,336,611,55,17
경남,일반승용,기아,EV3 GT,248,303,551,50,15
경남,일반승용,기아,EV3 롱레인지 2WD 17인치,555,678,"1,233",100,30
경남,일반승용,기아,EV3 롱레인지 2WD 19인치,555,678,"1,233",100,30
경남,일반승용,기아,EV3 롱레인지 4WD 19인치,539,658,"1,197",100,30
경남,일반승용,기아,EV3 스탠다드 2WD,469,573,"1,042",94,28
경남,일반승용,기아,EV4 GT,255,311,566,51,15
경남,일반승용,기아,EV4 롱레인지 2WD 17인치,555,678,"1,233",100,30
경남,일반승용,기아,EV4 롱레인지 2WD 19인치,555,678,"1,233",100,30
경남,일반승용,기아,EV4 롱레인지 4WD 19인치,554,676,"1,230",100,30
경남,일반승용,기아,EV4 롱레인지 GTL 2WD 19인치,555,678,"1,233",100,30
경남,일반승용,기아,EV4 스탠다드 2WD 17인치,512,625,"1,137",100,30
경남,일반승용,기아,EV4 스탠다드 2WD 19인치,481,587,"1,068",96,29
경남,일반승용,기아,EV5 GT,232,283,515,46,14
경남,일반승용,기아,EV5 롱레인지 2WD,552,674,"1,226",100,30
경남,일반승용,기아,EV5 롱레인지 4WD 18인치,499,609,"1,108",100,30
경남,일반승용,기아,EV5 롱레인지 4WD 19인치,493,601,"1,094",99,30
경남,일반승용,기아,EV9 GT,245,299,544,49,15
경남,일반승용,기아,EV9 롱레인지 2WD 19인치,270,330,600,54,16
경남,일반승용,기아,EV9 롱레인지 2WD 20인치,268,327,595,54,16
경남,일반승용,기아,EV9 롱레인지 4WD 19인치,254,310,564,51,15
경남,일반승용,기아,EV9 롱레인지 4WD 21인치,260,317,577,52,16
경남,일반승용,기아,EV9 롱레인지 GTL 4WD 21인치,252,307,559,50,15
경남,일반승용,기아,EV9 스탠다드,237,290,527,47,14
경남,일반승용,기아,PV5 패신저 5인승 롱레인지,458,559,"1,017",92,28
경남,일반승용,기아,Pv5 WAV(비용 미지원),648,715,"1,363",100,30
경남,일반승용,기아,Pv5 WAV(비용 지원),448,547,995,90,27
경남,일반승용,기아,(단종)The all-new Kia Niro EV,489,597,"1,086",98,29
경남,일반승용,기아,더뉴EV6 롱레인지 2WD 19인치,570,696,"1,266",100,30
경남,일반승용,기아,더뉴EV6 롱레인지 2WD 20인치,559,682,"1,241",100,30
경남,일반승용,기아,더뉴EV6 롱레인지 4WD 19인치,561,685,"1,246",100,30
경남,일반승용,기아,더뉴EV6 롱레인지 4WD 20인치,532,649,"1,181",100,30
경남,일반승용,기아,더뉴EV6 스탠다드,501,611,"1,112",100,30
경남,경·소형,기아,레이 EV 2WD 14인치 1인승 밴,457,558,"1,015",91,27
경남,경·소형,기아,레이 EV 2WD 14인치 2인승 밴,457,558,"1,015",91,27
경남,경·소형,기아,레이 EV 2WD 14인치 4인승 승용,457,558,"1,015",91,27
경남,일반승용,메르세데스벤츠코리아,EQA 250(Facelift),190,232,422,38,11
경남,일반승용,메르세데스벤츠코리아,EQB 300 4MATIC(Facelift),154,188,342,31,9
경남,일반승용,메르세데스벤츠코리아,EQB 300 4MATIC(Facelift)(CY25/2),162,198,360,32,10
경남,일반승용,볼보자동차코리아,볼보 EX30 Single Motor ER,247,302,549,49,15
경남,일반승용,볼보자동차코리아,볼보 EX30CC Twin Motor Perf,222,271,493,44,13
경남,일반승용,비와이디코리아,(단종)BYD ATTO 3,126,154,280,25,8
경남,일반승용,비와이디코리아,(단종)BYD DOLPHIN,109,133,242,22,7
경남,일반승용,비와이디코리아,(단종)BYD DOLPHIN Active,132,161,293,26,8
경남,일반승용,비와이디코리아,(단종)BYD SEAL,169,206,375,34,10
경남,일반승용,비와이디코리아,(단종)BYD SEAL Dynamic AWD,151,184,335,30,9
경남,일반승용,비와이디코리아,(단종)BYD SEALION 7,152,185,337,30,9
경남,일반승용,케이지모빌리티,토레스 EVX 18인치,354,432,786,71,21
경남,일반승용,케이지모빌리티,토레스 EVX 18인치(2026),361,441,802,72,22
경남,일반승용,케이지모빌리티,토레스 EVX 20인치,344,420,764,69,21
경남,일반승용,케이지모빌리티,토레스 EVX 20인치(2026),354,432,786,71,21
경남,일반승용,케이지모빌리티,(단종)토레스 EVX 2WD 18인치,327,399,726,65,20
경남,일반승용,케이지모빌리티,(단종)토레스 EVX 2WD 20인치,312,381,693,62,19
경남,일반승용,테슬라코리아,Model 3 Performance,200,244,444,40,12
경남,일반승용,테슬라코리아,Model 3 Premium Long Range RWD,420,513,933,84,25
경남,일반승용,테슬라코리아,Model 3 Premium Long Range RWD(5999만원),210,256,466,42,13
경남,일반승용,테슬라코리아,Model 3 RWD,168,205,373,34,10
경남,일반승용,테슬라코리아,Model 3 RWD(2025),168,205,373,34,10
경남,일반승용,테슬라코리아,Model Y L AWD,215,263,478,43,13
경남,일반승용,테슬라코리아,Model Y Long Range(2025),210,256,466,42,13
경남,일반승용,테슬라코리아,Model Y Premium Long Range,210,256,466,42,13
경남,일반승용,테슬라코리아,Model Y Premium RWD,170,208,378,34,10
경남,일반승용,테슬라코리아,Model Y RWD(2025),170,207,377,34,10
경남,일반승용,폭스바겐그룹코리아,ID.4 Pro,432,527,959,86,26
경남,일반승용,폭스바겐그룹코리아,Q4 45 e-tron,206,252,458,41,12
경남,일반승용,폭스바겐그룹코리아,Q4 Sportback 45 e-tron,206,252,458,41,12
경남,일반승용,폭스바겐그룹코리아,(단종)Q6 e-tron performance,220,269,489,44,13
경남,일반승용,폭스바겐그룹코리아,iD.5 Pro,473,577,"1,050",95,29
경남,일반승용,폴스타오토모티브코리아,Polestar 4 Coupe Dual Motor,168,212,380,34,10
경남,일반승용,폴스타오토모티브코리아,Polestar 4 Coupe Rear Motor,181,221,402,36,11
경남,일반승용,현대자동차,ELECTRIFIED G80,270,330,600,54,16
경남,일반승용,현대자동차,ELECTRIFIED GV70 AWD 19인치,261,319,580,52,16
경남,일반승용,현대자동차,ELECTRIFIED GV70 AWD 20인치,245,300,545,49,15
경남,일반승용,현대자동차,GV60 스탠다드 2WD 19인치,285,348,633,57,17
경남,일반승용,현대자동차,GV60 스탠다드 AWD 19인치,272,332,604,54,16
경남,일반승용,현대자동차,GV60 스탠다드 AWD 20인치,261,319,580,52,16
경남,일반승용,현대자동차,더 뉴 아이오닉5 2WD 롱레인지 19인치,564,688,"1,252",100,30
경남,일반승용,현대자동차,더 뉴 아이오닉5 2WD 롱레인지 19인치 빌트인 캠 미적용,567,692,"1,259",100,30
경남,일반승용,현대자동차,더 뉴 아이오닉5 2WD 롱레인지 20인치,559,682,"1,241",100,30
경남,일반승용,현대자동차,더 뉴 아이오닉5 2WD 롱레인지 N라인 20인치,541,660,"1,201",100,30
경남,일반승용,현대자동차,더 뉴 아이오닉5 2WD 스탠다드 19인치,483,589,"1,072",97,29
경남,일반승용,현대자동차,더 뉴 아이오닉5 AWD 롱레인지 19인치,558,681,"1,239",100,30
경남,일반승용,현대자동차,더 뉴 아이오닉5 AWD 롱레인지 20인치,532,649,"1,181",100,30
경남,일반승용,현대자동차,더 뉴 아이오닉5 AWD 롱레인지 N라인 20인치,510,623,"1,133",100,30
경남,일반승용,현대자동차,더 뉴 아이오닉6 2WD 롱레인지 18인치,570,696,"1,266",100,30
경남,일반승용,현대자동차,더 뉴 아이오닉6 2WD 롱레인지 20인치,570,696,"1,266",100,30
경남,일반승용,현대자동차,더 뉴 아이오닉6 2WD 롱레인지 N라인 20인치,570,696,"1,266",100,30
경남,일반승용,현대자동차,더 뉴 아이오닉6 2WD 스탠다드 18인치,560,684,"1,244",100,30
경남,일반승용,현대자동차,더 뉴 아이오닉6 AWD 롱레인지 18인치,570,696,"1,266",100,30
경남,일반승용,현대자동차,더 뉴 아이오닉6 AWD 롱레인지 20인치,553,675,"1,228",100,30
경남,일반승용,현대자동차,더 뉴 아이오닉6 AWD 롱레인지 N라인 20인치,537,656,"1,193",100,30
경남,일반승용,현대자동차,스타리아 라운지 일렉트릭 7인승,229,280,509,46,14
경남,일반승용,현대자동차,스타리아 리무진 일렉트릭 6인승,229,280,509,46,14
경남,일반승용,현대자동차,아이오닉6 N,250,305,555,50,15
경남,일반승용,현대자동차,아이오닉9 성능형 AWD,272,332,604,54,16
경남,일반승용,현대자동차,아이오닉9 항속형 2WD,274,334,608,55,17
경남,일반승용,현대자동차,아이오닉9 항속형 AWD,271,331,602,54,16
경남,경·소형,현대자동차,캐스퍼 일렉트릭 기본형 15인치,490,598,"1,088",98,29
경남,경·소형,현대자동차,캐스퍼 일렉트릭 크로스 17인치,487,595,"1,082",97,29
경남,경·소형,현대자동차,캐스퍼 일렉트릭 항속형 15인치,490,598,"1,088",98,29
경남,경·소형,현대자동차,캐스퍼 일렉트릭 항속형 17인치(라운지포함),490,598,"1,088",98,29
경남,일반승용,현대자동차,코나 일렉트릭 2WD 롱레인지 17인치,514,627,"1,141",100,30
경남,일반승용,현대자동차,코나 일렉트릭 2WD 롱레인지 17인치 빌트인 캠 미적용,514,627,"1,141",100,30
경남,일반승용,현대자동차,코나 일렉트릭 2WD 롱레인지 19인치,459,560,"1,019",92,28
경남,일반승용,현대자동차,코나 일렉트릭 2WD 스탠다드 17인치,437,534,971,87,26
제주,일반승용,BMW,MINI Aceman E,400,276,676,80,24
제주,일반승용,BMW,MINI Aceman SE,400,276,676,80,24
제주,일반승용,BMW,MINI Cooper SE,396,273,669,79,24
제주,일반승용,BMW,MINI Countryman E,217,149,366,43,13
제주,일반승용,BMW,MINI Countryman SE ALL4,203,140,343,41,12
제주,일반승용,BMW,MINI JCW Aceman E,197,135,332,39,12
제주,일반승용,BMW,MINI JCW E,191,131,322,38,11
제주,일반승용,BMW,i4 M60 LCI (71HD),233,160,393,47,14
제주,일반승용,BMW,i4 eDrive 40 LCI(21HD),244,168,412,49,15
제주,일반승용,BMW,i4 eDrive 40 LCI(61HD),256,176,432,51,15
제주,일반승용,BMW,i5 eDrive 40,262,180,442,52,16
제주,일반승용,BMW,iX1 eDrive20,212,146,358,42,13
제주,일반승용,BMW,iX1 eDrive20(11HM),235,162,397,47,14
제주,일반승용,BMW,iX1 xDrive30,192,132,324,38,11
제주,일반승용,BMW,iX2 eDrive20,214,147,361,43,13
제주,일반승용,BMW,iX2 eDrive20(71GN),239,164,403,48,14
제주,일반승용,BMW,iX3 50 xDrive,275,189,464,55,17
제주,일반승용,기아,EV3 GT,248,171,419,50,15
제주,일반승용,기아,EV3 롱레인지 2WD 17인치,555,382,937,100,30
제주,일반승용,기아,EV3 롱레인지 2WD 19인치,555,382,937,100,30
제주,일반승용,기아,EV3 롱레인지 4WD 19인치,539,371,910,100,30
제주,일반승용,기아,EV3 스탠다드 2WD,469,323,792,94,28
제주,일반승용,기아,EV4 GT,255,175,430,51,15
제주,일반승용,기아,EV4 롱레인지 2WD 17인치,555,382,937,100,30
제주,일반승용,기아,EV4 롱레인지 2WD 19인치,555,382,937,100,30
제주,일반승용,기아,EV4 롱레인지 4WD 19인치,554,382,936,100,30
제주,일반승용,기아,EV4 롱레인지 GTL 2WD 19인치,555,382,937,100,30
제주,일반승용,기아,EV4 스탠다드 2WD 17인치,512,353,865,100,30
제주,일반승용,기아,EV4 스탠다드 2WD 19인치,481,331,812,96,29
제주,일반승용,기아,EV5 GT,232,160,392,46,14
제주,일반승용,기아,EV5 롱레인지 2WD,552,380,932,100,30
제주,일반승용,기아,EV5 롱레인지 4WD 18인치,499,344,843,100,30
제주,일반승용,기아,EV5 롱레인지 4WD 19인치,493,340,833,99,30
제주,일반승용,기아,EV9 GT,245,169,414,49,15
제주,일반승용,기아,EV9 롱레인지 2WD 19인치,270,186,456,54,16
제주,일반승용,기아,EV9 롱레인지 2WD 20인치,268,184,452,54,16
제주,일반승용,기아,EV9 롱레인지 4WD 19인치,254,175,429,51,15
제주,일반승용,기아,EV9 롱레인지 4WD 21인치,260,179,439,52,16
제주,일반승용,기아,EV9 롱레인지 GTL 4WD 21인치,252,173,425,50,15
제주,일반승용,기아,EV9 스탠다드,237,163,400,47,14
제주,일반승용,기아,PV5 패신저 5인승 롱레인지,458,316,774,92,28
제주,일반승용,기아,Pv5 WAV(비용 미지원),648,447,"1,095",100,30
제주,일반승용,기아,Pv5 WAV(비용 지원),448,309,757,90,27
제주,일반승용,기아,(단종)The all-new Kia Niro EV,489,337,826,98,29
제주,일반승용,기아,더뉴EV6 롱레인지 2WD 19인치,570,393,963,100,30
제주,일반승용,기아,더뉴EV6 롱레인지 2WD 20인치,559,385,944,100,30
제주,일반승용,기아,더뉴EV6 롱레인지 4WD 19인치,561,387,948,100,30
제주,일반승용,기아,더뉴EV6 롱레인지 4WD 20인치,532,367,899,100,30
제주,일반승용,기아,더뉴EV6 스탠다드,501,345,846,100,30
제주,경·소형,기아,레이 EV 2WD 14인치 1인승 밴,457,344,801,91,27
제주,경·소형,기아,레이 EV 2WD 14인치 2인승 밴,457,344,801,91,27
제주,경·소형,기아,레이 EV 2WD 14인치 4인승 승용,457,344,801,91,27
제주,일반승용,메르세데스벤츠코리아,EQA 250(Facelift),190,131,321,38,11
제주,일반승용,메르세데스벤츠코리아,EQB 300 4MATIC(Facelift),154,106,260,31,9
제주,일반승용,메르세데스벤츠코리아,EQB 300 4MATIC(Facelift)(CY25/2),162,111,273,32,10
제주,일반승용,볼보자동차코리아,볼보 EX30 Single Motor ER,247,170,417,49,15
제주,일반승용,볼보자동차코리아,볼보 EX30CC Twin Motor Perf,222,153,375,44,13
제주,일반승용,비와이디코리아,(단종)BYD ATTO 3,126,86,212,25,8
제주,일반승용,비와이디코리아,(단종)BYD DOLPHIN,109,75,184,22,7
제주,일반승용,비와이디코리아,(단종)BYD DOLPHIN Active,132,91,223,26,8
제주,일반승용,비와이디코리아,(단종)BYD SEAL,169,116,285,34,10
제주,일반승용,비와이디코리아,(단종)BYD SEAL Dynamic AWD,151,104,255,30,9
제주,일반승용,비와이디코리아,(단종)BYD SEALION 7,152,104,256,30,9
제주,일반승용,케이지모빌리티,토레스 EVX 18인치,354,244,598,71,21
제주,일반승용,케이지모빌리티,토레스 EVX 18인치(2026),361,249,610,72,22
제주,일반승용,케이지모빌리티,토레스 EVX 20인치,344,237,581,69,21
제주,일반승용,케이지모빌리티,토레스 EVX 20인치(2026),354,244,598,71,21
제주,일반승용,케이지모빌리티,(단종)토레스 EVX 2WD 18인치,327,225,552,65,20
제주,일반승용,케이지모빌리티,(단종)토레스 EVX 2WD 20인치,312,215,527,62,19
제주,일반승용,테슬라코리아,Model 3 Performance,200,138,338,40,12
제주,일반승용,테슬라코리아,Model 3 Premium Long Range RWD,420,289,709,84,25
제주,일반승용,테슬라코리아,Model 3 Premium Long Range RWD(5999만원),210,144,354,42,13
제주,일반승용,테슬라코리아,Model 3 RWD,168,115,283,34,10
제주,일반승용,테슬라코리아,Model 3 RWD(2025),168,115,283,34,10
제주,일반승용,테슬라코리아,Model Y L AWD,215,148,363,43,13
제주,일반승용,테슬라코리아,Model Y Long Range(2025),210,144,354,42,13
제주,일반승용,테슬라코리아,Model Y Premium Long Range,210,144,354,42,13
제주,일반승용,테슬라코리아,Model Y Premium RWD,170,117,287,34,10
제주,일반승용,테슬라코리아,Model Y RWD(2025),170,117,287,34,10
제주,일반승용,폭스바겐그룹코리아,ID.4 Pro,432,298,730,86,26
제주,일반승용,폭스바겐그룹코리아,Q4 45 e-tron,206,142,348,41,12
제주,일반승용,폭스바겐그룹코리아,Q4 Sportback 45 e-tron,206,142,348,41,12
제주,일반승용,폭스바겐그룹코리아,(단종)Q6 e-tron performance,220,151,371,44,13
제주,일반승용,폭스바겐그룹코리아,iD.5 Pro,473,326,799,95,29
제주,일반승용,폴스타오토모티브코리아,Polestar 4 Coupe Dual Motor,168,115,283,34,10
제주,일반승용,폴스타오토모티브코리아,Polestar 4 Coupe Rear Motor,181,124,305,36,11
제주,일반승용,현대자동차,ELECTRIFIED G80,270,186,456,54,16
제주,일반승용,현대자동차,ELECTRIFIED GV70 AWD 19인치,261,180,441,52,16
제주,일반승용,현대자동차,ELECTRIFIED GV70 AWD 20인치,245,169,414,49,15
제주,일반승용,현대자동차,GV60 스탠다드 2WD 19인치,285,196,481,57,17
제주,일반승용,현대자동차,GV60 스탠다드 AWD 19인치,272,187,459,54,16
제주,일반승용,현대자동차,GV60 스탠다드 AWD 20인치,261,180,441,52,16
제주,일반승용,현대자동차,더 뉴 아이오닉5 2WD 롱레인지 19인치,564,389,953,100,30
제주,일반승용,현대자동차,더 뉴 아이오닉5 2WD 롱레인지 19인치 빌트인 캠 미적용,567,391,958,100,30
제주,일반승용,현대자동차,더 뉴 아이오닉5 2WD 롱레인지 20인치,559,385,944,100,30
제주,일반승용,현대자동차,더 뉴 아이오닉5 2WD 롱레인지 N라인 20인치,541,373,914,100,30
제주,일반승용,현대자동차,더 뉴 아이오닉5 2WD 스탠다드 19인치,483,333,816,97,29
제주,일반승용,현대자동차,더 뉴 아이오닉5 AWD 롱레인지 19인치,558,385,943,100,30
제주,일반승용,현대자동차,더 뉴 아이오닉5 AWD 롱레인지 20인치,532,367,899,100,30
제주,일반승용,현대자동차,더 뉴 아이오닉5 AWD 롱레인지 N라인 20인치,510,351,861,100,30
제주,일반승용,현대자동차,더 뉴 아이오닉6 2WD 롱레인지 18인치,570,393,963,100,30
제주,일반승용,현대자동차,더 뉴 아이오닉6 2WD 롱레인지 20인치,570,393,963,100,30
제주,일반승용,현대자동차,더 뉴 아이오닉6 2WD 롱레인지 N라인 20인치,570,393,963,100,30
제주,일반승용,현대자동차,더 뉴 아이오닉6 2WD 스탠다드 18인치,560,386,946,100,30
제주,일반승용,현대자동차,더 뉴 아이오닉6 AWD 롱레인지 18인치,570,393,963,100,30
제주,일반승용,현대자동차,더 뉴 아이오닉6 AWD 롱레인지 20인치,553,381,934,100,30
제주,일반승용,현대자동차,더 뉴 아이오닉6 AWD 롱레인지 N라인 20인치,537,370,907,100,30
제주,일반승용,현대자동차,스타리아 라운지 일렉트릭 7인승,229,158,387,46,14
제주,일반승용,현대자동차,스타리아 리무진 일렉트릭 6인승,229,158,387,46,14
제주,일반승용,현대자동차,아이오닉6 N,250,172,422,50,15
제주,일반승용,현대자동차,아이오닉9 성능형 AWD,272,187,459,54,16
제주,일반승용,현대자동차,아이오닉9 항속형 2WD,274,189,463,55,17
제주,일반승용,현대자동차,아이오닉9 항속형 AWD,271,186,457,54,16
제주,경·소형,현대자동차,캐스퍼 일렉트릭 기본형 15인치,490,369,859,98,29
제주,경·소형,현대자동차,캐스퍼 일렉트릭 크로스 17인치,487,366,853,97,29
제주,경·소형,현대자동차,캐스퍼 일렉트릭 항속형 15인치,490,369,859,98,29
제주,경·소형,현대자동차,캐스퍼 일렉트릭 항속형 17인치(라운지포함),490,369,859,98,29
제주,일반승용,현대자동차,코나 일렉트릭 2WD 롱레인지 17인치,514,354,868,100,30
제주,일반승용,현대자동차,코나 일렉트릭 2WD 롱레인지 17인치 빌트인 캠 미적용,514,354,868,100,30
제주,일반승용,현대자동차,코나 일렉트릭 2WD 롱레인지 19인치,459,316,775,92,28
제주,일반승용,현대자동차,코나 일렉트릭 2WD 스탠다드 17인치,437,301,738,87,26
공단,일반승용,BMW,MINI Aceman E,400,0,400,80,0
공단,일반승용,BMW,MINI Aceman SE,400,0,400,80,0
공단,일반승용,BMW,MINI Cooper SE,396,0,396,79,0
공단,일반승용,BMW,MINI Countryman E,217,0,217,43,0
공단,일반승용,BMW,MINI Countryman SE ALL4,203,0,203,41,0
공단,일반승용,BMW,MINI JCW Aceman E,197,0,197,39,0
공단,일반승용,BMW,MINI JCW E,191,0,191,38,0
공단,일반승용,BMW,i4 M60 LCI (71HD),233,0,233,47,0
공단,일반승용,BMW,i4 eDrive 40 LCI(21HD),244,0,244,49,0
공단,일반승용,BMW,i4 eDrive 40 LCI(61HD),256,0,256,51,0
공단,일반승용,BMW,i5 eDrive 40,262,0,262,52,0
공단,일반승용,BMW,iX1 eDrive20,212,0,212,42,0
공단,일반승용,BMW,iX1 eDrive20(11HM),235,0,235,47,0
공단,일반승용,BMW,iX1 xDrive30,192,0,192,38,0
공단,일반승용,BMW,iX2 eDrive20,214,0,214,43,0
공단,일반승용,BMW,iX2 eDrive20(71GN),239,0,239,48,0
공단,일반승용,BMW,iX3 50 xDrive,275,0,275,55,0
공단,일반승용,기아,EV3 GT,248,0,248,50,0
공단,일반승용,기아,EV3 롱레인지 2WD 17인치,555,0,555,100,0
공단,일반승용,기아,EV3 롱레인지 2WD 19인치,555,0,555,100,0
공단,일반승용,기아,EV3 롱레인지 4WD 19인치,539,0,539,100,0
공단,일반승용,기아,EV3 스탠다드 2WD,469,0,469,94,0
공단,일반승용,기아,EV4 GT,255,0,255,51,0
공단,일반승용,기아,EV4 롱레인지 2WD 17인치,555,0,555,100,0
공단,일반승용,기아,EV4 롱레인지 2WD 19인치,555,0,555,100,0
공단,일반승용,기아,EV4 롱레인지 4WD 19인치,554,0,554,100,0
공단,일반승용,기아,EV4 롱레인지 GTL 2WD 19인치,555,0,555,100,0
공단,일반승용,기아,EV4 스탠다드 2WD 17인치,512,0,512,100,0
공단,일반승용,기아,EV4 스탠다드 2WD 19인치,481,0,481,96,0
공단,일반승용,기아,EV5 GT,232,0,232,46,0
공단,일반승용,기아,EV5 롱레인지 2WD,552,0,552,100,0
공단,일반승용,기아,EV5 롱레인지 4WD 18인치,499,0,499,100,0
공단,일반승용,기아,EV5 롱레인지 4WD 19인치,493,0,493,99,0
공단,일반승용,기아,EV9 GT,245,0,245,49,0
공단,일반승용,기아,EV9 롱레인지 2WD 19인치,270,0,270,54,0
공단,일반승용,기아,EV9 롱레인지 2WD 20인치,268,0,268,54,0
공단,일반승용,기아,EV9 롱레인지 4WD 19인치,254,0,254,51,0
공단,일반승용,기아,EV9 롱레인지 4WD 21인치,260,0,260,52,0
공단,일반승용,기아,EV9 롱레인지 GTL 4WD 21인치,252,0,252,50,0
공단,일반승용,기아,EV9 스탠다드,237,0,237,47,0
공단,일반승용,기아,PV5 패신저 5인승 롱레인지,458,0,458,92,0
공단,일반승용,기아,Pv5 WAV(비용 미지원),648,0,648,100,0
공단,일반승용,기아,Pv5 WAV(비용 지원),448,0,448,90,0
공단,일반승용,기아,(단종)The all-new Kia Niro EV,489,0,489,98,0
공단,일반승용,기아,더뉴EV6 롱레인지 2WD 19인치,570,0,570,100,0
공단,일반승용,기아,더뉴EV6 롱레인지 2WD 20인치,559,0,559,100,0
공단,일반승용,기아,더뉴EV6 롱레인지 4WD 19인치,561,0,561,100,0
공단,일반승용,기아,더뉴EV6 롱레인지 4WD 20인치,532,0,532,100,0
공단,일반승용,기아,더뉴EV6 스탠다드,501,0,501,100,0
공단,경·소형,기아,레이 EV 2WD 14인치 1인승 밴,457,0,457,91,0
공단,경·소형,기아,레이 EV 2WD 14인치 2인승 밴,457,0,457,91,0
공단,경·소형,기아,레이 EV 2WD 14인치 4인승 승용,457,0,457,91,0
공단,일반승용,메르세데스벤츠코리아,EQA 250(Facelift),190,0,190,38,0
공단,일반승용,메르세데스벤츠코리아,EQB 300 4MATIC(Facelift),154,0,154,31,0
공단,일반승용,메르세데스벤츠코리아,EQB 300 4MATIC(Facelift)(CY25/2),162,0,162,32,0
공단,일반승용,볼보자동차코리아,볼보 EX30 Single Motor ER,247,0,247,49,0
공단,일반승용,볼보자동차코리아,볼보 EX30CC Twin Motor Perf,222,0,222,44,0
공단,일반승용,비와이디코리아,(단종)BYD ATTO 3,126,0,126,25,0
공단,일반승용,비와이디코리아,(단종)BYD DOLPHIN,109,0,109,22,0
공단,일반승용,비와이디코리아,(단종)BYD DOLPHIN Active,132,0,132,26,0
공단,일반승용,비와이디코리아,(단종)BYD SEAL,169,0,169,34,0
공단,일반승용,비와이디코리아,(단종)BYD SEAL Dynamic AWD,151,0,151,30,0
공단,일반승용,비와이디코리아,(단종)BYD SEALION 7,152,0,152,30,0
공단,일반승용,케이지모빌리티,토레스 EVX 18인치,354,0,354,71,0
공단,일반승용,케이지모빌리티,토레스 EVX 18인치(2026),361,0,361,72,0
공단,일반승용,케이지모빌리티,토레스 EVX 20인치,344,0,344,69,0
공단,일반승용,케이지모빌리티,토레스 EVX 20인치(2026),354,0,354,71,0
공단,일반승용,케이지모빌리티,(단종)토레스 EVX 2WD 18인치,327,0,327,65,0
공단,일반승용,케이지모빌리티,(단종)토레스 EVX 2WD 20인치,312,0,312,62,0
공단,일반승용,테슬라코리아,Model 3 Performance,200,0,200,40,0
공단,일반승용,테슬라코리아,Model 3 Premium Long Range RWD,420,0,420,84,0
공단,일반승용,테슬라코리아,Model 3 Premium Long Range RWD(5999만원),210,0,210,42,0
공단,일반승용,테슬라코리아,Model 3 RWD,168,0,168,34,0
공단,일반승용,테슬라코리아,Model 3 RWD(2025),168,0,168,34,0
공단,일반승용,테슬라코리아,Model Y L AWD,215,0,215,43,0
공단,일반승용,테슬라코리아,Model Y Long Range(2025),210,0,210,42,0
공단,일반승용,테슬라코리아,Model Y Premium Long Range,210,0,210,42,0
공단,일반승용,테슬라코리아,Model Y Premium RWD,170,0,170,34,0
공단,일반승용,테슬라코리아,Model Y RWD(2025),170,0,170,34,0
공단,일반승용,폭스바겐그룹코리아,ID.4 Pro,432,0,432,86,0
공단,일반승용,폭스바겐그룹코리아,Q4 45 e-tron,206,0,206,41,0
공단,일반승용,폭스바겐그룹코리아,Q4 Sportback 45 e-tron,206,0,206,41,0
공단,일반승용,폭스바겐그룹코리아,(단종)Q6 e-tron performance,220,0,220,44,0
공단,일반승용,폭스바겐그룹코리아,iD.5 Pro,473,0,473,95,0
공단,일반승용,폴스타오토모티브코리아,Polestar 4 Coupe Dual Motor,168,0,168,34,0
공단,일반승용,폴스타오토모티브코리아,Polestar 4 Coupe Rear Motor,181,0,181,36,0
공단,일반승용,현대자동차,ELECTRIFIED G80,270,0,270,54,0
공단,일반승용,현대자동차,ELECTRIFIED GV70 AWD 19인치,261,0,261,52,0
공단,일반승용,현대자동차,ELECTRIFIED GV70 AWD 20인치,245,0,245,49,0
공단,일반승용,현대자동차,GV60 스탠다드 2WD 19인치,285,0,285,57,0
공단,일반승용,현대자동차,GV60 스탠다드 AWD 19인치,272,0,272,54,0
공단,일반승용,현대자동차,GV60 스탠다드 AWD 20인치,261,0,261,52,0
공단,일반승용,현대자동차,더 뉴 아이오닉5 2WD 롱레인지 19인치,564,0,564,100,0
공단,일반승용,현대자동차,더 뉴 아이오닉5 2WD 롱레인지 19인치 빌트인 캠 미적용,567,0,567,100,0
공단,일반승용,현대자동차,더 뉴 아이오닉5 2WD 롱레인지 20인치,559,0,559,100,0
공단,일반승용,현대자동차,더 뉴 아이오닉5 2WD 롱레인지 N라인 20인치,541,0,541,100,0
공단,일반승용,현대자동차,더 뉴 아이오닉5 2WD 스탠다드 19인치,483,0,483,97,0
공단,일반승용,현대자동차,더 뉴 아이오닉5 AWD 롱레인지 19인치,558,0,558,100,0
공단,일반승용,현대자동차,더 뉴 아이오닉5 AWD 롱레인지 20인치,532,0,532,100,0
공단,일반승용,현대자동차,더 뉴 아이오닉5 AWD 롱레인지 N라인 20인치,510,0,510,100,0
공단,일반승용,현대자동차,더 뉴 아이오닉6 2WD 롱레인지 18인치,570,0,570,100,0
공단,일반승용,현대자동차,더 뉴 아이오닉6 2WD 롱레인지 20인치,570,0,570,100,0
공단,일반승용,현대자동차,더 뉴 아이오닉6 2WD 롱레인지 N라인 20인치,570,0,570,100,0
공단,일반승용,현대자동차,더 뉴 아이오닉6 2WD 스탠다드 18인치,560,0,560,100,0
공단,일반승용,현대자동차,더 뉴 아이오닉6 AWD 롱레인지 18인치,570,0,570,100,0
공단,일반승용,현대자동차,더 뉴 아이오닉6 AWD 롱레인지 20인치,553,0,553,100,0
공단,일반승용,현대자동차,더 뉴 아이오닉6 AWD 롱레인지 N라인 20인치,537,0,537,100,0
공단,일반승용,현대자동차,스타리아 라운지 일렉트릭 7인승,229,0,229,46,0
공단,일반승용,현대자동차,스타리아 리무진 일렉트릭 6인승,229,0,229,46,0
공단,일반승용,현대자동차,아이오닉6 N,250,0,250,50,0
공단,일반승용,현대자동차,아이오닉9 성능형 AWD,272,0,272,54,0
공단,일반승용,현대자동차,아이오닉9 항속형 2WD,274,0,274,55,0
공단,일반승용,현대자동차,아이오닉9 항속형 AWD,271,0,271,54,0
공단,경·소형,현대자동차,캐스퍼 일렉트릭 기본형 15인치,490,0,490,98,0
공단,경·소형,현대자동차,캐스퍼 일렉트릭 크로스 17인치,487,0,487,97,0
공단,경·소형,현대자동차,캐스퍼 일렉트릭 항속형 15인치,490,0,490,98,0
공단,경·소형,현대자동차,캐스퍼 일렉트릭 항속형 17인치(라운지포함),490,0,490,98,0
공단,일반승용,현대자동차,코나 일렉트릭 2WD 롱레인지 17인치,514,0,514,100,0
공단,일반승용,현대자동차,코나 일렉트릭 2WD 롱레인지 17인치 빌트인 캠 미적용,514,0,514,100,0
공단,일반승용,현대자동차,코나 일렉트릭 2WD 롱레인지 19인치,459,0,459,92,0
공단,일반승용,현대자동차,코나 일렉트릭 2WD 스탠다드 17인치,437,0,437,87,0
